attribution,basis,instrument_class,auscope_sites,funding_names_auscope,manufacturer,model,serial,serial_reconstructed,serial_merged,serial_variant_conflict,integrated_node,roles,n_networks,networks,networks_auscope,networks_other,n_networks_other,n_deployments,coverage_start,coverage_end,coverage_pidinst,still_deployed,countries,network_dois,raw_model_variants
confirmed-ANU-built,ANU is the manufacturer,datalogger,,True,Australian National University,ANU LPR-200,008,False,,False,False,datalogger,3,1Q; 3G; 8J,3G,1Q; 8J,2,3,2012-11-24,2019-01-28,2012-11-24/2019-01-28,False,Australia,10.7914/SN/1Q_2016; 10.7914/SN/8J_2012,ANU LPR-200 (Beige Box)
confirmed-ANU-built,ANU is the manufacturer,datalogger,,True,Australian National University,ANU LPR-200,009,False,,False,False,datalogger,5,1Q; 4J; 5G; 5J; 8J,5G; 5J,1Q; 4J; 8J,3,5,2012-11-22,2022-06-03,2012-11-22/2022-06-03,False,Australia,10.7914/SN/1Q_2016; 10.7914/SN/4J_2014; 10.7914/SN/5G_2018; 10.7914/SN/8J_2012,ANU LPR-200 (Beige Box)
confirmed-ANU-built,ANU is the manufacturer,datalogger,,False,Australian National University,ANU LPR-200,010,False,,False,False,datalogger,3,3G; 6C; 8J,3G,6C; 8J,2,3,2012-11-20,2019-04-04,2012-11-20/2019-04-04,False,Australia,10.7914/SN/6C_2015; 10.7914/SN/8J_2012,ANU LPR-200 (Beige Box)
confirmed-ANU-built,ANU is the manufacturer,datalogger,,False,Australian National University,ANU LPR-200,011,False,,False,False,datalogger,3,1E; 5G; 8J,5G,1E; 8J,2,4,2012-11-23,2022-06-12,2012-11-23/2022-06-12,False,Australia,10.7914/SN/1E_2013; 10.7914/SN/5G_2018; 10.7914/SN/8J_2012,ANU LPR-200 (Beige Box)
confirmed-ANU-built,ANU is the manufacturer,datalogger,,True,Australian National University,ANU LPR-200,012,False,,False,False,datalogger,6,1E; 1Q; 4J; 5J; 6T; 8J,5J,1E; 1Q; 4J; 6T; 8J,5,6,2012-11-25,,2012-11-25/,True,AUS; Australia,10.7914/4e87-j738; 10.7914/SN/1E_2013; 10.7914/SN/1Q_2016; 10.7914/SN/4J_2014; 10.7914/SN/8J_2012,ANU LPR-200 (Beige Box)
confirmed-ANU-built,ANU is the manufacturer,datalogger,,False,Australian National University,ANU LPR-200,013,False,,False,False,datalogger,1,8J,,8J,1,1,2012-11-25,2013-07-04,2012-11-25/2013-07-04,False,Australia,10.7914/SN/8J_2012,ANU LPR-200 (Beige Box)
confirmed-ANU-built,ANU is the manufacturer,datalogger,,False,Australian National University,ANU LPR-200,014,False,,False,False,datalogger,3,4J; 6K; 8J,6K,4J; 8J,2,3,2012-11-25,2021-12-31,2012-11-25/2021-12-31,False,Australia,10.7914/SN/4J_2014; 10.7914/SN/6K_2020; 10.7914/SN/8J_2012,ANU LPR-200 (Beige Box)
confirmed-ANU-built,ANU is the manufacturer,datalogger,,False,Australian National University,ANU LPR-200,015,False,,False,False,datalogger,3,3G; 6K; 8J,3G; 6K,8J,1,4,2012-11-26,2021-05-21,2012-11-26/2021-05-21,False,Australia,10.7914/SN/6K_2020; 10.7914/SN/8J_2012,ANU LPR-200 (Beige Box)
confirmed-ANU-built,ANU is the manufacturer,datalogger,,False,Australian National University,ANU LPR-200,016,False,,False,False,datalogger,6,1E; 3G; 4J; 5G; 8J; 8M,3G; 5G,1E; 4J; 8J; 8M,4,7,2012-11-21,2022-06-13,2012-11-21/2022-06-13,False,Australia,10.7914/SN/1E_2013; 10.7914/SN/4J_2014; 10.7914/SN/5G_2018; 10.7914/SN/8J_2012; 10.7914/SN/8M_2016,ANU LPR-200 (Beige Box)
confirmed-ANU-built,ANU is the manufacturer,datalogger,,False,Australian National University,ANU LPR-200,017,False,,False,False,datalogger,4,3G; 4B; 5G; 8J,3G; 4B; 5G,8J,1,4,2012-11-21,2025-05-16,2012-11-21/2025-05-16,False,AU; Australia,10.7914/9j20-yq91; 10.7914/SN/5G_2018; 10.7914/SN/8J_2012,ANU LPR-200 (Beige Box)
confirmed-ANU-built,ANU is the manufacturer,datalogger,,False,Australian National University,ANU LPR-200,018,False,,False,False,datalogger,1,8J,,8J,1,1,2012-11-22,2014-03-19,2012-11-22/2014-03-19,False,Australia,10.7914/SN/8J_2012,ANU LPR-200 (Beige Box)
confirmed-ANU-built,ANU is the manufacturer,datalogger,,False,Australian National University,ANU LPR-200,019,False,,False,False,datalogger,1,8J,,8J,1,1,2012-11-22,2014-03-13,2012-11-22/2014-03-13,False,Australia,10.7914/SN/8J_2012,ANU LPR-200 (Beige Box)
confirmed-ANU-built,ANU is the manufacturer,datalogger,,False,Australian National University,ANU LPR-200,021,False,,False,False,datalogger,5,3G; 5G; 8J; 8M; ZJ,3G; 5G; ZJ,8J; 8M,2,5,2012-11-27,2028-04-01,2012-11-27/2028-04-01,False,Australia; NZ,10.7914/0zmj-7e94; 10.7914/SN/5G_2018; 10.7914/SN/8J_2012; 10.7914/SN/8M_2016,ANU LPR-200 (Beige Box)
confirmed-ANU-built,ANU is the manufacturer,datalogger,,False,Australian National University,ANU LPR-200,022,False,,False,False,datalogger,5,3G; 4J; 5G; 6K; 8J,3G; 5G; 6K,4J; 8J,2,5,2012-11-23,2022-06-10,2012-11-23/2022-06-10,False,Australia,10.7914/SN/4J_2014; 10.7914/SN/5G_2018; 10.7914/SN/6K_2020; 10.7914/SN/8J_2012,ANU LPR-200 (Beige Box)
confirmed-ANU-built,ANU is the manufacturer,datalogger,,False,Australian National University,ANU LPR-200,023,False,,False,False,datalogger,3,4J; 6K; 8J,6K,4J; 8J,2,3,2012-11-20,2022-04-22,2012-11-20/2022-04-22,False,Australia,10.7914/SN/4J_2014; 10.7914/SN/6K_2020; 10.7914/SN/8J_2012,ANU LPR-200 (Beige Box)
confirmed-ANU-built,ANU is the manufacturer,datalogger,,True,Australian National University,ANU LPR-200,024,False,,False,False,datalogger,5,1K; 1Q; 3G; 5G; 8J,3G; 5G,1K; 1Q; 8J,3,5,2012-11-21,2022-06-12,2012-11-21/2022-06-12,False,Australia,10.7914/SN/1Q_2016; 10.7914/SN/5G_2018; 10.7914/SN/8J_2012,ANU LPR-200 (Beige Box)
confirmed-ANU-built,ANU is the manufacturer,datalogger,,False,Australian National University,ANU LPR-200,025,False,,False,False,datalogger,5,3G; 4J; 5G; 8J; 8M,3G; 5G,4J; 8J; 8M,3,5,2012-11-19,2021-09-29,2012-11-19/2021-09-29,False,Australia,10.7914/SN/4J_2014; 10.7914/SN/5G_2018; 10.7914/SN/8J_2012; 10.7914/SN/8M_2016,ANU LPR-200 (Beige Box)
confirmed-ANU-built,ANU is the manufacturer,datalogger,,True,Australian National University,ANU LPR-200,026,False,,False,False,datalogger,4,1Q; 4J; 6K; 8J,6K,1Q; 4J; 8J,3,4,2012-11-21,2022-04-10,2012-11-21/2022-04-10,False,Australia,10.7914/SN/1Q_2016; 10.7914/SN/4J_2014; 10.7914/SN/6K_2020; 10.7914/SN/8J_2012,ANU LPR-200 (Beige Box)
confirmed-ANU-built,ANU is the manufacturer,datalogger,,False,Australian National University,ANU LPR-200,027,False,,False,False,datalogger,3,1E; 6C; 8J,,1E; 6C; 8J,3,3,2012-11-22,2015-12-23,2012-11-22/2015-12-23,False,Australia,10.7914/SN/1E_2013; 10.7914/SN/6C_2015; 10.7914/SN/8J_2012,ANU LPR-200 (Beige Box)
confirmed-ANU-built,ANU is the manufacturer,datalogger,,False,Australian National University,ANU LPR-200,028,False,,False,False,datalogger,4,3G; 4J; 5G; 8J,3G; 5G,4J; 8J,2,5,2012-11-19,2022-06-08,2012-11-19/2022-06-08,False,Australia,10.7914/SN/4J_2014; 10.7914/SN/5G_2018; 10.7914/SN/8J_2012,ANU LPR-200 (Beige Box)
confirmed-ANU-built,ANU is the manufacturer,datalogger,,True,Australian National University,ANU LPR-200,029,False,,False,False,datalogger,6,1Q; 3G; 4J; 5G; 6T; 8J,3G; 5G,1Q; 4J; 6T; 8J,4,7,2012-11-22,,2012-11-22/,True,AUS; Australia,10.7914/4e87-j738; 10.7914/SN/1Q_2016; 10.7914/SN/4J_2014; 10.7914/SN/5G_2018; 10.7914/SN/8J_2012,ANU LPR-200 (Beige Box)
confirmed-ANU-built,ANU is the manufacturer,datalogger,,False,Australian National University,ANU LPR-200,030,False,30,False,False,datalogger,4,6C; 6Y; 8J; 9X,6Y,6C; 8J; 9X,3,4,2012-11-24,2023-10-16,2012-11-24/2023-10-16,False,Antarctica; Australia; NZ,10.7914/SN/6C_2015; 10.7914/SN/8J_2012; 10.7914/b1k3-3c71; 10.7914/jr68-qq17,ANU LPR-200 (Beige Box)
confirmed-ANU-built,ANU is the manufacturer,datalogger,,False,Australian National University,ANU LPR-200,031,False,,False,False,datalogger,2,1E; 6C,,1E; 6C,2,2,2013-11-14,2015-12-23,2013-11-14/2015-12-23,False,Australia,10.7914/SN/1E_2013; 10.7914/SN/6C_2015,ANU LPR-200 (Beige Box)
confirmed-ANU-built,ANU is the manufacturer,datalogger,,True,Australian National University,ANU LPR-200,032,False,,False,False,datalogger,3,1E; 1Q; 8J,,1E; 1Q; 8J,3,3,2012-11-23,2017-10-17,2012-11-23/2017-10-17,False,Australia,10.7914/SN/1E_2013; 10.7914/SN/1Q_2016; 10.7914/SN/8J_2012,ANU LPR-200 (Beige Box)
confirmed-ANU-built,ANU is the manufacturer,datalogger,,True,Australian National University,ANU LPR-200,033,False,,False,False,datalogger,6,1Q; 3G; 4B; 4J; 6K; 8J,3G; 4B; 6K,1Q; 4J; 8J,3,7,2012-11-21,2026-05-03,2012-11-21/2026-05-03,False,AU; Australia,10.7914/9j20-yq91; 10.7914/SN/1Q_2016; 10.7914/SN/4J_2014; 10.7914/SN/6K_2020; 10.7914/SN/8J_2012,ANU LPR-200 (Beige Box)
confirmed-ANU-built,ANU is the manufacturer,datalogger,,False,Australian National University,ANU LPR-200,034,False,,False,False,datalogger,4,3G; 5G; 6C; 8J,3G; 5G,6C; 8J,2,4,2013-04-11,2022-06-12,2013-04-11/2022-06-12,False,Australia,10.7914/SN/5G_2018; 10.7914/SN/6C_2015; 10.7914/SN/8J_2012,ANU LPR-200 (Beige Box)
confirmed-ANU-built,ANU is the manufacturer,datalogger,,False,Australian National University,ANU LPR-200,035,False,,False,False,datalogger,3,3G; 5G; 8J,3G; 5G,8J,1,3,2012-11-22,2022-06-14,2012-11-22/2022-06-14,False,Australia,10.7914/SN/5G_2018; 10.7914/SN/8J_2012,ANU LPR-200 (Beige Box)
confirmed-ANU-built,ANU is the manufacturer,datalogger,,True,Australian National University,ANU LPR-200,036,False,36,False,False,datalogger,4,1Q; 3G; 8J; WG,3G,1Q; 8J; WG,3,6,2012-11-24,2025-02-27,2012-11-24/2025-02-27,False,Australia,10.7914/SN/1Q_2016; 10.7914/SN/8J_2012; 10.7914/xagc-se62,ANU LPR-200; ANU LPR-200 (Beige Box)
confirmed-ANU-built,ANU is the manufacturer,datalogger,,False,Australian National University,ANU LPR-200,037,False,,False,False,datalogger,1,8J,,8J,1,2,2012-11-26,2013-11-13,2012-11-26/2013-11-13,False,Australia,10.7914/SN/8J_2012,ANU LPR-200 (Beige Box)
confirmed-ANU-built,ANU is the manufacturer,datalogger,,False,Australian National University,ANU LPR-200,038,False,,False,False,datalogger,5,3G; 4J; 5G; 6K; 8J,3G; 5G; 6K,4J; 8J,2,6,2012-11-22,2022-06-12,2012-11-22/2022-06-12,False,Australia,10.7914/SN/4J_2014; 10.7914/SN/5G_2018; 10.7914/SN/6K_2020; 10.7914/SN/8J_2012,ANU LPR-200 (Beige Box)
confirmed-ANU-built,ANU is the manufacturer,datalogger,,False,Australian National University,ANU LPR-200,039,False,,False,False,datalogger,2,5J; 9V,5J,9V,1,2,2016-03-11,2020-02-02,2016-03-11/2020-02-02,False,Antarctica; Australia,10.7914/nrw9-9825,ANU LPR-200 (Beige Box)
confirmed-ANU-built,ANU is the manufacturer,datalogger,,True,Australian National University,ANU LPR-200,040,False,40,False,False,datalogger,6,1E; 1Q; 3G; 4J; 8J; WG,3G,1E; 1Q; 4J; 8J; WG,5,7,2012-11-23,2025-03-04,2012-11-23/2025-03-04,False,Australia,10.7914/SN/1E_2013; 10.7914/SN/1Q_2016; 10.7914/SN/4J_2014; 10.7914/SN/8J_2012; 10.7914/xagc-se62,ANU LPR-200; ANU LPR-200 (Beige Box)
confirmed-ANU-built,ANU is the manufacturer,datalogger,,False,Australian National University,ANU LPR-200,041,False,,False,False,datalogger,3,5G; 6C; 8J,5G,6C; 8J,2,4,2012-11-20,2022-09-10,2012-11-20/2022-09-10,False,Australia,10.7914/SN/5G_2018; 10.7914/SN/6C_2015; 10.7914/SN/8J_2012,ANU LPR-200 (Beige Box)
confirmed-ANU-built,ANU is the manufacturer,datalogger,,False,Australian National University,ANU LPR-200,042,False,42,False,False,datalogger,2,6Y; 8J,6Y,8J,1,3,2012-11-22,2023-09-07,2012-11-22/2023-09-07,False,Australia; NZ,10.7914/SN/8J_2012; 10.7914/jr68-qq17,ANU LPR-200 (Beige Box)
confirmed-ANU-built,ANU is the manufacturer,datalogger,,False,Australian National University,ANU LPR-200,043,False,,False,False,datalogger,5,1E; 3G; 5G; 6C; 8J,3G; 5G,1E; 6C; 8J,3,5,2012-11-25,2021-10-26,2012-11-25/2021-10-26,False,Australia,10.7914/SN/1E_2013; 10.7914/SN/5G_2018; 10.7914/SN/6C_2015; 10.7914/SN/8J_2012,ANU LPR-200 (Beige Box)
confirmed-ANU-built,ANU is the manufacturer,datalogger,,False,Australian National University,ANU LPR-200,044,False,44,False,False,datalogger,5,1E; 1K; 5G; 8J; WG,5G,1E; 1K; 8J; WG,4,7,2012-11-23,2026-04-26,2012-11-23/2026-04-26,False,Australia,10.7914/SN/1E_2013; 10.7914/SN/5G_2018; 10.7914/SN/8J_2012; 10.7914/xagc-se62,ANU LPR-200; ANU LPR-200 (Beige Box)
confirmed-ANU-built,ANU is the manufacturer,datalogger,,True,Australian National University,ANU LPR-200,045,False,,False,False,datalogger,3,1Q; 5G; 8J,5G,1Q; 8J,2,3,2012-11-25,2021-09-29,2012-11-25/2021-09-29,False,Australia,10.7914/SN/1Q_2016; 10.7914/SN/5G_2018; 10.7914/SN/8J_2012,ANU LPR-200 (Beige Box)
confirmed-ANU-built,ANU is the manufacturer,datalogger,,False,Australian National University,ANU LPR-200,046,False,46,False,False,datalogger,2,6Y; 8J,6Y,8J,1,3,2012-11-21,2023-10-17,2012-11-21/2023-10-17,False,Australia; NZ,10.7914/SN/8J_2012; 10.7914/jr68-qq17,ANU LPR-200 (Beige Box)
confirmed-ANU-built,ANU is the manufacturer,datalogger,,False,Australian National University,ANU LPR-200,047,False,47,False,False,datalogger,4,1K; 6Y; 8J; 9X,6Y,1K; 8J; 9X,3,5,2012-11-22,2023-10-18,2012-11-22/2023-10-18,False,Antarctica; Australia; NZ,10.7914/SN/8J_2012; 10.7914/b1k3-3c71; 10.7914/jr68-qq17,ANU LPR-200 (Beige Box)
confirmed-ANU-built,ANU is the manufacturer,datalogger,,False,Australian National University,ANU LPR-200,048,False,,False,False,datalogger,2,1K; 8J,,1K; 8J,2,2,2012-11-27,2015-08-31,2012-11-27/2015-08-31,False,Australia,10.7914/SN/8J_2012,ANU LPR-200 (Beige Box)
confirmed-ANU-built,ANU is the manufacturer,datalogger,,False,Australian National University,ANU LPR-200,049,False,,False,False,datalogger,3,1G; 8J; YS,1G,8J; YS,2,3,2012-11-26,2019-01-07,2012-11-26/2019-01-07,False,Australia; Indonesia,10.7914/SN/8J_2012,ANU LPR-200 (Beige Box)
confirmed-ANU-built,ANU is the manufacturer,datalogger,,False,Australian National University,ANU LPR-200,050,False,,False,False,datalogger,1,8J,,8J,1,2,2012-11-21,2014-08-05,2012-11-21/2014-08-05,False,Australia,10.7914/SN/8J_2012,ANU LPR-200 (Beige Box)
confirmed-ANU-built,ANU is the manufacturer,datalogger,,False,Australian National University,ANU LPR-200,051,False,51,False,False,datalogger,4,1K; 6Y; 8J; 9X,6Y,1K; 8J; 9X,3,4,2012-11-25,2023-09-29,2012-11-25/2023-09-29,False,Antarctica; Australia; NZ,10.7914/SN/8J_2012; 10.7914/b1k3-3c71; 10.7914/jr68-qq17,ANU LPR-200 (Beige Box)
confirmed-ANU-built,ANU is the manufacturer,datalogger,,False,Australian National University,ANU LPR-200,052,False,,False,False,datalogger,4,1E; 4J; 8J; 9V,,1E; 4J; 8J; 9V,4,4,2012-11-25,2019-01-09,2012-11-25/2019-01-09,False,Antarctica; Australia,10.7914/SN/1E_2013; 10.7914/SN/4J_2014; 10.7914/SN/8J_2012; 10.7914/nrw9-9825,ANU LPR-200 (Beige Box)
confirmed-ANU-built,ANU is the manufacturer,datalogger,,False,Australian National University,ANU LPR-200,053,False,,False,False,datalogger,1,8J,,8J,1,2,2012-11-24,2014-07-31,2012-11-24/2014-07-31,False,Australia,10.7914/SN/8J_2012,ANU LPR-200 (Beige Box)
confirmed-ANU-built,ANU is the manufacturer,datalogger,,False,Australian National University,ANU LPR-200,054,False,,False,False,datalogger,1,8J,,8J,1,1,2012-11-20,2014-03-24,2012-11-20/2014-03-24,False,Australia,10.7914/SN/8J_2012,ANU LPR-200 (Beige Box)
confirmed-ANU-built,ANU is the manufacturer,datalogger,,True,Australian National University,ANU LPR-200,055,False,,False,False,datalogger,3,1Q; 6T; 8J,,1Q; 6T; 8J,3,3,2012-11-23,,2012-11-23/,True,AUS; Australia,10.7914/4e87-j738; 10.7914/SN/1Q_2016; 10.7914/SN/8J_2012,ANU LPR-200 (Beige Box)
confirmed-ANU-built,ANU is the manufacturer,datalogger,,False,Australian National University,ANU LPR-200,056,False,,False,False,datalogger,4,3G; 4J; 6K; 8J,3G; 6K,4J; 8J,2,4,2012-11-22,2021-12-15,2012-11-22/2021-12-15,False,Australia,10.7914/SN/4J_2014; 10.7914/SN/6K_2020; 10.7914/SN/8J_2012,ANU LPR-200 (Beige Box)
confirmed-ANU-built,ANU is the manufacturer,datalogger,,False,Australian National University,ANU LPR-200,057,False,,False,False,datalogger,6,1E; 3G; 4J; 5G; 6T; 8J,3G; 5G,1E; 4J; 6T; 8J,4,6,2012-11-24,,2012-11-24/,True,AUS; Australia,10.7914/4e87-j738; 10.7914/SN/1E_2013; 10.7914/SN/4J_2014; 10.7914/SN/5G_2018; 10.7914/SN/8J_2012,ANU LPR-200 (Beige Box)
confirmed-ANU-built,ANU is the manufacturer,datalogger,,False,Australian National University,ANU LPR-200,059,False,,False,False,datalogger,2,1G; YS,1G,YS,1,2,2014-11-19,2019-08-19,2014-11-19/2019-08-19,False,Indonesia,,ANU LPR-200 (Beige Box)
confirmed-ANU-built,ANU is the manufacturer,datalogger,,False,Australian National University,ANU LPR-200,061,False,,False,False,datalogger,1,5G,5G,,0,1,2019-08-02,2021-04-16,2019-08-02/2021-04-16,False,Australia,10.7914/SN/5G_2018,ANU LPR-200 (Beige Box)
confirmed-ANU-built,ANU is the manufacturer,datalogger,,True,Australian National University,ANU LPR-200,064,False,64,False,False,datalogger,5,1Q; 3G; 4J; 6K; WG,3G; 6K,1Q; 4J; WG,3,6,2014-05-20,2025-03-02,2014-05-20/2025-03-02,False,Australia,10.7914/SN/1Q_2016; 10.7914/SN/4J_2014; 10.7914/SN/6K_2020; 10.7914/xagc-se62,ANU LPR-200; ANU LPR-200 (Beige Box)
confirmed-ANU-built,ANU is the manufacturer,datalogger,,False,Australian National University,ANU LPR-200,067,False,,False,False,datalogger,1,6C,,6C,1,1,2015-02-16,2015-12-30,2015-02-16/2015-12-30,False,Australia,10.7914/SN/6C_2015,ANU LPR-200 (Beige Box)
confirmed-ANU-built,ANU is the manufacturer,datalogger,,False,Australian National University,ANU LPR-200,074,False,,False,False,datalogger,2,1G; YS,1G,YS,1,2,2014-11-01,2019-05-18,2014-11-01/2019-05-18,False,Indonesia,,ANU LPR-200 (Beige Box)
confirmed-ANU-built,ANU is the manufacturer,datalogger,,False,Australian National University,ANU LPR-200,092,False,,False,False,datalogger,2,1G; YS,1G,YS,1,2,2014-11-01,2019-01-16,2014-11-01/2019-01-16,False,Indonesia,,ANU LPR-200 (Beige Box)
confirmed-ANU-built,ANU is the manufacturer,datalogger,,False,Australian National University,ANU LPR-200,100,False,,False,False,datalogger,1,5G,5G,,0,1,2018-10-24,2022-06-12,2018-10-24/2022-06-12,False,Australia,10.7914/SN/5G_2018,ANU LPR-200 (Beige Box)
confirmed-ANU-built,ANU is the manufacturer,datalogger,,False,Australian National University,ANU LPR-200,103,False,,False,False,datalogger,1,6Y,6Y,,0,1,2022-10-07,2023-10-18,2022-10-07/2023-10-18,False,NZ,10.7914/jr68-qq17,ANU LPR-200 (Beige Box)
confirmed-ANU-built,ANU is the manufacturer,datalogger,,True,Australian National University,ANU LPR-200,104,False,,False,False,datalogger,5,1Q; 4J; 5G; 6K; 8J,5G; 6K,1Q; 4J; 8J,3,5,2013-09-13,2022-06-09,2013-09-13/2022-06-09,False,Australia,10.7914/SN/1Q_2016; 10.7914/SN/4J_2014; 10.7914/SN/5G_2018; 10.7914/SN/6K_2020; 10.7914/SN/8J_2012,ANU LPR-200 (Beige Box)
confirmed-ANU-built,ANU is the manufacturer,datalogger,,False,Australian National University,ANU LPR-200,105,False,,False,False,datalogger,3,6C; 6Y; 9X,6Y,6C; 9X,2,3,2015-02-16,2023-02-20,2015-02-16/2023-02-20,False,Antarctica; Australia; NZ,10.7914/SN/6C_2015; 10.7914/b1k3-3c71; 10.7914/jr68-qq17,ANU LPR-200 (Beige Box)
confirmed-ANU-built,ANU is the manufacturer,datalogger,,False,Australian National University,ANU LPR-200,106,False,,False,False,datalogger,2,4J; 9V,,4J; 9V,2,2,2014-09-10,2024-01-12,2014-09-10/2024-01-12,False,Antarctica; Australia,10.7914/SN/4J_2014; 10.7914/nrw9-9825,ANU LPR-200 (Beige Box)
confirmed-ANU-built,ANU is the manufacturer,datalogger,,True,Australian National University,ANU LPR-200,107,False,,False,False,datalogger,3,1E; 1Q; ZR,,1E; 1Q; ZR,3,3,2010-09-07,2017-07-04,2010-09-07/2017-07-04,False,Australia,10.7914/SN/1E_2013; 10.7914/SN/1Q_2016; 10.7914/SN/ZR_2009,ANU LPR-200 (ANUSR); ANU LPR-200 (Beige Box)
confirmed-ANU-built,ANU is the manufacturer,datalogger,,True,Australian National University,ANU LPR-200,109,False,,False,False,datalogger,4,1Q; 6K; 8J; ZR,6K,1Q; 8J; ZR,3,5,2009-06-20,2021-12-29,2009-06-20/2021-12-29,False,Australia,10.7914/SN/1Q_2016; 10.7914/SN/6K_2020; 10.7914/SN/8J_2012; 10.7914/SN/ZR_2009,ANU LPR-200 (ANUSR); ANU LPR-200 (Beige Box)
confirmed-ANU-built,ANU is the manufacturer,datalogger,,False,Australian National University,ANU LPR-200,110,False,,False,False,datalogger,3,4J; 5G; 8J,5G,4J; 8J,2,4,2013-09-18,2022-06-10,2013-09-18/2022-06-10,False,Australia,10.7914/SN/4J_2014; 10.7914/SN/5G_2018; 10.7914/SN/8J_2012,ANU LPR-200 (Beige Box)
confirmed-ANU-built,ANU is the manufacturer,datalogger,,False,Australian National University,ANU LPR-200,115,False,,False,False,datalogger,1,1E,,1E,1,1,2013-11-12,2014-11-11,2013-11-12/2014-11-11,False,Australia,10.7914/SN/1E_2013,ANU LPR-200 (Beige Box)
confirmed-ANU-built,ANU is the manufacturer,datalogger,,False,Australian National University,ANU LPR-200,116,False,,False,False,datalogger,1,4J,,4J,1,1,2014-05-21,2015-05-06,2014-05-21/2015-05-06,False,Australia,10.7914/SN/4J_2014,ANU LPR-200 (Beige Box)
confirmed-ANU-built,ANU is the manufacturer,datalogger,,True,Australian National University,ANU LPR-200,117,False,,False,False,datalogger,4,4J; 5G; 8J; ZR,5G,4J; 8J; ZR,3,5,2009-09-10,2022-06-12,2009-09-10/2022-06-12,False,Australia,10.7914/SN/4J_2014; 10.7914/SN/5G_2018; 10.7914/SN/8J_2012; 10.7914/SN/ZR_2009,ANU LPR-200 (ANUSR); ANU LPR-200 (Beige Box)
confirmed-ANU-built,ANU is the manufacturer,datalogger,,False,Australian National University,ANU LPR-200,118,False,,False,False,datalogger,2,4J; 8J,,4J; 8J,2,2,2012-11-22,2015-06-24,2012-11-22/2015-06-24,False,Australia,10.7914/SN/4J_2014; 10.7914/SN/8J_2012,ANU LPR-200 (Beige Box)
confirmed-ANU-built,ANU is the manufacturer,datalogger,,True,Australian National University,ANU LPR-200,121,False,,False,False,datalogger,1,ZR,,ZR,1,1,2009-06-19,2010-07-31,2009-06-19/2010-07-31,False,Australia,10.7914/SN/ZR_2009,ANU LPR-200 (ANUSR)
confirmed-ANU-built,ANU is the manufacturer,datalogger,,True,Australian National University,ANU LPR-200,124,False,,False,False,datalogger,5,1Q; 3G; 4J; 5G; 8J,3G; 5G,1Q; 4J; 8J,3,5,2012-11-21,2022-06-12,2012-11-21/2022-06-12,False,Australia,10.7914/SN/1Q_2016; 10.7914/SN/4J_2014; 10.7914/SN/5G_2018; 10.7914/SN/8J_2012,ANU LPR-200 (Beige Box)
confirmed-ANU-built,ANU is the manufacturer,datalogger,,True,Australian National University,ANU LPR-200,125,False,,False,False,datalogger,7,1Q; 4B; 4J; 5G; 5J; 6K; ZR,4B; 5G; 5J; 6K,1Q; 4J; ZR,3,8,2010-09-11,2024-09-29,2010-09-11/2024-09-29,False,AU; Australia,10.7914/9j20-yq91; 10.7914/SN/1Q_2016; 10.7914/SN/4J_2014; 10.7914/SN/5G_2018; 10.7914/SN/6K_2020; 10.7914/SN/ZR_2009,ANU LPR-200 (ANUSR); ANU LPR-200 (Beige Box)
confirmed-ANU-built,ANU is the manufacturer,datalogger,,True,Australian National University,ANU LPR-200,126,False,,False,False,datalogger,5,1E; 1Q; 3G; 5G; ZR,3G; 5G,1E; 1Q; ZR,3,6,2010-09-08,2022-06-12,2010-09-08/2022-06-12,False,Australia,10.7914/SN/1E_2013; 10.7914/SN/1Q_2016; 10.7914/SN/5G_2018; 10.7914/SN/ZR_2009,ANU LPR-200 (ANUSR); ANU LPR-200 (Beige Box)
confirmed-ANU-built,ANU is the manufacturer,datalogger,,True,Australian National University,ANU LPR-200,127,False,,False,False,datalogger,5,1Q; 5G; 5J; 6K; 8J,5G; 5J; 6K,1Q; 8J,2,5,2013-09-14,2022-06-09,2013-09-14/2022-06-09,False,Australia,10.7914/SN/1Q_2016; 10.7914/SN/5G_2018; 10.7914/SN/6K_2020; 10.7914/SN/8J_2012,ANU LPR-200 (Beige Box)
confirmed-ANU-built,ANU is the manufacturer,datalogger,,True,Australian National University,ANU LPR-200,128,False,,False,False,datalogger,6,1Q; 3G; 4J; 5G; 8J; ZR,3G; 5G,1Q; 4J; 8J; ZR,4,7,2009-06-19,2022-06-14,2009-06-19/2022-06-14,False,Australia,10.7914/SN/1Q_2016; 10.7914/SN/4J_2014; 10.7914/SN/5G_2018; 10.7914/SN/8J_2012; 10.7914/SN/ZR_2009,ANU LPR-200 (ANUSR); ANU LPR-200 (Beige Box)
confirmed-ANU-built,ANU is the manufacturer,datalogger,,False,Australian National University,ANU LPR-200,129,False,,False,False,datalogger,4,6C; 6Y; 8J; 9X,6Y,6C; 8J; 9X,3,4,2012-11-20,2023-10-17,2012-11-20/2023-10-17,False,Antarctica; Australia; NZ,10.7914/SN/6C_2015; 10.7914/SN/8J_2012; 10.7914/b1k3-3c71; 10.7914/jr68-qq17,ANU LPR-200 (Beige Box)
confirmed-ANU-built,ANU is the manufacturer,datalogger,,False,Australian National University,ANU LPR-200,130,False,,False,False,datalogger,4,4J; 5G; 5J; 8J,5G; 5J,4J; 8J,2,5,2013-01-01,2022-06-12,2013-01-01/2022-06-12,False,Australia,10.7914/SN/4J_2014; 10.7914/SN/5G_2018; 10.7914/SN/8J_2012,ANU LPR-200 (Beige Box)
confirmed-ANU-built,ANU is the manufacturer,datalogger,,False,Australian National University,ANU LPR-200,132,False,,False,False,datalogger,1,1K,,1K,1,1,2015-02-06,2015-08-11,2015-02-06/2015-08-11,False,Australia,,ANU LPR-200 (Beige Box)
confirmed-ANU-built,ANU is the manufacturer,datalogger,,True,Australian National University,ANU LPR-200,134,False,,False,False,datalogger,5,1L; 1Q; 4J; 6T; 8J,,1L; 1Q; 4J; 6T; 8J,5,5,2013-09-19,,2013-09-19/,True,AUS; Australia,10.7914/4e87-j738; 10.7914/63mk-n625; 10.7914/SN/1Q_2016; 10.7914/SN/4J_2014; 10.7914/SN/8J_2012,ANU LPR-200 (Beige Box)
confirmed-ANU-built,ANU is the manufacturer,datalogger,,False,Australian National University,ANU LPR-200,135,False,,False,False,datalogger,3,4J; 8J; 9V,,4J; 8J; 9V,3,3,2012-11-22,2023-01-29,2012-11-22/2023-01-29,False,Antarctica; Australia,10.7914/SN/4J_2014; 10.7914/SN/8J_2012; 10.7914/nrw9-9825,ANU LPR-200 (Beige Box)
confirmed-ANU-built,ANU is the manufacturer,datalogger,,False,Australian National University,ANU LPR-200,137,False,,False,False,datalogger,1,5G,5G,,0,2,2019-08-02,2022-06-10,2019-08-02/2022-06-10,False,Australia,10.7914/SN/5G_2018,ANU LPR-200 (Beige Box)
confirmed-ANU-built,ANU is the manufacturer,datalogger,,True,Australian National University,ANU LPR-200,138,False,,False,False,datalogger,5,6C; 6Y; 8J; 9X; ZR,6Y,6C; 8J; 9X; ZR,4,7,2009-06-17,2023-10-12,2009-06-17/2023-10-12,False,Antarctica; Australia; NZ,10.7914/SN/6C_2015; 10.7914/SN/8J_2012; 10.7914/SN/ZR_2009; 10.7914/b1k3-3c71; 10.7914/jr68-qq17,ANU LPR-200 (ANUSR); ANU LPR-200 (Beige Box)
confirmed-ANU-built,ANU is the manufacturer,datalogger,,False,Australian National University,ANU LPR-200,139,False,,False,False,datalogger,1,8J,,8J,1,1,2013-09-19,2014-08-06,2013-09-19/2014-08-06,False,Australia,10.7914/SN/8J_2012,ANU LPR-200 (Beige Box)
confirmed-ANU-built,ANU is the manufacturer,datalogger,,False,Australian National University,ANU LPR-200,1399,False,,False,False,datalogger,1,YS,,YS,1,1,2014-10-20,2018-12-13,2014-10-20/2018-12-13,False,Indonesia,,ANU LPR-200 (Beige Box)
confirmed-ANU-built,ANU is the manufacturer,datalogger,,False,Australian National University,ANU LPR-200,140,False,,False,False,datalogger,3,4J; 6K; 8J,6K,4J; 8J,2,3,2013-12-23,2021-09-03,2013-12-23/2021-09-03,False,Australia,10.7914/SN/4J_2014; 10.7914/SN/6K_2020; 10.7914/SN/8J_2012,ANU LPR-200 (Beige Box)
confirmed-ANU-built,ANU is the manufacturer,datalogger,,False,Australian National University,ANU LPR-200,142,False,,False,False,datalogger,2,4J; 8J,,4J; 8J,2,2,2012-11-22,2015-10-17,2012-11-22/2015-10-17,False,Australia,10.7914/SN/4J_2014; 10.7914/SN/8J_2012,ANU LPR-200 (Beige Box)
confirmed-ANU-built,ANU is the manufacturer,datalogger,,False,Australian National University,ANU LPR-200,144,False,,False,False,datalogger,4,6C; 6Y; 8J; 9X,6Y,6C; 8J; 9X,3,4,2013-09-18,2023-10-18,2013-09-18/2023-10-18,False,Antarctica; Australia; NZ,10.7914/SN/6C_2015; 10.7914/SN/8J_2012; 10.7914/b1k3-3c71; 10.7914/jr68-qq17,ANU LPR-200 (Beige Box)
confirmed-ANU-built,ANU is the manufacturer,datalogger,,False,Australian National University,ANU LPR-200,146,False,,False,False,datalogger,4,1K; 5G; 8M; WG,5G,1K; 8M; WG,3,5,2013-11-08,2026-05-11,2013-11-08/2026-05-11,False,Australia,10.7914/SN/5G_2018; 10.7914/SN/8M_2016; 10.7914/xagc-se62,ANU LPR-200; ANU LPR-200 (Beige Box)
confirmed-ANU-built,ANU is the manufacturer,datalogger,,True,Australian National University,ANU LPR-200,147,False,,False,False,datalogger,1,1Q,,1Q,1,1,2016-03-11,2017-10-24,2016-03-11/2017-10-24,False,Australia,10.7914/SN/1Q_2016,ANU LPR-200 (Beige Box)
confirmed-ANU-built,ANU is the manufacturer,datalogger,,True,Australian National University,ANU LPR-200,148,False,,False,False,datalogger,2,1Q; 4J,,1Q; 4J,2,2,2014-09-10,2017-09-05,2014-09-10/2017-09-05,False,Australia,10.7914/SN/1Q_2016; 10.7914/SN/4J_2014,ANU LPR-200 (Beige Box)
confirmed-ANU-built,ANU is the manufacturer,datalogger,,False,Australian National University,ANU LPR-200,150,False,,False,False,datalogger,2,6Y; 8J,6Y,8J,1,2,2012-11-20,2023-10-12,2012-11-20/2023-10-12,False,Australia; NZ,10.7914/SN/8J_2012; 10.7914/jr68-qq17,ANU LPR-200 (Beige Box)
confirmed-ANU-built,ANU is the manufacturer,datalogger,,False,Australian National University,ANU LPR-200,153,False,,False,False,datalogger,2,4J; 8J,,4J; 8J,2,3,2012-11-22,2015-10-08,2012-11-22/2015-10-08,False,Australia,10.7914/SN/4J_2014; 10.7914/SN/8J_2012,ANU LPR-200 (Beige Box)
confirmed-ANU-built,ANU is the manufacturer,datalogger,,False,Australian National University,ANU LPR-200,154,False,,False,False,datalogger,2,6K; 8J,6K,8J,1,2,2012-11-21,2022-02-21,2012-11-21/2022-02-21,False,Australia,10.7914/SN/6K_2020; 10.7914/SN/8J_2012,ANU LPR-200 (Beige Box)
confirmed-ANU-built,ANU is the manufacturer,datalogger,,True,Australian National University,ANU LPR-200,155,False,,False,False,datalogger,5,1Q; 3G; 4J; 5G; 8J,3G; 5G,1Q; 4J; 8J,3,5,2013-09-12,2021-10-26,2013-09-12/2021-10-26,False,Australia,10.7914/SN/1Q_2016; 10.7914/SN/4J_2014; 10.7914/SN/5G_2018; 10.7914/SN/8J_2012,ANU LPR-200 (Beige Box)
confirmed-ANU-built,ANU is the manufacturer,datalogger,,False,Australian National University,ANU LPR-200,157,False,,False,False,datalogger,2,8J; 9V,,8J; 9V,2,2,2014-01-17,2019-11-09,2014-01-17/2019-11-09,False,Antarctica; Australia,10.7914/SN/8J_2012; 10.7914/nrw9-9825,ANU LPR-200 (Beige Box)
confirmed-ANU-built,ANU is the manufacturer,datalogger,,False,Australian National University,ANU LPR-200,158,False,,False,False,datalogger,3,3G; 4J; 8J,3G,4J; 8J,2,3,2013-09-11,2019-03-31,2013-09-11/2019-03-31,False,Australia,10.7914/SN/4J_2014; 10.7914/SN/8J_2012,ANU LPR-200 (Beige Box)
confirmed-ANU-built,ANU is the manufacturer,datalogger,,True,Australian National University,ANU LPR-200,160,False,,False,False,datalogger,4,1Q; 3G; 6K; 8J,3G; 6K,1Q; 8J,2,4,2013-09-12,2022-01-15,2013-09-12/2022-01-15,False,Australia,10.7914/SN/1Q_2016; 10.7914/SN/6K_2020; 10.7914/SN/8J_2012,ANU LPR-200 (Beige Box)
confirmed-ANU-built,ANU is the manufacturer,datalogger,,False,Australian National University,ANU LPR-200,162,False,,False,False,datalogger,4,4J; 6K; 8J; 8M,6K,4J; 8J; 8M,3,4,2013-09-14,2022-01-16,2013-09-14/2022-01-16,False,Australia,10.7914/SN/4J_2014; 10.7914/SN/6K_2020; 10.7914/SN/8J_2012; 10.7914/SN/8M_2016,ANU LPR-200 (Beige Box)
confirmed-ANU-built,ANU is the manufacturer,datalogger,,False,Australian National University,ANU LPR-200,163,False,,False,False,datalogger,1,WG,,WG,1,3,2022-12-01,2026-04-24,2022-12-01/2026-04-24,False,Australia,10.7914/xagc-se62,ANU LPR-200
confirmed-ANU-built,ANU is the manufacturer,datalogger,,False,Australian National University,ANU LPR-200,164,False,,False,False,datalogger,3,4J; 8J; 9V,,4J; 8J; 9V,3,3,2013-09-10,2019-02-09,2013-09-10/2019-02-09,False,Antarctica; Australia,10.7914/SN/4J_2014; 10.7914/SN/8J_2012; 10.7914/nrw9-9825,ANU LPR-200 (Beige Box)
confirmed-ANU-built,ANU is the manufacturer,datalogger,,False,Australian National University,ANU LPR-200,165,False,,False,False,datalogger,4,3G; 4J; 5G; 8J,3G; 5G,4J; 8J,2,4,2013-09-15,2022-06-03,2013-09-15/2022-06-03,False,Australia,10.7914/SN/4J_2014; 10.7914/SN/5G_2018; 10.7914/SN/8J_2012,ANU LPR-200 (Beige Box)
confirmed-ANU-built,ANU is the manufacturer,datalogger,,False,Australian National University,ANU LPR-200,166,False,,False,False,datalogger,3,4J; 6T; 8J,,4J; 6T; 8J,3,3,2014-01-16,,2014-01-16/,True,AUS; Australia,10.7914/4e87-j738; 10.7914/SN/4J_2014; 10.7914/SN/8J_2012,ANU LPR-200 (Beige Box)
confirmed-ANU-built,ANU is the manufacturer,datalogger,,True,Australian National University,ANU LPR-200,167,False,,False,False,datalogger,4,1Q; 4J; 6K; 8J,6K,1Q; 4J; 8J,3,5,2013-09-15,2021-12-25,2013-09-15/2021-12-25,False,Australia,10.7914/SN/1Q_2016; 10.7914/SN/4J_2014; 10.7914/SN/6K_2020; 10.7914/SN/8J_2012,ANU LPR-200 (Beige Box)
confirmed-ANU-built,ANU is the manufacturer,datalogger,,False,Australian National University,ANU LPR-200,168,False,,False,False,datalogger,5,3G; 4J; 5G; 6T; 8J,3G; 5G,4J; 6T; 8J,3,6,2013-09-15,,2013-09-15/,True,AUS; Australia,10.7914/4e87-j738; 10.7914/SN/4J_2014; 10.7914/SN/5G_2018; 10.7914/SN/8J_2012,ANU LPR-200 (Beige Box)
confirmed-ANU-built,ANU is the manufacturer,datalogger,,False,Australian National University,ANU LPR-200,169,False,,False,False,datalogger,2,4J; 8J,,4J; 8J,2,2,2013-09-16,2016-02-09,2013-09-16/2016-02-09,False,Australia,10.7914/SN/4J_2014; 10.7914/SN/8J_2012,ANU LPR-200 (Beige Box)
confirmed-ANU-built,ANU is the manufacturer,datalogger,,False,Australian National University,ANU LPR-200,170,False,,False,False,datalogger,5,3G; 4J; 5G; 8J; ZJ,3G; 5G; ZJ,4J; 8J,2,6,2014-05-19,2028-04-01,2014-05-19/2028-04-01,False,Australia; NZ,10.7914/0zmj-7e94; 10.7914/SN/4J_2014; 10.7914/SN/5G_2018; 10.7914/SN/8J_2012,ANU LPR-200 (Beige Box)
confirmed-ANU-built,ANU is the manufacturer,datalogger,,False,Australian National University,ANU LPR-200,171,False,,False,False,datalogger,1,6Y,6Y,,0,1,2022-10-25,2023-10-17,2022-10-25/2023-10-17,False,NZ,10.7914/jr68-qq17,ANU LPR-200 (Beige Box)
confirmed-ANU-built,ANU is the manufacturer,datalogger,,False,Australian National University,ANU LPR-200,172,False,,False,False,datalogger,4,3G; 4J; 5G; 6K,3G; 5G; 6K,4J,1,4,2014-05-22,2022-06-10,2014-05-22/2022-06-10,False,Australia,10.7914/SN/4J_2014; 10.7914/SN/5G_2018; 10.7914/SN/6K_2020,ANU LPR-200 (Beige Box)
confirmed-ANU-built,ANU is the manufacturer,datalogger,,True,Australian National University,ANU LPR-200,173,False,,False,False,datalogger,3,1Q; 6C; 8J,,1Q; 6C; 8J,3,3,2013-09-14,2017-07-26,2013-09-14/2017-07-26,False,Australia,10.7914/SN/1Q_2016; 10.7914/SN/6C_2015; 10.7914/SN/8J_2012,ANU LPR-200 (Beige Box)
confirmed-ANU-built,ANU is the manufacturer,datalogger,,False,Australian National University,ANU LPR-200,174,False,,False,False,datalogger,2,4J; 8J,,4J; 8J,2,2,2013-09-11,2015-07-22,2013-09-11/2015-07-22,False,Australia,10.7914/SN/4J_2014; 10.7914/SN/8J_2012,ANU LPR-200 (Beige Box)
confirmed-ANU-built,ANU is the manufacturer,datalogger,,True,Australian National University,ANU LPR-200,176,False,,False,False,datalogger,4,1Q; 4J; 8J; WG,,1Q; 4J; 8J; WG,4,5,2013-09-12,2024-06-02,2013-09-12/2024-06-02,False,Australia,10.7914/SN/1Q_2016; 10.7914/SN/4J_2014; 10.7914/SN/8J_2012; 10.7914/xagc-se62,ANU LPR-200; ANU LPR-200 (Beige Box)
confirmed-ANU-built,ANU is the manufacturer,datalogger,,True,Australian National University,ANU LPR-200,177,False,,False,False,datalogger,4,1Q; 4J; 6K; 8J,6K,1Q; 4J; 8J,3,5,2013-09-13,2022-05-28,2013-09-13/2022-05-28,False,Australia,10.7914/SN/1Q_2016; 10.7914/SN/4J_2014; 10.7914/SN/6K_2020; 10.7914/SN/8J_2012,ANU LPR-200 (Beige Box)
confirmed-ANU-built,ANU is the manufacturer,datalogger,,True,Australian National University,ANU LPR-200,179,False,,False,False,datalogger,3,1Q; 4J; 8J,,1Q; 4J; 8J,3,3,2013-09-15,2017-10-23,2013-09-15/2017-10-23,False,Australia,10.7914/SN/1Q_2016; 10.7914/SN/4J_2014; 10.7914/SN/8J_2012,ANU LPR-200 (Beige Box)
confirmed-ANU-built,ANU is the manufacturer,datalogger,,True,Australian National University,ANU LPR-200,180,False,,False,False,datalogger,5,1L; 1Q; 4J; 5G; 8J,5G,1L; 1Q; 4J; 8J,4,5,2013-09-15,2022-06-08,2013-09-15/2022-06-08,False,Australia,10.7914/63mk-n625; 10.7914/SN/1Q_2016; 10.7914/SN/4J_2014; 10.7914/SN/5G_2018; 10.7914/SN/8J_2012,ANU LPR-200 (Beige Box)
confirmed-ANU-built,ANU is the manufacturer,datalogger,,False,Australian National University,ANU LPR-200,181,False,,False,False,datalogger,1,8J,,8J,1,1,2013-09-11,2014-07-30,2013-09-11/2014-07-30,False,Australia,10.7914/SN/8J_2012,ANU LPR-200 (Beige Box)
confirmed-ANU-built,ANU is the manufacturer,datalogger,,False,Australian National University,ANU LPR-200,182,False,,False,False,datalogger,3,1K; 6Y; 9X,6Y,1K; 9X,2,3,2014-10-16,2023-10-15,2014-10-16/2023-10-15,False,Antarctica; Australia; NZ,10.7914/b1k3-3c71; 10.7914/jr68-qq17,ANU LPR-200 (Beige Box)
confirmed-ANU-built,ANU is the manufacturer,datalogger,,True,Australian National University,ANU LPR-200,183,False,,False,False,datalogger,3,1Q; 3G; 8J,3G,1Q; 8J,2,3,2013-09-12,2018-10-16,2013-09-12/2018-10-16,False,Australia,10.7914/SN/1Q_2016; 10.7914/SN/8J_2012,ANU LPR-200 (Beige Box)
confirmed-ANU-built,ANU is the manufacturer,datalogger,,False,Australian National University,ANU LPR-200,184,False,,False,False,datalogger,2,4J; 8J,,4J; 8J,2,2,2013-09-13,2015-10-24,2013-09-13/2015-10-24,False,Australia,10.7914/SN/4J_2014; 10.7914/SN/8J_2012,ANU LPR-200 (Beige Box)
confirmed-ANU-built,ANU is the manufacturer,datalogger,,False,Australian National University,ANU LPR-200,185,False,,False,False,datalogger,3,1K; 3G; 5G,3G; 5G,1K,1,3,2015-02-04,2022-06-10,2015-02-04/2022-06-10,False,Australia,10.7914/SN/5G_2018,ANU LPR-200 (Beige Box)
confirmed-ANU-built,ANU is the manufacturer,datalogger,,False,Australian National University,ANU LPR-200,186,False,,False,False,datalogger,3,1E; 6Y; 9X,6Y,1E; 9X,2,3,2013-11-13,2023-10-16,2013-11-13/2023-10-16,False,Antarctica; Australia; NZ,10.7914/SN/1E_2013; 10.7914/b1k3-3c71; 10.7914/jr68-qq17,ANU LPR-200 (Beige Box)
confirmed-ANU-built,ANU is the manufacturer,datalogger,,False,Australian National University,ANU LPR-200,187,False,,False,False,datalogger,3,4J; 6K; 8J,6K,4J; 8J,2,3,2013-09-10,2021-09-16,2013-09-10/2021-09-16,False,Australia,10.7914/SN/4J_2014; 10.7914/SN/6K_2020; 10.7914/SN/8J_2012,ANU LPR-200 (Beige Box)
confirmed-ANU-built,ANU is the manufacturer,datalogger,,False,Australian National University,ANU LPR-200,188,False,,False,False,datalogger,1,8J,,8J,1,1,2013-09-16,2014-05-18,2013-09-16/2014-05-18,False,Australia,10.7914/SN/8J_2012,ANU LPR-200 (Beige Box)
confirmed-ANU-built,ANU is the manufacturer,datalogger,,False,Australian National University,ANU LPR-200,189,False,,False,False,datalogger,4,4J; 6Y; 8J; ZJ,6Y; ZJ,4J; 8J,2,4,2013-09-11,2028-04-01,2013-09-11/2028-04-01,False,Australia; NZ,10.7914/0zmj-7e94; 10.7914/SN/4J_2014; 10.7914/SN/8J_2012; 10.7914/jr68-qq17,ANU LPR-200 (Beige Box)
confirmed-ANU-built,ANU is the manufacturer,datalogger,,True,Australian National University,ANU LPR-200,190,False,,False,False,datalogger,4,1Q; 4J; 6K; 8J,6K,1Q; 4J; 8J,3,4,2013-12-23,2022-01-17,2013-12-23/2022-01-17,False,Australia,10.7914/SN/1Q_2016; 10.7914/SN/4J_2014; 10.7914/SN/6K_2020; 10.7914/SN/8J_2012,ANU LPR-200 (Beige Box)
confirmed-ANU-built,ANU is the manufacturer,datalogger,,True,Australian National University,ANU LPR-200,191,False,,False,False,datalogger,4,1Q; 4J; 8J; WG,,1Q; 4J; 8J; WG,4,4,2014-01-17,2023-11-27,2014-01-17/2023-11-27,False,Australia,10.7914/SN/1Q_2016; 10.7914/SN/4J_2014; 10.7914/SN/8J_2012; 10.7914/xagc-se62,ANU LPR-200; ANU LPR-200 (Beige Box)
confirmed-ANU-built,ANU is the manufacturer,datalogger,,True,Australian National University,ANU LPR-200,192,False,,False,False,datalogger,3,1Q; 5G; 8J,5G,1Q; 8J,2,3,2013-09-12,2022-06-09,2013-09-12/2022-06-09,False,Australia,10.7914/SN/1Q_2016; 10.7914/SN/5G_2018; 10.7914/SN/8J_2012,ANU LPR-200 (Beige Box)
confirmed-ANU-built,ANU is the manufacturer,datalogger,,False,Australian National University,ANU LPR-200,193,False,,False,False,datalogger,5,1E; 6C; 6Y; 9X; ZJ,6Y; ZJ,1E; 6C; 9X,3,5,2013-11-15,2028-04-01,2013-11-15/2028-04-01,False,Antarctica; Australia; NZ,10.7914/0zmj-7e94; 10.7914/SN/1E_2013; 10.7914/SN/6C_2015; 10.7914/b1k3-3c71; 10.7914/jr68-qq17,ANU LPR-200 (Beige Box)
confirmed-ANU-built,ANU is the manufacturer,datalogger,,False,Australian National University,ANU LPR-200,194,False,,False,False,datalogger,2,4J; 8J,,4J; 8J,2,2,2013-09-11,2015-05-08,2013-09-11/2015-05-08,False,Australia,10.7914/SN/4J_2014; 10.7914/SN/8J_2012,ANU LPR-200 (Beige Box)
confirmed-ANU-built,ANU is the manufacturer,datalogger,,True,Australian National University,ANU LPR-200,195,False,,False,False,datalogger,6,1Q; 4J; 5G; 5J; 8J; WG,5G; 5J,1Q; 4J; 8J; WG,4,8,2013-09-10,2026-05-11,2013-09-10/2026-05-11,False,Australia,10.7914/SN/1Q_2016; 10.7914/SN/4J_2014; 10.7914/SN/5G_2018; 10.7914/SN/8J_2012; 10.7914/xagc-se62,ANU LPR-200; ANU LPR-200 (Beige Box)
confirmed-ANU-built,ANU is the manufacturer,datalogger,,False,Australian National University,ANU LPR-200,196,False,,False,False,datalogger,5,3G; 4J; 5G; 6T; 8J,3G; 5G,4J; 6T; 8J,3,5,2013-09-18,,2013-09-18/,True,AUS; Australia,10.7914/4e87-j738; 10.7914/SN/4J_2014; 10.7914/SN/5G_2018; 10.7914/SN/8J_2012,ANU LPR-200 (Beige Box)
confirmed-ANU-built,ANU is the manufacturer,datalogger,,False,Australian National University,ANU LPR-200,197,False,,False,False,datalogger,3,5G; 5J; 8J,5G; 5J,8J,1,3,2013-09-10,2022-06-03,2013-09-10/2022-06-03,False,Australia,10.7914/SN/5G_2018; 10.7914/SN/8J_2012,ANU LPR-200 (Beige Box)
confirmed-ANU-built,ANU is the manufacturer,datalogger,,False,Australian National University,ANU LPR-200,198,False,,False,False,datalogger,5,4J; 6Y; 8J; 9X; ZJ,6Y; ZJ,4J; 8J; 9X,3,5,2013-09-10,2028-04-01,2013-09-10/2028-04-01,False,Antarctica; Australia; NZ,10.7914/0zmj-7e94; 10.7914/SN/4J_2014; 10.7914/SN/8J_2012; 10.7914/b1k3-3c71; 10.7914/jr68-qq17,ANU LPR-200 (Beige Box)
confirmed-ANU-built,ANU is the manufacturer,datalogger,,False,Australian National University,ANU LPR-200,199,False,,False,False,datalogger,1,8J,,8J,1,1,2013-09-11,2014-07-30,2013-09-11/2014-07-30,False,Australia,10.7914/SN/8J_2012,ANU LPR-200 (Beige Box)
confirmed-ANU-built,ANU is the manufacturer,datalogger,,False,Australian National University,ANU LPR-200,20,False,,False,False,datalogger,1,WG,,WG,1,3,2022-12-06,2024-05-31,2022-12-06/2024-05-31,False,Australia,10.7914/xagc-se62,ANU LPR-200
confirmed-ANU-built,ANU is the manufacturer,datalogger,,False,Australian National University,ANU LPR-200,200,False,,False,False,datalogger,5,3G; 4B; 4J; 5G; 8J,3G; 4B; 5G,4J; 8J,2,6,2013-09-15,2026-05-02,2013-09-15/2026-05-02,False,AU; Australia,10.7914/9j20-yq91; 10.7914/SN/4J_2014; 10.7914/SN/5G_2018; 10.7914/SN/8J_2012,ANU LPR-200 (Beige Box)
confirmed-ANU-built,ANU is the manufacturer,datalogger,,False,Australian National University,ANU LPR-200,201,False,,False,False,datalogger,3,3G; 6K; 8J,3G; 6K,8J,1,3,2013-09-16,2021-11-25,2013-09-16/2021-11-25,False,Australia,10.7914/SN/6K_2020; 10.7914/SN/8J_2012,ANU LPR-200 (Beige Box)
confirmed-ANU-built,ANU is the manufacturer,datalogger,,True,Australian National University,ANU LPR-200,202,False,,False,False,datalogger,5,1Q; 5G; 5J; 8J; ZR,5G; 5J,1Q; 8J; ZR,3,6,2010-09-08,2022-06-12,2010-09-08/2022-06-12,False,Australia,10.7914/SN/1Q_2016; 10.7914/SN/5G_2018; 10.7914/SN/8J_2012; 10.7914/SN/ZR_2009,ANU LPR-200 (ANUSR); ANU LPR-200 (Beige Box)
confirmed-ANU-built,ANU is the manufacturer,datalogger,,True,Australian National University,ANU LPR-200,203,False,,False,False,datalogger,4,3G; 4J; 5G; ZR,3G; 5G,4J; ZR,2,5,2009-06-18,2022-06-10,2009-06-18/2022-06-10,False,Australia,10.7914/SN/4J_2014; 10.7914/SN/5G_2018; 10.7914/SN/ZR_2009,ANU LPR-200 (ANUSR); ANU LPR-200 (Beige Box)
confirmed-ANU-built,ANU is the manufacturer,datalogger,,True,Australian National University,ANU LPR-200,204,False,,False,False,datalogger,1,ZR,,ZR,1,1,2010-09-12,2011-01-04,2010-09-12/2011-01-04,False,Australia,10.7914/SN/ZR_2009,ANU LPR-200 (ANUSR)
confirmed-ANU-built,ANU is the manufacturer,datalogger,,True,Australian National University,ANU LPR-200,205,False,,False,False,datalogger,5,1Q; 3G; 4J; 6K; 8J,3G; 6K,1Q; 4J; 8J,3,5,2013-09-17,2021-06-19,2013-09-17/2021-06-19,False,Australia,10.7914/SN/1Q_2016; 10.7914/SN/4J_2014; 10.7914/SN/6K_2020; 10.7914/SN/8J_2012,ANU LPR-200 (Beige Box)
confirmed-ANU-built,ANU is the manufacturer,datalogger,,True,Australian National University,ANU LPR-200,206,False,,False,False,datalogger,1,1Q,,1Q,1,1,2016-05-16,2017-10-17,2016-05-16/2017-10-17,False,Australia,10.7914/SN/1Q_2016,ANU LPR-200 (Beige Box)
confirmed-ANU-built,ANU is the manufacturer,datalogger,,True,Australian National University,ANU LPR-200,207,False,,False,False,datalogger,2,8J; ZR,,8J; ZR,2,3,2009-06-19,2014-08-02,2009-06-19/2014-08-02,False,Australia,10.7914/SN/8J_2012; 10.7914/SN/ZR_2009,ANU LPR-200 (ANUSR); ANU LPR-200 (Beige Box)
confirmed-ANU-built,ANU is the manufacturer,datalogger,,True,Australian National University,ANU LPR-200,208,False,,False,False,datalogger,4,6Y; 8J; ZJ; ZR,6Y; ZJ,8J; ZR,2,5,2009-06-17,2028-04-01,2009-06-17/2028-04-01,False,Australia; NZ,10.7914/0zmj-7e94; 10.7914/SN/8J_2012; 10.7914/SN/ZR_2009; 10.7914/jr68-qq17,ANU LPR-200 (ANUSR); ANU LPR-200 (Beige Box)
confirmed-ANU-built,ANU is the manufacturer,datalogger,,True,Australian National University,ANU LPR-200,209,False,,False,False,datalogger,4,1Q; 3G; 6T; 8J,3G,1Q; 6T; 8J,3,4,2013-09-10,,2013-09-10/,True,AUS; Australia,10.7914/4e87-j738; 10.7914/SN/1Q_2016; 10.7914/SN/8J_2012,ANU LPR-200 (Beige Box)
confirmed-ANU-built,ANU is the manufacturer,datalogger,,True,Australian National University,ANU LPR-200,210,False,,False,False,datalogger,4,1Q; 4J; 8J; WG,,1Q; 4J; 8J; WG,4,6,2013-09-18,2025-11-01,2013-09-18/2025-11-01,False,Australia,10.7914/SN/1Q_2016; 10.7914/SN/4J_2014; 10.7914/SN/8J_2012; 10.7914/xagc-se62,ANU LPR-200; ANU LPR-200 (Beige Box)
confirmed-ANU-built,ANU is the manufacturer,datalogger,,True,Australian National University,ANU LPR-200,211,False,,False,False,datalogger,2,8J; ZR,,8J; ZR,2,3,2010-04-30,2014-08-03,2010-04-30/2014-08-03,False,Australia,10.7914/SN/8J_2012; 10.7914/SN/ZR_2009,ANU LPR-200 (ANUSR); ANU LPR-200 (Beige Box)
confirmed-ANU-built,ANU is the manufacturer,datalogger,,False,Australian National University,ANU LPR-200,212,False,,False,False,datalogger,1,8J,,8J,1,1,2013-09-13,2014-08-01,2013-09-13/2014-08-01,False,Australia,10.7914/SN/8J_2012,ANU LPR-200 (Beige Box)
confirmed-ANU-built,ANU is the manufacturer,datalogger,,True,Australian National University,ANU LPR-200,213,False,,False,False,datalogger,4,4J; 8J; 9V; ZR,,4J; 8J; 9V; ZR,4,4,2009-09-06,2017-10-15,2009-09-06/2017-10-15,False,Antarctica; Australia,10.7914/SN/4J_2014; 10.7914/SN/8J_2012; 10.7914/SN/ZR_2009; 10.7914/nrw9-9825,ANU LPR-200 (ANUSR); ANU LPR-200 (Beige Box)
confirmed-ANU-built,ANU is the manufacturer,datalogger,,False,Australian National University,ANU LPR-200,214,False,,False,False,datalogger,2,3G; 5G,3G; 5G,,0,2,2018-04-25,2022-06-09,2018-04-25/2022-06-09,False,Australia,10.7914/SN/5G_2018,ANU LPR-200 (Beige Box)
confirmed-ANU-built,ANU is the manufacturer,datalogger,,False,Australian National University,ANU LPR-200,215,False,,False,False,datalogger,3,6Y; 9X; ZJ,6Y; ZJ,9X,1,3,2021-12-15,2028-04-01,2021-12-15/2028-04-01,False,Antarctica; NZ,10.7914/0zmj-7e94; 10.7914/b1k3-3c71; 10.7914/jr68-qq17,ANU LPR-200 (Beige Box)
confirmed-ANU-built,ANU is the manufacturer,datalogger,,True,Australian National University,ANU LPR-200,216,False,,False,False,datalogger,3,1Q; 4J; 8J,,1Q; 4J; 8J,3,3,2013-09-19,2017-07-05,2013-09-19/2017-07-05,False,Australia,10.7914/SN/1Q_2016; 10.7914/SN/4J_2014; 10.7914/SN/8J_2012,ANU LPR-200 (Beige Box)
confirmed-ANU-built,ANU is the manufacturer,datalogger,,True,Australian National University,ANU LPR-200,217,False,,False,False,datalogger,2,8J; ZR,,8J; ZR,2,2,2010-09-07,2014-08-04,2010-09-07/2014-08-04,False,Australia,10.7914/SN/8J_2012; 10.7914/SN/ZR_2009,ANU LPR-200 (ANUSR); ANU LPR-200 (Beige Box)
confirmed-ANU-built,ANU is the manufacturer,datalogger,,True,Australian National University,ANU LPR-200,218,False,,False,False,datalogger,5,1Q; 4J; 6K; 8J; ZR,6K,1Q; 4J; 8J; ZR,4,5,2009-06-16,2021-09-21,2009-06-16/2021-09-21,False,Australia,10.7914/SN/1Q_2016; 10.7914/SN/4J_2014; 10.7914/SN/6K_2020; 10.7914/SN/8J_2012; 10.7914/SN/ZR_2009,ANU LPR-200 (ANUSR); ANU LPR-200 (Beige Box)
confirmed-ANU-built,ANU is the manufacturer,datalogger,,False,Australian National University,ANU LPR-200,219,False,,False,False,datalogger,2,4J; 8J,,4J; 8J,2,2,2013-09-13,2015-10-21,2013-09-13/2015-10-21,False,Australia,10.7914/SN/4J_2014; 10.7914/SN/8J_2012,ANU LPR-200 (Beige Box)
confirmed-ANU-built,ANU is the manufacturer,datalogger,,True,Australian National University,ANU LPR-200,220,False,,False,False,datalogger,5,1Q; 3G; 4J; 6T; 8J,3G,1Q; 4J; 6T; 8J,4,5,2012-11-21,,2012-11-21/,True,AUS; Australia,10.7914/4e87-j738; 10.7914/SN/1Q_2016; 10.7914/SN/4J_2014; 10.7914/SN/8J_2012,ANU LPR-200 (Beige Box)
confirmed-ANU-built,ANU is the manufacturer,datalogger,,True,Australian National University,ANU LPR-200,221,False,,False,False,datalogger,4,1K; 3G; 5G; ZR,3G; 5G,1K; ZR,2,5,2009-06-20,2022-06-12,2009-06-20/2022-06-12,False,Australia,10.7914/SN/5G_2018; 10.7914/SN/ZR_2009,ANU LPR-200 (ANUSR); ANU LPR-200 (Beige Box)
confirmed-ANU-built,ANU is the manufacturer,datalogger,,False,Australian National University,ANU LPR-200,222,False,,False,False,datalogger,2,3G; 4B,3G; 4B,,0,2,2018-04-26,2025-09-21,2018-04-26/2025-09-21,False,AU; Australia,10.7914/9j20-yq91,ANU LPR-200 (Beige Box)
confirmed-ANU-built,ANU is the manufacturer,datalogger,,True,Australian National University,ANU LPR-200,223,False,,False,False,datalogger,4,1Q; 4J; 5G; 8J,5G,1Q; 4J; 8J,3,4,2012-11-20,2022-02-25,2012-11-20/2022-02-25,False,Australia,10.7914/SN/1Q_2016; 10.7914/SN/4J_2014; 10.7914/SN/5G_2018; 10.7914/SN/8J_2012,ANU LPR-200 (Beige Box)
confirmed-ANU-built,ANU is the manufacturer,datalogger,,True,Australian National University,ANU LPR-200,224,False,,False,False,datalogger,4,1K; 1Q; 3G; 6K,3G; 6K,1K; 1Q,2,5,2013-11-09,2022-01-01,2013-11-09/2022-01-01,False,Australia,10.7914/SN/1Q_2016; 10.7914/SN/6K_2020,ANU LPR-200 (Beige Box)
confirmed-ANU-built,ANU is the manufacturer,datalogger,,False,Australian National University,ANU LPR-200,225,False,,False,False,datalogger,4,3G; 5G; 8J; WG,3G; 5G,8J; WG,2,6,2012-11-20,2025-10-16,2012-11-20/2025-10-16,False,Australia,10.7914/SN/5G_2018; 10.7914/SN/8J_2012; 10.7914/xagc-se62,ANU LPR-200; ANU LPR-200 (Beige Box)
confirmed-ANU-built,ANU is the manufacturer,datalogger,,True,Australian National University,ANU LPR-200,226,False,,False,False,datalogger,4,1K; 1Q; 6K; ZR,6K,1K; 1Q; ZR,3,4,2010-09-12,2021-11-24,2010-09-12/2021-11-24,False,Australia,10.7914/SN/1Q_2016; 10.7914/SN/6K_2020; 10.7914/SN/ZR_2009,ANU LPR-200 (ANUSR); ANU LPR-200 (Beige Box)
confirmed-ANU-built,ANU is the manufacturer,datalogger,,False,Australian National University,ANU LPR-200,227,False,,False,False,datalogger,3,1K; 6Y; 9X,6Y,1K; 9X,2,5,2013-11-09,2023-10-17,2013-11-09/2023-10-17,False,Antarctica; Australia; NZ,10.7914/b1k3-3c71; 10.7914/jr68-qq17,ANU LPR-200 (Beige Box)
confirmed-ANU-built,ANU is the manufacturer,datalogger,,True,Australian National University,ANU LPR-200,228,False,,False,False,datalogger,6,1K; 1L; 1Q; 4J; 8J; ZR,,1K; 1L; 1Q; 4J; 8J; ZR,6,6,2009-06-16,2021-06-10,2009-06-16/2021-06-10,False,Australia,10.7914/63mk-n625; 10.7914/SN/1Q_2016; 10.7914/SN/4J_2014; 10.7914/SN/8J_2012; 10.7914/SN/ZR_2009,ANU LPR-200 (ANUSR); ANU LPR-200 (Beige Box)
confirmed-ANU-built,ANU is the manufacturer,datalogger,,True,Australian National University,ANU LPR-200,229,False,,False,False,datalogger,4,1K; 1Q; 3G; 6K,3G; 6K,1K; 1Q,2,4,2013-11-07,2022-01-17,2013-11-07/2022-01-17,False,Australia,10.7914/SN/1Q_2016; 10.7914/SN/6K_2020,ANU LPR-200 (Beige Box)
confirmed-ANU-built,ANU is the manufacturer,datalogger,,False,Australian National University,ANU LPR-200,230,False,,False,False,datalogger,2,1K; 6K,6K,1K,1,3,2013-11-16,2022-01-17,2013-11-16/2022-01-17,False,Australia,10.7914/SN/6K_2020,ANU LPR-200 (Beige Box)
confirmed-ANU-built,ANU is the manufacturer,datalogger,,True,Australian National University,ANU LPR-200,231,False,,False,False,datalogger,1,ZR,,ZR,1,1,2009-09-05,2010-08-04,2009-09-05/2010-08-04,False,Australia,10.7914/SN/ZR_2009,ANU LPR-200 (ANUSR)
confirmed-ANU-built,ANU is the manufacturer,datalogger,,True,Australian National University,ANU LPR-200,232,False,,False,False,datalogger,2,1K; 1Q,,1K; 1Q,2,3,2013-11-07,2017-03-22,2013-11-07/2017-03-22,False,Australia,10.7914/SN/1Q_2016,ANU LPR-200 (Beige Box)
confirmed-ANU-built,ANU is the manufacturer,datalogger,,False,Australian National University,ANU LPR-200,233,False,,False,False,datalogger,3,1K; 3G; 6T,3G,1K; 6T,2,3,2013-11-15,,2013-11-15/,True,AUS; Australia,10.7914/4e87-j738,ANU LPR-200 (Beige Box)
confirmed-ANU-built,ANU is the manufacturer,datalogger,,True,Australian National University,ANU LPR-200,234,False,,False,False,datalogger,4,1K; 1Q; 3G; 5G,3G; 5G,1K; 1Q,2,4,2013-11-15,2022-06-13,2013-11-15/2022-06-13,False,Australia,10.7914/SN/1Q_2016; 10.7914/SN/5G_2018,ANU LPR-200 (Beige Box)
confirmed-ANU-built,ANU is the manufacturer,datalogger,,True,Australian National University,ANU LPR-200,235,False,,False,False,datalogger,5,1Q; 3G; 5G; 6T; 8J,3G; 5G,1Q; 6T; 8J,3,6,2012-11-24,,2012-11-24/,True,AUS; Australia,10.7914/4e87-j738; 10.7914/SN/1Q_2016; 10.7914/SN/5G_2018; 10.7914/SN/8J_2012,ANU LPR-200 (Beige Box)
confirmed-ANU-built,ANU is the manufacturer,datalogger,,True,Australian National University,ANU LPR-200,236,False,,False,False,datalogger,5,1Q; 3G; 4B; 4J; 5G,3G; 4B; 5G,1Q; 4J,2,5,2014-05-21,2026-05-02,2014-05-21/2026-05-02,False,AU; Australia,10.7914/9j20-yq91; 10.7914/SN/1Q_2016; 10.7914/SN/4J_2014; 10.7914/SN/5G_2018,ANU LPR-200 (Beige Box)
confirmed-ANU-built,ANU is the manufacturer,datalogger,,False,Australian National University,ANU LPR-200,237,False,,False,False,datalogger,4,1K; 6Y; 9X; ZJ,6Y; ZJ,1K; 9X,2,5,2014-10-15,2028-04-01,2014-10-15/2028-04-01,False,Antarctica; Australia; NZ,10.7914/0zmj-7e94; 10.7914/b1k3-3c71; 10.7914/jr68-qq17,ANU LPR-200 (Beige Box)
confirmed-ANU-built,ANU is the manufacturer,datalogger,,True,Australian National University,ANU LPR-200,238,False,,False,False,datalogger,5,1K; 1Q; 3G; 8J; ZR,3G,1K; 1Q; 8J; ZR,4,6,2009-06-18,2019-02-20,2009-06-18/2019-02-20,False,Australia,10.7914/SN/1Q_2016; 10.7914/SN/8J_2012; 10.7914/SN/ZR_2009,ANU LPR-200 (ANUSR); ANU LPR-200 (Beige Box)
confirmed-ANU-built,ANU is the manufacturer,datalogger,,True,Australian National University,ANU LPR-200,239,False,,False,False,datalogger,4,1K; 1Q; 6K; ZJ,6K; ZJ,1K; 1Q,2,5,2014-02-23,2028-04-01,2014-02-23/2028-04-01,False,Australia; NZ,10.7914/0zmj-7e94; 10.7914/SN/1Q_2016; 10.7914/SN/6K_2020,ANU LPR-200 (Beige Box)
confirmed-ANU-built,ANU is the manufacturer,datalogger,,False,Australian National University,ANU LPR-200,240,False,,False,False,datalogger,1,1K,,1K,1,2,2013-11-14,2015-09-12,2013-11-14/2015-09-12,False,Australia,,ANU LPR-200 (Beige Box)
confirmed-ANU-built,ANU is the manufacturer,datalogger,,True,Australian National University,ANU LPR-200,241,False,,False,False,datalogger,5,1K; 3G; 5G; WG; ZR,3G; 5G,1K; WG; ZR,3,8,2010-09-06,2025-08-18,2010-09-06/2025-08-18,False,Australia,10.7914/SN/5G_2018; 10.7914/SN/ZR_2009; 10.7914/xagc-se62,ANU LPR-200; ANU LPR-200 (ANUSR); ANU LPR-200 (Beige Box)
confirmed-ANU-built,ANU is the manufacturer,datalogger,,True,Australian National University,ANU LPR-200,242,False,,False,False,datalogger,6,1K; 1Q; 3G; 5G; 6C; 6T,3G; 5G,1K; 1Q; 6C; 6T,4,6,2013-11-10,,2013-11-10/,True,AUS; Australia,10.7914/4e87-j738; 10.7914/SN/1Q_2016; 10.7914/SN/5G_2018; 10.7914/SN/6C_2015,ANU LPR-200 (Beige Box)
confirmed-ANU-built,ANU is the manufacturer,datalogger,,False,Australian National University,ANU LPR-200,243,False,,False,False,datalogger,4,3G; 4J; 6K; 8J,3G; 6K,4J; 8J,2,4,2012-11-23,2021-11-10,2012-11-23/2021-11-10,False,Australia,10.7914/SN/4J_2014; 10.7914/SN/6K_2020; 10.7914/SN/8J_2012,ANU LPR-200 (Beige Box)
confirmed-ANU-built,ANU is the manufacturer,datalogger,,False,Australian National University,ANU LPR-200,244,False,,False,False,datalogger,4,1K; 3G; 5G; 6T,3G; 5G,1K; 6T,2,4,2013-11-12,,2013-11-12/,True,AUS; Australia,10.7914/4e87-j738; 10.7914/SN/5G_2018,ANU LPR-200 (Beige Box)
confirmed-ANU-built,ANU is the manufacturer,datalogger,,True,Australian National University,ANU LPR-200,245,False,,False,False,datalogger,3,1K; 6C; ZR,,1K; 6C; ZR,3,4,2009-06-18,2015-11-23,2009-06-18/2015-11-23,False,Australia,10.7914/SN/6C_2015; 10.7914/SN/ZR_2009,ANU LPR-200 (ANUSR); ANU LPR-200 (Beige Box)
confirmed-ANU-built,ANU is the manufacturer,datalogger,,True,Australian National University,ANU LPR-200,246,False,,False,False,datalogger,5,1K; 1Q; 5G; 5J; 6T,5G; 5J,1K; 1Q; 6T,3,6,2013-11-16,,2013-11-16/,True,AUS; Australia,10.7914/4e87-j738; 10.7914/SN/1Q_2016; 10.7914/SN/5G_2018,ANU LPR-200 (Beige Box)
confirmed-ANU-built,ANU is the manufacturer,datalogger,,True,Australian National University,ANU LPR-200,247,False,,False,False,datalogger,2,1K; ZR,,1K; ZR,2,3,2010-09-08,2015-09-09,2010-09-08/2015-09-09,False,Australia,10.7914/SN/ZR_2009,ANU LPR-200 (ANUSR); ANU LPR-200 (Beige Box)
confirmed-ANU-built,ANU is the manufacturer,datalogger,,True,Australian National University,ANU LPR-200,248,False,,False,False,datalogger,3,1K; 1Q; 5G,5G,1K; 1Q,2,4,2013-11-09,2022-09-10,2013-11-09/2022-09-10,False,Australia,10.7914/SN/1Q_2016; 10.7914/SN/5G_2018,ANU LPR-200 (Beige Box)
confirmed-ANU-built,ANU is the manufacturer,datalogger,,False,Australian National University,ANU LPR-200,249,False,,False,False,datalogger,1,1K,,1K,1,2,2013-11-13,2015-09-10,2013-11-13/2015-09-10,False,Australia,,ANU LPR-200 (Beige Box)
confirmed-ANU-built,ANU is the manufacturer,datalogger,,True,Australian National University,ANU LPR-200,250,False,,False,False,datalogger,2,1K; 1Q,,1K; 1Q,2,2,2013-11-14,2017-09-15,2013-11-14/2017-09-15,False,Australia,10.7914/SN/1Q_2016,ANU LPR-200 (Beige Box)
confirmed-ANU-built,ANU is the manufacturer,datalogger,,True,Australian National University,ANU LPR-200,251,False,,False,False,datalogger,5,1K; 1Q; 5G; 6T; ZR,5G,1K; 1Q; 6T; ZR,4,7,2009-06-18,,2009-06-18/,True,AUS; Australia,10.7914/4e87-j738; 10.7914/SN/1Q_2016; 10.7914/SN/5G_2018; 10.7914/SN/ZR_2009,ANU LPR-200 (ANUSR); ANU LPR-200 (Beige Box)
confirmed-ANU-built,ANU is the manufacturer,datalogger,,True,Australian National University,ANU LPR-200,252,False,,False,False,datalogger,4,1K; 1Q; 3G; 5G,3G; 5G,1K; 1Q,2,5,2013-11-15,2022-06-12,2013-11-15/2022-06-12,False,Australia,10.7914/SN/1Q_2016; 10.7914/SN/5G_2018,ANU LPR-200 (Beige Box)
confirmed-ANU-built,ANU is the manufacturer,datalogger,,False,Australian National University,ANU LPR-200,253,False,,False,False,datalogger,3,1K; 5J; 6K,5J; 6K,1K,1,3,2014-02-23,2022-01-21,2014-02-23/2022-01-21,False,Australia,10.7914/SN/6K_2020,ANU LPR-200 (Beige Box)
confirmed-ANU-built,ANU is the manufacturer,datalogger,,True,Australian National University,ANU LPR-200,254,False,,False,False,datalogger,4,1K; 1Q; 5G; ZR,5G,1K; 1Q; ZR,3,5,2010-09-08,2022-06-13,2010-09-08/2022-06-13,False,Australia,10.7914/SN/1Q_2016; 10.7914/SN/5G_2018; 10.7914/SN/ZR_2009,ANU LPR-200 (ANUSR); ANU LPR-200 (Beige Box)
confirmed-ANU-built,ANU is the manufacturer,datalogger,,True,Australian National University,ANU LPR-200,255,False,,False,False,datalogger,3,1K; 1Q; 4J,,1K; 1Q; 4J,3,4,2013-11-14,2017-03-01,2013-11-14/2017-03-01,False,Australia,10.7914/SN/1Q_2016; 10.7914/SN/4J_2014,ANU LPR-200 (Beige Box)
confirmed-ANU-built,ANU is the manufacturer,datalogger,,True,Australian National University,ANU LPR-200,256,False,,False,False,datalogger,5,1K; 1Q; 3G; 5G; ZR,3G; 5G,1K; 1Q; ZR,3,5,2009-06-17,2022-06-10,2009-06-17/2022-06-10,False,Australia,10.7914/SN/1Q_2016; 10.7914/SN/5G_2018; 10.7914/SN/ZR_2009,ANU LPR-200 (ANUSR); ANU LPR-200 (Beige Box)
confirmed-ANU-built,ANU is the manufacturer,datalogger,,False,Australian National University,ANU LPR-200,257,False,,False,False,datalogger,3,5G; 6K; 8J,5G; 6K,8J,1,3,2012-11-21,2022-09-10,2012-11-21/2022-09-10,False,Australia,10.7914/SN/5G_2018; 10.7914/SN/6K_2020; 10.7914/SN/8J_2012,ANU LPR-200 (Beige Box)
confirmed-ANU-built,ANU is the manufacturer,datalogger,,True,Australian National University,ANU LPR-200,258,False,,False,False,datalogger,3,1K; 1Q; ZR,,1K; 1Q; ZR,3,5,2009-06-18,2017-08-11,2009-06-18/2017-08-11,False,Australia,10.7914/SN/1Q_2016; 10.7914/SN/ZR_2009,ANU LPR-200 (ANUSR); ANU LPR-200 (Beige Box)
confirmed-ANU-built,ANU is the manufacturer,datalogger,,True,Australian National University,ANU LPR-200,259,False,,False,False,datalogger,2,1K; 1Q,,1K; 1Q,2,3,2013-11-16,2017-10-12,2013-11-16/2017-10-12,False,Australia,10.7914/SN/1Q_2016,ANU LPR-200 (Beige Box)
confirmed-ANU-built,ANU is the manufacturer,datalogger,,False,Australian National University,ANU LPR-200,260,False,,False,False,datalogger,4,1K; 3G; 5G; WG,3G; 5G,1K; WG,2,6,2013-11-06,2026-04-25,2013-11-06/2026-04-25,False,Australia,10.7914/SN/5G_2018; 10.7914/xagc-se62,ANU LPR-200; ANU LPR-200 (Beige Box)
confirmed-ANU-built,ANU is the manufacturer,datalogger,,True,Australian National University,ANU LPR-200,261,False,,False,False,datalogger,4,1K; 1Q; 3G; WG,3G,1K; 1Q; WG,3,4,2013-11-16,2026-04-23,2013-11-16/2026-04-23,False,Australia,10.7914/SN/1Q_2016; 10.7914/xagc-se62,ANU LPR-200; ANU LPR-200 (Beige Box)
confirmed-ANU-built,ANU is the manufacturer,datalogger,,True,Australian National University,ANU LPR-200,262,False,,False,False,datalogger,6,1Q; 3G; 4B; 4J; 5G; 8J,3G; 4B; 5G,1Q; 4J; 8J,3,6,2012-11-22,2026-05-03,2012-11-22/2026-05-03,False,AU; Australia,10.7914/9j20-yq91; 10.7914/SN/1Q_2016; 10.7914/SN/4J_2014; 10.7914/SN/5G_2018; 10.7914/SN/8J_2012,ANU LPR-200 (Beige Box)
confirmed-ANU-built,ANU is the manufacturer,datalogger,,True,Australian National University,ANU LPR-200,263,False,,False,False,datalogger,5,1K; 1Q; 3G; 4J; 5G,3G; 5G,1K; 1Q; 4J,3,5,2013-11-08,2022-06-11,2013-11-08/2022-06-11,False,Australia,10.7914/SN/1Q_2016; 10.7914/SN/4J_2014; 10.7914/SN/5G_2018,ANU LPR-200 (Beige Box)
confirmed-ANU-built,ANU is the manufacturer,datalogger,,True,Australian National University,ANU LPR-200,264,False,,False,False,datalogger,5,1K; 1Q; 3G; 5G; WG,3G; 5G,1K; 1Q; WG,3,7,2013-11-16,2023-12-06,2013-11-16/2023-12-06,False,Australia,10.7914/SN/1Q_2016; 10.7914/SN/5G_2018; 10.7914/xagc-se62,ANU LPR-200; ANU LPR-200 (Beige Box)
confirmed-ANU-built,ANU is the manufacturer,datalogger,,False,Australian National University,ANU LPR-200,265,False,,False,False,datalogger,2,4J; 8J,,4J; 8J,2,2,2012-11-23,2015-06-04,2012-11-23/2015-06-04,False,Australia,10.7914/SN/4J_2014; 10.7914/SN/8J_2012,ANU LPR-200 (Beige Box)
confirmed-ANU-built,ANU is the manufacturer,datalogger,,True,Australian National University,ANU LPR-200,266,False,,False,False,datalogger,4,1K; 1Q; 3G; 5G,3G; 5G,1K; 1Q,2,5,2014-02-23,2022-06-03,2014-02-23/2022-06-03,False,Australia,10.7914/SN/1Q_2016; 10.7914/SN/5G_2018,ANU LPR-200 (Beige Box)
confirmed-ANU-built,ANU is the manufacturer,datalogger,,True,Australian National University,ANU LPR-200,267,False,,False,False,datalogger,4,1K; 1Q; 3G; 5G,3G; 5G,1K; 1Q,2,5,2013-11-09,2022-06-09,2013-11-09/2022-06-09,False,Australia,10.7914/SN/1Q_2016; 10.7914/SN/5G_2018,ANU LPR-200 (Beige Box)
confirmed-ANU-built,ANU is the manufacturer,datalogger,,False,Australian National University,ANU LPR-200,268,False,,False,False,datalogger,2,1K; 6K,6K,1K,1,3,2013-11-17,2022-02-02,2013-11-17/2022-02-02,False,Australia,10.7914/SN/6K_2020,ANU LPR-200 (Beige Box)
confirmed-ANU-built,ANU is the manufacturer,datalogger,,False,Australian National University,ANU LPR-200,269,False,,False,False,datalogger,1,1K,,1K,1,1,2013-11-07,2014-10-09,2013-11-07/2014-10-09,False,Australia,,ANU LPR-200 (Beige Box)
confirmed-ANU-built,ANU is the manufacturer,datalogger,,True,Australian National University,ANU LPR-200,270,False,,False,False,datalogger,4,1K; 1Q; 3G; 5G,3G; 5G,1K; 1Q,2,4,2013-11-12,2022-06-13,2013-11-12/2022-06-13,False,Australia,10.7914/SN/1Q_2016; 10.7914/SN/5G_2018,ANU LPR-200 (Beige Box)
confirmed-ANU-built,ANU is the manufacturer,datalogger,,True,Australian National University,ANU LPR-200,271,False,,False,False,datalogger,5,1K; 1Q; 3G; 5G; 5J,3G; 5G; 5J,1K; 1Q,2,5,2013-11-14,2022-06-14,2013-11-14/2022-06-14,False,Australia,10.7914/SN/1Q_2016; 10.7914/SN/5G_2018,ANU LPR-200 (Beige Box)
confirmed-ANU-built,ANU is the manufacturer,datalogger,,True,Australian National University,ANU LPR-200,272,False,,False,False,datalogger,3,1K; 1Q; 5G,5G,1K; 1Q,2,3,2013-11-15,2022-06-12,2013-11-15/2022-06-12,False,Australia,10.7914/SN/1Q_2016; 10.7914/SN/5G_2018,ANU LPR-200 (Beige Box)
confirmed-ANU-built,ANU is the manufacturer,datalogger,,False,Australian National University,ANU LPR-200,273,False,,False,False,datalogger,1,WG,,WG,1,3,2022-12-08,2025-12-10,2022-12-08/2025-12-10,False,Australia,10.7914/xagc-se62,ANU LPR-200
confirmed-ANU-built,ANU is the manufacturer,datalogger,,False,Australian National University,ANU LPR-200,276,False,,False,False,datalogger,2,3G; 5G,3G; 5G,,0,2,2018-04-26,2022-06-12,2018-04-26/2022-06-12,False,Australia,10.7914/SN/5G_2018,ANU LPR-200 (Beige Box)
confirmed-ANU-built,ANU is the manufacturer,datalogger,,False,Australian National University,ANU LPR-200,277,False,,False,False,datalogger,1,5G,5G,,0,1,2019-08-05,2022-06-09,2019-08-05/2022-06-09,False,Australia,10.7914/SN/5G_2018,ANU LPR-200 (Beige Box)
confirmed-ANU-built,ANU is the manufacturer,datalogger,,False,Australian National University,ANU LPR-200,282,False,,False,False,datalogger,1,5G,5G,,0,1,2019-08-02,2022-06-09,2019-08-02/2022-06-09,False,Australia,10.7914/SN/5G_2018,ANU LPR-200 (Beige Box)
confirmed-ANU-built,ANU is the manufacturer,datalogger,,False,Australian National University,ANU LPR-200,288,False,,False,False,datalogger,2,4B; 5G,4B; 5G,,0,2,2018-10-28,2026-05-03,2018-10-28/2026-05-03,False,AU; Australia,10.7914/9j20-yq91; 10.7914/SN/5G_2018,ANU LPR-200 (Beige Box)
confirmed-ANU-built,ANU is the manufacturer,datalogger,,False,Australian National University,ANU LPR-200,2938,False,,False,False,datalogger,1,YS,,YS,1,1,2014-10-21,2017-05-19,2014-10-21/2017-05-19,False,Indonesia,,ANU LPR-200 (Beige Box)
confirmed-ANU-built,ANU is the manufacturer,datalogger,,True,Australian National University,ANU LPR-200,310,False,,False,False,datalogger,1,ZR,,ZR,1,2,2009-06-20,2011-04-01,2009-06-20/2011-04-01,False,Australia,10.7914/SN/ZR_2009,ANU LPR-200 (ANUSR)
confirmed-ANU-built,ANU is the manufacturer,datalogger,,True,Australian National University,ANU LPR-200,311,False,,False,False,datalogger,1,ZR,,ZR,1,2,2009-06-19,2011-03-11,2009-06-19/2011-03-11,False,Australia,10.7914/SN/ZR_2009,ANU LPR-200 (ANUSR)
confirmed-ANU-built,ANU is the manufacturer,datalogger,,True,Australian National University,ANU LPR-200,317,False,,False,False,datalogger,1,ZR,,ZR,1,2,2009-06-21,2010-12-03,2009-06-21/2010-12-03,False,Australia,10.7914/SN/ZR_2009,ANU LPR-200 (ANUSR)
confirmed-ANU-built,ANU is the manufacturer,datalogger,,True,Australian National University,ANU LPR-200,324,False,,False,False,datalogger,1,ZR,,ZR,1,1,2010-09-11,2010-12-29,2010-09-11/2010-12-29,False,Australia,10.7914/SN/ZR_2009,ANU LPR-200 (ANUSR)
confirmed-ANU-built,ANU is the manufacturer,datalogger,,False,Australian National University,ANU LPR-200,4231,False,,False,False,datalogger,1,6T,,6T,1,1,2018-10-10,,2018-10-10/,True,AUS,10.7914/4e87-j738,ANU LPR-200 (Beige Box)
confirmed-ANU-built,ANU is the manufacturer,datalogger,,False,Australian National University,ANU LPR-200,4262,False,,False,False,datalogger,1,6T,,6T,1,1,2018-10-11,,2018-10-11/,True,AUS,10.7914/4e87-j738,ANU LPR-200 (Beige Box)
confirmed-ANU-built,ANU is the manufacturer,datalogger,,False,Australian National University,ANU LPR-200,4272,False,,False,False,datalogger,1,6T,,6T,1,1,2018-10-09,,2018-10-09/,True,AUS,10.7914/4e87-j738,ANU LPR-200 (Beige Box)
confirmed-ANU-built,ANU is the manufacturer,datalogger,,False,Australian National University,ANU LPR-200,4650,False,,False,False,datalogger,1,7M,,7M,1,1,2017-05-21,2017-10-18,2017-05-21/2017-10-18,False,Australia,,ANU LPR-200 (Beige Box)
confirmed-ANU-built,ANU is the manufacturer,datalogger,,False,Australian National University,ANU LPR-200,5171,False,,False,False,datalogger,1,6T,,6T,1,1,2018-10-10,,2018-10-10/,True,AUS,10.7914/4e87-j738,ANU LPR-200 (Beige Box)
confirmed-ANU-built,ANU is the manufacturer,datalogger,,False,Australian National University,ANU LPR-200,5178,False,,False,False,datalogger,1,6T,,6T,1,2,2018-10-12,,2018-10-12/,True,AUS,10.7914/4e87-j738,ANU LPR-200 (Beige Box)
confirmed-ANU-built,ANU is the manufacturer,datalogger,,False,Australian National University,ANU LPR-200,5179,False,,False,False,datalogger,1,6T,,6T,1,1,2018-10-10,,2018-10-10/,True,AUS,10.7914/4e87-j738,ANU LPR-200 (Beige Box)
confirmed-ANU-built,ANU is the manufacturer,datalogger,,False,Australian National University,ANU LPR-200,5668,False,,False,False,datalogger,1,6T,,6T,1,1,2018-10-22,,2018-10-22/,True,AUS,10.7914/4e87-j738,ANU LPR-200 (Beige Box)
confirmed-ANU-built,ANU is the manufacturer,datalogger,,False,Australian National University,ANU LPR-200,5757,False,,False,False,datalogger,1,6T,,6T,1,1,2018-10-10,,2018-10-10/,True,AUS,10.7914/4e87-j738,ANU LPR-200 (Beige Box)
confirmed-ANU-built,ANU is the manufacturer,datalogger,,False,Australian National University,ANU LPR-200,5764,False,,False,False,datalogger,1,6T,,6T,1,1,2018-10-09,,2018-10-09/,True,AUS,10.7914/4e87-j738,ANU LPR-200 (Beige Box)
confirmed-ANU-built,ANU is the manufacturer,datalogger,,False,Australian National University,ANU LPR-200,5765,False,,False,False,datalogger,1,6T,,6T,1,1,2018-10-16,,2018-10-16/,True,AUS,10.7914/4e87-j738,ANU LPR-200 (Beige Box)
confirmed-ANU-built,ANU is the manufacturer,datalogger,,True,Australian National University,ANU LPR-200,63,False,063,False,False,datalogger,2,1Q; WG,,1Q; WG,2,3,2016-05-25,2025-01-01,2016-05-25/2025-01-01,False,Australia,10.7914/SN/1Q_2016; 10.7914/xagc-se62,ANU LPR-200; ANU LPR-200 (Beige Box)
confirmed-ANU-built,ANU is the manufacturer,datalogger,,False,Australian National University,ANU LPR-200,6423,False,,False,False,datalogger,1,6T,,6T,1,1,2018-10-10,,2018-10-10/,True,AUS,10.7914/4e87-j738,ANU LPR-200 (Beige Box)
confirmed-ANU-built,ANU is the manufacturer,datalogger,,False,Australian National University,ANU LPR-200,6442,False,,False,False,datalogger,1,6T,,6T,1,1,2018-10-18,,2018-10-18/,True,AUS,10.7914/4e87-j738,ANU LPR-200 (Beige Box)
confirmed-ANU-built,ANU is the manufacturer,datalogger,,False,Australian National University,ANU LPR-200,6447,False,,False,False,datalogger,1,6T,,6T,1,1,2018-10-12,,2018-10-12/,True,AUS,10.7914/4e87-j738,ANU LPR-200 (Beige Box)
confirmed-ANU-built,ANU is the manufacturer,datalogger,,False,Australian National University,ANU LPR-200,6448,False,,False,False,datalogger,1,6T,,6T,1,1,2018-10-22,,2018-10-22/,True,AUS,10.7914/4e87-j738,ANU LPR-200 (Beige Box)
confirmed-ANU-built,ANU is the manufacturer,datalogger,,False,Australian National University,ANU LPR-200,6450,False,,False,False,datalogger,1,6T,,6T,1,2,2018-10-12,,2018-10-12/,True,AUS,10.7914/4e87-j738,ANU LPR-200 (Beige Box)
confirmed-ANU-built,ANU is the manufacturer,datalogger,,False,Australian National University,ANU LPR-200,6456,False,,False,False,datalogger,1,6T,,6T,1,1,2018-10-09,,2018-10-09/,True,AUS,10.7914/4e87-j738,ANU LPR-200 (Beige Box)
confirmed-ANU-built,ANU is the manufacturer,datalogger,,False,Australian National University,ANU LPR-200,6457,False,,False,False,datalogger,1,6T,,6T,1,1,2018-10-22,,2018-10-22/,True,AUS,10.7914/4e87-j738,ANU LPR-200 (Beige Box)
confirmed-ANU-built,ANU is the manufacturer,datalogger,,False,Australian National University,ANU LPR-200,6462,False,,False,False,datalogger,1,6T,,6T,1,1,2018-10-10,,2018-10-10/,True,AUS,10.7914/4e87-j738,ANU LPR-200 (Beige Box)
confirmed-ANU-built,ANU is the manufacturer,datalogger,,False,Australian National University,ANU LPR-200,6463,False,,False,False,datalogger,1,6T,,6T,1,1,2018-10-10,,2018-10-10/,True,AUS,10.7914/4e87-j738,ANU LPR-200 (Beige Box)
confirmed-ANU-built,ANU is the manufacturer,datalogger,,False,Australian National University,ANU LPR-200,70,False,,False,False,datalogger,1,WG,,WG,1,3,2022-12-06,2026-05-14,2022-12-06/2026-05-14,False,Australia,10.7914/xagc-se62,ANU LPR-200
confirmed-ANU-built,ANU is the manufacturer,datalogger,,False,Australian National University,ANU LPR-200,84,False,,False,False,datalogger,1,WG,,WG,1,3,2022-12-04,2026-05-11,2022-12-04/2026-05-11,False,Australia,10.7914/xagc-se62,ANU LPR-200
confirmed-ANU-built,ANU is the manufacturer,datalogger,,False,Australian National University,ANU LPR-200,93,False,,False,False,datalogger,1,6Y,6Y,,0,1,2022-10-10,2023-10-12,2022-10-10/2023-10-12,False,NZ,10.7914/jr68-qq17,ANU LPR-200 (Beige Box)
confirmed-ANU-built,ANU is the manufacturer,datalogger,,False,Australian National University,ANU LPR-200,995,False,,False,False,datalogger,2,1G; YS,1G,YS,1,2,2014-11-03,2019-01-14,2014-11-03/2019-01-14,False,Indonesia,,ANU LPR-200 (Beige Box)
confirmed-ANU-built,ANU is the manufacturer,datalogger,,True,Australian National University,ANU Seismic Recorder (ANUSR),101,False,,False,False,datalogger,4,4H; 7L; 7T; 7U,,4H; 7L; 7T; 7U,4,5,2007-02-16,2013-01-05,2007-02-16/2013-01-05,False,Australia,10.7914/SN/4H_2009; 10.7914/SN/7L_2011; 10.7914/SN/7T_2007; 10.7914/SN/7U_2007,ANU v3 (ANUSR); ANUSR (1st gen)
confirmed-ANU-built,ANU is the manufacturer,datalogger,,True,Australian National University,ANU Seismic Recorder (ANUSR),102,False,,False,False,datalogger,4,1F; 1H; 7L; 7T,1H,1F; 7L; 7T,3,4,2007-02-14,2012-12-30,2007-02-14/2012-12-30,False,Australia,10.7914/SN/1F_2009; 10.7914/SN/1H_2010; 10.7914/SN/7L_2011; 10.7914/SN/7T_2007,ANU Generation 3; ANUSR; ANUSR (1st gen)
confirmed-ANU-built,ANU is the manufacturer,datalogger,,True,Australian National University,ANU Seismic Recorder (ANUSR),103,False,,False,False,datalogger,3,4H; 7T; 7U,,4H; 7T; 7U,3,3,2007-02-21,2010-02-11,2007-02-21/2010-02-11,False,Australia,10.7914/SN/4H_2009; 10.7914/SN/7T_2007; 10.7914/SN/7U_2007,ANU v3 (ANUSR); ANUSR (1st gen)
confirmed-ANU-built,ANU is the manufacturer,datalogger,,True,Australian National University,ANU Seismic Recorder (ANUSR),104,False,,False,False,datalogger,3,4H; 7T; 7U,,4H; 7T; 7U,3,3,2007-02-16,2010-02-20,2007-02-16/2010-02-20,False,Australia,10.7914/SN/4H_2009; 10.7914/SN/7T_2007; 10.7914/SN/7U_2007,ANU v3 (ANUSR); ANUSR (1st gen)
confirmed-ANU-built,ANU is the manufacturer,datalogger,,True,Australian National University,ANU Seismic Recorder (ANUSR),105,False,,False,False,datalogger,2,1H; 7L,1H,7L,1,3,2010-05-12,2013-01-21,2010-05-12/2013-01-21,False,Australia,10.7914/SN/1H_2010; 10.7914/SN/7L_2011,ANUSR (1st gen)
confirmed-ANU-built,ANU is the manufacturer,datalogger,,True,Australian National University,ANU Seismic Recorder (ANUSR),106,False,,False,False,datalogger,5,1F; 1H; 7L; 7P; 7T,1H,1F; 7L; 7P; 7T,4,5,2002-03-14,2012-08-13,2002-03-14/2012-08-13,False,Australia,10.7914/SN/1F_2009; 10.7914/SN/1H_2010; 10.7914/SN/7L_2011; 10.7914/SN/7T_2007,ANU Generation 3; ANU Seismic Recorder (early models); ANU v3 (ANUSR); ANUSR (1st gen)
confirmed-ANU-built,ANU is the manufacturer,datalogger,,True,Australian National University,ANU Seismic Recorder (ANUSR),107,False,,False,False,datalogger,3,4H; 7T; 7U,,4H; 7T; 7U,3,3,2007-02-20,2010-02-18,2007-02-20/2010-02-18,False,Australia,10.7914/SN/4H_2009; 10.7914/SN/7T_2007; 10.7914/SN/7U_2007,ANU v3 (ANUSR); ANUSR; ANUSR (1st gen)
confirmed-ANU-built,ANU is the manufacturer,datalogger,,True,Australian National University,ANU Seismic Recorder (ANUSR),108,False,,False,False,datalogger,6,1H; 4H; 7L; 7P; 7T; 7U,1H,4H; 7L; 7P; 7T; 7U,5,6,2002-03-13,2012-10-01,2002-03-13/2012-10-01,False,Australia,10.7914/SN/1H_2010; 10.7914/SN/4H_2009; 10.7914/SN/7L_2011; 10.7914/SN/7T_2007; 10.7914/SN/7U_2007,ANU Seismic Recorder (early models); ANU v3 (ANUSR); ANUSR; ANUSR (1st gen)
confirmed-ANU-built,ANU is the manufacturer,datalogger,,True,Australian National University,ANU Seismic Recorder (ANUSR),109,False,,False,False,datalogger,3,7L; 7T; 7U,,7L; 7T; 7U,3,4,2007-02-18,2013-03-01,2007-02-18/2013-03-01,False,Australia,10.7914/SN/7L_2011; 10.7914/SN/7T_2007; 10.7914/SN/7U_2007,ANU v3 (ANUSR); ANUSR; ANUSR (1st gen)
confirmed-ANU-built,ANU is the manufacturer,datalogger,,True,Australian National University,ANU Seismic Recorder (ANUSR),110,False,,False,False,datalogger,2,1H; 7T,1H,7T,1,2,2007-02-18,2010-11-08,2007-02-18/2010-11-08,False,Australia,10.7914/SN/1H_2010; 10.7914/SN/7T_2007,ANU v3 (ANUSR); ANUSR (1st gen)
confirmed-ANU-built,ANU is the manufacturer,datalogger,,True,Australian National University,ANU Seismic Recorder (ANUSR),111,False,,False,False,datalogger,3,4H; 7T; 7U,,4H; 7T; 7U,3,3,2007-02-18,2010-02-19,2007-02-18/2010-02-19,False,Australia,10.7914/SN/4H_2009; 10.7914/SN/7T_2007; 10.7914/SN/7U_2007,ANU v3 (ANUSR); ANUSR (1st gen)
confirmed-ANU-built,ANU is the manufacturer,datalogger,,True,Australian National University,ANU Seismic Recorder (ANUSR),112,False,,False,False,datalogger,5,1H; 4H; 7P; 7T; 7U,1H,4H; 7P; 7T; 7U,4,5,2002-03-12,2011-03-09,2002-03-12/2011-03-09,False,Australia,10.7914/SN/1H_2010; 10.7914/SN/4H_2009; 10.7914/SN/7T_2007; 10.7914/SN/7U_2007,ANU Seismic Recorder (early models); ANU v3 (ANUSR); ANUSR (1st gen)
confirmed-ANU-built,ANU is the manufacturer,datalogger,,True,Australian National University,ANU Seismic Recorder (ANUSR),113,False,,False,False,datalogger,4,1F; 1H; 7L; 7T,1H,1F; 7L; 7T,3,4,2007-02-15,2012-07-21,2007-02-15/2012-07-21,False,Australia,10.7914/SN/1F_2009; 10.7914/SN/1H_2010; 10.7914/SN/7L_2011; 10.7914/SN/7T_2007,ANU Generation 3; ANU v3 (ANUSR); ANUSR (1st gen)
confirmed-ANU-built,ANU is the manufacturer,datalogger,,True,Australian National University,ANU Seismic Recorder (ANUSR),114,False,,False,False,datalogger,4,1H; 7P; 7T; 7U,1H,7P; 7T; 7U,3,4,2002-03-16,2011-03-14,2002-03-16/2011-03-14,False,Australia,10.7914/SN/1H_2010; 10.7914/SN/7T_2007; 10.7914/SN/7U_2007,ANU Seismic Recorder (early models); ANU v3 (ANUSR); ANUSR (1st gen)
confirmed-ANU-built,ANU is the manufacturer,datalogger,,True,Australian National University,ANU Seismic Recorder (ANUSR),115,False,,False,False,datalogger,4,1F; 1H; 4H; 7U,1H,1F; 4H; 7U,3,4,2007-12-07,2011-02-17,2007-12-07/2011-02-17,False,Australia,10.7914/SN/1F_2009; 10.7914/SN/1H_2010; 10.7914/SN/4H_2009; 10.7914/SN/7U_2007,ANU Generation 3; ANU v3 (ANUSR); ANUSR (1st gen)
confirmed-ANU-built,ANU is the manufacturer,datalogger,,True,Australian National University,ANU Seismic Recorder (ANUSR),116,False,,False,False,datalogger,3,7L; 7T; 7U,,7L; 7T; 7U,3,4,2007-02-11,2013-03-03,2007-02-11/2013-03-03,False,Australia,10.7914/SN/7L_2011; 10.7914/SN/7T_2007; 10.7914/SN/7U_2007,ANU v3 (ANUSR); ANUSR (1st gen)
confirmed-ANU-built,ANU is the manufacturer,datalogger,,True,Australian National University,ANU Seismic Recorder (ANUSR),117,False,,False,False,datalogger,2,1H; 7T,1H,7T,1,2,2007-02-20,2011-01-05,2007-02-20/2011-01-05,False,Australia,10.7914/SN/1H_2010; 10.7914/SN/7T_2007,ANU v3 (ANUSR); ANUSR (1st gen)
confirmed-ANU-built,ANU is the manufacturer,datalogger,,True,Australian National University,ANU Seismic Recorder (ANUSR),118,False,,False,False,datalogger,6,1H; 4H; 7L; 7P; 7T; 7U,1H,4H; 7L; 7P; 7T; 7U,5,6,2002-03-14,2013-01-02,2002-03-14/2013-01-02,False,Australia,10.7914/SN/1H_2010; 10.7914/SN/4H_2009; 10.7914/SN/7L_2011; 10.7914/SN/7T_2007; 10.7914/SN/7U_2007,ANU Seismic Recorder (early models); ANUSR; ANUSR (1st gen)
confirmed-ANU-built,ANU is the manufacturer,datalogger,,True,Australian National University,ANU Seismic Recorder (ANUSR),119,False,,False,False,datalogger,3,1F; 1H; 7T,1H,1F; 7T,2,3,2007-02-18,2011-02-22,2007-02-18/2011-02-22,False,Australia,10.7914/SN/1F_2009; 10.7914/SN/1H_2010; 10.7914/SN/7T_2007,ANU Generation 3; ANUSR; ANUSR (1st gen)
confirmed-ANU-built,ANU is the manufacturer,datalogger,,True,Australian National University,ANU Seismic Recorder (ANUSR),120,False,,False,False,datalogger,4,1F; 1H; 7L; 7T,1H,1F; 7L; 7T,3,5,2007-02-16,2012-09-02,2007-02-16/2012-09-02,False,Australia,10.7914/SN/1F_2009; 10.7914/SN/1H_2010; 10.7914/SN/7L_2011; 10.7914/SN/7T_2007,ANU Generation 3; ANU v3 (ANUSR); ANUSR; ANUSR (1st gen)
confirmed-ANU-built,ANU is the manufacturer,datalogger,,False,Australian National University,ANU Seismic Recorder (ANUSR),121,False,,False,False,datalogger,1,7T,,7T,1,1,2007-02-14,2007-10-29,2007-02-14/2007-10-29,False,Australia,10.7914/SN/7T_2007,ANU v3 (ANUSR)
confirmed-ANU-built,ANU is the manufacturer,datalogger,,True,Australian National University,ANU Seismic Recorder (ANUSR),122,False,,False,False,datalogger,4,1H; 4H; 7T; 7U,1H,4H; 7T; 7U,3,4,2007-02-13,2010-11-06,2007-02-13/2010-11-06,False,Australia,10.7914/SN/1H_2010; 10.7914/SN/4H_2009; 10.7914/SN/7T_2007; 10.7914/SN/7U_2007,ANU v3 (ANUSR); ANUSR (1st gen)
confirmed-ANU-built,ANU is the manufacturer,datalogger,,True,Australian National University,ANU Seismic Recorder (ANUSR),124,False,,False,False,datalogger,3,1F; 1H; 7T,1H,1F; 7T,2,3,2007-02-15,2010-12-25,2007-02-15/2010-12-25,False,Australia,10.7914/SN/1F_2009; 10.7914/SN/1H_2010; 10.7914/SN/7T_2007,ANU Generation 3; ANU v3 (ANUSR); ANUSR (1st gen)
confirmed-ANU-built,ANU is the manufacturer,datalogger,,True,Australian National University,ANU Seismic Recorder (ANUSR),125,False,,False,False,datalogger,4,4H; 7P; 7T; 7U,,4H; 7P; 7T; 7U,4,4,2002-04-05,2010-02-17,2002-04-05/2010-02-17,False,Australia,10.7914/SN/4H_2009; 10.7914/SN/7T_2007; 10.7914/SN/7U_2007,ANU Seismic Recorder (early models); ANU v3 (ANUSR); ANUSR; ANUSR (1st gen)
confirmed-ANU-built,ANU is the manufacturer,datalogger,,True,Australian National University,ANU Seismic Recorder (ANUSR),126,False,,False,False,datalogger,4,4H; 7P; 7T; 7U,,4H; 7P; 7T; 7U,4,4,2002-03-16,2010-01-28,2002-03-16/2010-01-28,False,Australia,10.7914/SN/4H_2009; 10.7914/SN/7T_2007; 10.7914/SN/7U_2007,ANU Seismic Recorder (early models); ANU v3 (ANUSR); ANUSR; ANUSR (1st gen)
confirmed-ANU-built,ANU is the manufacturer,datalogger,,True,Australian National University,ANU Seismic Recorder (ANUSR),127,False,,False,False,datalogger,2,1F; 7T,,1F; 7T,2,2,2007-02-16,2009-08-06,2007-02-16/2009-08-06,False,Australia,10.7914/SN/1F_2009; 10.7914/SN/7T_2007,ANU Generation 3; ANU v3 (ANUSR); ANUSR
confirmed-ANU-built,ANU is the manufacturer,datalogger,,True,Australian National University,ANU Seismic Recorder (ANUSR),128,False,,False,False,datalogger,1,7L,,7L,1,1,2011-11-11,2013-03-04,2011-11-11/2013-03-04,False,Australia,10.7914/SN/7L_2011,ANUSR (1st gen)
confirmed-ANU-built,ANU is the manufacturer,datalogger,,True,Australian National University,ANU Seismic Recorder (ANUSR),129,False,,False,False,datalogger,6,1H; 4H; 7L; 7P; 7T; 7U,1H,4H; 7L; 7P; 7T; 7U,5,6,2002-03-19,2013-03-01,2002-03-19/2013-03-01,False,Australia,10.7914/SN/1H_2010; 10.7914/SN/4H_2009; 10.7914/SN/7L_2011; 10.7914/SN/7T_2007; 10.7914/SN/7U_2007,ANU Seismic Recorder (early models); ANU v3 (ANUSR); ANUSR (1st gen)
confirmed-ANU-built,ANU is the manufacturer,datalogger,,True,Australian National University,ANU Seismic Recorder (ANUSR),130,False,,False,False,datalogger,4,1F; 1H; 7L; 7T,1H,1F; 7L; 7T,3,4,2007-02-17,2012-08-02,2007-02-17/2012-08-02,False,Australia,10.7914/SN/1F_2009; 10.7914/SN/1H_2010; 10.7914/SN/7L_2011; 10.7914/SN/7T_2007,ANU Generation 3; ANU v3 (ANUSR); ANUSR (1st gen)
confirmed-ANU-built,ANU is the manufacturer,datalogger,,True,Australian National University,ANU Seismic Recorder (ANUSR),131,False,,False,False,datalogger,4,1F; 1H; 7L; 7P,1H,1F; 7L; 7P,3,4,2002-03-16,2012-07-18,2002-03-16/2012-07-18,False,Australia,10.7914/SN/1F_2009; 10.7914/SN/1H_2010; 10.7914/SN/7L_2011,ANU Generation 3; ANU Seismic Recorder (early models); ANUSR (1st gen)
confirmed-ANU-built,ANU is the manufacturer,datalogger,,True,Australian National University,ANU Seismic Recorder (ANUSR),132,False,,False,False,datalogger,4,1H; 7L; 7P; 7T,1H,7L; 7P; 7T,3,4,2002-03-20,2013-01-01,2002-03-20/2013-01-01,False,Australia,10.7914/SN/1H_2010; 10.7914/SN/7L_2011; 10.7914/SN/7T_2007,ANU Seismic Recorder (early models); ANU v3 (ANUSR); ANUSR (1st gen)
confirmed-ANU-built,ANU is the manufacturer,datalogger,,True,Australian National University,ANU Seismic Recorder (ANUSR),133,False,,False,False,datalogger,2,1F; 1H,1H,1F,1,2,2009-04-24,2011-03-16,2009-04-24/2011-03-16,False,Australia,10.7914/SN/1F_2009; 10.7914/SN/1H_2010,ANU Generation 3; ANUSR (1st gen)
confirmed-ANU-built,ANU is the manufacturer,datalogger,,True,Australian National University,ANU Seismic Recorder (ANUSR),134,False,,False,False,datalogger,4,1H; 7L; 7T; 7U,1H,7L; 7T; 7U,3,4,2007-02-12,2012-12-30,2007-02-12/2012-12-30,False,Australia,10.7914/SN/1H_2010; 10.7914/SN/7L_2011; 10.7914/SN/7T_2007; 10.7914/SN/7U_2007,ANUSR; ANUSR (1st gen)
confirmed-ANU-built,ANU is the manufacturer,datalogger,,True,Australian National University,ANU Seismic Recorder (ANUSR),135,False,,False,False,datalogger,5,1F; 1H; 4H; 7L; 7T,1H,1F; 4H; 7L; 7T,4,5,2007-02-18,2012-12-17,2007-02-18/2012-12-17,False,Australia,10.7914/SN/1F_2009; 10.7914/SN/1H_2010; 10.7914/SN/4H_2009; 10.7914/SN/7L_2011; 10.7914/SN/7T_2007,ANU Generation 3; ANU v3 (ANUSR); ANUSR (1st gen)
confirmed-ANU-built,ANU is the manufacturer,datalogger,,True,Australian National University,ANU Seismic Recorder (ANUSR),136,False,,False,False,datalogger,4,1H; 7L; 7T; 7U,1H,7L; 7T; 7U,3,4,2007-02-15,2013-03-02,2007-02-15/2013-03-02,False,Australia,10.7914/SN/1H_2010; 10.7914/SN/7L_2011; 10.7914/SN/7T_2007; 10.7914/SN/7U_2007,ANU v3 (ANUSR); ANUSR (1st gen)
confirmed-ANU-built,ANU is the manufacturer,datalogger,,True,Australian National University,ANU Seismic Recorder (ANUSR),137,False,,False,False,datalogger,3,1F; 1H; 7L,1H,1F; 7L,2,4,2009-04-24,2013-03-08,2009-04-24/2013-03-08,False,Australia,10.7914/SN/1F_2009; 10.7914/SN/1H_2010; 10.7914/SN/7L_2011,ANU Generation 3; ANUSR (1st gen)
confirmed-ANU-built,ANU is the manufacturer,datalogger,,True,Australian National University,ANU Seismic Recorder (ANUSR),138,False,,False,False,datalogger,3,7P; 7T; ZR,,7P; 7T; ZR,3,3,2002-03-20,2011-02-14,2002-03-20/2011-02-14,False,Australia,10.7914/SN/7T_2007; 10.7914/SN/ZR_2009,ANU Seismic Recorder (early models); ANU v3 (ANUSR); ANUSR
confirmed-ANU-built,ANU is the manufacturer,datalogger,,True,Australian National University,ANU Seismic Recorder (ANUSR),139,False,,False,False,datalogger,3,1F; 1H; 7L,1H,1F; 7L,2,3,2009-04-25,2013-01-08,2009-04-25/2013-01-08,False,Australia,10.7914/SN/1F_2009; 10.7914/SN/1H_2010; 10.7914/SN/7L_2011,ANU Generation 3; ANUSR (1st gen)
confirmed-ANU-built,ANU is the manufacturer,datalogger,,True,Australian National University,ANU Seismic Recorder (ANUSR),140,False,,False,False,datalogger,4,1H; 4H; 7T; 7U,1H,4H; 7T; 7U,3,5,2007-02-18,2010-11-12,2007-02-18/2010-11-12,False,Australia,10.7914/SN/1H_2010; 10.7914/SN/4H_2009; 10.7914/SN/7T_2007; 10.7914/SN/7U_2007,ANU v3 (ANUSR); ANUSR; ANUSR (1st gen)
confirmed-ANU-built,ANU is the manufacturer,datalogger,,True,Australian National University,ANU Seismic Recorder (ANUSR),201,False,,False,False,datalogger,4,4H; 7R; 7S; 7U,,4H; 7R; 7S; 7U,4,4,2005-09-27,2010-02-23,2005-09-27/2010-02-23,False,Australia,10.1080/08120099.2010.481325; 10.7914/SN/4H_2009; 10.7914/SN/7U_2007,ANU Seismic Recorder (early models); ANUSR; ANUSR (1st gen)
confirmed-ANU-built,ANU is the manufacturer,datalogger,,True,Australian National University,ANU Seismic Recorder (ANUSR),202,False,,False,False,datalogger,5,4H; 7L; 7R; 7S; 7U,,4H; 7L; 7R; 7S; 7U,5,5,2005-10-01,2013-01-19,2005-10-01/2013-01-19,False,Australia,10.1080/08120099.2010.481325; 10.7914/SN/4H_2009; 10.7914/SN/7L_2011; 10.7914/SN/7U_2007,ANU Seismic Recorder (early models); ANU v3 (ANUSR); ANUSR; ANUSR (1st gen)
confirmed-ANU-built,ANU is the manufacturer,datalogger,,False,Australian National University,ANU Seismic Recorder (ANUSR),203,False,,False,False,datalogger,2,7R; 7U,,7R; 7U,2,2,2005-11-05,2009-01-24,2005-11-05/2009-01-24,False,Australia,10.7914/SN/7U_2007,ANU Seismic Recorder (early models); ANU v3 (ANUSR); ANUSR
confirmed-ANU-built,ANU is the manufacturer,datalogger,,True,Australian National University,ANU Seismic Recorder (ANUSR),204,False,,False,False,datalogger,4,4H; 7R; 7S; 7U,,4H; 7R; 7S; 7U,4,4,2006-01-13,2010-01-27,2006-01-13/2010-01-27,False,Australia,10.1080/08120099.2010.481325; 10.7914/SN/4H_2009; 10.7914/SN/7U_2007,ANU Seismic Recorder (early models); ANU v3 (ANUSR); ANUSR; ANUSR (1st gen)
confirmed-ANU-built,ANU is the manufacturer,datalogger,,True,Australian National University,ANU Seismic Recorder (ANUSR),205,False,,False,False,datalogger,6,1H; 4H; 7L; 7R; 7T; 7U,1H,4H; 7L; 7R; 7T; 7U,5,6,2005-09-27,2013-02-28,2005-09-27/2013-02-28,False,Australia,10.7914/SN/1H_2010; 10.7914/SN/4H_2009; 10.7914/SN/7L_2011; 10.7914/SN/7T_2007; 10.7914/SN/7U_2007,ANU Seismic Recorder (early models); ANU v3 (ANUSR); ANUSR (1st gen)
confirmed-ANU-built,ANU is the manufacturer,datalogger,,True,Australian National University,ANU Seismic Recorder (ANUSR),206,False,,False,False,datalogger,5,1F; 1H; 7L; 7R; 7S,1H,1F; 7L; 7R; 7S,4,5,2005-09-30,2013-02-28,2005-09-30/2013-02-28,False,Australia,10.1080/08120099.2010.481325; 10.7914/SN/1F_2009; 10.7914/SN/1H_2010; 10.7914/SN/7L_2011,ANU Generation 3; ANU Seismic Recorder (early models); ANUSR; ANUSR (1st gen)
confirmed-ANU-built,ANU is the manufacturer,datalogger,,True,Australian National University,ANU Seismic Recorder (ANUSR),207,False,,False,False,datalogger,3,7L; 7R; 7U,,7L; 7R; 7U,3,3,2005-11-07,2012-12-31,2005-11-07/2012-12-31,False,Australia,10.7914/SN/7L_2011; 10.7914/SN/7U_2007,ANU Seismic Recorder (early models); ANU v3 (ANUSR); ANUSR (1st gen)
confirmed-ANU-built,ANU is the manufacturer,datalogger,,False,Australian National University,ANU Seismic Recorder (ANUSR),208,False,,False,False,datalogger,3,7R; 7S; 7U,,7R; 7S; 7U,3,3,2005-07-21,2009-01-30,2005-07-21/2009-01-30,False,Australia,10.1080/08120099.2010.481325; 10.7914/SN/7U_2007,ANU Seismic Recorder (early models); ANU v3 (ANUSR); ANUSR
confirmed-ANU-built,ANU is the manufacturer,datalogger,,True,Australian National University,ANU Seismic Recorder (ANUSR),209,False,,False,False,datalogger,4,1F; 1H; 7R; 7T,1H,1F; 7R; 7T,3,4,2005-11-07,2011-03-11,2005-11-07/2011-03-11,False,Australia,10.7914/SN/1F_2009; 10.7914/SN/1H_2010; 10.7914/SN/7T_2007,ANU Generation 3; ANU Seismic Recorder (early models); ANU v3 (ANUSR); ANUSR (1st gen)
confirmed-ANU-built,ANU is the manufacturer,datalogger,,True,Australian National University,ANU Seismic Recorder (ANUSR),210,False,,False,False,datalogger,4,1H; 7L; 7R; 7S,1H,7L; 7R; 7S,3,4,2005-09-30,2013-01-15,2005-09-30/2013-01-15,False,Australia,10.1080/08120099.2010.481325; 10.7914/SN/1H_2010; 10.7914/SN/7L_2011,ANU Seismic Recorder (early models); ANUSR; ANUSR (1st gen)
confirmed-ANU-built,ANU is the manufacturer,datalogger,,False,Australian National University,ANU Seismic Recorder (ANUSR),211,False,,False,False,datalogger,3,7R; 7S; 7U,,7R; 7S; 7U,3,3,2005-09-30,2008-10-15,2005-09-30/2008-10-15,False,Australia,10.1080/08120099.2010.481325; 10.7914/SN/7U_2007,ANU Seismic Recorder (early models); ANU v3 (ANUSR); ANUSR
confirmed-ANU-built,ANU is the manufacturer,datalogger,,True,Australian National University,ANU Seismic Recorder (ANUSR),212,False,,False,False,datalogger,6,1H; 4H; 7L; 7R; 7S; 7U,1H,4H; 7L; 7R; 7S; 7U,5,6,2005-11-04,2013-01-28,2005-11-04/2013-01-28,False,Australia,10.1080/08120099.2010.481325; 10.7914/SN/1H_2010; 10.7914/SN/4H_2009; 10.7914/SN/7L_2011; 10.7914/SN/7U_2007,ANU Seismic Recorder (early models); ANU v3 (ANUSR); ANUSR; ANUSR (1st gen)
confirmed-ANU-built,ANU is the manufacturer,datalogger,,True,Australian National University,ANU Seismic Recorder (ANUSR),213,False,,False,False,datalogger,3,7R; 7S; ZR,,7R; 7S; ZR,3,3,2005-11-04,2011-02-14,2005-11-04/2011-02-14,False,Australia,10.1080/08120099.2010.481325; 10.7914/SN/ZR_2009,ANU Seismic Recorder (early models); ANUSR
confirmed-ANU-built,ANU is the manufacturer,datalogger,,True,Australian National University,ANU Seismic Recorder (ANUSR),214,False,,False,False,datalogger,4,1F; 1H; 7L; 7R,1H,1F; 7L; 7R,3,5,2005-11-08,2012-12-30,2005-11-08/2012-12-30,False,Australia,10.7914/SN/1F_2009; 10.7914/SN/1H_2010; 10.7914/SN/7L_2011,ANU Generation 3; ANU Seismic Recorder (early models); ANUSR (1st gen)
confirmed-ANU-built,ANU is the manufacturer,datalogger,,True,Australian National University,ANU Seismic Recorder (ANUSR),215,False,,False,False,datalogger,4,7L; 7R; 7T; 7U,,7L; 7R; 7T; 7U,4,4,2006-01-09,2013-01-24,2006-01-09/2013-01-24,False,Australia,10.7914/SN/7L_2011; 10.7914/SN/7T_2007; 10.7914/SN/7U_2007,ANU Seismic Recorder (early models); ANU v3 (ANUSR); ANUSR (1st gen)
confirmed-ANU-built,ANU is the manufacturer,datalogger,,True,Australian National University,ANU Seismic Recorder (ANUSR),216,False,,False,False,datalogger,5,1F; 1H; 7R; 7S; 7U,1H,1F; 7R; 7S; 7U,4,5,2005-11-09,2010-12-19,2005-11-09/2010-12-19,False,Australia,10.1080/08120099.2010.481325; 10.7914/SN/1F_2009; 10.7914/SN/1H_2010; 10.7914/SN/7U_2007,ANU Generation 3; ANU Seismic Recorder (early models); ANU v3 (ANUSR); ANUSR; ANUSR (1st gen)
confirmed-ANU-built,ANU is the manufacturer,datalogger,,True,Australian National University,ANU Seismic Recorder (ANUSR),217,False,,False,False,datalogger,6,4H; 7R; 7S; 7T; 7U; ZR,,4H; 7R; 7S; 7T; 7U; ZR,6,6,2005-08-22,2011-03-02,2005-08-22/2011-03-02,False,Australia,10.1080/08120099.2010.481325; 10.7914/SN/4H_2009; 10.7914/SN/7T_2007; 10.7914/SN/7U_2007; 10.7914/SN/ZR_2009,ANU Seismic Recorder (early models); ANU v3 (ANUSR); ANUSR; ANUSR (1st gen)
confirmed-ANU-built,ANU is the manufacturer,datalogger,,False,Australian National University,ANU Seismic Recorder (ANUSR),218,False,,False,False,datalogger,3,7R; 7S; 7U,,7R; 7S; 7U,3,3,2005-09-26,2009-01-31,2005-09-26/2009-01-31,False,Australia,10.1080/08120099.2010.481325; 10.7914/SN/7U_2007,ANU Seismic Recorder (early models); ANU v3 (ANUSR); ANUSR
confirmed-ANU-built,ANU is the manufacturer,datalogger,,True,Australian National University,ANU Seismic Recorder (ANUSR),219,False,,False,False,datalogger,4,4H; 7L; 7R; 7U,,4H; 7L; 7R; 7U,4,4,2005-09-30,2012-12-18,2005-09-30/2012-12-18,False,Australia,10.7914/SN/4H_2009; 10.7914/SN/7L_2011; 10.7914/SN/7U_2007,ANU Seismic Recorder (early models); ANU v3 (ANUSR); ANUSR (1st gen)
confirmed-ANU-built,ANU is the manufacturer,datalogger,,True,Australian National University,ANU Seismic Recorder (ANUSR),220,False,,False,False,datalogger,4,4H; 7R; 7S; 7U,,4H; 7R; 7S; 7U,4,4,2005-08-24,2010-02-21,2005-08-24/2010-02-21,False,Australia,10.1080/08120099.2010.481325; 10.7914/SN/4H_2009; 10.7914/SN/7U_2007,ANU Seismic Recorder (early models); ANU v3 (ANUSR); ANUSR; ANUSR (1st gen)
confirmed-ANU-built,ANU is the manufacturer,datalogger,,False,Australian National University,ANU Seismic Recorder (ANUSR),221,False,,False,False,datalogger,1,7R,,7R,1,1,2005-09-26,2006-05-15,2005-09-26/2006-05-15,False,Australia,,ANU Seismic Recorder (early models)
confirmed-ANU-built,ANU is the manufacturer,datalogger,,True,Australian National University,ANU Seismic Recorder (ANUSR),222,False,,False,False,datalogger,6,1H; 4H; 7R; 7S; 7T; 7U,1H,4H; 7R; 7S; 7T; 7U,5,6,2005-11-08,2011-03-09,2005-11-08/2011-03-09,False,Australia,10.1080/08120099.2010.481325; 10.7914/SN/1H_2010; 10.7914/SN/4H_2009; 10.7914/SN/7T_2007; 10.7914/SN/7U_2007,ANU Seismic Recorder (early models); ANU v3 (ANUSR); ANUSR; ANUSR (1st gen)
confirmed-ANU-built,ANU is the manufacturer,datalogger,,True,Australian National University,ANU Seismic Recorder (ANUSR),223,False,,False,False,datalogger,5,1H; 4H; 7R; 7S; 7U,1H,4H; 7R; 7S; 7U,4,5,2005-11-10,2011-03-10,2005-11-10/2011-03-10,False,Australia,10.1080/08120099.2010.481325; 10.7914/SN/1H_2010; 10.7914/SN/4H_2009; 10.7914/SN/7U_2007,ANU Seismic Recorder (early models); ANU v3 (ANUSR); ANUSR; ANUSR (1st gen)
confirmed-ANU-built,ANU is the manufacturer,datalogger,,True,Australian National University,ANU Seismic Recorder (ANUSR),224,False,,False,False,datalogger,4,1F; 1H; 7L; 7R,1H,1F; 7L; 7R,3,5,2005-08-24,2013-01-20,2005-08-24/2013-01-20,False,Australia,10.7914/SN/1F_2009; 10.7914/SN/1H_2010; 10.7914/SN/7L_2011,ANU Generation 3; ANU Seismic Recorder (early models); ANUSR (1st gen)
confirmed-ANU-built,ANU is the manufacturer,datalogger,,True,Australian National University,ANU Seismic Recorder (ANUSR),225,False,,False,False,datalogger,5,1H; 4H; 7L; 7R; 7U,1H,4H; 7L; 7R; 7U,4,5,2005-11-05,2013-01-19,2005-11-05/2013-01-19,False,Australia,10.7914/SN/1H_2010; 10.7914/SN/4H_2009; 10.7914/SN/7L_2011; 10.7914/SN/7U_2007,ANU Seismic Recorder (early models); ANU v3 (ANUSR); ANUSR (1st gen)
confirmed-ANU-built,ANU is the manufacturer,datalogger,,True,Australian National University,ANU Seismic Recorder (ANUSR),226,False,,False,False,datalogger,4,4H; 7P; 7S; 7U,,4H; 7P; 7S; 7U,4,4,2002-03-15,2010-02-24,2002-03-15/2010-02-24,False,Australia,10.1080/08120099.2010.481325; 10.7914/SN/4H_2009; 10.7914/SN/7U_2007,ANU Seismic Recorder (early models); ANU v3 (ANUSR); ANUSR; ANUSR (1st gen)
confirmed-ANU-built,ANU is the manufacturer,datalogger,,False,Australian National University,ANU Seismic Recorder (ANUSR),227,False,,False,False,datalogger,3,7P; 7R; 7S,,7P; 7R; 7S,3,3,2002-03-19,2007-06-06,2002-03-19/2007-06-06,False,Australia,10.1080/08120099.2010.481325,ANU Seismic Recorder (early models); ANUSR
confirmed-ANU-built,ANU is the manufacturer,datalogger,,False,Australian National University,ANU Seismic Recorder (ANUSR),228,False,,False,False,datalogger,3,7R; 7S; 7U,,7R; 7S; 7U,3,3,2005-09-29,2009-02-09,2005-09-29/2009-02-09,False,Australia,10.1080/08120099.2010.481325; 10.7914/SN/7U_2007,ANU Seismic Recorder (early models); ANU v3 (ANUSR); ANUSR
confirmed-ANU-built,ANU is the manufacturer,datalogger,,True,Australian National University,ANU Seismic Recorder (ANUSR),229,False,,False,False,datalogger,5,1H; 4H; 7P; 7R; 7U,1H,4H; 7P; 7R; 7U,4,5,2002-03-14,2010-11-12,2002-03-14/2010-11-12,False,Australia,10.7914/SN/1H_2010; 10.7914/SN/4H_2009; 10.7914/SN/7U_2007,ANU Seismic Recorder (early models); ANU v3 (ANUSR); ANUSR (1st gen)
confirmed-ANU-built,ANU is the manufacturer,datalogger,,True,Australian National University,ANU Seismic Recorder (ANUSR),230,False,,False,False,datalogger,8,1H; 4H; 7L; 7P; 7R; 7S; 7T; 7U,1H,4H; 7L; 7P; 7R; 7S; 7T; 7U,7,8,2002-03-17,2013-01-18,2002-03-17/2013-01-18,False,Australia,10.1080/08120099.2010.481325; 10.7914/SN/1H_2010; 10.7914/SN/4H_2009; 10.7914/SN/7L_2011; 10.7914/SN/7T_2007; 10.7914/SN/7U_2007,ANU Seismic Recorder (early models); ANU v3 (ANUSR); ANUSR; ANUSR (1st gen)
confirmed-ANU-built,ANU is the manufacturer,datalogger,,False,Australian National University,ANU Seismic Recorder (ANUSR),231,False,,False,False,datalogger,3,7R; 7S; 7U,,7R; 7S; 7U,3,3,2005-09-27,2009-01-06,2005-09-27/2009-01-06,False,Australia,10.1080/08120099.2010.481325; 10.7914/SN/7U_2007,ANU Seismic Recorder (early models); ANU v3 (ANUSR); ANUSR
confirmed-ANU-built,ANU is the manufacturer,datalogger,,True,Australian National University,ANU Seismic Recorder (ANUSR),232,False,,False,False,datalogger,6,1F; 1H; 7L; 7P; 7R; 7S,1H,1F; 7L; 7P; 7R; 7S,5,6,2002-04-05,2013-01-20,2002-04-05/2013-01-20,False,Australia,10.1080/08120099.2010.481325; 10.7914/SN/1F_2009; 10.7914/SN/1H_2010; 10.7914/SN/7L_2011,ANU Generation 3; ANU Seismic Recorder (early models); ANUSR; ANUSR (1st gen)
confirmed-ANU-built,ANU is the manufacturer,datalogger,,True,Australian National University,ANU Seismic Recorder (ANUSR),233,False,,False,False,datalogger,4,1H; 7L; 7P; 7R,1H,7L; 7P; 7R,3,5,2002-03-15,2013-01-09,2002-03-15/2013-01-09,False,Australia,10.7914/SN/1H_2010; 10.7914/SN/7L_2011,ANU Seismic Recorder (early models); ANUSR (1st gen)
confirmed-ANU-built,ANU is the manufacturer,datalogger,,True,Australian National University,ANU Seismic Recorder (ANUSR),234,False,,False,False,datalogger,8,1H; 4H; 7L; 7P; 7R; 7S; 7T; 7U,1H,4H; 7L; 7P; 7R; 7S; 7T; 7U,7,9,2002-03-12,2013-01-19,2002-03-12/2013-01-19,False,Australia,10.1080/08120099.2010.481325; 10.7914/SN/1H_2010; 10.7914/SN/4H_2009; 10.7914/SN/7L_2011; 10.7914/SN/7T_2007; 10.7914/SN/7U_2007,ANU Seismic Recorder (early models); ANU v3 (ANUSR); ANUSR; ANUSR (1st gen)
confirmed-ANU-built,ANU is the manufacturer,datalogger,,True,Australian National University,ANU Seismic Recorder (ANUSR),235,False,,False,False,datalogger,5,1H; 4H; 7P; 7S; 7U,1H,4H; 7P; 7S; 7U,4,5,2002-03-12,2011-02-28,2002-03-12/2011-02-28,False,Australia,10.1080/08120099.2010.481325; 10.7914/SN/1H_2010; 10.7914/SN/4H_2009; 10.7914/SN/7U_2007,ANU Seismic Recorder (early models); ANU v3 (ANUSR); ANUSR; ANUSR (1st gen)
confirmed-ANU-built,ANU is the manufacturer,datalogger,,True,Australian National University,ANU Seismic Recorder (ANUSR),236,False,,False,False,datalogger,4,1H; 7L; 7P; 7R,1H,7L; 7P; 7R,3,4,2002-03-20,2013-03-01,2002-03-20/2013-03-01,False,Australia,10.7914/SN/1H_2010; 10.7914/SN/7L_2011,ANU Seismic Recorder (early models); ANUSR (1st gen)
confirmed-ANU-built,ANU is the manufacturer,datalogger,,True,Australian National University,ANU Seismic Recorder (ANUSR),237,False,,False,False,datalogger,5,4H; 7P; 7R; 7S; 7U,,4H; 7P; 7R; 7S; 7U,5,5,2002-03-18,2010-02-20,2002-03-18/2010-02-20,False,Australia,10.1080/08120099.2010.481325; 10.7914/SN/4H_2009; 10.7914/SN/7U_2007,ANU Seismic Recorder (early models); ANU v3 (ANUSR); ANUSR; ANUSR (1st gen)
confirmed-ANU-built,ANU is the manufacturer,datalogger,,False,Australian National University,ANU Seismic Recorder (ANUSR),238,False,,False,False,datalogger,4,7R; 7S; 7T; 7U,,7R; 7S; 7T; 7U,4,4,2005-11-05,2009-02-06,2005-11-05/2009-02-06,False,Australia,10.1080/08120099.2010.481325; 10.7914/SN/7T_2007; 10.7914/SN/7U_2007,ANU Seismic Recorder (early models); ANU v3 (ANUSR); ANUSR
confirmed-ANU-built,ANU is the manufacturer,datalogger,,True,Australian National University,ANU Seismic Recorder (ANUSR),239,False,,False,False,datalogger,3,1F; 7P; 7R,,1F; 7P; 7R,3,3,2002-03-18,2009-10-16,2002-03-18/2009-10-16,False,Australia,10.7914/SN/1F_2009,ANU Generation 3; ANU Seismic Recorder (early models)
confirmed-ANU-built,ANU is the manufacturer,datalogger,,True,Australian National University,ANU Seismic Recorder (ANUSR),240,False,,False,False,datalogger,7,1H; 4H; 7L; 7P; 7S; 7T; 7U,1H,4H; 7L; 7P; 7S; 7T; 7U,6,7,2002-03-13,2013-01-21,2002-03-13/2013-01-21,False,Australia,10.1080/08120099.2010.481325; 10.7914/SN/1H_2010; 10.7914/SN/4H_2009; 10.7914/SN/7L_2011; 10.7914/SN/7T_2007; 10.7914/SN/7U_2007,ANU Seismic Recorder (early models); ANU v3 (ANUSR); ANUSR; ANUSR (1st gen)
confirmed-ANU-built,ANU is the manufacturer,datalogger,,True,Australian National University,ANU Seismic Recorder (ANUSR),241,False,,False,False,datalogger,6,4H; 7L; 7P; 7R; 7T; 7U,,4H; 7L; 7P; 7R; 7T; 7U,6,6,2002-03-19,2012-07-21,2002-03-19/2012-07-21,False,Australia,10.7914/SN/4H_2009; 10.7914/SN/7L_2011; 10.7914/SN/7T_2007; 10.7914/SN/7U_2007,ANU Seismic Recorder (early models); ANU v3 (ANUSR); ANUSR (1st gen)
confirmed-ANU-built,ANU is the manufacturer,datalogger,,True,Australian National University,ANU Seismic Recorder (ANUSR),242,False,,False,False,datalogger,6,1H; 4H; 7P; 7R; 7S; 7U,1H,4H; 7P; 7R; 7S; 7U,5,6,2002-03-12,2011-03-05,2002-03-12/2011-03-05,False,Australia,10.1080/08120099.2010.481325; 10.7914/SN/1H_2010; 10.7914/SN/4H_2009; 10.7914/SN/7U_2007,ANU Seismic Recorder (early models); ANU v3 (ANUSR); ANUSR; ANUSR (1st gen)
confirmed-ANU-built,ANU is the manufacturer,datalogger,,True,Australian National University,ANU Seismic Recorder (ANUSR),243,False,,False,False,datalogger,4,1F; 1H; 7L; 7P,1H,1F; 7L; 7P,3,4,2002-03-11,2013-01-21,2002-03-11/2013-01-21,False,Australia,10.7914/SN/1F_2009; 10.7914/SN/1H_2010; 10.7914/SN/7L_2011,ANU Generation 3; ANU Seismic Recorder (early models); ANUSR (1st gen)
confirmed-ANU-built,ANU is the manufacturer,datalogger,,True,Australian National University,ANU Seismic Recorder (ANUSR),244,False,,False,False,datalogger,6,1H; 4H; 7P; 7R; 7S; 7U,1H,4H; 7P; 7R; 7S; 7U,5,6,2002-03-11,2011-03-11,2002-03-11/2011-03-11,False,Australia,10.1080/08120099.2010.481325; 10.7914/SN/1H_2010; 10.7914/SN/4H_2009; 10.7914/SN/7U_2007,ANU Seismic Recorder (early models); ANU v3 (ANUSR); ANUSR; ANUSR (1st gen)
confirmed-ANU-built,ANU is the manufacturer,datalogger,,True,Australian National University,ANU Seismic Recorder (ANUSR),245,False,,False,False,datalogger,5,7L; 7P; 7R; 7S; 7U,,7L; 7P; 7R; 7S; 7U,5,5,2002-03-11,2013-01-21,2002-03-11/2013-01-21,False,Australia,10.1080/08120099.2010.481325; 10.7914/SN/7L_2011; 10.7914/SN/7U_2007,ANU Seismic Recorder (early models); ANU v3 (ANUSR); ANUSR; ANUSR (1st gen)
confirmed-ANU-built,ANU is the manufacturer,datalogger,,True,Australian National University,ANU Seismic Recorder (ANUSR),246,False,,False,False,datalogger,6,1H; 4H; 7P; 7R; 7S; 7U,1H,4H; 7P; 7R; 7S; 7U,5,6,2002-03-15,2011-03-07,2002-03-15/2011-03-07,False,Australia,10.1080/08120099.2010.481325; 10.7914/SN/1H_2010; 10.7914/SN/4H_2009; 10.7914/SN/7U_2007,ANU Seismic Recorder (early models); ANU v3 (ANUSR); ANUSR; ANUSR (1st gen)
confirmed-ANU-built,ANU is the manufacturer,datalogger,,True,Australian National University,ANU Seismic Recorder (ANUSR),247,False,,False,False,datalogger,3,4H; 7P; 7R,,4H; 7P; 7R,3,3,2002-03-14,2010-02-21,2002-03-14/2010-02-21,False,Australia,10.7914/SN/4H_2009,ANU Seismic Recorder (early models); ANUSR (1st gen)
confirmed-ANU-built,ANU is the manufacturer,datalogger,,True,Australian National University,ANU Seismic Recorder (ANUSR),248,False,,False,False,datalogger,3,4H; 7R; 7U,,4H; 7R; 7U,3,3,2005-11-01,2009-12-22,2005-11-01/2009-12-22,False,Australia,10.7914/SN/4H_2009; 10.7914/SN/7U_2007,ANU Seismic Recorder (early models); ANU v3 (ANUSR); ANUSR (1st gen)
confirmed-ANU-built,ANU is the manufacturer,datalogger,,True,Australian National University,ANU Seismic Recorder (ANUSR),249,False,,False,False,datalogger,6,1H; 7L; 7P; 7R; 7S; 7U,1H,7L; 7P; 7R; 7S; 7U,5,6,2002-03-18,2013-03-09,2002-03-18/2013-03-09,False,Australia,10.1080/08120099.2010.481325; 10.7914/SN/1H_2010; 10.7914/SN/7L_2011; 10.7914/SN/7U_2007,ANU Seismic Recorder (early models); ANU v3 (ANUSR); ANUSR; ANUSR (1st gen)
confirmed-ANU-built,ANU is the manufacturer,datalogger,,True,Australian National University,ANU Seismic Recorder (ANUSR),250,False,,False,False,datalogger,5,1F; 1H; 7L; 7P; 7R,1H,1F; 7L; 7P; 7R,4,5,2002-03-18,2013-01-08,2002-03-18/2013-01-08,False,Australia,10.7914/SN/1F_2009; 10.7914/SN/1H_2010; 10.7914/SN/7L_2011,ANU Generation 3; ANU Seismic Recorder (early models); ANUSR (1st gen)
confirmed-ANU-built,ANU is the manufacturer,datalogger,,False,Australian National University,ANU Seismic Recorder (ANUSR),251,False,,False,False,datalogger,3,7R; 7S; 7U,,7R; 7S; 7U,3,3,2005-11-05,2009-02-07,2005-11-05/2009-02-07,False,Australia,10.1080/08120099.2010.481325; 10.7914/SN/7U_2007,ANU Seismic Recorder (early models); ANU v3 (ANUSR); ANUSR
confirmed-ANU-built,ANU is the manufacturer,datalogger,,True,Australian National University,ANU Seismic Recorder (ANUSR),252,False,,False,False,datalogger,6,1F; 1H; 7L; 7R; 7S; 7T,1H,1F; 7L; 7R; 7S; 7T,5,6,2005-09-28,2012-08-31,2005-09-28/2012-08-31,False,Australia,10.1080/08120099.2010.481325; 10.7914/SN/1F_2009; 10.7914/SN/1H_2010; 10.7914/SN/7L_2011; 10.7914/SN/7T_2007,ANU Generation 3; ANU Seismic Recorder (early models); ANU v3 (ANUSR); ANUSR; ANUSR (1st gen)
confirmed-ANU-built,ANU is the manufacturer,datalogger,,True,Australian National University,ANU Seismic Recorder (ANUSR),253,False,,False,False,datalogger,4,7L; 7S; 7T; 7U,,7L; 7S; 7T; 7U,4,4,2006-10-03,2012-10-07,2006-10-03/2012-10-07,False,Australia,10.1080/08120099.2010.481325; 10.7914/SN/7L_2011; 10.7914/SN/7T_2007; 10.7914/SN/7U_2007,ANU v3 (ANUSR); ANUSR; ANUSR (1st gen)
confirmed-ANU-built,ANU is the manufacturer,datalogger,,True,Australian National University,ANU Seismic Recorder (ANUSR),254,False,,False,False,datalogger,4,4H; 7R; 7S; 7U,,4H; 7R; 7S; 7U,4,4,2005-09-28,2010-02-18,2005-09-28/2010-02-18,False,Australia,10.1080/08120099.2010.481325; 10.7914/SN/4H_2009; 10.7914/SN/7U_2007,ANU Seismic Recorder (early models); ANU v3 (ANUSR); ANUSR; ANUSR (1st gen)
confirmed-ANU-built,ANU is the manufacturer,datalogger,,True,Australian National University,ANU Seismic Recorder (ANUSR),255,False,,False,False,datalogger,5,1H; 4H; 7S; 7T; 7U,1H,4H; 7S; 7T; 7U,4,5,2006-10-02,2011-02-22,2006-10-02/2011-02-22,False,Australia,10.1080/08120099.2010.481325; 10.7914/SN/1H_2010; 10.7914/SN/4H_2009; 10.7914/SN/7T_2007; 10.7914/SN/7U_2007,ANU v3 (ANUSR); ANUSR; ANUSR (1st gen)
confirmed-ANU-built,ANU is the manufacturer,datalogger,,False,Australian National University,ANU Seismic Recorder (ANUSR),256,False,,False,False,datalogger,1,7S,,7S,1,1,2006-10-08,2007-08-25,2006-10-08/2007-08-25,False,Australia,10.1080/08120099.2010.481325,ANUSR
confirmed-ANU-built,ANU is the manufacturer,datalogger,,True,Australian National University,ANU Seismic Recorder (ANUSR),257,False,,False,False,datalogger,5,1H; 4H; 7L; 7S; 7U,1H,4H; 7L; 7S; 7U,4,6,2006-10-06,2012-12-26,2006-10-06/2012-12-26,False,Australia,10.1080/08120099.2010.481325; 10.7914/SN/1H_2010; 10.7914/SN/4H_2009; 10.7914/SN/7L_2011; 10.7914/SN/7U_2007,ANUSR; ANUSR (1st gen)
confirmed-ANU-built,ANU is the manufacturer,datalogger,,True,Australian National University,ANU Seismic Recorder (ANUSR),259,False,,False,False,datalogger,4,4H; 7L; 7S; 7U,,4H; 7L; 7S; 7U,4,4,2006-10-02,2013-01-07,2006-10-02/2013-01-07,False,Australia,10.1080/08120099.2010.481325; 10.7914/SN/4H_2009; 10.7914/SN/7L_2011; 10.7914/SN/7U_2007,ANU v3 (ANUSR); ANUSR; ANUSR (1st gen)
confirmed-ANU-built,ANU is the manufacturer,datalogger,,True,Australian National University,ANU Seismic Recorder (ANUSR),260,False,,False,False,datalogger,5,1H; 4H; 7L; 7S; 7U,1H,4H; 7L; 7S; 7U,4,5,2006-10-03,2013-02-18,2006-10-03/2013-02-18,False,Australia,10.1080/08120099.2010.481325; 10.7914/SN/1H_2010; 10.7914/SN/4H_2009; 10.7914/SN/7L_2011; 10.7914/SN/7U_2007,ANU v3 (ANUSR); ANUSR; ANUSR (1st gen)
confirmed-ANU-built,ANU is the manufacturer,datalogger,,False,Australian National University,ANU Seismic Recorder (ANUSR),301,False,,False,False,datalogger,2,7P; 7Q,,7P; 7Q,2,2,2002-03-19,2005-04-06,2002-03-19/2005-04-06,False,Australia,,ANU Seismic Recorder (early models)
confirmed-ANU-built,ANU is the manufacturer,datalogger,,False,Australian National University,ANU Seismic Recorder (ANUSR),302,False,,False,False,datalogger,2,7P; 7Q,,7P; 7Q,2,2,2002-03-20,2005-04-09,2002-03-20/2005-04-09,False,Australia,,ANU Seismic Recorder (early models)
confirmed-ANU-built,ANU is the manufacturer,datalogger,,False,Australian National University,ANU Seismic Recorder (ANUSR),303,False,,False,False,datalogger,2,7P; 7Q,,7P; 7Q,2,2,2002-03-14,2005-04-07,2002-03-14/2005-04-07,False,Australia,,ANU Seismic Recorder (early models)
confirmed-ANU-built,ANU is the manufacturer,datalogger,,False,Australian National University,ANU Seismic Recorder (ANUSR),304,False,,False,False,datalogger,2,7P; 7Q,,7P; 7Q,2,2,2002-03-10,2005-04-08,2002-03-10/2005-04-08,False,Australia,,ANU Seismic Recorder (early models)
confirmed-ANU-built,ANU is the manufacturer,datalogger,,False,Australian National University,ANU Seismic Recorder (ANUSR),305,False,,False,False,datalogger,2,7P; 7Q,,7P; 7Q,2,2,2002-03-17,2005-04-07,2002-03-17/2005-04-07,False,Australia,,ANU Seismic Recorder (early models)
confirmed-ANU-built,ANU is the manufacturer,datalogger,,False,Australian National University,ANU Seismic Recorder (ANUSR),306,False,,False,False,datalogger,2,7P; 7Q,,7P; 7Q,2,2,2002-03-10,2005-04-06,2002-03-10/2005-04-06,False,Australia,,ANU Seismic Recorder (early models)
confirmed-ANU-built,ANU is the manufacturer,datalogger,,False,Australian National University,ANU Seismic Recorder (ANUSR),307,False,,False,False,datalogger,2,7P; 7Q,,7P; 7Q,2,2,2002-03-19,2005-04-08,2002-03-19/2005-04-08,False,Australia,,ANU Seismic Recorder (early models)
confirmed-ANU-built,ANU is the manufacturer,datalogger,,False,Australian National University,ANU Seismic Recorder (ANUSR),308,False,,False,False,datalogger,2,7P; 7Q,,7P; 7Q,2,2,2002-03-13,2005-04-03,2002-03-13/2005-04-03,False,Australia,,ANU Seismic Recorder (early models)
confirmed-ANU-built,ANU is the manufacturer,datalogger,,False,Australian National University,ANU Seismic Recorder (ANUSR),309,False,,False,False,datalogger,2,7P; 7Q,,7P; 7Q,2,2,2002-03-18,2005-04-07,2002-03-18/2005-04-07,False,Australia,,ANU Seismic Recorder (early models)
confirmed-ANU-built,ANU is the manufacturer,datalogger,,False,Australian National University,ANU Seismic Recorder (ANUSR),310,False,,False,False,datalogger,2,7P; 7Q,,7P; 7Q,2,2,2002-03-18,2005-04-06,2002-03-18/2005-04-06,False,Australia,,ANU Seismic Recorder (early models)
confirmed-ANU-built,ANU is the manufacturer,datalogger,,False,Australian National University,ANU Seismic Recorder (ANUSR),311,False,,False,False,datalogger,2,7P; 7Q,,7P; 7Q,2,2,2002-03-13,2005-04-04,2002-03-13/2005-04-04,False,Australia,,ANU Seismic Recorder (early models)
confirmed-ANU-built,ANU is the manufacturer,datalogger,,True,Australian National University,ANU Seismic Recorder (ANUSR),312,False,,False,False,datalogger,3,1F; 7P; 7Q,,1F; 7P; 7Q,3,4,2002-03-15,2009-10-29,2002-03-15/2009-10-29,False,Australia,10.7914/SN/1F_2009,ANU Generation 3; ANU Seismic Recorder (early models)
confirmed-ANU-built,ANU is the manufacturer,datalogger,,False,Australian National University,ANU Seismic Recorder (ANUSR),313,False,,False,False,datalogger,2,7P; 7Q,,7P; 7Q,2,3,2002-03-17,2005-04-08,2002-03-17/2005-04-08,False,Australia,,ANU Seismic Recorder (early models)
confirmed-ANU-built,ANU is the manufacturer,datalogger,,False,Australian National University,ANU Seismic Recorder (ANUSR),314,False,,False,False,datalogger,2,7P; 7Q,,7P; 7Q,2,2,2002-03-12,2005-04-04,2002-03-12/2005-04-04,False,Australia,,ANU Seismic Recorder (early models)
confirmed-ANU-built,ANU is the manufacturer,datalogger,,False,Australian National University,ANU Seismic Recorder (ANUSR),315,False,,False,False,datalogger,2,7P; 7Q,,7P; 7Q,2,2,2002-03-12,2005-04-06,2002-03-12/2005-04-06,False,Australia,,ANU Seismic Recorder (early models)
confirmed-ANU-built,ANU is the manufacturer,datalogger,,False,Australian National University,ANU Seismic Recorder (ANUSR),316,False,,False,False,datalogger,2,7P; 7Q,,7P; 7Q,2,2,2002-03-11,2005-04-08,2002-03-11/2005-04-08,False,Australia,,ANU Seismic Recorder (early models)
confirmed-ANU-built,ANU is the manufacturer,datalogger,,False,Australian National University,ANU Seismic Recorder (ANUSR),317,False,,False,False,datalogger,2,7P; 7Q,,7P; 7Q,2,2,2002-03-12,2005-04-04,2002-03-12/2005-04-04,False,Australia,,ANU Seismic Recorder (early models)
confirmed-ANU-built,ANU is the manufacturer,datalogger,,False,Australian National University,ANU Seismic Recorder (ANUSR),318,False,,False,False,datalogger,2,7P; 7Q,,7P; 7Q,2,2,2002-03-18,2005-04-05,2002-03-18/2005-04-05,False,Australia,,ANU Seismic Recorder (early models)
confirmed-ANU-built,ANU is the manufacturer,datalogger,,False,Australian National University,ANU Seismic Recorder (ANUSR),320,False,,False,False,datalogger,2,7P; 7Q,,7P; 7Q,2,2,2002-03-11,2005-04-05,2002-03-11/2005-04-05,False,Australia,,ANU Seismic Recorder (early models)
confirmed-ANU-built,ANU is the manufacturer,datalogger,,False,Australian National University,ANU Seismic Recorder (ANUSR),321,False,,False,False,datalogger,2,7P; 7Q,,7P; 7Q,2,2,2002-03-18,2005-04-06,2002-03-18/2005-04-06,False,Australia,,ANU Seismic Recorder (early models)
confirmed-ANU-built,ANU is the manufacturer,datalogger,,False,Australian National University,ANU Seismic Recorder (ANUSR),322,False,,False,False,datalogger,1,7Q,,7Q,1,1,2004-11-06,2005-04-06,2004-11-06/2005-04-06,False,Australia,,ANU Seismic Recorder (early models)
confirmed-ANU-built,ANU is the manufacturer,datalogger,,False,Australian National University,ANU Seismic Recorder (ANUSR),323,False,,False,False,datalogger,2,7P; 7Q,,7P; 7Q,2,2,2002-03-12,2005-04-05,2002-03-12/2005-04-05,False,Australia,,ANU Seismic Recorder (early models)
confirmed-ANU-built,ANU is the manufacturer,datalogger,,False,Australian National University,ANU Seismic Recorder (ANUSR),324,False,,False,False,datalogger,2,7P; 7Q,,7P; 7Q,2,2,2002-03-14,2005-04-04,2002-03-14/2005-04-04,False,Australia,,ANU Seismic Recorder (early models)
confirmed-ANU-built,ANU is the manufacturer,datalogger,,False,Australian National University,ANU Seismic Recorder (ANUSR),325,False,,False,False,datalogger,2,7P; 7Q,,7P; 7Q,2,2,2002-03-19,2005-04-04,2002-03-19/2005-04-04,False,Australia,,ANU Seismic Recorder (early models)
confirmed-ANU-built,ANU is the manufacturer,datalogger,,False,Australian National University,ANU Seismic Recorder (ANUSR),326,False,,False,False,datalogger,1,7P,,7P,1,1,2002-03-19,2002-08-14,2002-03-19/2002-08-14,False,Australia,,ANU Seismic Recorder (early models)
confirmed-ANU-built,ANU is the manufacturer,datalogger,,False,Australian National University,ANU Seismic Recorder (ANUSR),327,False,,False,False,datalogger,1,7P,,7P,1,1,2002-03-14,2002-08-13,2002-03-14/2002-08-13,False,Australia,,ANU Seismic Recorder (early models)
confirmed-ANU-built,ANU is the manufacturer,datalogger,,False,Australian National University,ANU Seismic Recorder (ANUSR),328,False,,False,False,datalogger,1,7P,,7P,1,1,2002-03-10,2002-08-08,2002-03-10/2002-08-08,False,Australia,,ANU Seismic Recorder (early models)
confirmed-ANU-built,ANU is the manufacturer,datalogger,,False,Australian National University,ANU Seismic Recorder (ANUSR),329,False,,False,False,datalogger,1,7P,,7P,1,1,2002-04-05,2002-07-26,2002-04-05/2002-07-26,False,Australia,,ANU Seismic Recorder (early models)
confirmed-ANU-built,ANU is the manufacturer,datalogger,,False,Australian National University,ANU Seismic Recorder (ANUSR),330,False,,False,False,datalogger,1,7P,,7P,1,1,2002-03-15,2002-08-13,2002-03-15/2002-08-13,False,Australia,,ANU Seismic Recorder (early models)
confirmed-ANU-built,ANU is the manufacturer,datalogger,,False,Australian National University,ANU Seismic Recorder (ANUSR),331,False,,False,False,datalogger,1,7P,,7P,1,1,2002-03-13,2002-08-12,2002-03-13/2002-08-12,False,Australia,,ANU Seismic Recorder (early models)
confirmed-ANU-built,ANU is the manufacturer,datalogger,,False,Australian National University,ANU Seismic Recorder (ANUSR),333,False,,False,False,datalogger,1,7P,,7P,1,1,2002-03-11,2002-07-17,2002-03-11/2002-07-17,False,Australia,,ANU Seismic Recorder (early models)
confirmed-ANU-built,ANU is the manufacturer,datalogger,,False,Australian National University,ANU Seismic Recorder (ANUSR),335,False,,False,False,datalogger,1,7P,,7P,1,1,2002-03-13,2002-08-13,2002-03-13/2002-08-13,False,Australia,,ANU Seismic Recorder (early models)
confirmed-ANU-built,ANU is the manufacturer,datalogger,,False,Australian National University,ANU Seismic Recorder (ANUSR),38,False,,False,False,datalogger,1,7P,,7P,1,1,2002-03-11,2002-08-09,2002-03-11/2002-08-09,False,Australia,,ANU Seismic Recorder (early models)
confirmed-ANU-built,ANU is the manufacturer,datalogger,,False,Australian National University,ANU Seismic Recorder (ANUSR),640,False,,False,False,datalogger,1,7R,,7R,1,1,2005-09-28,2006-05-19,2005-09-28/2006-05-19,False,Australia,,ANU Seismic Recorder (early models)
confirmed-ANU-built,ANU is the manufacturer,datalogger,,True,Australian National University,ANU Seismic Recorder (ANUSR),A10,False,,False,False,datalogger,1,1F,,1F,1,1,2009-04-18,2009-11-05,2009-04-18/2009-11-05,False,Australia,10.7914/SN/1F_2009,ANU Generation 3
confirmed-ANU-built,ANU is the manufacturer,datalogger,,True,Australian National University,ANU Seismic Recorder (ANUSR),A33,False,,False,False,datalogger,1,1F,,1F,1,1,2009-04-22,2009-10-29,2009-04-22/2009-10-29,False,Australia,10.7914/SN/1F_2009,ANU Generation 3
confirmed-ANU-built,ANU is the manufacturer,datalogger,,True,Australian National University,ANU Seismic Recorder (ANUSR),A36,False,,False,False,datalogger,1,1F,,1F,1,1,2009-04-20,2009-10-26,2009-04-20/2009-10-26,False,Australia,10.7914/SN/1F_2009,ANU Generation 3
confirmed-ANU-built,ANU is the manufacturer,datalogger,,True,Australian National University,ANU Seismic Recorder (ANUSR),R01,False,,False,False,datalogger,1,1F,,1F,1,1,2009-04-19,2009-11-05,2009-04-19/2009-11-05,False,Australia,10.7914/SN/1F_2009,ANU Generation 3
confirmed-ANU-built,ANU is the manufacturer,datalogger,,True,Australian National University,ANU Seismic Recorder (ANUSR),R07,False,,False,False,datalogger,1,1F,,1F,1,1,2009-04-25,2009-11-01,2009-04-25/2009-11-01,False,Australia,10.7914/SN/1F_2009,ANU Generation 3
confirmed-ANU-built,ANU is the manufacturer,datalogger,,True,Australian National University,ANU Seismic Recorder (ANUSR),R14,False,,False,False,datalogger,1,1F,,1F,1,1,2009-04-20,2009-10-27,2009-04-20/2009-10-27,False,Australia,10.7914/SN/1F_2009,ANU Generation 3
confirmed-ANU-built,ANU is the manufacturer,datalogger,,True,Australian National University,ANU Seismic Recorder (ANUSR),R16,False,,False,False,datalogger,1,1F,,1F,1,1,2009-04-23,2009-09-09,2009-04-23/2009-09-09,False,Australia,10.7914/SN/1F_2009,ANU Generation 3
confirmed-ANU-built,ANU is the manufacturer,datalogger,,True,Australian National University,ANU Seismic Recorder (ANUSR),R21,False,,False,False,datalogger,1,1F,,1F,1,1,2009-04-18,2009-11-04,2009-04-18/2009-11-04,False,Australia,10.7914/SN/1F_2009,ANU Generation 3
confirmed-ANU-built,ANU is the manufacturer,datalogger,,False,Australian National University,ANU TerraSAWR,TS001A,False,,False,False,datalogger,1,X5,X5,,0,3,2023-04-29,2026-01-29,2023-04-29/2026-01-29,False,NZ,10.7914/8jxr-7029,ANU TerraSAWR (Yellow Box)
confirmed-ANU-built,ANU is the manufacturer,datalogger,,False,Australian National University,ANU TerraSAWR,TS002A,False,,False,False,datalogger,1,6T,,6T,1,2,2018-10-09,,2018-10-09/,True,AUS,10.7914/4e87-j738,ANU TerraSAWR (Yellow Box)
confirmed-ANU-built,ANU is the manufacturer,datalogger,,False,Australian National University,ANU TerraSAWR,TS003A,False,,False,False,datalogger,1,2P,,2P,1,1,2020-08-14,2023-09-20,2020-08-14/2023-09-20,False,AU,10.7914/SN/2P_2020,ANU TerraSAWR (Yellow Box)
confirmed-ANU-built,ANU is the manufacturer,datalogger,,False,Australian National University,ANU TerraSAWR,TS004A,False,,False,False,datalogger,1,2P,,2P,1,1,2020-12-15,2022-12-03,2020-12-15/2022-12-03,False,AU,10.7914/SN/2P_2020,ANU TerraSAWR (Yellow Box)
confirmed-ANU-built,ANU is the manufacturer,datalogger,,False,Australian National University,ANU TerraSAWR,TS005A,False,,False,False,datalogger,1,6T,,6T,1,1,2018-10-10,,2018-10-10/,True,AUS,10.7914/4e87-j738,ANU TerraSAWR (Yellow Box)
confirmed-ANU-built,ANU is the manufacturer,datalogger,,False,Australian National University,ANU TerraSAWR,TS006A,False,,False,False,datalogger,2,2P; 4B,4B,2P,1,2,2020-09-10,2026-05-01,2020-09-10/2026-05-01,False,AU,10.7914/9j20-yq91; 10.7914/SN/2P_2020,ANU TerraSAWR (Yellow Box)
confirmed-ANU-built,ANU is the manufacturer,datalogger,,False,Australian National University,ANU TerraSAWR,TS007A,False,,False,False,datalogger,1,6T,,6T,1,1,2018-10-10,,2018-10-10/,True,AUS,10.7914/4e87-j738,ANU TerraSAWR (Yellow Box)
confirmed-ANU-built,ANU is the manufacturer,datalogger,,False,Australian National University,ANU TerraSAWR,TS0085A,False,,False,False,datalogger,1,5G,5G,,0,1,2019-08-03,2021-09-13,2019-08-03/2021-09-13,False,Australia,10.7914/SN/5G_2018,ANU TerraSAWR (Yellow Box)
confirmed-ANU-built,ANU is the manufacturer,datalogger,,False,Australian National University,ANU TerraSAWR,TS008A,False,,False,False,datalogger,1,2P,,2P,1,1,2020-09-23,2023-09-20,2020-09-23/2023-09-20,False,AU,10.7914/SN/2P_2020,ANU TerraSAWR (Yellow Box)
confirmed-ANU-built,ANU is the manufacturer,datalogger,,False,Australian National University,ANU TerraSAWR,TS009A,False,,False,False,datalogger,2,3O; 4B,4B,3O,1,3,2019-05-09,2026-05-02,2019-05-09/2026-05-02,False,AU; Australia,10.7914/9j20-yq91; 10.7914/SN/3O_2019,ANU TerraSAWR (Yellow Box)
confirmed-ANU-built,ANU is the manufacturer,datalogger,,False,Australian National University,ANU TerraSAWR,TS010A,False,,False,False,datalogger,1,2P,,2P,1,1,2020-09-10,2023-10-01,2020-09-10/2023-10-01,False,AU,10.7914/SN/2P_2020,ANU TerraSAWR (Yellow Box)
confirmed-ANU-built,ANU is the manufacturer,datalogger,,False,Australian National University,ANU TerraSAWR,TS011A,False,,False,False,datalogger,1,6T,,6T,1,1,2018-10-09,,2018-10-09/,True,AUS,10.7914/4e87-j738,ANU TerraSAWR (Yellow Box)
confirmed-ANU-built,ANU is the manufacturer,datalogger,,False,Australian National University,ANU TerraSAWR,TS012A,False,,False,False,datalogger,2,6T; WG,,6T; WG,2,3,2018-10-09,,2018-10-09/,True,AUS,10.7914/4e87-j738; 10.7914/xagc-se62,ANU TerraSAWR (Yellow Box); ANU TerraSawr
confirmed-ANU-built,ANU is the manufacturer,datalogger,,False,Australian National University,ANU TerraSAWR,TS013A,False,,False,False,datalogger,2,2P; 5G,5G,2P,1,2,2019-07-16,2023-09-22,2019-07-16/2023-09-22,False,AU; Australia,10.7914/SN/2P_2020; 10.7914/SN/5G_2018,ANU TerraSAWR (Yellow Box)
confirmed-ANU-built,ANU is the manufacturer,datalogger,,False,Australian National University,ANU TerraSAWR,TS014A,False,,False,False,datalogger,1,2P,,2P,1,1,2020-09-30,2023-09-21,2020-09-30/2023-09-21,False,AU,10.7914/SN/2P_2020,ANU TerraSAWR (Yellow Box)
confirmed-ANU-built,ANU is the manufacturer,datalogger,,False,Australian National University,ANU TerraSAWR,TS015A,False,,False,False,datalogger,1,6T,,6T,1,1,2018-10-11,,2018-10-11/,True,AUS,10.7914/4e87-j738,ANU TerraSAWR (Yellow Box)
confirmed-ANU-built,ANU is the manufacturer,datalogger,,False,Australian National University,ANU TerraSAWR,TS016A,False,,False,False,datalogger,1,6T,,6T,1,1,2018-10-12,,2018-10-12/,True,AUS,10.7914/4e87-j738,ANU TerraSAWR (Yellow Box)
confirmed-ANU-built,ANU is the manufacturer,datalogger,,False,Australian National University,ANU TerraSAWR,TS017A,False,,False,False,datalogger,2,6T; WG,,6T; WG,2,2,2018-10-10,,2018-10-10/,True,AUS,10.7914/4e87-j738; 10.7914/xagc-se62,ANU TerraSAWR (Yellow Box); ANU TerraSawr
confirmed-ANU-built,ANU is the manufacturer,datalogger,,False,Australian National University,ANU TerraSAWR,TS018A,False,,False,False,datalogger,2,4B; 5G,4B; 5G,,0,2,2019-10-17,2025-06-22,2019-10-17/2025-06-22,False,AU; Australia,10.7914/9j20-yq91; 10.7914/SN/5G_2018,ANU TerraSAWR (Yellow Box)
confirmed-ANU-built,ANU is the manufacturer,datalogger,,False,Australian National University,ANU TerraSAWR,TS019A,False,,False,False,datalogger,2,4B; 5G,4B; 5G,,0,2,2019-10-17,2026-05-01,2019-10-17/2026-05-01,False,AU; Australia,10.7914/9j20-yq91; 10.7914/SN/5G_2018,ANU TerraSAWR (Yellow Box)
confirmed-ANU-built,ANU is the manufacturer,datalogger,,False,Australian National University,ANU TerraSAWR,TS020A,False,,False,False,datalogger,1,3O,,3O,1,1,2019-05-12,2019-12-11,2019-05-12/2019-12-11,False,Australia,10.7914/SN/3O_2019,ANU TerraSAWR (Yellow Box)
confirmed-ANU-built,ANU is the manufacturer,datalogger,,False,Australian National University,ANU TerraSAWR,TS021A,False,,False,False,datalogger,1,3O,,3O,1,1,2019-05-11,2019-11-14,2019-05-11/2019-11-14,False,Australia,10.7914/SN/3O_2019,ANU TerraSAWR (Yellow Box)
confirmed-ANU-built,ANU is the manufacturer,datalogger,,False,Australian National University,ANU TerraSAWR,TS022A,False,,False,False,datalogger,3,2P; 4B; 5G,4B; 5G,2P,1,3,2019-08-03,2026-05-03,2019-08-03/2026-05-03,False,AU; Australia,10.7914/9j20-yq91; 10.7914/SN/2P_2020; 10.7914/SN/5G_2018,ANU TerraSAWR (Yellow Box)
confirmed-ANU-built,ANU is the manufacturer,datalogger,,False,Australian National University,ANU TerraSAWR,TS023A,False,,False,False,datalogger,2,2P; 5G,5G,2P,1,2,2019-10-17,2023-09-22,2019-10-17/2023-09-22,False,AU; Australia,10.7914/SN/2P_2020; 10.7914/SN/5G_2018,ANU TerraSAWR (Yellow Box)
confirmed-ANU-built,ANU is the manufacturer,datalogger,,False,Australian National University,ANU TerraSAWR,TS024A,False,,False,False,datalogger,2,2P; 5G,5G,2P,1,2,2019-10-17,2023-07-16,2019-10-17/2023-07-16,False,AU; Australia,10.7914/SN/2P_2020; 10.7914/SN/5G_2018,ANU TerraSAWR (Yellow Box)
confirmed-ANU-built,ANU is the manufacturer,datalogger,,False,Australian National University,ANU TerraSAWR,TS025A,False,,False,False,datalogger,2,4B; 6T,4B,6T,1,2,2018-10-22,,2018-10-22/,True,AU; AUS,10.7914/4e87-j738; 10.7914/9j20-yq91,ANU TerraSAWR (Yellow Box)
confirmed-ANU-built,ANU is the manufacturer,datalogger,,False,Australian National University,ANU TerraSAWR,TS026A,False,,False,False,datalogger,3,2P; 4B; WG,4B,2P; WG,2,3,2020-09-16,2024-09-29,2020-09-16/2024-09-29,False,AU; Australia,10.7914/9j20-yq91; 10.7914/SN/2P_2020; 10.7914/xagc-se62,ANU TerraSAWR (Yellow Box); ANU TerraSawr
confirmed-ANU-built,ANU is the manufacturer,datalogger,,False,Australian National University,ANU TerraSAWR,TS027A,False,,False,False,datalogger,1,6T,,6T,1,1,2018-10-16,,2018-10-16/,True,AUS,10.7914/4e87-j738,ANU TerraSAWR (Yellow Box)
confirmed-ANU-built,ANU is the manufacturer,datalogger,,False,Australian National University,ANU TerraSAWR,TS028A,False,,False,False,datalogger,2,2P; X5,X5,2P,1,2,2020-08-13,2026-01-05,2020-08-13/2026-01-05,False,AU; NZ,10.7914/8jxr-7029; 10.7914/SN/2P_2020,ANU TerraSAWR (Yellow Box)
confirmed-ANU-built,ANU is the manufacturer,datalogger,,False,Australian National University,ANU TerraSAWR,TS029A,False,,False,False,datalogger,1,6T,,6T,1,1,2018-10-19,,2018-10-19/,True,AUS,10.7914/4e87-j738,ANU TerraSAWR (Yellow Box)
confirmed-ANU-built,ANU is the manufacturer,datalogger,,False,Australian National University,ANU TerraSAWR,TS034A,False,,False,False,datalogger,2,2P; WG,,2P; WG,2,2,2020-09-18,2023-11-27,2020-09-18/2023-11-27,False,AU; Australia,10.7914/SN/2P_2020; 10.7914/xagc-se62,ANU TerraSAWR (Yellow Box); ANU TerraSawr
confirmed-ANU-built,ANU is the manufacturer,datalogger,,False,Australian National University,ANU TerraSAWR,TS035A,False,,False,False,datalogger,2,2P; 4B,4B,2P,1,2,2020-09-30,2026-05-02,2020-09-30/2026-05-02,False,AU,10.7914/9j20-yq91; 10.7914/SN/2P_2020,ANU TerraSAWR (Yellow Box)
confirmed-ANU-built,ANU is the manufacturer,datalogger,,False,Australian National University,ANU TerraSAWR,TS061A,False,,False,False,datalogger,1,6T,,6T,1,1,2018-10-22,,2018-10-22/,True,AUS,10.7914/4e87-j738,ANU TerraSAWR (Yellow Box)
confirmed-ANU-built,ANU is the manufacturer,datalogger,,False,Australian National University,ANU TerraSAWR,TS062A,False,,False,False,datalogger,2,2P; X5,X5,2P,1,2,2020-09-17,2026-01-05,2020-09-17/2026-01-05,False,AU; NZ,10.7914/8jxr-7029; 10.7914/SN/2P_2020,ANU TerraSAWR (Yellow Box)
confirmed-ANU-built,ANU is the manufacturer,datalogger,,False,Australian National University,ANU TerraSAWR,TS063A,False,,False,False,datalogger,2,5G; X5,5G; X5,,0,2,2019-07-16,2024-04-04,2019-07-16/2024-04-04,False,Australia; NZ,10.7914/8jxr-7029; 10.7914/SN/5G_2018,ANU TerraSAWR (Yellow Box)
confirmed-ANU-built,ANU is the manufacturer,datalogger,,False,Australian National University,ANU TerraSAWR,TS064A,False,,False,False,datalogger,2,2P; WG,,2P; WG,2,3,2020-09-17,2025-03-04,2020-09-17/2025-03-04,False,AU; Australia,10.7914/SN/2P_2020; 10.7914/xagc-se62,ANU TerraSAWR (Yellow Box); ANU TerraSawr
confirmed-ANU-built,ANU is the manufacturer,datalogger,,False,Australian National University,ANU TerraSAWR,TS065A,False,,False,False,datalogger,1,6T,,6T,1,1,2018-10-09,,2018-10-09/,True,AUS,10.7914/4e87-j738,ANU TerraSAWR (Yellow Box)
confirmed-ANU-built,ANU is the manufacturer,datalogger,,False,Australian National University,ANU TerraSAWR,TS066A,False,,False,False,datalogger,1,4B,4B,,0,1,2023-03-27,2026-05-05,2023-03-27/2026-05-05,False,AU,10.7914/9j20-yq91,ANU TerraSAWR (Yellow Box)
confirmed-ANU-built,ANU is the manufacturer,datalogger,,False,Australian National University,ANU TerraSAWR,TS067A,False,,False,False,datalogger,1,6T,,6T,1,1,2018-10-10,,2018-10-10/,True,AUS,10.7914/4e87-j738,ANU TerraSAWR (Yellow Box)
confirmed-ANU-built,ANU is the manufacturer,datalogger,,False,Australian National University,ANU TerraSAWR,TS068A,False,,False,False,datalogger,1,2P,,2P,1,1,2020-09-18,2023-06-21,2020-09-18/2023-06-21,False,AU,10.7914/SN/2P_2020,ANU TerraSAWR (Yellow Box)
confirmed-ANU-built,ANU is the manufacturer,datalogger,,False,Australian National University,ANU TerraSAWR,TS069A,False,,False,False,datalogger,3,2P; 3O; X5,X5,2P; 3O,2,3,2019-05-10,2026-01-25,2019-05-10/2026-01-25,False,AU; Australia; NZ,10.7914/8jxr-7029; 10.7914/SN/2P_2020; 10.7914/SN/3O_2019,ANU TerraSAWR (Yellow Box)
confirmed-ANU-built,ANU is the manufacturer,datalogger,,False,Australian National University,ANU TerraSAWR,TS070A,False,,False,False,datalogger,3,4B; 5G; WG,4B; 5G,WG,1,3,2018-10-28,2025-05-24,2018-10-28/2025-05-24,False,AU; Australia,10.7914/9j20-yq91; 10.7914/SN/5G_2018; 10.7914/xagc-se62,ANU TerraSAWR (Yellow Box); ANU TerraSawr
confirmed-ANU-built,ANU is the manufacturer,datalogger,,False,Australian National University,ANU TerraSAWR,TS071A,False,,False,False,datalogger,2,2P; 4B,4B,2P,1,2,2020-09-16,2025-06-03,2020-09-16/2025-06-03,False,AU,10.7914/9j20-yq91; 10.7914/SN/2P_2020,ANU TerraSAWR (Yellow Box)
confirmed-ANU-built,ANU is the manufacturer,datalogger,,False,Australian National University,ANU TerraSAWR,TS072A,False,,False,False,datalogger,2,2P; 6T,,2P; 6T,2,2,2018-10-22,,2018-10-22/,True,AU; AUS,10.7914/4e87-j738; 10.7914/SN/2P_2020,ANU TerraSAWR (Yellow Box)
confirmed-ANU-built,ANU is the manufacturer,datalogger,,False,Australian National University,ANU TerraSAWR,TS073A,False,,False,False,datalogger,2,2P; 4B,4B,2P,1,2,2020-09-11,2026-05-01,2020-09-11/2026-05-01,False,AU,10.7914/9j20-yq91; 10.7914/SN/2P_2020,ANU TerraSAWR (Yellow Box)
confirmed-ANU-built,ANU is the manufacturer,datalogger,,False,Australian National University,ANU TerraSAWR,TS074A,False,,False,False,datalogger,1,6T,,6T,1,1,2018-10-18,,2018-10-18/,True,AUS,10.7914/4e87-j738,ANU TerraSAWR (Yellow Box)
confirmed-ANU-built,ANU is the manufacturer,datalogger,,False,Australian National University,ANU TerraSAWR,TS075A,False,,False,False,datalogger,2,2P; 5G,5G,2P,1,2,2019-10-17,2023-05-11,2019-10-17/2023-05-11,False,AU; Australia,10.7914/SN/2P_2020; 10.7914/SN/5G_2018,ANU TerraSAWR (Yellow Box)
confirmed-ANU-built,ANU is the manufacturer,datalogger,,False,Australian National University,ANU TerraSAWR,TS076A,False,,False,False,datalogger,1,2P,,2P,1,1,2020-09-23,2023-09-20,2020-09-23/2023-09-20,False,AU,10.7914/SN/2P_2020,ANU TerraSAWR (Yellow Box)
confirmed-ANU-built,ANU is the manufacturer,datalogger,,False,Australian National University,ANU TerraSAWR,TS077A,False,,False,False,datalogger,2,4B; 5G,4B; 5G,,0,2,2019-10-17,2026-03-18,2019-10-17/2026-03-18,False,AU; Australia,10.7914/9j20-yq91; 10.7914/SN/5G_2018,ANU TerraSAWR (Yellow Box)
confirmed-ANU-built,ANU is the manufacturer,datalogger,,False,Australian National University,ANU TerraSAWR,TS078A,False,,False,False,datalogger,1,3O,,3O,1,1,2019-05-10,2020-05-13,2019-05-10/2020-05-13,False,Australia,10.7914/SN/3O_2019,ANU TerraSAWR (Yellow Box)
confirmed-ANU-built,ANU is the manufacturer,datalogger,,False,Australian National University,ANU TerraSAWR,TS079A,False,,False,False,datalogger,1,6T,,6T,1,1,2018-10-10,,2018-10-10/,True,AUS,10.7914/4e87-j738,ANU TerraSAWR (Yellow Box)
confirmed-ANU-built,ANU is the manufacturer,datalogger,,False,Australian National University,ANU TerraSAWR,TS080A,False,,False,False,datalogger,1,6T,,6T,1,2,2018-10-09,,2018-10-09/,True,AUS,10.7914/4e87-j738,ANU TerraSAWR (Yellow Box)
confirmed-ANU-built,ANU is the manufacturer,datalogger,,False,Australian National University,ANU TerraSAWR,TS081A,False,,False,False,datalogger,2,3O; 4B,4B,3O,1,2,2019-05-10,2026-05-06,2019-05-10/2026-05-06,False,AU; Australia,10.7914/9j20-yq91; 10.7914/SN/3O_2019,ANU TerraSAWR (Yellow Box)
confirmed-ANU-built,ANU is the manufacturer,datalogger,,False,Australian National University,ANU TerraSAWR,TS082A,False,,False,False,datalogger,2,3O; 4B,4B,3O,1,2,2019-05-10,2026-05-05,2019-05-10/2026-05-05,False,AU; Australia,10.7914/9j20-yq91; 10.7914/SN/3O_2019,ANU TerraSAWR (Yellow Box)
confirmed-ANU-built,ANU is the manufacturer,datalogger,,False,Australian National University,ANU TerraSAWR,TS083A,False,,False,False,datalogger,1,4B,4B,,0,1,2023-03-29,2026-05-01,2023-03-29/2026-05-01,False,AU,10.7914/9j20-yq91,ANU TerraSAWR (Yellow Box)
confirmed-ANU-built,ANU is the manufacturer,datalogger,,False,Australian National University,ANU TerraSAWR,TS084A,False,,False,False,datalogger,1,3O,,3O,1,1,2019-05-12,2019-10-08,2019-05-12/2019-10-08,False,Australia,10.7914/SN/3O_2019,ANU TerraSAWR (Yellow Box)
confirmed-ANU-built,ANU is the manufacturer,datalogger,,False,Australian National University,ANU TerraSAWR,TS085A,False,,False,False,datalogger,1,X5,X5,,0,1,2023-05-02,2026-01-26,2023-05-02/2026-01-26,False,NZ,10.7914/8jxr-7029,ANU TerraSAWR (Yellow Box)
confirmed-ANU-built,ANU is the manufacturer,datalogger,,False,Australian National University,ANU TerraSAWR,TS087A,False,,False,False,datalogger,2,2P; WG,,2P; WG,2,2,2020-09-23,2026-03-18,2020-09-23/2026-03-18,False,AU,10.7914/SN/2P_2020; 10.7914/xagc-se62,ANU TerraSAWR (Yellow Box); ANU TerraSawr
confirmed-ANU-built,ANU is the manufacturer,datalogger,,False,Australian National University,ANU TerraSAWR,TS088A,False,,False,False,datalogger,2,4B; WG,4B,WG,1,2,2023-03-30,2026-03-29,2023-03-30/2026-03-29,False,AU,10.7914/9j20-yq91; 10.7914/xagc-se62,ANU TerraSAWR (Yellow Box); ANU TerraSawr
confirmed-ANU-built,ANU is the manufacturer,datalogger,,False,Australian National University,ANU TerraSAWR,TS089A,False,,False,False,datalogger,1,4B,4B,,0,1,2023-03-28,2025-05-26,2023-03-28/2025-05-26,False,AU,10.7914/9j20-yq91,ANU TerraSAWR (Yellow Box)
confirmed-ANU-built,ANU is the manufacturer,datalogger,,False,Australian National University,ANU TerraSAWR,TS090A,False,,False,False,datalogger,2,4B; 5G,4B; 5G,,0,2,2019-10-17,2026-05-02,2019-10-17/2026-05-02,False,AU; Australia,10.7914/9j20-yq91; 10.7914/SN/5G_2018,ANU TerraSAWR (Yellow Box)
confirmed-ANU-built,ANU is the manufacturer,datalogger,,False,Australian National University,ANU TerraSAWR,TS091A,False,,False,False,datalogger,1,2P,,2P,1,1,2020-09-30,2023-09-20,2020-09-30/2023-09-20,False,AU,10.7914/SN/2P_2020,ANU TerraSAWR (Yellow Box)
confirmed-ANU-built,ANU is the manufacturer,datalogger,,False,Australian National University,ANU TerraSAWR,TS092A,False,,False,False,datalogger,1,5G,5G,,0,1,2019-10-17,2020-11-13,2019-10-17/2020-11-13,False,Australia,10.7914/SN/5G_2018,ANU TerraSAWR (Yellow Box)
confirmed-ANU-built,ANU is the manufacturer,datalogger,,False,Australian National University,ANU TerraSAWR,TS093A,False,,False,False,datalogger,1,2P,,2P,1,1,2020-09-10,2023-05-11,2020-09-10/2023-05-11,False,AU,10.7914/SN/2P_2020,ANU TerraSAWR (Yellow Box)
confirmed-ANU-built,ANU is the manufacturer,datalogger,,False,Australian National University,ANU TerraSAWR,TS094A,False,,False,False,datalogger,2,1L; 2P,,1L; 2P,2,3,2020-09-17,2023-07-16,2020-09-17/2023-07-16,False,AU; Australia,10.7914/63mk-n625; 10.7914/SN/2P_2020,ANU TerraSAWR (Yellow Box)
confirmed-ANU-built,ANU is the manufacturer,datalogger,,False,Australian National University,ANU TerraSAWR,TS095A,False,,False,False,datalogger,1,2P,,2P,1,1,2020-09-23,2023-06-22,2020-09-23/2023-06-22,False,AU,10.7914/SN/2P_2020,ANU TerraSAWR (Yellow Box)
confirmed-AuScope,AuScope experiment: YB,nodal-short-period,,False,DTCC (SmartSolo),DTCC SmartSolo 16HR-1C,350012920,False,,False,True,sensor,1,YB,YB,,0,1,2026-03-12,2026-04-10,2026-03-12/2026-04-10,False,AUS,10.7914/g75f-4a16,DTCC SmartSolo 16HR-1C 5 Hz 76.6 V/m/s
confirmed-AuScope,AuScope experiment: YB,nodal-short-period,,False,DTCC (SmartSolo),DTCC SmartSolo 16HR-1C,350022197,False,,False,True,sensor,1,YB,YB,,0,1,2026-03-12,2026-04-10,2026-03-12/2026-04-10,False,AUS,10.7914/g75f-4a16,DTCC SmartSolo 16HR-1C 5 Hz 76.6 V/m/s
confirmed-AuScope,AuScope experiment: YB,nodal-short-period,,False,DTCC (SmartSolo),DTCC SmartSolo 16HR-1C,350022297,False,,False,True,sensor,1,YB,YB,,0,1,2026-03-12,2026-04-10,2026-03-12/2026-04-10,False,AUS,10.7914/g75f-4a16,DTCC SmartSolo 16HR-1C 5 Hz 76.6 V/m/s
confirmed-AuScope,AuScope experiment: YB,nodal-short-period,,False,DTCC (SmartSolo),DTCC SmartSolo 16HR-1C,350023694,False,,False,True,sensor,1,YB,YB,,0,1,2026-03-12,2026-04-10,2026-03-12/2026-04-10,False,AUS,10.7914/g75f-4a16,DTCC SmartSolo 16HR-1C 5 Hz 76.6 V/m/s
confirmed-AuScope,AuScope experiment: YB,nodal-short-period,,False,DTCC (SmartSolo),DTCC SmartSolo 16HR-1C,350024487,False,,False,True,sensor,1,YB,YB,,0,1,2026-03-12,2026-04-10,2026-03-12/2026-04-10,False,AUS,10.7914/g75f-4a16,DTCC SmartSolo 16HR-1C 5 Hz 76.6 V/m/s
confirmed-AuScope,AuScope experiment: YB,nodal-short-period,,False,DTCC (SmartSolo),DTCC SmartSolo 16HR-1C,350024571,False,,False,True,sensor,1,YB,YB,,0,1,2026-03-12,2026-04-10,2026-03-12/2026-04-10,False,AUS,10.7914/g75f-4a16,DTCC SmartSolo 16HR-1C 5 Hz 76.6 V/m/s
confirmed-AuScope,AuScope experiment: YB,nodal-short-period,,False,DTCC (SmartSolo),DTCC SmartSolo 16HR-1C,350024866,False,,False,True,sensor,1,YB,YB,,0,1,2026-03-12,2026-04-09,2026-03-12/2026-04-09,False,AUS,10.7914/g75f-4a16,DTCC SmartSolo 16HR-1C 5 Hz 76.6 V/m/s
confirmed-AuScope,AuScope experiment: YB,nodal-short-period,,False,DTCC (SmartSolo),DTCC SmartSolo 16HR-1C,350025316,False,,False,True,sensor,1,YB,YB,,0,1,2026-03-12,2026-04-10,2026-03-12/2026-04-10,False,AUS,10.7914/g75f-4a16,DTCC SmartSolo 16HR-1C 5 Hz 76.6 V/m/s
confirmed-AuScope,AuScope experiment: YB,nodal-short-period,,False,DTCC (SmartSolo),DTCC SmartSolo 16HR-1C,350025418,False,,False,True,sensor,1,YB,YB,,0,1,2026-03-12,2026-04-10,2026-03-12/2026-04-10,False,AUS,10.7914/g75f-4a16,DTCC SmartSolo 16HR-1C 5 Hz 76.6 V/m/s
confirmed-AuScope,"AuScope experiment: LAKE GEORGE,MT STROMLO,OKSN,WETA",nodal-short-period,,False,DTCC (SmartSolo),DTCC SmartSolo 16HR-3C,453001632,False,,False,True,sensor,4,1G; 2E; 9B; Y7,1G; 2E; 9B; Y7,,0,7,2020-08-31,2026-03-12,2020-08-31/2026-03-12,False,Australia; NZ; New Zealand,10.7914/37v8-hv88; 10.7914/kd1t-kt29; 10.7914/t2z3-2m87; 10.7914/z6kv-sg06,DTCC SmartSolo 16HR-3C 5 Hz 76.6 V/m/s; DTCC SmartSolo DT-SOLO 16HR-3C 76.6 Vms; DTCC/SmartSolo DT-SOLO 5hz 76.6 V/m/s
confirmed-AuScope,"AuScope experiment: EYRE PENINSULA,LAKE GEORGE,MT STROMLO",nodal-short-period,,False,DTCC (SmartSolo),DTCC SmartSolo 16HR-3C,453001645,False,,False,True,sensor,3,1G; 9B; 9M,1G; 9B; 9M,,0,3,2020-08-31,2024-03-28,2020-08-31/2024-03-28,False,AUS; Australia,10.7914/ac1p-7y35; 10.7914/t2z3-2m87; 10.7914/z6kv-sg06,DTCC SmartSolo 16HR-3C 5 Hz 76.6 V/m/s; DTCC SmartSolo DT-SOLO 16HR-3C 76.6 Vms; DTCC/SmartSolo DT-SOLO 5hz 76.6 V/m/s
confirmed-AuScope,"AuScope experiment: EYRE PENINSULA,LAKE GEORGE,MT STROMLO,MUNDI MUNDI",nodal-short-period,,False,DTCC (SmartSolo),DTCC SmartSolo 16HR-3C,453001662,False,,False,True,sensor,4,1G; 1H; 9B; 9M,1G; 1H; 9B; 9M,,0,5,2020-08-31,2024-11-04,2020-08-31/2024-11-04,False,AUS; Australia,10.7914/ac1p-7y35; 10.7914/psbw-7z20; 10.7914/t2z3-2m87; 10.7914/z6kv-sg06,DTCC SmartSolo 16HR-3C 5 Hz 76.6 V/m/s; DTCC SmartSolo DT-SOLO 16HR-3C 76.6 Vms; DTCC/SmartSolo DT-SOLO 5hz 76.6 V/m/s
confirmed-AuScope,"AuScope experiment: ALiRT,CURNAMONA CUBE,DASH/SISSLE,LAKE GEORGE,MT STROMLO,OKSN",nodal-short-period,,False,DTCC (SmartSolo),DTCC SmartSolo 16HR-3C,453001672,False,,False,True,sensor,6,1G; 2B; 3X; 4Z; 9B; Y7,1G; 2B; 3X; 4Z; 9B; Y7,,0,11,2020-08-31,2026-03-12,2020-08-31/2026-03-12,False,Australia; NZ,10.7914/6q5b-va48; 10.7914/bfp8-xv25; 10.7914/kd1t-kt29; 10.7914/pgt8-x273; 10.7914/t2z3-2m87; 10.7914/z6kv-sg06,DTCC SmartSolo 16HR-3C 5 Hz 76.6 V/m/s; DTCC SmartSolo DT-SOLO 16HR-3C 76.6 Vms; DTCC/SmartSolo DT-SOLO 5hz 76.6 V/m/s
confirmed-AuScope,"AuScope experiment: LAKE GEORGE,MT STROMLO,OKSN,WETA",nodal-short-period,,False,DTCC (SmartSolo),DTCC SmartSolo 16HR-3C,453001679,False,,False,True,sensor,4,1G; 2E; 9B; Y7,1G; 2E; 9B; Y7,,0,7,2020-08-31,2026-03-10,2020-08-31/2026-03-10,False,Australia; NZ; New Zealand,10.7914/37v8-hv88; 10.7914/kd1t-kt29; 10.7914/t2z3-2m87; 10.7914/z6kv-sg06,DTCC SmartSolo 16HR-3C 5 Hz 76.6 V/m/s; DTCC SmartSolo DT-SOLO 16HR-3C 76.6 Vms; DTCC/SmartSolo DT-SOLO 5hz 76.6 V/m/s
confirmed-AuScope,"AuScope experiment: EYRE PENINSULA,LAKE GEORGE,MT STROMLO,MUNDI MUNDI",nodal-short-period,,False,DTCC (SmartSolo),DTCC SmartSolo 16HR-3C,453001688,False,,False,True,sensor,4,1G; 1H; 9B; 9M,1G; 1H; 9B; 9M,,0,5,2020-08-31,2024-11-05,2020-08-31/2024-11-05,False,AUS; Australia,10.7914/ac1p-7y35; 10.7914/psbw-7z20; 10.7914/t2z3-2m87; 10.7914/z6kv-sg06,DTCC SmartSolo 16HR-3C 5 Hz 76.6 V/m/s; DTCC SmartSolo DT-SOLO 16HR-3C 76.6 Vms; DTCC/SmartSolo DT-SOLO 5hz 76.6 V/m/s
confirmed-AuScope,"AuScope experiment: LAKE GEORGE,MT STROMLO",nodal-short-period,,False,DTCC (SmartSolo),DTCC SmartSolo 16HR-3C,453001698,True,,False,False,sensor,2,1G; 9B,1G; 9B,,0,2,2020-08-31,2021-01-07,2020-08-31/2021-01-07,False,Australia,10.7914/t2z3-2m87; 10.7914/z6kv-sg06,DTCC SmartSolo DT-SOLO 16HR-3C 76.6 Vms; DTCC/SmartSolo DT-SOLO 5hz 76.6 V/m/s
confirmed-AuScope,"AuScope experiment: LAKE GEORGE,OKSN,WETA",nodal-short-period,,False,DTCC (SmartSolo),DTCC SmartSolo 16HR-3C,453001743,False,,False,True,sensor,3,1G; 2E; Y7,1G; 2E; Y7,,0,5,2020-12-11,2026-03-08,2020-12-11/2026-03-08,False,Australia; NZ; New Zealand,10.7914/37v8-hv88; 10.7914/kd1t-kt29; 10.7914/t2z3-2m87,DTCC SmartSolo 16HR-3C 5 Hz 76.6 V/m/s; DTCC SmartSolo DT-SOLO 16HR-3C 76.6 Vms
confirmed-AuScope,"AuScope experiment: LAKE GEORGE,MT STROMLO,OKSN,WETA",nodal-short-period,,False,DTCC (SmartSolo),DTCC SmartSolo 16HR-3C,453001758,False,,False,True,sensor,4,1G; 2E; 9B; Y7,1G; 2E; 9B; Y7,,0,9,2020-08-31,2026-03-10,2020-08-31/2026-03-10,False,Australia; NZ; New Zealand,10.7914/37v8-hv88; 10.7914/kd1t-kt29; 10.7914/t2z3-2m87; 10.7914/z6kv-sg06,DTCC SmartSolo 16HR-3C 5 Hz 76.6 V/m/s; DTCC SmartSolo DT-SOLO 16HR-3C 76.6 Vms; DTCC/SmartSolo DT-SOLO 5hz 76.6 V/m/s
confirmed-AuScope,"AuScope experiment: BMNTE,EYRE PENINSULA,LAKE GEORGE",nodal-short-period,,False,DTCC (SmartSolo),DTCC SmartSolo 16HR-3C,453001792,False,,False,True,sensor,3,1G; 8A; 9M,1G; 8A; 9M,,0,3,2020-12-21,2024-09-24,2020-12-21/2024-09-24,False,AU; AUS; Australia,10.7914/ac1p-7y35; 10.7914/ps89-gf83; 10.7914/t2z3-2m87,DTCC SmartSolo 16HR-3C 5 Hz 76.6 V/m/s; DTCC SmartSolo DT-SOLO 16HR-3C 76.6 Vms
confirmed-AuScope,"AuScope experiment: EYRE PENINSULA,LAKE GEORGE,MT STROMLO",nodal-short-period,,False,DTCC (SmartSolo),DTCC SmartSolo 16HR-3C,453001836,False,,False,True,sensor,3,1G; 9B; 9M,1G; 9B; 9M,,0,3,2020-08-31,2024-03-29,2020-08-31/2024-03-29,False,AUS; Australia,10.7914/ac1p-7y35; 10.7914/t2z3-2m87; 10.7914/z6kv-sg06,DTCC SmartSolo 16HR-3C 5 Hz 76.6 V/m/s; DTCC SmartSolo DT-SOLO 16HR-3C 76.6 Vms; DTCC/SmartSolo DT-SOLO 5hz 76.6 V/m/s
confirmed-AuScope,"AuScope experiment: LAKE GEORGE,OKSN,WETA",nodal-short-period,,False,DTCC (SmartSolo),DTCC SmartSolo 16HR-3C,453001838,False,,False,True,sensor,3,1G; 2E; Y7,1G; 2E; Y7,,0,7,2020-12-11,2026-03-11,2020-12-11/2026-03-11,False,Australia; NZ; New Zealand,10.7914/37v8-hv88; 10.7914/kd1t-kt29; 10.7914/t2z3-2m87,DTCC SmartSolo 16HR-3C 5 Hz 76.6 V/m/s; DTCC SmartSolo DT-SOLO 16HR-3C 76.6 Vms
confirmed-AuScope,"AuScope experiment: DASH/SISSLE,LAKE GEORGE,MT STROMLO",nodal-short-period,,False,DTCC (SmartSolo),DTCC SmartSolo 16HR-3C,453001839,False,,False,True,sensor,3,1G; 2B; 9B,1G; 2B; 9B,,0,3,2020-08-31,2023-11-06,2020-08-31/2023-11-06,False,Australia; NZ,10.7914/bfp8-xv25; 10.7914/t2z3-2m87; 10.7914/z6kv-sg06,DTCC SmartSolo 16HR-3C 5 Hz 76.6 V/m/s; DTCC SmartSolo DT-SOLO 16HR-3C 76.6 Vms; DTCC/SmartSolo DT-SOLO 5hz 76.6 V/m/s
confirmed-AuScope,"AuScope experiment: LAKE GEORGE,OKSN,WETA",nodal-short-period,,False,DTCC (SmartSolo),DTCC SmartSolo 16HR-3C,453001840,False,,False,True,sensor,3,1G; 2E; Y7,1G; 2E; Y7,,0,6,2020-12-10,2026-03-11,2020-12-10/2026-03-11,False,Australia; NZ; New Zealand,10.7914/37v8-hv88; 10.7914/kd1t-kt29; 10.7914/t2z3-2m87,DTCC SmartSolo 16HR-3C 5 Hz 76.6 V/m/s; DTCC SmartSolo DT-SOLO 16HR-3C 76.6 Vms
confirmed-AuScope,"AuScope experiment: EYRE PENINSULA,LAKE GEORGE,MT STROMLO,MUNDI MUNDI",nodal-short-period,,False,DTCC (SmartSolo),DTCC SmartSolo 16HR-3C,453001850,False,,False,True,sensor,4,1G; 1H; 9B; 9M,1G; 1H; 9B; 9M,,0,5,2020-08-31,2024-11-04,2020-08-31/2024-11-04,False,AUS; Australia,10.7914/ac1p-7y35; 10.7914/psbw-7z20; 10.7914/t2z3-2m87; 10.7914/z6kv-sg06,DTCC SmartSolo 16HR-3C 5 Hz 76.6 V/m/s; DTCC SmartSolo DT-SOLO 16HR-3C 76.6 Vms; DTCC/SmartSolo DT-SOLO 5hz 76.6 V/m/s
confirmed-AuScope,"AuScope experiment: ALiRT,CURNAMONA CUBE,DASH/SISSLE,LAKE GEORGE,OKSN",nodal-short-period,,False,DTCC (SmartSolo),DTCC SmartSolo 16HR-3C,453001859,False,,False,True,sensor,5,1G; 2B; 3X; 4Z; Y7,1G; 2B; 3X; 4Z; Y7,,0,7,2020-12-10,2026-03-08,2020-12-10/2026-03-08,False,Australia; NZ,10.7914/6q5b-va48; 10.7914/bfp8-xv25; 10.7914/kd1t-kt29; 10.7914/pgt8-x273; 10.7914/t2z3-2m87,DTCC SmartSolo 16HR-3C 5 Hz 76.6 V/m/s; DTCC SmartSolo DT-SOLO 16HR-3C 76.6 Vms
confirmed-AuScope,"AuScope experiment: EYRE PENINSULA,LAKE GEORGE,MT STROMLO,MUNDI MUNDI",nodal-short-period,,False,DTCC (SmartSolo),DTCC SmartSolo 16HR-3C,453001873,False,,False,True,sensor,4,1G; 1H; 9B; 9M,1G; 1H; 9B; 9M,,0,5,2020-08-31,2024-11-05,2020-08-31/2024-11-05,False,AUS; Australia,10.7914/ac1p-7y35; 10.7914/psbw-7z20; 10.7914/t2z3-2m87; 10.7914/z6kv-sg06,DTCC SmartSolo 16HR-3C 5 Hz 76.6 V/m/s; DTCC SmartSolo DT-SOLO 16HR-3C 76.6 Vms; DTCC/SmartSolo DT-SOLO 5hz 76.6 V/m/s
confirmed-AuScope,"AuScope experiment: CURNAMONA CUBE,LAKE GEORGE,MT STROMLO,OKSN,WETA",nodal-short-period,,False,DTCC (SmartSolo),DTCC SmartSolo 16HR-3C,453001886,False,,False,True,sensor,5,1G; 2E; 3X; 9B; Y7,1G; 2E; 3X; 9B; Y7,,0,8,2020-08-31,2026-03-10,2020-08-31/2026-03-10,False,Australia; NZ; New Zealand,10.7914/37v8-hv88; 10.7914/6q5b-va48; 10.7914/kd1t-kt29; 10.7914/t2z3-2m87; 10.7914/z6kv-sg06,DTCC SmartSolo 16HR-3C 5 Hz 76.6 V/m/s; DTCC SmartSolo DT-SOLO 16HR-3C 76.6 Vms; DTCC/SmartSolo DT-SOLO 5hz 76.6 V/m/s
confirmed-AuScope,"AuScope experiment: CURNAMONA CUBE,LAKE GEORGE,OKSN,WETA",nodal-short-period,,False,DTCC (SmartSolo),DTCC SmartSolo 16HR-3C,453001889,False,,False,True,sensor,4,1G; 2E; 3X; Y7,1G; 2E; 3X; Y7,,0,6,2020-12-11,2026-03-12,2020-12-11/2026-03-12,False,Australia; NZ; New Zealand,10.7914/37v8-hv88; 10.7914/6q5b-va48; 10.7914/kd1t-kt29; 10.7914/t2z3-2m87,DTCC SmartSolo 16HR-3C 5 Hz 76.6 V/m/s; DTCC SmartSolo DT-SOLO 16HR-3C 76.6 Vms
confirmed-AuScope,"AuScope experiment: CURNAMONA CUBE,LAKE GEORGE,MT STROMLO,OKSN,WETA",nodal-short-period,,False,DTCC (SmartSolo),DTCC SmartSolo 16HR-3C,453001891,False,,False,True,sensor,5,1G; 2E; 3X; 9B; Y7,1G; 2E; 3X; 9B; Y7,,0,8,2020-08-31,2026-03-11,2020-08-31/2026-03-11,False,Australia; NZ; New Zealand,10.7914/37v8-hv88; 10.7914/6q5b-va48; 10.7914/kd1t-kt29; 10.7914/t2z3-2m87; 10.7914/z6kv-sg06,DTCC SmartSolo 16HR-3C 5 Hz 76.6 V/m/s; DTCC SmartSolo DT-SOLO 16HR-3C 76.6 Vms; DTCC/SmartSolo DT-SOLO 5hz 76.6 V/m/s
confirmed-AuScope,"AuScope experiment: LAKE GEORGE,MT STROMLO,OKSN,WETA",nodal-short-period,,False,DTCC (SmartSolo),DTCC SmartSolo 16HR-3C,453001897,False,,False,True,sensor,4,1G; 2E; 9B; Y7,1G; 2E; 9B; Y7,,0,7,2020-08-31,2026-03-12,2020-08-31/2026-03-12,False,Australia; NZ; New Zealand,10.7914/37v8-hv88; 10.7914/kd1t-kt29; 10.7914/t2z3-2m87; 10.7914/z6kv-sg06,DTCC SmartSolo 16HR-3C 5 Hz 76.6 V/m/s; DTCC SmartSolo DT-SOLO 16HR-3C 76.6 Vms; DTCC/SmartSolo DT-SOLO 5hz 76.6 V/m/s
confirmed-AuScope,"AuScope experiment: LAKE GEORGE,MT STROMLO,OKSN,WETA",nodal-short-period,,False,DTCC (SmartSolo),DTCC SmartSolo 16HR-3C,453001918,False,,False,True,sensor,4,1G; 2E; 9B; Y7,1G; 2E; 9B; Y7,,0,8,2020-08-31,2026-03-11,2020-08-31/2026-03-11,False,Australia; NZ; New Zealand,10.7914/37v8-hv88; 10.7914/kd1t-kt29; 10.7914/t2z3-2m87; 10.7914/z6kv-sg06,DTCC SmartSolo 16HR-3C 5 Hz 76.6 V/m/s; DTCC SmartSolo DT-SOLO 16HR-3C 76.6 Vms; DTCC/SmartSolo DT-SOLO 5hz 76.6 V/m/s
confirmed-AuScope,"AuScope experiment: LAKE GEORGE,MT STROMLO,OKSN,WETA",nodal-short-period,,False,DTCC (SmartSolo),DTCC SmartSolo 16HR-3C,453001933,False,,False,True,sensor,4,1G; 2E; 9B; Y7,1G; 2E; 9B; Y7,,0,7,2020-08-31,2026-03-11,2020-08-31/2026-03-11,False,Australia; NZ; New Zealand,10.7914/37v8-hv88; 10.7914/kd1t-kt29; 10.7914/t2z3-2m87; 10.7914/z6kv-sg06,DTCC SmartSolo 16HR-3C 5 Hz 76.6 V/m/s; DTCC SmartSolo DT-SOLO 16HR-3C 76.6 Vms; DTCC/SmartSolo DT-SOLO 5hz 76.6 V/m/s
confirmed-AuScope,"AuScope experiment: CURNAMONA CUBE,DASH/SISSLE,LAKE GEORGE,MT STROMLO,OKSN,WETA",nodal-short-period,,False,DTCC (SmartSolo),DTCC SmartSolo 16HR-3C,453001935,False,,False,True,sensor,6,1G; 2B; 2E; 3X; 9B; Y7,1G; 2B; 2E; 3X; 9B; Y7,,0,9,2020-08-31,2026-03-10,2020-08-31/2026-03-10,False,Australia; NZ; New Zealand,10.7914/37v8-hv88; 10.7914/6q5b-va48; 10.7914/bfp8-xv25; 10.7914/kd1t-kt29; 10.7914/t2z3-2m87; 10.7914/z6kv-sg06,DTCC SmartSolo 16HR-3C 5 Hz 76.6 V/m/s; DTCC SmartSolo DT-SOLO 16HR-3C 76.6 Vms; DTCC/SmartSolo DT-SOLO 5hz 76.6 V/m/s
confirmed-AuScope,"AuScope experiment: ALiRT,CURNAMONA CUBE,LAKE GEORGE,MT STROMLO,OKSN,WETA",nodal-short-period,,False,DTCC (SmartSolo),DTCC SmartSolo 16HR-3C,453001949,False,,False,True,sensor,6,1G; 2E; 3X; 4Z; 9B; Y7,1G; 2E; 3X; 4Z; 9B; Y7,,0,11,2020-08-31,2026-03-10,2020-08-31/2026-03-10,False,Australia; NZ; New Zealand,10.7914/37v8-hv88; 10.7914/6q5b-va48; 10.7914/kd1t-kt29; 10.7914/pgt8-x273; 10.7914/t2z3-2m87; 10.7914/z6kv-sg06,DTCC SmartSolo 16HR-3C 5 Hz 76.6 V/m/s; DTCC SmartSolo DT-SOLO 16HR-3C 76.6 Vms; DTCC/SmartSolo DT-SOLO 5hz 76.6 V/m/s
confirmed-AuScope,"AuScope experiment: DASH/SISSLE,LAKE GEORGE,MT STROMLO,OKSN",nodal-short-period,,False,DTCC (SmartSolo),DTCC SmartSolo 16HR-3C,453001957,False,,False,True,sensor,4,1G; 2B; 9B; Y7,1G; 2B; 9B; Y7,,0,8,2020-08-31,2026-03-11,2020-08-31/2026-03-11,False,Australia; NZ,10.7914/bfp8-xv25; 10.7914/kd1t-kt29; 10.7914/t2z3-2m87; 10.7914/z6kv-sg06,DTCC SmartSolo 16HR-3C 5 Hz 76.6 V/m/s; DTCC SmartSolo DT-SOLO 16HR-3C 76.6 Vms; DTCC/SmartSolo DT-SOLO 5hz 76.6 V/m/s
confirmed-AuScope,"AuScope experiment: ALiRT,CURNAMONA CUBE,DASH/SISSLE,LAKE GEORGE,MT STROMLO,OKSN",nodal-short-period,,False,DTCC (SmartSolo),DTCC SmartSolo 16HR-3C,453001964,False,,False,True,sensor,6,1G; 2B; 3X; 4Z; 9B; Y7,1G; 2B; 3X; 4Z; 9B; Y7,,0,11,2020-08-31,2026-03-09,2020-08-31/2026-03-09,False,Australia; NZ,10.7914/6q5b-va48; 10.7914/bfp8-xv25; 10.7914/kd1t-kt29; 10.7914/pgt8-x273; 10.7914/t2z3-2m87; 10.7914/z6kv-sg06,DTCC SmartSolo 16HR-3C 5 Hz 76.6 V/m/s; DTCC SmartSolo DT-SOLO 16HR-3C 76.6 Vms; DTCC/SmartSolo DT-SOLO 5hz 76.6 V/m/s
confirmed-AuScope,"AuScope experiment: LAKE GEORGE,MT STROMLO,OKSN,WETA",nodal-short-period,,False,DTCC (SmartSolo),DTCC SmartSolo 16HR-3C,453001967,False,,False,True,sensor,4,1G; 2E; 9B; Y7,1G; 2E; 9B; Y7,,0,9,2020-08-31,2026-03-11,2020-08-31/2026-03-11,False,Australia; NZ; New Zealand,10.7914/37v8-hv88; 10.7914/kd1t-kt29; 10.7914/t2z3-2m87; 10.7914/z6kv-sg06,DTCC SmartSolo 16HR-3C 5 Hz 76.6 V/m/s; DTCC SmartSolo DT-SOLO 16HR-3C 76.6 Vms; DTCC/SmartSolo DT-SOLO 5hz 76.6 V/m/s
confirmed-AuScope,"AuScope experiment: CURNAMONA CUBE,LAKE GEORGE,MT STROMLO,OKSN,WETA",nodal-short-period,,False,DTCC (SmartSolo),DTCC SmartSolo 16HR-3C,453001990,False,,False,True,sensor,5,1G; 2E; 3X; 9B; Y7,1G; 2E; 3X; 9B; Y7,,0,8,2020-08-31,2026-03-09,2020-08-31/2026-03-09,False,Australia; NZ; New Zealand,10.7914/37v8-hv88; 10.7914/6q5b-va48; 10.7914/kd1t-kt29; 10.7914/t2z3-2m87; 10.7914/z6kv-sg06,DTCC SmartSolo 16HR-3C 5 Hz 76.6 V/m/s; DTCC SmartSolo DT-SOLO 16HR-3C 76.6 Vms; DTCC/SmartSolo DT-SOLO 5hz 76.6 V/m/s
confirmed-AuScope,"AuScope experiment: CURNAMONA CUBE,LAKE GEORGE,MT STROMLO,OKSN,WETA",nodal-short-period,,False,DTCC (SmartSolo),DTCC SmartSolo 16HR-3C,453001991,False,,False,True,sensor,5,1G; 2E; 3X; 9B; Y7,1G; 2E; 3X; 9B; Y7,,0,8,2020-08-31,2026-03-11,2020-08-31/2026-03-11,False,Australia; NZ; New Zealand,10.7914/37v8-hv88; 10.7914/6q5b-va48; 10.7914/kd1t-kt29; 10.7914/t2z3-2m87; 10.7914/z6kv-sg06,DTCC SmartSolo 16HR-3C 5 Hz 76.6 V/m/s; DTCC SmartSolo DT-SOLO 16HR-3C 76.6 Vms; DTCC/SmartSolo DT-SOLO 5hz 76.6 V/m/s
confirmed-AuScope,"AuScope experiment: ALiRT,CURNAMONA CUBE,LAKE GEORGE,MT STROMLO",nodal-short-period,,False,DTCC (SmartSolo),DTCC SmartSolo 16HR-3C,453002029,False,,False,True,sensor,4,1G; 3X; 4Z; 9B,1G; 3X; 4Z; 9B,,0,4,2020-08-31,2022-07-15,2020-08-31/2022-07-15,False,Australia,10.7914/6q5b-va48; 10.7914/pgt8-x273; 10.7914/t2z3-2m87; 10.7914/z6kv-sg06,DTCC SmartSolo 16HR-3C 5 Hz 76.6 V/m/s; DTCC SmartSolo DT-SOLO 16HR-3C 76.6 Vms; DTCC/SmartSolo DT-SOLO 5hz 76.6 V/m/s
confirmed-AuScope,"AuScope experiment: CURNAMONA CUBE,LAKE GEORGE,MT STROMLO,OKSN,WETA",nodal-short-period,,False,DTCC (SmartSolo),DTCC SmartSolo 16HR-3C,453002039,False,,False,True,sensor,5,1G; 2E; 3X; 9B; Y7,1G; 2E; 3X; 9B; Y7,,0,8,2020-08-31,2026-03-10,2020-08-31/2026-03-10,False,Australia; NZ; New Zealand,10.7914/37v8-hv88; 10.7914/6q5b-va48; 10.7914/kd1t-kt29; 10.7914/t2z3-2m87; 10.7914/z6kv-sg06,DTCC SmartSolo 16HR-3C 5 Hz 76.6 V/m/s; DTCC SmartSolo DT-SOLO 16HR-3C 76.6 Vms; DTCC/SmartSolo DT-SOLO 5hz 76.6 V/m/s
confirmed-AuScope,"AuScope experiment: CURNAMONA CUBE,LAKE GEORGE,MT STROMLO,OKSN,WETA",nodal-short-period,,False,DTCC (SmartSolo),DTCC SmartSolo 16HR-3C,453002060,False,,False,True,sensor,5,1G; 2E; 3X; 9B; Y7,1G; 2E; 3X; 9B; Y7,,0,9,2020-09-07,2026-03-12,2020-09-07/2026-03-12,False,Australia; NZ; New Zealand,10.7914/37v8-hv88; 10.7914/6q5b-va48; 10.7914/kd1t-kt29; 10.7914/t2z3-2m87; 10.7914/z6kv-sg06,DTCC SmartSolo 16HR-3C 5 Hz 76.6 V/m/s; DTCC SmartSolo DT-SOLO 16HR-3C 76.6 Vms; DTCC/SmartSolo DT-SOLO 5hz 76.6 V/m/s
confirmed-AuScope,"AuScope experiment: LAKE GEORGE,MT STROMLO,OKSN,WETA",nodal-short-period,,False,DTCC (SmartSolo),DTCC SmartSolo 16HR-3C,453002078,False,,False,True,sensor,4,1G; 2E; 9B; Y7,1G; 2E; 9B; Y7,,0,8,2020-09-13,2026-03-11,2020-09-13/2026-03-11,False,Australia; NZ; New Zealand,10.7914/37v8-hv88; 10.7914/kd1t-kt29; 10.7914/t2z3-2m87; 10.7914/z6kv-sg06,DTCC SmartSolo 16HR-3C 5 Hz 76.6 V/m/s; DTCC SmartSolo DT-SOLO 16HR-3C 76.6 Vms; DTCC/SmartSolo DT-SOLO 5hz 76.6 V/m/s
confirmed-AuScope,"AuScope experiment: CURNAMONA CUBE,LAKE GEORGE,MT STROMLO,OKSN,WETA",nodal-short-period,,False,DTCC (SmartSolo),DTCC SmartSolo 16HR-3C,453002084,False,,False,True,sensor,5,1G; 2E; 3X; 9B; Y7,1G; 2E; 3X; 9B; Y7,,0,9,2020-08-31,2026-03-11,2020-08-31/2026-03-11,False,Australia; NZ; New Zealand,10.7914/37v8-hv88; 10.7914/6q5b-va48; 10.7914/kd1t-kt29; 10.7914/t2z3-2m87; 10.7914/z6kv-sg06,DTCC SmartSolo 16HR-3C 5 Hz 76.6 V/m/s; DTCC SmartSolo DT-SOLO 16HR-3C 76.6 Vms; DTCC/SmartSolo DT-SOLO 5hz 76.6 V/m/s
confirmed-AuScope,"AuScope experiment: DASH/SISSLE,LAKE GEORGE,OKSN",nodal-short-period,,False,DTCC (SmartSolo),DTCC SmartSolo 16HR-3C,453002101,False,,False,True,sensor,3,1G; 2B; Y7,1G; 2B; Y7,,0,7,2020-12-10,2026-03-10,2020-12-10/2026-03-10,False,Australia; NZ,10.7914/bfp8-xv25; 10.7914/kd1t-kt29; 10.7914/t2z3-2m87,DTCC SmartSolo 16HR-3C 5 Hz 76.6 V/m/s; DTCC SmartSolo DT-SOLO 16HR-3C 76.6 Vms
confirmed-AuScope,"AuScope experiment: CURNAMONA CUBE,LAKE GEORGE,MT STROMLO,OKSN,WETA",nodal-short-period,,False,DTCC (SmartSolo),DTCC SmartSolo 16HR-3C,453002104,False,,False,True,sensor,5,1G; 2E; 3X; 9B; Y7,1G; 2E; 3X; 9B; Y7,,0,10,2020-08-31,2026-03-10,2020-08-31/2026-03-10,False,Australia; NZ; New Zealand,10.7914/37v8-hv88; 10.7914/6q5b-va48; 10.7914/kd1t-kt29; 10.7914/t2z3-2m87; 10.7914/z6kv-sg06,DTCC SmartSolo 16HR-3C 5 Hz 76.6 V/m/s; DTCC SmartSolo DT-SOLO 16HR-3C 76.6 Vms; DTCC/SmartSolo DT-SOLO 5hz 76.6 V/m/s
confirmed-AuScope,"AuScope experiment: LAKE GEORGE,MT STROMLO,OKSN,WETA",nodal-short-period,,False,DTCC (SmartSolo),DTCC SmartSolo 16HR-3C,453002126,False,,False,True,sensor,4,1G; 2E; 9B; Y7,1G; 2E; 9B; Y7,,0,6,2020-08-31,2026-03-10,2020-08-31/2026-03-10,False,Australia; NZ; New Zealand,10.7914/37v8-hv88; 10.7914/kd1t-kt29; 10.7914/t2z3-2m87; 10.7914/z6kv-sg06,DTCC SmartSolo 16HR-3C 5 Hz 76.6 V/m/s; DTCC SmartSolo DT-SOLO 16HR-3C 76.6 Vms; DTCC/SmartSolo DT-SOLO 5hz 76.6 V/m/s
confirmed-AuScope,"AuScope experiment: ALiRT,CURNAMONA CUBE,LAKE GEORGE,MT STROMLO,OKSN,WETA",nodal-short-period,,False,DTCC (SmartSolo),DTCC SmartSolo 16HR-3C,453002134,False,,False,True,sensor,6,1G; 2E; 3X; 4Z; 9B; Y7,1G; 2E; 3X; 4Z; 9B; Y7,,0,10,2020-08-31,2026-03-12,2020-08-31/2026-03-12,False,Australia; NZ; New Zealand,10.7914/37v8-hv88; 10.7914/6q5b-va48; 10.7914/kd1t-kt29; 10.7914/pgt8-x273; 10.7914/t2z3-2m87; 10.7914/z6kv-sg06,DTCC SmartSolo 16HR-3C 5 Hz 76.6 V/m/s; DTCC SmartSolo DT-SOLO 16HR-3C 76.6 Vms; DTCC/SmartSolo DT-SOLO 5hz 76.6 V/m/s
confirmed-AuScope,"AuScope experiment: CURNAMONA CUBE,LAKE GEORGE,MT STROMLO,OKSN,WETA",nodal-short-period,,False,DTCC (SmartSolo),DTCC SmartSolo 16HR-3C,453002142,False,,False,True,sensor,5,1G; 2E; 3X; 9B; Y7,1G; 2E; 3X; 9B; Y7,,0,10,2020-08-31,2026-03-12,2020-08-31/2026-03-12,False,Australia; NZ; New Zealand,10.7914/37v8-hv88; 10.7914/6q5b-va48; 10.7914/kd1t-kt29; 10.7914/t2z3-2m87; 10.7914/z6kv-sg06,DTCC SmartSolo 16HR-3C 5 Hz 76.6 V/m/s; DTCC SmartSolo DT-SOLO 16HR-3C 76.6 Vms; DTCC/SmartSolo DT-SOLO 5hz 76.6 V/m/s
confirmed-AuScope,"AuScope experiment: ALiRT,CURNAMONA CUBE,LAKE GEORGE,MT STROMLO,OKSN,WETA",nodal-short-period,,False,DTCC (SmartSolo),DTCC SmartSolo 16HR-3C,453002145,False,,False,True,sensor,6,1G; 2E; 3X; 4Z; 9B; Y7,1G; 2E; 3X; 4Z; 9B; Y7,,0,9,2020-08-31,2026-03-10,2020-08-31/2026-03-10,False,Australia; NZ; New Zealand,10.7914/37v8-hv88; 10.7914/6q5b-va48; 10.7914/kd1t-kt29; 10.7914/pgt8-x273; 10.7914/t2z3-2m87; 10.7914/z6kv-sg06,DTCC SmartSolo 16HR-3C 5 Hz 76.6 V/m/s; DTCC SmartSolo DT-SOLO 16HR-3C 76.6 Vms; DTCC/SmartSolo DT-SOLO 5hz 76.6 V/m/s
confirmed-AuScope,"AuScope experiment: EYRE PENINSULA,LAKE GEORGE,MT STROMLO,MUNDI MUNDI",nodal-short-period,,False,DTCC (SmartSolo),DTCC SmartSolo 16HR-3C,453002147,False,,False,True,sensor,4,1G; 1H; 9B; 9M,1G; 1H; 9B; 9M,,0,5,2020-08-31,2024-11-05,2020-08-31/2024-11-05,False,AUS; Australia,10.7914/ac1p-7y35; 10.7914/psbw-7z20; 10.7914/t2z3-2m87; 10.7914/z6kv-sg06,DTCC SmartSolo 16HR-3C 5 Hz 76.6 V/m/s; DTCC SmartSolo DT-SOLO 16HR-3C 76.6 Vms; DTCC/SmartSolo DT-SOLO 5hz 76.6 V/m/s
confirmed-AuScope,"AuScope experiment: CURNAMONA CUBE,LAKE GEORGE,MT STROMLO,OKSN,WETA",nodal-short-period,,False,DTCC (SmartSolo),DTCC SmartSolo 16HR-3C,453002161,False,,False,True,sensor,5,1G; 2E; 3X; 9B; Y7,1G; 2E; 3X; 9B; Y7,,0,8,2020-08-31,2026-03-10,2020-08-31/2026-03-10,False,Australia; NZ; New Zealand,10.7914/37v8-hv88; 10.7914/6q5b-va48; 10.7914/kd1t-kt29; 10.7914/t2z3-2m87; 10.7914/z6kv-sg06,DTCC SmartSolo 16HR-3C 5 Hz 76.6 V/m/s; DTCC SmartSolo DT-SOLO 16HR-3C 76.6 Vms; DTCC/SmartSolo DT-SOLO 5hz 76.6 V/m/s
confirmed-AuScope,"AuScope experiment: LAKE GEORGE,OKSN,WETA",nodal-short-period,,False,DTCC (SmartSolo),DTCC SmartSolo 16HR-3C,453002176,False,,False,True,sensor,3,1G; 2E; Y7,1G; 2E; Y7,,0,8,2020-12-11,2026-03-10,2020-12-11/2026-03-10,False,Australia; NZ; New Zealand,10.7914/37v8-hv88; 10.7914/kd1t-kt29; 10.7914/t2z3-2m87,DTCC SmartSolo 16HR-3C 5 Hz 76.6 V/m/s; DTCC SmartSolo DT-SOLO 16HR-3C 76.6 Vms
confirmed-AuScope,"AuScope experiment: LAKE GEORGE,MT STROMLO,OKSN,WETA",nodal-short-period,,False,DTCC (SmartSolo),DTCC SmartSolo 16HR-3C,453002186,False,,False,True,sensor,4,1G; 2E; 9B; Y7,1G; 2E; 9B; Y7,,0,7,2020-08-31,2026-03-11,2020-08-31/2026-03-11,False,Australia; NZ; New Zealand,10.7914/37v8-hv88; 10.7914/kd1t-kt29; 10.7914/t2z3-2m87; 10.7914/z6kv-sg06,DTCC SmartSolo 16HR-3C 5 Hz 76.6 V/m/s; DTCC SmartSolo DT-SOLO 16HR-3C 76.6 Vms; DTCC/SmartSolo DT-SOLO 5hz 76.6 V/m/s
confirmed-AuScope,"AuScope experiment: EYRE PENINSULA,LAKE GEORGE,MT STROMLO,MUNDI MUNDI",nodal-short-period,,False,DTCC (SmartSolo),DTCC SmartSolo 16HR-3C,453002187,False,,False,True,sensor,4,1G; 1H; 9B; 9M,1G; 1H; 9B; 9M,,0,5,2020-09-02,2024-11-05,2020-09-02/2024-11-05,False,AUS; Australia,10.7914/ac1p-7y35; 10.7914/psbw-7z20; 10.7914/t2z3-2m87; 10.7914/z6kv-sg06,DTCC SmartSolo 16HR-3C 5 Hz 76.6 V/m/s; DTCC SmartSolo DT-SOLO 16HR-3C 76.6 Vms; DTCC/SmartSolo DT-SOLO 5hz 76.6 V/m/s
confirmed-AuScope,"AuScope experiment: CURNAMONA CUBE,LAKE GEORGE,MT STROMLO,OKSN,WETA",nodal-short-period,,False,DTCC (SmartSolo),DTCC SmartSolo 16HR-3C,453002197,False,,False,True,sensor,5,1G; 2E; 3X; 9B; Y7,1G; 2E; 3X; 9B; Y7,,0,10,2020-08-31,2026-03-11,2020-08-31/2026-03-11,False,Australia; NZ; New Zealand,10.7914/37v8-hv88; 10.7914/6q5b-va48; 10.7914/kd1t-kt29; 10.7914/t2z3-2m87; 10.7914/z6kv-sg06,DTCC SmartSolo 16HR-3C 5 Hz 76.6 V/m/s; DTCC SmartSolo DT-SOLO 16HR-3C 76.6 Vms; DTCC/SmartSolo DT-SOLO 5hz 76.6 V/m/s
confirmed-AuScope,"AuScope experiment: LAKE GEORGE,MT STROMLO,WETA",nodal-short-period,,False,DTCC (SmartSolo),DTCC SmartSolo 16HR-3C,453002229,False,,False,True,sensor,3,1G; 2E; 9B,1G; 2E; 9B,,0,3,2020-08-31,2023-10-02,2020-08-31/2023-10-02,False,Australia; New Zealand,10.7914/37v8-hv88; 10.7914/t2z3-2m87; 10.7914/z6kv-sg06,DTCC SmartSolo 16HR-3C 5 Hz 76.6 V/m/s; DTCC SmartSolo DT-SOLO 16HR-3C 76.6 Vms; DTCC/SmartSolo DT-SOLO 5hz 76.6 V/m/s
confirmed-AuScope,"AuScope experiment: ALiRT,CURNAMONA CUBE,LAKE GEORGE,OKSN,WETA",nodal-short-period,,False,DTCC (SmartSolo),DTCC SmartSolo 16HR-3C,453002255,False,,False,True,sensor,5,1G; 2E; 3X; 4Z; Y7,1G; 2E; 3X; 4Z; Y7,,0,8,2020-12-11,2026-03-11,2020-12-11/2026-03-11,False,Australia; NZ; New Zealand,10.7914/37v8-hv88; 10.7914/6q5b-va48; 10.7914/kd1t-kt29; 10.7914/pgt8-x273; 10.7914/t2z3-2m87,DTCC SmartSolo 16HR-3C 5 Hz 76.6 V/m/s; DTCC SmartSolo DT-SOLO 16HR-3C 76.6 Vms
confirmed-AuScope,"AuScope experiment: DASH/SISSLE,LAKE GEORGE,MT STROMLO,OKSN",nodal-short-period,,False,DTCC (SmartSolo),DTCC SmartSolo 16HR-3C,453002259,False,,False,True,sensor,4,1G; 2B; 9B; Y7,1G; 2B; 9B; Y7,,0,8,2020-08-31,2026-03-09,2020-08-31/2026-03-09,False,Australia; NZ,10.7914/bfp8-xv25; 10.7914/kd1t-kt29; 10.7914/t2z3-2m87; 10.7914/z6kv-sg06,DTCC SmartSolo 16HR-3C 5 Hz 76.6 V/m/s; DTCC SmartSolo DT-SOLO 16HR-3C 76.6 Vms; DTCC/SmartSolo DT-SOLO 5hz 76.6 V/m/s
confirmed-AuScope,"AuScope experiment: LAKE GEORGE,MT STROMLO,OKSN,WETA",nodal-short-period,,False,DTCC (SmartSolo),DTCC SmartSolo 16HR-3C,453002271,False,,False,True,sensor,4,1G; 2E; 9B; Y7,1G; 2E; 9B; Y7,,0,6,2020-08-31,2026-03-12,2020-08-31/2026-03-12,False,Australia; NZ; New Zealand,10.7914/37v8-hv88; 10.7914/kd1t-kt29; 10.7914/t2z3-2m87; 10.7914/z6kv-sg06,DTCC SmartSolo 16HR-3C 5 Hz 76.6 V/m/s; DTCC SmartSolo DT-SOLO 16HR-3C 76.6 Vms; DTCC/SmartSolo DT-SOLO 5hz 76.6 V/m/s
confirmed-AuScope,"AuScope experiment: DASH/SISSLE,LAKE GEORGE,MT STROMLO",nodal-short-period,,False,DTCC (SmartSolo),DTCC SmartSolo 16HR-3C,453002274,False,,False,True,sensor,3,1G; 2B; 9B,1G; 2B; 9B,,0,3,2020-09-07,2023-11-05,2020-09-07/2023-11-05,False,Australia; NZ,10.7914/bfp8-xv25; 10.7914/t2z3-2m87; 10.7914/z6kv-sg06,DTCC SmartSolo 16HR-3C 5 Hz 76.6 V/m/s; DTCC SmartSolo DT-SOLO 16HR-3C 76.6 Vms; DTCC/SmartSolo DT-SOLO 5hz 76.6 V/m/s
confirmed-AuScope,"AuScope experiment: MT STROMLO,WETA",nodal-short-period,,False,DTCC (SmartSolo),DTCC SmartSolo 16HR-3C,453002280,False,,False,True,sensor,2,2E; 9B,2E; 9B,,0,2,2020-08-31,2023-11-14,2020-08-31/2023-11-14,False,Australia; New Zealand,10.7914/37v8-hv88; 10.7914/z6kv-sg06,DTCC SmartSolo 16HR-3C 5 Hz 76.6 V/m/s; DTCC/SmartSolo DT-SOLO 5hz 76.6 V/m/s
confirmed-AuScope,"AuScope experiment: DASH/SISSLE,LAKE GEORGE,MT STROMLO,OKSN",nodal-short-period,,False,DTCC (SmartSolo),DTCC SmartSolo 16HR-3C,453002282,False,,False,True,sensor,4,1G; 2B; 9B; Y7,1G; 2B; 9B; Y7,,0,7,2020-08-31,2026-03-12,2020-08-31/2026-03-12,False,Australia; NZ,10.7914/bfp8-xv25; 10.7914/kd1t-kt29; 10.7914/t2z3-2m87; 10.7914/z6kv-sg06,DTCC SmartSolo 16HR-3C 5 Hz 76.6 V/m/s; DTCC SmartSolo DT-SOLO 16HR-3C 76.6 Vms; DTCC/SmartSolo DT-SOLO 5hz 76.6 V/m/s
confirmed-AuScope,"AuScope experiment: ALiRT,CURNAMONA CUBE,LAKE GEORGE,MT STROMLO,OKSN,WETA",nodal-short-period,,False,DTCC (SmartSolo),DTCC SmartSolo 16HR-3C,453002292,False,,False,True,sensor,6,1G; 2E; 3X; 4Z; 9B; Y7,1G; 2E; 3X; 4Z; 9B; Y7,,0,9,2020-08-31,2026-03-10,2020-08-31/2026-03-10,False,Australia; NZ; New Zealand,10.7914/37v8-hv88; 10.7914/6q5b-va48; 10.7914/kd1t-kt29; 10.7914/pgt8-x273; 10.7914/t2z3-2m87; 10.7914/z6kv-sg06,DTCC SmartSolo 16HR-3C 5 Hz 76.6 V/m/s; DTCC SmartSolo DT-SOLO 16HR-3C 76.6 Vms; DTCC/SmartSolo DT-SOLO 5hz 76.6 V/m/s
confirmed-AuScope,"AuScope experiment: CURNAMONA CUBE,LAKE GEORGE,MT STROMLO,WETA",nodal-short-period,,False,DTCC (SmartSolo),DTCC SmartSolo 16HR-3C,453002303,False,,False,True,sensor,4,1G; 2E; 3X; 9B,1G; 2E; 3X; 9B,,0,4,2020-08-31,2023-11-11,2020-08-31/2023-11-11,False,Australia; New Zealand,10.7914/37v8-hv88; 10.7914/6q5b-va48; 10.7914/t2z3-2m87; 10.7914/z6kv-sg06,DTCC SmartSolo 16HR-3C 5 Hz 76.6 V/m/s; DTCC SmartSolo DT-SOLO 16HR-3C 76.6 Vms; DTCC/SmartSolo DT-SOLO 5hz 76.6 V/m/s
confirmed-AuScope,"AuScope experiment: DASH/SISSLE,LAKE GEORGE,MT STROMLO,OKSN",nodal-short-period,,False,DTCC (SmartSolo),DTCC SmartSolo 16HR-3C,453002310,False,,False,True,sensor,4,1G; 2B; 9B; Y7,1G; 2B; 9B; Y7,,0,7,2020-08-31,2026-03-12,2020-08-31/2026-03-12,False,Australia; NZ,10.7914/bfp8-xv25; 10.7914/kd1t-kt29; 10.7914/t2z3-2m87; 10.7914/z6kv-sg06,DTCC SmartSolo 16HR-3C 5 Hz 76.6 V/m/s; DTCC SmartSolo DT-SOLO 16HR-3C 76.6 Vms; DTCC/SmartSolo DT-SOLO 5hz 76.6 V/m/s
confirmed-AuScope,"AuScope experiment: LAKE GEORGE,MT STROMLO,OKSN,WETA",nodal-short-period,,False,DTCC (SmartSolo),DTCC SmartSolo 16HR-3C,453002313,False,,False,True,sensor,4,1G; 2E; 9B; Y7,1G; 2E; 9B; Y7,,0,6,2020-08-31,2026-03-11,2020-08-31/2026-03-11,False,Australia; NZ; New Zealand,10.7914/37v8-hv88; 10.7914/kd1t-kt29; 10.7914/t2z3-2m87; 10.7914/z6kv-sg06,DTCC SmartSolo 16HR-3C 5 Hz 76.6 V/m/s; DTCC SmartSolo DT-SOLO 16HR-3C 76.6 Vms; DTCC/SmartSolo DT-SOLO 5hz 76.6 V/m/s
confirmed-AuScope,"AuScope experiment: ALiRT,CURNAMONA CUBE,LAKE GEORGE,OKSN,WETA",nodal-short-period,,False,DTCC (SmartSolo),DTCC SmartSolo 16HR-3C,453002323,False,,False,True,sensor,5,1G; 2E; 3X; 4Z; Y7,1G; 2E; 3X; 4Z; Y7,,0,9,2020-12-11,2026-03-11,2020-12-11/2026-03-11,False,Australia; NZ; New Zealand,10.7914/37v8-hv88; 10.7914/6q5b-va48; 10.7914/kd1t-kt29; 10.7914/pgt8-x273; 10.7914/t2z3-2m87,DTCC SmartSolo 16HR-3C 5 Hz 76.6 V/m/s; DTCC SmartSolo DT-SOLO 16HR-3C 76.6 Vms
confirmed-AuScope,"AuScope experiment: LAKE GEORGE,MT STROMLO,OKSN,WETA",nodal-short-period,,False,DTCC (SmartSolo),DTCC SmartSolo 16HR-3C,453002326,False,,False,True,sensor,4,1G; 2E; 9B; Y7,1G; 2E; 9B; Y7,,0,7,2020-08-31,2026-03-12,2020-08-31/2026-03-12,False,Australia; NZ; New Zealand,10.7914/37v8-hv88; 10.7914/kd1t-kt29; 10.7914/t2z3-2m87; 10.7914/z6kv-sg06,DTCC SmartSolo 16HR-3C 5 Hz 76.6 V/m/s; DTCC SmartSolo DT-SOLO 16HR-3C 76.6 Vms; DTCC/SmartSolo DT-SOLO 5hz 76.6 V/m/s
confirmed-AuScope,"AuScope experiment: DASH/SISSLE,LAKE GEORGE,MT STROMLO,OKSN",nodal-short-period,,False,DTCC (SmartSolo),DTCC SmartSolo 16HR-3C,453002338,False,,False,True,sensor,4,1G; 2B; 9B; Y7,1G; 2B; 9B; Y7,,0,7,2020-08-31,2026-03-10,2020-08-31/2026-03-10,False,Australia; NZ,10.7914/bfp8-xv25; 10.7914/kd1t-kt29; 10.7914/t2z3-2m87; 10.7914/z6kv-sg06,DTCC SmartSolo 16HR-3C 5 Hz 76.6 V/m/s; DTCC SmartSolo DT-SOLO 16HR-3C 76.6 Vms; DTCC/SmartSolo DT-SOLO 5hz 76.6 V/m/s
confirmed-AuScope,"AuScope experiment: LAKE GEORGE,MT STROMLO,OKSN,WETA",nodal-short-period,,False,DTCC (SmartSolo),DTCC SmartSolo 16HR-3C,453002345,False,,False,True,sensor,4,1G; 2E; 9B; Y7,1G; 2E; 9B; Y7,,0,6,2020-08-31,2026-03-11,2020-08-31/2026-03-11,False,Australia; NZ; New Zealand,10.7914/37v8-hv88; 10.7914/kd1t-kt29; 10.7914/t2z3-2m87; 10.7914/z6kv-sg06,DTCC SmartSolo 16HR-3C 5 Hz 76.6 V/m/s; DTCC SmartSolo DT-SOLO 16HR-3C 76.6 Vms; DTCC/SmartSolo DT-SOLO 5hz 76.6 V/m/s
confirmed-AuScope,"AuScope experiment: DASH/SISSLE,LAKE GEORGE,MT STROMLO,OKSN",nodal-short-period,,False,DTCC (SmartSolo),DTCC SmartSolo 16HR-3C,453002361,False,,False,True,sensor,4,1G; 2B; 9B; Y7,1G; 2B; 9B; Y7,,0,7,2020-09-15,2026-03-11,2020-09-15/2026-03-11,False,Australia; NZ,10.7914/bfp8-xv25; 10.7914/kd1t-kt29; 10.7914/t2z3-2m87; 10.7914/z6kv-sg06,DTCC SmartSolo 16HR-3C 5 Hz 76.6 V/m/s; DTCC SmartSolo DT-SOLO 16HR-3C 76.6 Vms; DTCC/SmartSolo DT-SOLO 5hz 76.6 V/m/s
confirmed-AuScope,"AuScope experiment: CURNAMONA CUBE,LAKE GEORGE,MT STROMLO,OKSN,WETA",nodal-short-period,,False,DTCC (SmartSolo),DTCC SmartSolo 16HR-3C,453002378,False,,False,True,sensor,5,1G; 2E; 3X; 9B; Y7,1G; 2E; 3X; 9B; Y7,,0,7,2020-08-31,2026-03-11,2020-08-31/2026-03-11,False,Australia; NZ; New Zealand,10.7914/37v8-hv88; 10.7914/6q5b-va48; 10.7914/kd1t-kt29; 10.7914/t2z3-2m87; 10.7914/z6kv-sg06,DTCC SmartSolo 16HR-3C 5 Hz 76.6 V/m/s; DTCC SmartSolo DT-SOLO 16HR-3C 76.6 Vms; DTCC/SmartSolo DT-SOLO 5hz 76.6 V/m/s
confirmed-AuScope,"AuScope experiment: LAKE GEORGE,OKSN,WETA",nodal-short-period,,False,DTCC (SmartSolo),DTCC SmartSolo 16HR-3C,453002409,False,,False,True,sensor,3,1G; 2E; Y7,1G; 2E; Y7,,0,7,2020-12-11,2026-03-11,2020-12-11/2026-03-11,False,Australia; NZ; New Zealand,10.7914/37v8-hv88; 10.7914/kd1t-kt29; 10.7914/t2z3-2m87,DTCC SmartSolo 16HR-3C 5 Hz 76.6 V/m/s; DTCC SmartSolo DT-SOLO 16HR-3C 76.6 Vms
confirmed-AuScope,"AuScope experiment: LAKE GEORGE,MT STROMLO,OKSN,WETA",nodal-short-period,,False,DTCC (SmartSolo),DTCC SmartSolo 16HR-3C,453002448,False,,False,True,sensor,4,1G; 2E; 9B; Y7,1G; 2E; 9B; Y7,,0,7,2020-08-31,2026-03-12,2020-08-31/2026-03-12,False,Australia; NZ; New Zealand,10.7914/37v8-hv88; 10.7914/kd1t-kt29; 10.7914/t2z3-2m87; 10.7914/z6kv-sg06,DTCC SmartSolo 16HR-3C 5 Hz 76.6 V/m/s; DTCC SmartSolo DT-SOLO 16HR-3C 76.6 Vms; DTCC/SmartSolo DT-SOLO 5hz 76.6 V/m/s
confirmed-AuScope,"AuScope experiment: LAKE GEORGE,OKSN,WETA",nodal-short-period,,False,DTCC (SmartSolo),DTCC SmartSolo 16HR-3C,453002459,False,,False,True,sensor,3,1G; 2E; Y7,1G; 2E; Y7,,0,6,2020-12-11,2026-03-11,2020-12-11/2026-03-11,False,Australia; NZ; New Zealand,10.7914/37v8-hv88; 10.7914/kd1t-kt29; 10.7914/t2z3-2m87,DTCC SmartSolo 16HR-3C 5 Hz 76.6 V/m/s; DTCC SmartSolo DT-SOLO 16HR-3C 76.6 Vms
confirmed-AuScope,"AuScope experiment: LAKE GEORGE,MT STROMLO,OKSN,WETA",nodal-short-period,,False,DTCC (SmartSolo),DTCC SmartSolo 16HR-3C,453002493,False,,False,True,sensor,4,1G; 2E; 9B; Y7,1G; 2E; 9B; Y7,,0,8,2020-08-31,2026-03-10,2020-08-31/2026-03-10,False,Australia; NZ; New Zealand,10.7914/37v8-hv88; 10.7914/kd1t-kt29; 10.7914/t2z3-2m87; 10.7914/z6kv-sg06,DTCC SmartSolo 16HR-3C 5 Hz 76.6 V/m/s; DTCC SmartSolo DT-SOLO 16HR-3C 76.6 Vms; DTCC/SmartSolo DT-SOLO 5hz 76.6 V/m/s
confirmed-AuScope,"AuScope experiment: CURNAMONA CUBE,DASH/SISSLE,LAKE GEORGE,OKSN",nodal-short-period,,False,DTCC (SmartSolo),DTCC SmartSolo 16HR-3C,453002496,False,,False,True,sensor,4,1G; 2B; 3X; Y7,1G; 2B; 3X; Y7,,0,8,2020-12-11,2026-03-11,2020-12-11/2026-03-11,False,Australia; NZ,10.7914/6q5b-va48; 10.7914/bfp8-xv25; 10.7914/kd1t-kt29; 10.7914/t2z3-2m87,DTCC SmartSolo 16HR-3C 5 Hz 76.6 V/m/s; DTCC SmartSolo DT-SOLO 16HR-3C 76.6 Vms
confirmed-AuScope,"AuScope experiment: DASH/SISSLE,LAKE GEORGE,MT STROMLO,OKSN",nodal-short-period,,False,DTCC (SmartSolo),DTCC SmartSolo 16HR-3C,453002507,False,,False,True,sensor,4,1G; 2B; 9B; Y7,1G; 2B; 9B; Y7,,0,6,2020-08-31,2026-03-10,2020-08-31/2026-03-10,False,Australia; NZ,10.7914/bfp8-xv25; 10.7914/kd1t-kt29; 10.7914/t2z3-2m87; 10.7914/z6kv-sg06,DTCC SmartSolo 16HR-3C 5 Hz 76.6 V/m/s; DTCC SmartSolo DT-SOLO 16HR-3C 76.6 Vms; DTCC/SmartSolo DT-SOLO 5hz 76.6 V/m/s
confirmed-AuScope,"AuScope experiment: EYRE PENINSULA,LAKE GEORGE,MT STROMLO,MUNDI MUNDI",nodal-short-period,,False,DTCC (SmartSolo),DTCC SmartSolo 16HR-3C,453002522,False,,False,True,sensor,4,1G; 1H; 9B; 9M,1G; 1H; 9B; 9M,,0,5,2020-08-31,2024-11-04,2020-08-31/2024-11-04,False,AUS; Australia,10.7914/ac1p-7y35; 10.7914/psbw-7z20; 10.7914/t2z3-2m87; 10.7914/z6kv-sg06,DTCC SmartSolo 16HR-3C 5 Hz 76.6 V/m/s; DTCC SmartSolo DT-SOLO 16HR-3C 76.6 Vms; DTCC/SmartSolo DT-SOLO 5hz 76.6 V/m/s
confirmed-AuScope,"AuScope experiment: LAKE GEORGE,MT STROMLO,WETA",nodal-short-period,,False,DTCC (SmartSolo),DTCC SmartSolo 16HR-3C,453002545,False,,False,True,sensor,3,1G; 2E; 9B,1G; 2E; 9B,,0,3,2020-08-31,2023-10-03,2020-08-31/2023-10-03,False,Australia; New Zealand,10.7914/37v8-hv88; 10.7914/t2z3-2m87; 10.7914/z6kv-sg06,DTCC SmartSolo 16HR-3C 5 Hz 76.6 V/m/s; DTCC SmartSolo DT-SOLO 16HR-3C 76.6 Vms; DTCC/SmartSolo DT-SOLO 5hz 76.6 V/m/s
confirmed-AuScope,"AuScope experiment: LAKE GEORGE,MT STROMLO",nodal-short-period,,False,DTCC (SmartSolo),DTCC SmartSolo 16HR-3C,453002549,True,,False,False,sensor,2,1G; 9B,1G; 9B,,0,2,2020-08-31,2021-01-07,2020-08-31/2021-01-07,False,Australia,10.7914/t2z3-2m87; 10.7914/z6kv-sg06,DTCC SmartSolo DT-SOLO 16HR-3C 76.6 Vms; DTCC/SmartSolo DT-SOLO 5hz 76.6 V/m/s
confirmed-AuScope,"AuScope experiment: LAKE GEORGE,WETA",nodal-short-period,,False,DTCC (SmartSolo),DTCC SmartSolo 16HR-3C,453002560,False,,False,True,sensor,2,1G; 2E,1G; 2E,,0,2,2020-12-11,2023-11-13,2020-12-11/2023-11-13,False,Australia; New Zealand,10.7914/37v8-hv88; 10.7914/t2z3-2m87,DTCC SmartSolo 16HR-3C 5 Hz 76.6 V/m/s; DTCC SmartSolo DT-SOLO 16HR-3C 76.6 Vms
confirmed-AuScope,"AuScope experiment: LAKE GEORGE,MT STROMLO,OKSN,WETA",nodal-short-period,,False,DTCC (SmartSolo),DTCC SmartSolo 16HR-3C,453002569,False,,False,True,sensor,4,1G; 2E; 9B; Y7,1G; 2E; 9B; Y7,,0,8,2020-08-31,2026-03-11,2020-08-31/2026-03-11,False,Australia; NZ; New Zealand,10.7914/37v8-hv88; 10.7914/kd1t-kt29; 10.7914/t2z3-2m87; 10.7914/z6kv-sg06,DTCC SmartSolo 16HR-3C 5 Hz 76.6 V/m/s; DTCC SmartSolo DT-SOLO 16HR-3C 76.6 Vms; DTCC/SmartSolo DT-SOLO 5hz 76.6 V/m/s
confirmed-AuScope,"AuScope experiment: DASH/SISSLE,LAKE GEORGE,MT STROMLO,OKSN",nodal-short-period,,False,DTCC (SmartSolo),DTCC SmartSolo 16HR-3C,453002575,False,,False,True,sensor,4,1G; 2B; 9B; Y7,1G; 2B; 9B; Y7,,0,6,2020-08-31,2026-03-11,2020-08-31/2026-03-11,False,Australia; NZ,10.7914/bfp8-xv25; 10.7914/kd1t-kt29; 10.7914/t2z3-2m87; 10.7914/z6kv-sg06,DTCC SmartSolo 16HR-3C 5 Hz 76.6 V/m/s; DTCC SmartSolo DT-SOLO 16HR-3C 76.6 Vms; DTCC/SmartSolo DT-SOLO 5hz 76.6 V/m/s
confirmed-AuScope,"AuScope experiment: ALiRT,CURNAMONA CUBE,LAKE GEORGE",nodal-short-period,,False,DTCC (SmartSolo),DTCC SmartSolo 16HR-3C,453002581,False,,False,True,sensor,3,1G; 3X; 4Z,1G; 3X; 4Z,,0,3,2020-12-11,2022-07-14,2020-12-11/2022-07-14,False,Australia,10.7914/6q5b-va48; 10.7914/pgt8-x273; 10.7914/t2z3-2m87,DTCC SmartSolo 16HR-3C 5 Hz 76.6 V/m/s; DTCC SmartSolo DT-SOLO 16HR-3C 76.6 Vms
confirmed-AuScope,"AuScope experiment: LAKE GEORGE,OKSN,WETA",nodal-short-period,,False,DTCC (SmartSolo),DTCC SmartSolo 16HR-3C,453002582,False,,False,True,sensor,3,1G; 2E; Y7,1G; 2E; Y7,,0,6,2020-12-11,2026-03-08,2020-12-11/2026-03-08,False,Australia; NZ; New Zealand,10.7914/37v8-hv88; 10.7914/kd1t-kt29; 10.7914/t2z3-2m87,DTCC SmartSolo 16HR-3C 5 Hz 76.6 V/m/s; DTCC SmartSolo DT-SOLO 16HR-3C 76.6 Vms
confirmed-AuScope,"AuScope experiment: LAKE GEORGE,MT STROMLO,OKSN,WETA",nodal-short-period,,False,DTCC (SmartSolo),DTCC SmartSolo 16HR-3C,453002597,False,,False,True,sensor,4,1G; 2E; 9B; Y7,1G; 2E; 9B; Y7,,0,8,2020-08-31,2026-03-12,2020-08-31/2026-03-12,False,Australia; NZ; New Zealand,10.7914/37v8-hv88; 10.7914/kd1t-kt29; 10.7914/t2z3-2m87; 10.7914/z6kv-sg06,DTCC SmartSolo 16HR-3C 5 Hz 76.6 V/m/s; DTCC SmartSolo DT-SOLO 16HR-3C 76.6 Vms; DTCC/SmartSolo DT-SOLO 5hz 76.6 V/m/s
confirmed-AuScope,"AuScope experiment: LAKE GEORGE,OKSN,WETA",nodal-short-period,,False,DTCC (SmartSolo),DTCC SmartSolo 16HR-3C,453002604,False,,False,True,sensor,3,1G; 2E; Y7,1G; 2E; Y7,,0,6,2020-12-11,2026-03-10,2020-12-11/2026-03-10,False,Australia; NZ; New Zealand,10.7914/37v8-hv88; 10.7914/kd1t-kt29; 10.7914/t2z3-2m87,DTCC SmartSolo 16HR-3C 5 Hz 76.6 V/m/s; DTCC SmartSolo DT-SOLO 16HR-3C 76.6 Vms
confirmed-AuScope,"AuScope experiment: EYRE PENINSULA,LAKE GEORGE,MT STROMLO,MUNDI MUNDI",nodal-short-period,,False,DTCC (SmartSolo),DTCC SmartSolo 16HR-3C,453002619,False,,False,True,sensor,4,1G; 1H; 9B; 9M,1G; 1H; 9B; 9M,,0,5,2020-08-31,2024-11-05,2020-08-31/2024-11-05,False,AUS; Australia,10.7914/ac1p-7y35; 10.7914/psbw-7z20; 10.7914/t2z3-2m87; 10.7914/z6kv-sg06,DTCC SmartSolo 16HR-3C 5 Hz 76.6 V/m/s; DTCC SmartSolo DT-SOLO 16HR-3C 76.6 Vms; DTCC/SmartSolo DT-SOLO 5hz 76.6 V/m/s
confirmed-AuScope,"AuScope experiment: ALiRT,LAKE GEORGE,MT STROMLO,OKSN,WETA",nodal-short-period,,False,DTCC (SmartSolo),DTCC SmartSolo 16HR-3C,453002626,False,,False,True,sensor,5,1G; 2E; 4Z; 9B; Y7,1G; 2E; 4Z; 9B; Y7,,0,7,2020-08-31,2026-03-11,2020-08-31/2026-03-11,False,Australia; NZ; New Zealand,10.7914/37v8-hv88; 10.7914/kd1t-kt29; 10.7914/pgt8-x273; 10.7914/t2z3-2m87; 10.7914/z6kv-sg06,DTCC SmartSolo 16HR-3C 5 Hz 76.6 V/m/s; DTCC SmartSolo DT-SOLO 16HR-3C 76.6 Vms; DTCC/SmartSolo DT-SOLO 5hz 76.6 V/m/s
confirmed-AuScope,"AuScope experiment: LAKE GEORGE,OKSN,WETA",nodal-short-period,,False,DTCC (SmartSolo),DTCC SmartSolo 16HR-3C,453002642,False,,False,True,sensor,3,1G; 2E; Y7,1G; 2E; Y7,,0,7,2020-12-10,2026-03-11,2020-12-10/2026-03-11,False,Australia; NZ; New Zealand,10.7914/37v8-hv88; 10.7914/kd1t-kt29; 10.7914/t2z3-2m87,DTCC SmartSolo 16HR-3C 5 Hz 76.6 V/m/s; DTCC SmartSolo DT-SOLO 16HR-3C 76.6 Vms
confirmed-AuScope,"AuScope experiment: DASH/SISSLE,LAKE GEORGE,MT STROMLO,OKSN",nodal-short-period,,False,DTCC (SmartSolo),DTCC SmartSolo 16HR-3C,453002645,False,,False,True,sensor,4,1G; 2B; 9B; Y7,1G; 2B; 9B; Y7,,0,8,2020-08-31,2026-03-11,2020-08-31/2026-03-11,False,Australia; NZ,10.7914/bfp8-xv25; 10.7914/kd1t-kt29; 10.7914/t2z3-2m87; 10.7914/z6kv-sg06,DTCC SmartSolo 16HR-3C 5 Hz 76.6 V/m/s; DTCC SmartSolo DT-SOLO 16HR-3C 76.6 Vms; DTCC/SmartSolo DT-SOLO 5hz 76.6 V/m/s
confirmed-AuScope,"AuScope experiment: CURNAMONA CUBE,DASH/SISSLE,LAKE GEORGE,OKSN,WETA",nodal-short-period,,False,DTCC (SmartSolo),DTCC SmartSolo 16HR-3C,453002678,False,,False,True,sensor,5,1G; 2B; 2E; 3X; Y7,1G; 2B; 2E; 3X; Y7,,0,8,2020-12-11,2026-03-11,2020-12-11/2026-03-11,False,Australia; NZ; New Zealand,10.7914/37v8-hv88; 10.7914/6q5b-va48; 10.7914/bfp8-xv25; 10.7914/kd1t-kt29; 10.7914/t2z3-2m87,DTCC SmartSolo 16HR-3C 5 Hz 76.6 V/m/s; DTCC SmartSolo DT-SOLO 16HR-3C 76.6 Vms
confirmed-AuScope,"AuScope experiment: CURNAMONA CUBE,DASH/SISSLE,LAKE GEORGE,OKSN",nodal-short-period,,False,DTCC (SmartSolo),DTCC SmartSolo 16HR-3C,453002679,False,,False,True,sensor,4,1G; 2B; 3X; Y7,1G; 2B; 3X; Y7,,0,8,2020-12-11,2026-03-09,2020-12-11/2026-03-09,False,Australia; NZ,10.7914/6q5b-va48; 10.7914/bfp8-xv25; 10.7914/kd1t-kt29; 10.7914/t2z3-2m87,DTCC SmartSolo 16HR-3C 5 Hz 76.6 V/m/s; DTCC SmartSolo DT-SOLO 16HR-3C 76.6 Vms
confirmed-AuScope,AuScope experiment: DASH/SISSLE,nodal-short-period,,False,DTCC (SmartSolo),DTCC SmartSolo 16HR-3C,45300269,False,,False,False,sensor,1,2B,2B,,0,1,2023-10-10,2023-11-06,2023-10-10/2023-11-06,False,NZ,10.7914/bfp8-xv25,DTCC SmartSolo 16HR-3C 5 Hz 76.6 V/m/s
confirmed-AuScope,"AuScope experiment: CURNAMONA CUBE,LAKE GEORGE,MT STROMLO,OKSN",nodal-short-period,,False,DTCC (SmartSolo),DTCC SmartSolo 16HR-3C,453002696,False,,False,True,sensor,4,1G; 3X; 9B; Y7,1G; 3X; 9B; Y7,,0,8,2020-08-31,2026-03-12,2020-08-31/2026-03-12,False,Australia; NZ,10.7914/6q5b-va48; 10.7914/kd1t-kt29; 10.7914/t2z3-2m87; 10.7914/z6kv-sg06,DTCC SmartSolo 16HR-3C 5 Hz 76.6 V/m/s; DTCC SmartSolo DT-SOLO 16HR-3C 76.6 Vms; DTCC/SmartSolo DT-SOLO 5hz 76.6 V/m/s
confirmed-AuScope,"AuScope experiment: CURNAMONA CUBE,LAKE GEORGE,MT STROMLO,OKSN,WETA",nodal-short-period,,False,DTCC (SmartSolo),DTCC SmartSolo 16HR-3C,453002734,False,,False,True,sensor,5,1G; 2E; 3X; 9B; Y7,1G; 2E; 3X; 9B; Y7,,0,8,2020-08-31,2026-03-11,2020-08-31/2026-03-11,False,Australia; NZ; New Zealand,10.7914/37v8-hv88; 10.7914/6q5b-va48; 10.7914/kd1t-kt29; 10.7914/t2z3-2m87; 10.7914/z6kv-sg06,DTCC SmartSolo 16HR-3C 5 Hz 76.6 V/m/s; DTCC SmartSolo DT-SOLO 16HR-3C 76.6 Vms; DTCC/SmartSolo DT-SOLO 5hz 76.6 V/m/s
confirmed-AuScope,"AuScope experiment: LAKE GEORGE,MT STROMLO,OKSN,WETA",nodal-short-period,,False,DTCC (SmartSolo),DTCC SmartSolo 16HR-3C,453002753,False,,False,True,sensor,4,1G; 2E; 9B; Y7,1G; 2E; 9B; Y7,,0,7,2020-09-06,2026-03-12,2020-09-06/2026-03-12,False,Australia; NZ; New Zealand,10.7914/37v8-hv88; 10.7914/kd1t-kt29; 10.7914/t2z3-2m87; 10.7914/z6kv-sg06,DTCC SmartSolo 16HR-3C 5 Hz 76.6 V/m/s; DTCC SmartSolo DT-SOLO 16HR-3C 76.6 Vms; DTCC/SmartSolo DT-SOLO 5hz 76.6 V/m/s
confirmed-AuScope,"AuScope experiment: DASH/SISSLE,LAKE GEORGE,MT STROMLO,OKSN",nodal-short-period,,False,DTCC (SmartSolo),DTCC SmartSolo 16HR-3C,453002764,False,,False,True,sensor,4,1G; 2B; 9B; Y7,1G; 2B; 9B; Y7,,0,8,2020-08-31,2026-03-11,2020-08-31/2026-03-11,False,Australia; NZ,10.7914/bfp8-xv25; 10.7914/kd1t-kt29; 10.7914/t2z3-2m87; 10.7914/z6kv-sg06,DTCC SmartSolo 16HR-3C 5 Hz 76.6 V/m/s; DTCC SmartSolo DT-SOLO 16HR-3C 76.6 Vms; DTCC/SmartSolo DT-SOLO 5hz 76.6 V/m/s
confirmed-AuScope,"AuScope experiment: CURNAMONA CUBE,LAKE GEORGE,MT STROMLO,WETA",nodal-short-period,,False,DTCC (SmartSolo),DTCC SmartSolo 16HR-3C,453002779,False,,False,True,sensor,4,1G; 2E; 3X; 9B,1G; 2E; 3X; 9B,,0,4,2020-08-31,2023-10-03,2020-08-31/2023-10-03,False,Australia; New Zealand,10.7914/37v8-hv88; 10.7914/6q5b-va48; 10.7914/t2z3-2m87; 10.7914/z6kv-sg06,DTCC SmartSolo 16HR-3C 5 Hz 76.6 V/m/s; DTCC SmartSolo DT-SOLO 16HR-3C 76.6 Vms; DTCC/SmartSolo DT-SOLO 5hz 76.6 V/m/s
confirmed-AuScope,"AuScope experiment: LAKE GEORGE,MT STROMLO,OKSN,WETA",nodal-short-period,,False,DTCC (SmartSolo),DTCC SmartSolo 16HR-3C,453002797,False,,False,True,sensor,4,1G; 2E; 9B; Y7,1G; 2E; 9B; Y7,,0,9,2020-08-31,2026-03-11,2020-08-31/2026-03-11,False,Australia; NZ; New Zealand,10.7914/37v8-hv88; 10.7914/kd1t-kt29; 10.7914/t2z3-2m87; 10.7914/z6kv-sg06,DTCC SmartSolo 16HR-3C 5 Hz 76.6 V/m/s; DTCC SmartSolo DT-SOLO 16HR-3C 76.6 Vms; DTCC/SmartSolo DT-SOLO 5hz 76.6 V/m/s
confirmed-AuScope,"AuScope experiment: CURNAMONA CUBE,LAKE GEORGE,MT STROMLO,OKSN,WETA",nodal-short-period,,False,DTCC (SmartSolo),DTCC SmartSolo 16HR-3C,453002802,False,,False,True,sensor,5,1G; 2E; 3X; 9B; Y7,1G; 2E; 3X; 9B; Y7,,0,9,2020-08-31,2026-03-10,2020-08-31/2026-03-10,False,Australia; NZ; New Zealand,10.7914/37v8-hv88; 10.7914/6q5b-va48; 10.7914/kd1t-kt29; 10.7914/t2z3-2m87; 10.7914/z6kv-sg06,DTCC SmartSolo 16HR-3C 5 Hz 76.6 V/m/s; DTCC SmartSolo DT-SOLO 16HR-3C 76.6 Vms; DTCC/SmartSolo DT-SOLO 5hz 76.6 V/m/s
confirmed-AuScope,"AuScope experiment: LAKE GEORGE,MT STROMLO,OKSN,WETA",nodal-short-period,,False,DTCC (SmartSolo),DTCC SmartSolo 16HR-3C,453002804,False,,False,True,sensor,4,1G; 2E; 9B; Y7,1G; 2E; 9B; Y7,,0,8,2020-08-31,2026-03-09,2020-08-31/2026-03-09,False,Australia; NZ; New Zealand,10.7914/37v8-hv88; 10.7914/kd1t-kt29; 10.7914/t2z3-2m87; 10.7914/z6kv-sg06,DTCC SmartSolo 16HR-3C 5 Hz 76.6 V/m/s; DTCC SmartSolo DT-SOLO 16HR-3C 76.6 Vms; DTCC/SmartSolo DT-SOLO 5hz 76.6 V/m/s
confirmed-AuScope,"AuScope experiment: CURNAMONA CUBE,DASH/SISSLE,LAKE GEORGE,MT STROMLO,OKSN",nodal-short-period,,False,DTCC (SmartSolo),DTCC SmartSolo 16HR-3C,453002810,False,,False,True,sensor,5,1G; 2B; 3X; 9B; Y7,1G; 2B; 3X; 9B; Y7,,0,8,2020-08-31,2026-03-11,2020-08-31/2026-03-11,False,Australia; NZ,10.7914/6q5b-va48; 10.7914/bfp8-xv25; 10.7914/kd1t-kt29; 10.7914/t2z3-2m87; 10.7914/z6kv-sg06,DTCC SmartSolo 16HR-3C 5 Hz 76.6 V/m/s; DTCC SmartSolo DT-SOLO 16HR-3C 76.6 Vms; DTCC/SmartSolo DT-SOLO 5hz 76.6 V/m/s
confirmed-AuScope,"AuScope experiment: LAKE GEORGE,OKSN,WETA",nodal-short-period,,False,DTCC (SmartSolo),DTCC SmartSolo 16HR-3C,453002816,False,,False,True,sensor,3,1G; 2E; Y7,1G; 2E; Y7,,0,7,2020-12-23,2026-03-11,2020-12-23/2026-03-11,False,Australia; NZ; New Zealand,10.7914/37v8-hv88; 10.7914/kd1t-kt29; 10.7914/t2z3-2m87,DTCC SmartSolo 16HR-3C 5 Hz 76.6 V/m/s; DTCC SmartSolo DT-SOLO 16HR-3C 76.6 Vms
confirmed-AuScope,"AuScope experiment: CURNAMONA CUBE,LAKE GEORGE,MT STROMLO,OKSN,WETA",nodal-short-period,,False,DTCC (SmartSolo),DTCC SmartSolo 16HR-3C,453002818,False,,False,True,sensor,5,1G; 2E; 3X; 9B; Y7,1G; 2E; 3X; 9B; Y7,,0,7,2020-08-31,2026-03-12,2020-08-31/2026-03-12,False,Australia; NZ; New Zealand,10.7914/37v8-hv88; 10.7914/6q5b-va48; 10.7914/kd1t-kt29; 10.7914/t2z3-2m87; 10.7914/z6kv-sg06,DTCC SmartSolo 16HR-3C 5 Hz 76.6 V/m/s; DTCC SmartSolo DT-SOLO 16HR-3C 76.6 Vms; DTCC/SmartSolo DT-SOLO 5hz 76.6 V/m/s
confirmed-AuScope,"AuScope experiment: LAKE GEORGE,MT STROMLO,OKSN,WETA",nodal-short-period,,False,DTCC (SmartSolo),DTCC SmartSolo 16HR-3C,453002827,False,,False,True,sensor,4,1G; 2E; 9B; Y7,1G; 2E; 9B; Y7,,0,8,2020-08-31,2026-03-11,2020-08-31/2026-03-11,False,Australia; NZ; New Zealand,10.7914/37v8-hv88; 10.7914/kd1t-kt29; 10.7914/t2z3-2m87; 10.7914/z6kv-sg06,DTCC SmartSolo 16HR-3C 5 Hz 76.6 V/m/s; DTCC SmartSolo DT-SOLO 16HR-3C 76.6 Vms; DTCC/SmartSolo DT-SOLO 5hz 76.6 V/m/s
confirmed-AuScope,"AuScope experiment: CURNAMONA CUBE,LAKE GEORGE,MT STROMLO,OKSN,WETA",nodal-short-period,,False,DTCC (SmartSolo),DTCC SmartSolo 16HR-3C,453002828,False,,False,True,sensor,5,1G; 2E; 3X; 9B; Y7,1G; 2E; 3X; 9B; Y7,,0,8,2020-08-31,2026-03-09,2020-08-31/2026-03-09,False,Australia; NZ; New Zealand,10.7914/37v8-hv88; 10.7914/6q5b-va48; 10.7914/kd1t-kt29; 10.7914/t2z3-2m87; 10.7914/z6kv-sg06,DTCC SmartSolo 16HR-3C 5 Hz 76.6 V/m/s; DTCC SmartSolo DT-SOLO 16HR-3C 76.6 Vms; DTCC/SmartSolo DT-SOLO 5hz 76.6 V/m/s
confirmed-AuScope,"AuScope experiment: LAKE GEORGE,OKSN,WETA",nodal-short-period,,False,DTCC (SmartSolo),DTCC SmartSolo 16HR-3C,453002839,False,,False,True,sensor,3,1G; 2E; Y7,1G; 2E; Y7,,0,6,2020-12-11,2026-03-10,2020-12-11/2026-03-10,False,Australia; NZ; New Zealand,10.7914/37v8-hv88; 10.7914/kd1t-kt29; 10.7914/t2z3-2m87,DTCC SmartSolo 16HR-3C 5 Hz 76.6 V/m/s; DTCC SmartSolo DT-SOLO 16HR-3C 76.6 Vms
confirmed-AuScope,"AuScope experiment: CURNAMONA CUBE,VULCAN ADI",nodal-short-period,,False,DTCC (SmartSolo),DTCC SmartSolo 16HR-3C,453011685,False,,False,True,sensor,2,2X; 3X,2X; 3X,,0,2,2022-02-10,2022-07-21,2022-02-10/2022-07-21,False,Australia,10.7914/6q5b-va48; 10.7914/xnz7-th21,DTCC SmartSolo 16HR-3C 5 Hz 76.6 V/m/s
confirmed-AuScope,"AuScope experiment: CURNAMONA CUBE,EYRE PENINSULA,MUNDI MUNDI,VULCAN ADI,WESTERN GAWLER ADI",nodal-short-period,,False,DTCC (SmartSolo),DTCC SmartSolo 16HR-3C,453011694,False,,False,True,sensor,5,1H; 2X; 3X; 6D; 9M,1H; 2X; 3X; 6D; 9M,,0,6,2022-02-10,2024-11-04,2022-02-10/2024-11-04,False,AUS; Australia,10.7914/6q5b-va48; 10.7914/ac1p-7y35; 10.7914/psbw-7z20; 10.7914/xnz7-th21,DTCC SmartSolo 16HR-3C 5 Hz 76.6 V/m/s
confirmed-AuScope,"AuScope experiment: CURNAMONA CUBE,EYRE PENINSULA,MUNDI MUNDI,VULCAN ADI,WESTERN GAWLER ADI",nodal-short-period,,False,DTCC (SmartSolo),DTCC SmartSolo 16HR-3C,453011695,False,,False,True,sensor,5,1H; 2X; 3X; 6D; 9M,1H; 2X; 3X; 6D; 9M,,0,6,2022-02-09,2024-11-04,2022-02-09/2024-11-04,False,AUS; Australia,10.7914/6q5b-va48; 10.7914/ac1p-7y35; 10.7914/psbw-7z20; 10.7914/xnz7-th21,DTCC SmartSolo 16HR-3C 5 Hz 76.6 V/m/s
confirmed-AuScope,"AuScope experiment: CURNAMONA CUBE,DASH/SISSLE,OKSN,VULCAN ADI",nodal-short-period,,False,DTCC (SmartSolo),DTCC SmartSolo 16HR-3C,453011707,False,,False,True,sensor,4,2B; 2X; 3X; Y7,2B; 2X; 3X; Y7,,0,8,2022-02-10,2026-03-11,2022-02-10/2026-03-11,False,Australia; NZ,10.7914/6q5b-va48; 10.7914/bfp8-xv25; 10.7914/kd1t-kt29; 10.7914/xnz7-th21,DTCC SmartSolo 16HR-3C 5 Hz 76.6 V/m/s
confirmed-AuScope,"AuScope experiment: CURNAMONA CUBE,DASH/SISSLE,OKSN,VULCAN ADI",nodal-short-period,,False,DTCC (SmartSolo),DTCC SmartSolo 16HR-3C,453011711,False,,False,True,sensor,4,2B; 2X; 3X; Y7,2B; 2X; 3X; Y7,,0,8,2022-02-09,2026-03-12,2022-02-09/2026-03-12,False,Australia; NZ,10.7914/6q5b-va48; 10.7914/bfp8-xv25; 10.7914/kd1t-kt29; 10.7914/xnz7-th21,DTCC SmartSolo 16HR-3C 5 Hz 76.6 V/m/s
confirmed-AuScope,"AuScope experiment: CURNAMONA CUBE,EYRE PENINSULA,MUNDI MUNDI,VULCAN ADI",nodal-short-period,,False,DTCC (SmartSolo),DTCC SmartSolo 16HR-3C,453011725,False,,False,True,sensor,4,1H; 2X; 3X; 9M,1H; 2X; 3X; 9M,,0,5,2022-02-09,2024-11-03,2022-02-09/2024-11-03,False,AUS; Australia,10.7914/6q5b-va48; 10.7914/ac1p-7y35; 10.7914/psbw-7z20; 10.7914/xnz7-th21,DTCC SmartSolo 16HR-3C 5 Hz 76.6 V/m/s
confirmed-AuScope,"AuScope experiment: CURNAMONA CUBE,VULCAN ADI,WESTERN GAWLER ADI",nodal-short-period,,False,DTCC (SmartSolo),DTCC SmartSolo 16HR-3C,453011731,False,,False,True,sensor,3,2X; 3X; 6D,2X; 3X; 6D,,0,3,2022-02-10,2022-07-27,2022-02-10/2022-07-27,False,Australia,10.7914/6q5b-va48; 10.7914/xnz7-th21,DTCC SmartSolo 16HR-3C 5 Hz 76.6 V/m/s
confirmed-AuScope,"AuScope experiment: CURNAMONA CUBE,OKSN,VULCAN ADI,WESTERN GAWLER ADI,WETA",nodal-short-period,,False,DTCC (SmartSolo),DTCC SmartSolo 16HR-3C,453011761,False,,False,True,sensor,5,2E; 2X; 3X; 6D; Y7,2E; 2X; 3X; 6D; Y7,,0,8,2022-02-11,2026-03-10,2022-02-11/2026-03-10,False,Australia; NZ; New Zealand,10.7914/37v8-hv88; 10.7914/6q5b-va48; 10.7914/kd1t-kt29; 10.7914/xnz7-th21,DTCC SmartSolo 16HR-3C 5 Hz 76.6 V/m/s
confirmed-AuScope,"AuScope experiment: CURNAMONA CUBE,OKSN,VULCAN ADI,WESTERN GAWLER ADI,WETA",nodal-short-period,,False,DTCC (SmartSolo),DTCC SmartSolo 16HR-3C,453011858,False,,False,True,sensor,5,2E; 2X; 3X; 6D; Y7,2E; 2X; 3X; 6D; Y7,,0,9,2022-02-09,2026-03-11,2022-02-09/2026-03-11,False,Australia; NZ; New Zealand,10.7914/37v8-hv88; 10.7914/6q5b-va48; 10.7914/kd1t-kt29; 10.7914/xnz7-th21,DTCC SmartSolo 16HR-3C 5 Hz 76.6 V/m/s
confirmed-AuScope,"AuScope experiment: CURNAMONA CUBE,EYRE PENINSULA,MUNDI MUNDI,VULCAN ADI,WESTERN GAWLER ADI",nodal-short-period,,False,DTCC (SmartSolo),DTCC SmartSolo 16HR-3C,453011861,False,,False,True,sensor,5,1H; 2X; 3X; 6D; 9M,1H; 2X; 3X; 6D; 9M,,0,6,2022-02-11,2024-11-05,2022-02-11/2024-11-05,False,AUS; Australia,10.7914/6q5b-va48; 10.7914/ac1p-7y35; 10.7914/psbw-7z20; 10.7914/xnz7-th21,DTCC SmartSolo 16HR-3C 5 Hz 76.6 V/m/s
confirmed-AuScope,"AuScope experiment: CURNAMONA CUBE,EYRE PENINSULA,MUNDI MUNDI,VULCAN ADI,WESTERN GAWLER ADI",nodal-short-period,,False,DTCC (SmartSolo),DTCC SmartSolo 16HR-3C,453011895,False,,False,True,sensor,5,1H; 2X; 3X; 6D; 9M,1H; 2X; 3X; 6D; 9M,,0,5,2022-02-10,2024-07-25,2022-02-10/2024-07-25,False,AUS; Australia,10.7914/6q5b-va48; 10.7914/ac1p-7y35; 10.7914/psbw-7z20; 10.7914/xnz7-th21,DTCC SmartSolo 16HR-3C 5 Hz 76.6 V/m/s
confirmed-AuScope,"AuScope experiment: CURNAMONA CUBE,DASH/SISSLE,OKSN,VULCAN ADI,WESTERN GAWLER ADI",nodal-short-period,,False,DTCC (SmartSolo),DTCC SmartSolo 16HR-3C,453011900,False,,False,True,sensor,5,2B; 2X; 3X; 6D; Y7,2B; 2X; 3X; 6D; Y7,,0,9,2022-02-10,2026-03-09,2022-02-10/2026-03-09,False,Australia; NZ,10.7914/6q5b-va48; 10.7914/bfp8-xv25; 10.7914/kd1t-kt29; 10.7914/xnz7-th21,DTCC SmartSolo 16HR-3C 5 Hz 76.6 V/m/s
confirmed-AuScope,"AuScope experiment: CURNAMONA CUBE,EYRE PENINSULA,MUNDI MUNDI,VULCAN ADI,WESTERN GAWLER ADI",nodal-short-period,,False,DTCC (SmartSolo),DTCC SmartSolo 16HR-3C,453011923,False,,False,True,sensor,5,1H; 2X; 3X; 6D; 9M,1H; 2X; 3X; 6D; 9M,,0,5,2022-02-10,2024-07-24,2022-02-10/2024-07-24,False,AUS; Australia,10.7914/6q5b-va48; 10.7914/ac1p-7y35; 10.7914/psbw-7z20; 10.7914/xnz7-th21,DTCC SmartSolo 16HR-3C 5 Hz 76.6 V/m/s
confirmed-AuScope,"AuScope experiment: CURNAMONA CUBE,VULCAN ADI",nodal-short-period,,False,DTCC (SmartSolo),DTCC SmartSolo 16HR-3C,453011946,False,,False,True,sensor,2,2X; 3X,2X; 3X,,0,2,2022-02-09,2022-07-21,2022-02-09/2022-07-21,False,Australia,10.7914/6q5b-va48; 10.7914/xnz7-th21,DTCC SmartSolo 16HR-3C 5 Hz 76.6 V/m/s
confirmed-AuScope,"AuScope experiment: CURNAMONA CUBE,VULCAN ADI,WESTERN GAWLER ADI",nodal-short-period,,False,DTCC (SmartSolo),DTCC SmartSolo 16HR-3C,453011961,False,,False,True,sensor,3,2X; 3X; 6D,2X; 3X; 6D,,0,4,2022-02-10,2022-07-23,2022-02-10/2022-07-23,False,Australia,10.7914/6q5b-va48; 10.7914/xnz7-th21,DTCC SmartSolo 16HR-3C 5 Hz 76.6 V/m/s
confirmed-AuScope,"AuScope experiment: CURNAMONA CUBE,EYRE PENINSULA,MUNDI MUNDI,VULCAN ADI,WESTERN GAWLER ADI",nodal-short-period,,False,DTCC (SmartSolo),DTCC SmartSolo 16HR-3C,453011982,False,,False,True,sensor,5,1H; 2X; 3X; 6D; 9M,1H; 2X; 3X; 6D; 9M,,0,6,2022-02-11,2024-11-04,2022-02-11/2024-11-04,False,AUS; Australia,10.7914/6q5b-va48; 10.7914/ac1p-7y35; 10.7914/psbw-7z20; 10.7914/xnz7-th21,DTCC SmartSolo 16HR-3C 5 Hz 76.6 V/m/s
confirmed-AuScope,"AuScope experiment: CURNAMONA CUBE,VULCAN ADI,WESTERN GAWLER ADI",nodal-short-period,,False,DTCC (SmartSolo),DTCC SmartSolo 16HR-3C,453011998,False,,False,True,sensor,3,2X; 3X; 6D,2X; 3X; 6D,,0,3,2022-02-09,2022-07-23,2022-02-09/2022-07-23,False,Australia,10.7914/6q5b-va48; 10.7914/xnz7-th21,DTCC SmartSolo 16HR-3C 5 Hz 76.6 V/m/s
confirmed-AuScope,"AuScope experiment: CURNAMONA CUBE,VULCAN ADI,WESTERN GAWLER ADI",nodal-short-period,,False,DTCC (SmartSolo),DTCC SmartSolo 16HR-3C,453012000,False,,False,True,sensor,3,2X; 3X; 6D,2X; 3X; 6D,,0,3,2022-02-11,2022-07-21,2022-02-11/2022-07-21,False,Australia,10.7914/6q5b-va48; 10.7914/xnz7-th21,DTCC SmartSolo 16HR-3C 5 Hz 76.6 V/m/s
confirmed-AuScope,"AuScope experiment: CURNAMONA CUBE,EYRE PENINSULA,MUNDI MUNDI,VULCAN ADI,WESTERN GAWLER ADI",nodal-short-period,,False,DTCC (SmartSolo),DTCC SmartSolo 16HR-3C,453012008,False,,False,True,sensor,5,1H; 2X; 3X; 6D; 9M,1H; 2X; 3X; 6D; 9M,,0,6,2022-02-09,2024-11-04,2022-02-09/2024-11-04,False,AUS; Australia,10.7914/6q5b-va48; 10.7914/ac1p-7y35; 10.7914/psbw-7z20; 10.7914/xnz7-th21,DTCC SmartSolo 16HR-3C 5 Hz 76.6 V/m/s
confirmed-AuScope,"AuScope experiment: CURNAMONA CUBE,OKSN,VULCAN ADI,WESTERN GAWLER ADI,WETA",nodal-short-period,,False,DTCC (SmartSolo),DTCC SmartSolo 16HR-3C,453012010,False,,False,True,sensor,5,2E; 2X; 3X; 6D; Y7,2E; 2X; 3X; 6D; Y7,,0,7,2022-02-09,2026-03-09,2022-02-09/2026-03-09,False,Australia; NZ; New Zealand,10.7914/37v8-hv88; 10.7914/6q5b-va48; 10.7914/kd1t-kt29; 10.7914/xnz7-th21,DTCC SmartSolo 16HR-3C 5 Hz 76.6 V/m/s
confirmed-AuScope,"AuScope experiment: CURNAMONA CUBE,VULCAN ADI,WESTERN GAWLER ADI",nodal-short-period,,False,DTCC (SmartSolo),DTCC SmartSolo 16HR-3C,453012019,False,,False,True,sensor,3,2X; 3X; 6D,2X; 3X; 6D,,0,3,2022-02-09,2022-07-20,2022-02-09/2022-07-20,False,Australia,10.7914/6q5b-va48; 10.7914/xnz7-th21,DTCC SmartSolo 16HR-3C 5 Hz 76.6 V/m/s
confirmed-AuScope,"AuScope experiment: CURNAMONA CUBE,EYRE PENINSULA,MUNDI MUNDI,VULCAN ADI",nodal-short-period,,False,DTCC (SmartSolo),DTCC SmartSolo 16HR-3C,453012027,False,,False,True,sensor,4,1H; 2X; 3X; 9M,1H; 2X; 3X; 9M,,0,5,2022-02-09,2024-11-05,2022-02-09/2024-11-05,False,AUS; Australia,10.7914/6q5b-va48; 10.7914/ac1p-7y35; 10.7914/psbw-7z20; 10.7914/xnz7-th21,DTCC SmartSolo 16HR-3C 5 Hz 76.6 V/m/s
confirmed-AuScope,"AuScope experiment: BMNTE,CURNAMONA CUBE,EYRE PENINSULA,VULCAN ADI",nodal-short-period,,False,DTCC (SmartSolo),DTCC SmartSolo 16HR-3C,453012042,False,,False,True,sensor,4,2X; 3X; 8A; 9M,2X; 3X; 8A; 9M,,0,4,2022-02-10,2024-09-24,2022-02-10/2024-09-24,False,AU; AUS; Australia,10.7914/6q5b-va48; 10.7914/ac1p-7y35; 10.7914/ps89-gf83; 10.7914/xnz7-th21,DTCC SmartSolo 16HR-3C 5 Hz 76.6 V/m/s
confirmed-AuScope,"AuScope experiment: CURNAMONA CUBE,EYRE PENINSULA,MUNDI MUNDI,VULCAN ADI",nodal-short-period,,False,DTCC (SmartSolo),DTCC SmartSolo 16HR-3C,453012048,False,,False,True,sensor,4,1H; 2X; 3X; 9M,1H; 2X; 3X; 9M,,0,5,2022-02-10,2024-11-03,2022-02-10/2024-11-03,False,AUS; Australia,10.7914/6q5b-va48; 10.7914/ac1p-7y35; 10.7914/psbw-7z20; 10.7914/xnz7-th21,DTCC SmartSolo 16HR-3C 5 Hz 76.6 V/m/s
confirmed-AuScope,"AuScope experiment: CURNAMONA CUBE,VULCAN ADI,WESTERN GAWLER ADI",nodal-short-period,,False,DTCC (SmartSolo),DTCC SmartSolo 16HR-3C,453012084,False,,False,True,sensor,3,2X; 3X; 6D,2X; 3X; 6D,,0,3,2022-02-11,2022-07-20,2022-02-11/2022-07-20,False,Australia,10.7914/6q5b-va48; 10.7914/xnz7-th21,DTCC SmartSolo 16HR-3C 5 Hz 76.6 V/m/s
confirmed-AuScope,"AuScope experiment: CURNAMONA CUBE,DASH/SISSLE,OKSN,VULCAN ADI,WESTERN GAWLER ADI",nodal-short-period,,False,DTCC (SmartSolo),DTCC SmartSolo 16HR-3C,453012221,False,,False,True,sensor,5,2B; 2X; 3X; 6D; Y7,2B; 2X; 3X; 6D; Y7,,0,8,2022-02-09,2026-03-09,2022-02-09/2026-03-09,False,Australia; NZ,10.7914/6q5b-va48; 10.7914/bfp8-xv25; 10.7914/kd1t-kt29; 10.7914/xnz7-th21,DTCC SmartSolo 16HR-3C 5 Hz 76.6 V/m/s
confirmed-AuScope,"AuScope experiment: CURNAMONA CUBE,OKSN,VULCAN ADI,WESTERN GAWLER ADI,WETA",nodal-short-period,,False,DTCC (SmartSolo),DTCC SmartSolo 16HR-3C,453012249,False,,False,True,sensor,5,2E; 2X; 3X; 6D; Y7,2E; 2X; 3X; 6D; Y7,,0,8,2022-02-10,2026-03-11,2022-02-10/2026-03-11,False,Australia; NZ; New Zealand,10.7914/37v8-hv88; 10.7914/6q5b-va48; 10.7914/kd1t-kt29; 10.7914/xnz7-th21,DTCC SmartSolo 16HR-3C 5 Hz 76.6 V/m/s
confirmed-AuScope,"AuScope experiment: CURNAMONA CUBE,VULCAN ADI,WESTERN GAWLER ADI",nodal-short-period,,False,DTCC (SmartSolo),DTCC SmartSolo 16HR-3C,453012276,False,,False,True,sensor,3,2X; 3X; 6D,2X; 3X; 6D,,0,3,2022-02-10,2022-07-21,2022-02-10/2022-07-21,False,Australia,10.7914/6q5b-va48; 10.7914/xnz7-th21,DTCC SmartSolo 16HR-3C 5 Hz 76.6 V/m/s
confirmed-AuScope,"AuScope experiment: CURNAMONA CUBE,VULCAN ADI,WESTERN GAWLER ADI",nodal-short-period,,False,DTCC (SmartSolo),DTCC SmartSolo 16HR-3C,453012295,False,,False,True,sensor,3,2X; 3X; 6D,2X; 3X; 6D,,0,3,2022-02-10,2022-07-20,2022-02-10/2022-07-20,False,Australia,10.7914/6q5b-va48; 10.7914/xnz7-th21,DTCC SmartSolo 16HR-3C 5 Hz 76.6 V/m/s
confirmed-AuScope,"AuScope experiment: CURNAMONA CUBE,OKSN,VULCAN ADI,WESTERN GAWLER ADI,WETA",nodal-short-period,,False,DTCC (SmartSolo),DTCC SmartSolo 16HR-3C,453012350,False,,False,True,sensor,5,2E; 2X; 3X; 6D; Y7,2E; 2X; 3X; 6D; Y7,,0,7,2022-02-10,2026-03-11,2022-02-10/2026-03-11,False,Australia; NZ; New Zealand,10.7914/37v8-hv88; 10.7914/6q5b-va48; 10.7914/kd1t-kt29; 10.7914/xnz7-th21,DTCC SmartSolo 16HR-3C 5 Hz 76.6 V/m/s
confirmed-AuScope,"AuScope experiment: CURNAMONA CUBE,EYRE PENINSULA,VULCAN ADI",nodal-short-period,,False,DTCC (SmartSolo),DTCC SmartSolo 16HR-3C,453012370,False,,False,True,sensor,3,2X; 3X; 9M,2X; 3X; 9M,,0,3,2022-02-10,2024-03-29,2022-02-10/2024-03-29,False,AUS; Australia,10.7914/6q5b-va48; 10.7914/ac1p-7y35; 10.7914/xnz7-th21,DTCC SmartSolo 16HR-3C 5 Hz 76.6 V/m/s
confirmed-AuScope,"AuScope experiment: CURNAMONA CUBE,EYRE PENINSULA,MUNDI MUNDI,VULCAN ADI",nodal-short-period,,False,DTCC (SmartSolo),DTCC SmartSolo 16HR-3C,453012379,False,,False,True,sensor,4,1H; 2X; 3X; 9M,1H; 2X; 3X; 9M,,0,5,2022-02-09,2024-11-04,2022-02-09/2024-11-04,False,AUS; Australia,10.7914/6q5b-va48; 10.7914/ac1p-7y35; 10.7914/psbw-7z20; 10.7914/xnz7-th21,DTCC SmartSolo 16HR-3C 5 Hz 76.6 V/m/s
confirmed-AuScope,"AuScope experiment: CURNAMONA CUBE,VULCAN ADI,WESTERN GAWLER ADI",nodal-short-period,,False,DTCC (SmartSolo),DTCC SmartSolo 16HR-3C,453012386,False,,False,True,sensor,3,2X; 3X; 6D,2X; 3X; 6D,,0,3,2022-02-10,2022-07-23,2022-02-10/2022-07-23,False,Australia,10.7914/6q5b-va48; 10.7914/xnz7-th21,DTCC SmartSolo 16HR-3C 5 Hz 76.6 V/m/s
confirmed-AuScope,"AuScope experiment: CURNAMONA CUBE,VULCAN ADI,WESTERN GAWLER ADI",nodal-short-period,,False,DTCC (SmartSolo),DTCC SmartSolo 16HR-3C,453012392,False,,False,True,sensor,3,2X; 3X; 6D,2X; 3X; 6D,,0,3,2022-02-09,2022-07-21,2022-02-09/2022-07-21,False,Australia,10.7914/6q5b-va48; 10.7914/xnz7-th21,DTCC SmartSolo 16HR-3C 5 Hz 76.6 V/m/s
confirmed-AuScope,"AuScope experiment: CURNAMONA CUBE,VULCAN ADI,WESTERN GAWLER ADI",nodal-short-period,,False,DTCC (SmartSolo),DTCC SmartSolo 16HR-3C,453012429,False,,False,True,sensor,3,2X; 3X; 6D,2X; 3X; 6D,,0,3,2022-02-09,2022-07-23,2022-02-09/2022-07-23,False,Australia,10.7914/6q5b-va48; 10.7914/xnz7-th21,DTCC SmartSolo 16HR-3C 5 Hz 76.6 V/m/s
confirmed-AuScope,"AuScope experiment: CURNAMONA CUBE,EYRE PENINSULA,MUNDI MUNDI,VULCAN ADI,WESTERN GAWLER ADI",nodal-short-period,,False,DTCC (SmartSolo),DTCC SmartSolo 16HR-3C,453012437,False,,False,True,sensor,5,1H; 2X; 3X; 6D; 9M,1H; 2X; 3X; 6D; 9M,,0,6,2022-02-10,2024-11-03,2022-02-10/2024-11-03,False,AUS; Australia,10.7914/6q5b-va48; 10.7914/ac1p-7y35; 10.7914/psbw-7z20; 10.7914/xnz7-th21,DTCC SmartSolo 16HR-3C 5 Hz 76.6 V/m/s
confirmed-AuScope,"AuScope experiment: CURNAMONA CUBE,VULCAN ADI,WESTERN GAWLER ADI",nodal-short-period,,False,DTCC (SmartSolo),DTCC SmartSolo 16HR-3C,453012444,False,,False,True,sensor,3,2X; 3X; 6D,2X; 3X; 6D,,0,3,2022-02-10,2022-07-22,2022-02-10/2022-07-22,False,Australia,10.7914/6q5b-va48; 10.7914/xnz7-th21,DTCC SmartSolo 16HR-3C 5 Hz 76.6 V/m/s
confirmed-AuScope,"AuScope experiment: CURNAMONA CUBE,VULCAN ADI,WESTERN GAWLER ADI",nodal-short-period,,False,DTCC (SmartSolo),DTCC SmartSolo 16HR-3C,453012465,False,,False,True,sensor,3,2X; 3X; 6D,2X; 3X; 6D,,0,3,2022-02-09,2022-07-22,2022-02-09/2022-07-22,False,Australia,10.7914/6q5b-va48; 10.7914/xnz7-th21,DTCC SmartSolo 16HR-3C 5 Hz 76.6 V/m/s
confirmed-AuScope,"AuScope experiment: CURNAMONA CUBE,OKSN,VULCAN ADI,WETA",nodal-short-period,,False,DTCC (SmartSolo),DTCC SmartSolo 16HR-3C,453012485,False,,False,True,sensor,4,2E; 2X; 3X; Y7,2E; 2X; 3X; Y7,,0,5,2022-02-10,2026-03-10,2022-02-10/2026-03-10,False,Australia; NZ; New Zealand,10.7914/37v8-hv88; 10.7914/6q5b-va48; 10.7914/kd1t-kt29; 10.7914/xnz7-th21,DTCC SmartSolo 16HR-3C 5 Hz 76.6 V/m/s
confirmed-AuScope,"AuScope experiment: CURNAMONA CUBE,VULCAN ADI",nodal-short-period,,False,DTCC (SmartSolo),DTCC SmartSolo 16HR-3C,453012750,False,,False,True,sensor,2,2X; 3X,2X; 3X,,0,2,2022-02-10,2022-07-23,2022-02-10/2022-07-23,False,Australia,10.7914/6q5b-va48; 10.7914/xnz7-th21,DTCC SmartSolo 16HR-3C 5 Hz 76.6 V/m/s
confirmed-AuScope,"AuScope experiment: CURNAMONA CUBE,VULCAN ADI,WESTERN GAWLER ADI",nodal-short-period,,False,DTCC (SmartSolo),DTCC SmartSolo 16HR-3C,453012782,False,,False,True,sensor,3,2X; 3X; 6D,2X; 3X; 6D,,0,3,2022-02-11,2022-07-22,2022-02-11/2022-07-22,False,Australia,10.7914/6q5b-va48; 10.7914/xnz7-th21,DTCC SmartSolo 16HR-3C 5 Hz 76.6 V/m/s
confirmed-AuScope,"AuScope experiment: CURNAMONA CUBE,OKSN,VULCAN ADI,WESTERN GAWLER ADI,WETA",nodal-short-period,,False,DTCC (SmartSolo),DTCC SmartSolo 16HR-3C,453012812,False,,False,True,sensor,5,2E; 2X; 3X; 6D; Y7,2E; 2X; 3X; 6D; Y7,,0,7,2022-02-09,2026-03-11,2022-02-09/2026-03-11,False,Australia; NZ; New Zealand,10.7914/37v8-hv88; 10.7914/6q5b-va48; 10.7914/kd1t-kt29; 10.7914/xnz7-th21,DTCC SmartSolo 16HR-3C 5 Hz 76.6 V/m/s
confirmed-AuScope,"AuScope experiment: CURNAMONA CUBE,OKSN,VULCAN ADI,WESTERN GAWLER ADI,WETA",nodal-short-period,,False,DTCC (SmartSolo),DTCC SmartSolo 16HR-3C,453012819,False,,False,True,sensor,5,2E; 2X; 3X; 6D; Y7,2E; 2X; 3X; 6D; Y7,,0,10,2022-02-09,2026-03-10,2022-02-09/2026-03-10,False,Australia; NZ; New Zealand,10.7914/37v8-hv88; 10.7914/6q5b-va48; 10.7914/kd1t-kt29; 10.7914/xnz7-th21,DTCC SmartSolo 16HR-3C 5 Hz 76.6 V/m/s
confirmed-AuScope,"AuScope experiment: CURNAMONA CUBE,EYRE PENINSULA,MUNDI MUNDI,VULCAN ADI,WESTERN GAWLER ADI",nodal-short-period,,False,DTCC (SmartSolo),DTCC SmartSolo 16HR-3C,453012820,False,,False,True,sensor,5,1H; 2X; 3X; 6D; 9M,1H; 2X; 3X; 6D; 9M,,0,6,2022-02-10,2024-11-04,2022-02-10/2024-11-04,False,AUS; Australia,10.7914/6q5b-va48; 10.7914/ac1p-7y35; 10.7914/psbw-7z20; 10.7914/xnz7-th21,DTCC SmartSolo 16HR-3C 5 Hz 76.6 V/m/s
confirmed-AuScope,"AuScope experiment: CURNAMONA CUBE,OKSN,VULCAN ADI,WESTERN GAWLER ADI,WETA",nodal-short-period,,False,DTCC (SmartSolo),DTCC SmartSolo 16HR-3C,453012827,False,,False,True,sensor,5,2E; 2X; 3X; 6D; Y7,2E; 2X; 3X; 6D; Y7,,0,8,2022-02-09,2026-03-07,2022-02-09/2026-03-07,False,Australia; NZ; New Zealand,10.7914/37v8-hv88; 10.7914/6q5b-va48; 10.7914/kd1t-kt29; 10.7914/xnz7-th21,DTCC SmartSolo 16HR-3C 5 Hz 76.6 V/m/s
confirmed-AuScope,"AuScope experiment: CURNAMONA CUBE,OKSN,VULCAN ADI,WESTERN GAWLER ADI,WETA",nodal-short-period,,False,DTCC (SmartSolo),DTCC SmartSolo 16HR-3C,453012845,False,,False,True,sensor,5,2E; 2X; 3X; 6D; Y7,2E; 2X; 3X; 6D; Y7,,0,8,2022-02-10,2026-03-09,2022-02-10/2026-03-09,False,Australia; NZ; New Zealand,10.7914/37v8-hv88; 10.7914/6q5b-va48; 10.7914/kd1t-kt29; 10.7914/xnz7-th21,DTCC SmartSolo 16HR-3C 5 Hz 76.6 V/m/s
confirmed-AuScope,"AuScope experiment: CURNAMONA CUBE,OKSN,VULCAN ADI,WESTERN GAWLER ADI,WETA",nodal-short-period,,False,DTCC (SmartSolo),DTCC SmartSolo 16HR-3C,453012923,False,,False,True,sensor,5,2E; 2X; 3X; 6D; Y7,2E; 2X; 3X; 6D; Y7,,0,8,2022-02-09,2026-03-10,2022-02-09/2026-03-10,False,Australia; NZ; New Zealand,10.7914/37v8-hv88; 10.7914/6q5b-va48; 10.7914/kd1t-kt29; 10.7914/xnz7-th21,DTCC SmartSolo 16HR-3C 5 Hz 76.6 V/m/s
confirmed-AuScope,"AuScope experiment: CURNAMONA CUBE,OKSN,VULCAN ADI,WETA",nodal-short-period,,False,DTCC (SmartSolo),DTCC SmartSolo 16HR-3C,453012938,False,,False,True,sensor,4,2E; 2X; 3X; Y7,2E; 2X; 3X; Y7,,0,9,2022-02-10,2026-03-10,2022-02-10/2026-03-10,False,Australia; NZ; New Zealand,10.7914/37v8-hv88; 10.7914/6q5b-va48; 10.7914/kd1t-kt29; 10.7914/xnz7-th21,DTCC SmartSolo 16HR-3C 5 Hz 76.6 V/m/s
confirmed-AuScope,"AuScope experiment: CURNAMONA CUBE,EYRE PENINSULA,MUNDI MUNDI,VULCAN ADI,WESTERN GAWLER ADI",nodal-short-period,,False,DTCC (SmartSolo),DTCC SmartSolo 16HR-3C,453012951,False,,False,True,sensor,5,1H; 2X; 3X; 6D; 9M,1H; 2X; 3X; 6D; 9M,,0,6,2022-02-10,2024-11-03,2022-02-10/2024-11-03,False,AUS; Australia,10.7914/6q5b-va48; 10.7914/ac1p-7y35; 10.7914/psbw-7z20; 10.7914/xnz7-th21,DTCC SmartSolo 16HR-3C 5 Hz 76.6 V/m/s
confirmed-AuScope,"AuScope experiment: CURNAMONA CUBE,VULCAN ADI,WESTERN GAWLER ADI",nodal-short-period,,False,DTCC (SmartSolo),DTCC SmartSolo 16HR-3C,453012956,False,,False,True,sensor,3,2X; 3X; 6D,2X; 3X; 6D,,0,3,2022-02-10,2022-07-21,2022-02-10/2022-07-21,False,Australia,10.7914/6q5b-va48; 10.7914/xnz7-th21,DTCC SmartSolo 16HR-3C 5 Hz 76.6 V/m/s
confirmed-AuScope,"AuScope experiment: CURNAMONA CUBE,OKSN,VULCAN ADI,WETA",nodal-short-period,,False,DTCC (SmartSolo),DTCC SmartSolo 16HR-3C,453012984,False,,False,True,sensor,4,2E; 2X; 3X; Y7,2E; 2X; 3X; Y7,,0,7,2022-02-11,2026-03-10,2022-02-11/2026-03-10,False,Australia; NZ; New Zealand,10.7914/37v8-hv88; 10.7914/6q5b-va48; 10.7914/kd1t-kt29; 10.7914/xnz7-th21,DTCC SmartSolo 16HR-3C 5 Hz 76.6 V/m/s
confirmed-AuScope,"AuScope experiment: CURNAMONA CUBE,OKSN,VULCAN ADI,WESTERN GAWLER ADI,WETA",nodal-short-period,,False,DTCC (SmartSolo),DTCC SmartSolo 16HR-3C,453013020,False,,False,True,sensor,5,2E; 2X; 3X; 6D; Y7,2E; 2X; 3X; 6D; Y7,,0,8,2022-02-10,2026-03-10,2022-02-10/2026-03-10,False,Australia; NZ; New Zealand,10.7914/37v8-hv88; 10.7914/6q5b-va48; 10.7914/kd1t-kt29; 10.7914/xnz7-th21,DTCC SmartSolo 16HR-3C 5 Hz 76.6 V/m/s
confirmed-AuScope,"AuScope experiment: CURNAMONA CUBE,OKSN,VULCAN ADI,WESTERN GAWLER ADI,WETA",nodal-short-period,,False,DTCC (SmartSolo),DTCC SmartSolo 16HR-3C,453013035,False,,False,True,sensor,5,2E; 2X; 3X; 6D; Y7,2E; 2X; 3X; 6D; Y7,,0,8,2022-02-10,2026-03-11,2022-02-10/2026-03-11,False,Australia; NZ; New Zealand,10.7914/37v8-hv88; 10.7914/6q5b-va48; 10.7914/kd1t-kt29; 10.7914/xnz7-th21,DTCC SmartSolo 16HR-3C 5 Hz 76.6 V/m/s
confirmed-AuScope,"AuScope experiment: CURNAMONA CUBE,OKSN,VULCAN ADI,WESTERN GAWLER ADI,WETA",nodal-short-period,,False,DTCC (SmartSolo),DTCC SmartSolo 16HR-3C,453013047,False,,False,True,sensor,5,2E; 2X; 3X; 6D; Y7,2E; 2X; 3X; 6D; Y7,,0,9,2022-02-10,2026-03-10,2022-02-10/2026-03-10,False,Australia; NZ; New Zealand,10.7914/37v8-hv88; 10.7914/6q5b-va48; 10.7914/kd1t-kt29; 10.7914/xnz7-th21,DTCC SmartSolo 16HR-3C 5 Hz 76.6 V/m/s
confirmed-AuScope,"AuScope experiment: CURNAMONA CUBE,OKSN,VULCAN ADI,WESTERN GAWLER ADI,WETA",nodal-short-period,,False,DTCC (SmartSolo),DTCC SmartSolo 16HR-3C,453013080,False,,False,True,sensor,5,2E; 2X; 3X; 6D; Y7,2E; 2X; 3X; 6D; Y7,,0,7,2022-02-10,2026-03-07,2022-02-10/2026-03-07,False,Australia; NZ; New Zealand,10.7914/37v8-hv88; 10.7914/6q5b-va48; 10.7914/kd1t-kt29; 10.7914/xnz7-th21,DTCC SmartSolo 16HR-3C 5 Hz 76.6 V/m/s
confirmed-AuScope,"AuScope experiment: CURNAMONA CUBE,EYRE PENINSULA,MUNDI MUNDI,VULCAN ADI,WESTERN GAWLER ADI",nodal-short-period,,False,DTCC (SmartSolo),DTCC SmartSolo 16HR-3C,453013083,False,,False,True,sensor,5,1H; 2X; 3X; 6D; 9M,1H; 2X; 3X; 6D; 9M,,0,6,2022-02-10,2024-11-04,2022-02-10/2024-11-04,False,AUS; Australia,10.7914/6q5b-va48; 10.7914/ac1p-7y35; 10.7914/psbw-7z20; 10.7914/xnz7-th21,DTCC SmartSolo 16HR-3C 5 Hz 76.6 V/m/s
confirmed-AuScope,"AuScope experiment: CURNAMONA CUBE,OKSN,VULCAN ADI,WETA",nodal-short-period,,False,DTCC (SmartSolo),DTCC SmartSolo 16HR-3C,453013097,False,,False,True,sensor,4,2E; 2X; 3X; Y7,2E; 2X; 3X; Y7,,0,8,2022-02-10,2026-03-11,2022-02-10/2026-03-11,False,Australia; NZ; New Zealand,10.7914/37v8-hv88; 10.7914/6q5b-va48; 10.7914/kd1t-kt29; 10.7914/xnz7-th21,DTCC SmartSolo 16HR-3C 5 Hz 76.6 V/m/s
confirmed-AuScope,"AuScope experiment: CURNAMONA CUBE,OKSN,VULCAN ADI,WESTERN GAWLER ADI,WETA",nodal-short-period,,False,DTCC (SmartSolo),DTCC SmartSolo 16HR-3C,453013117,False,,False,True,sensor,5,2E; 2X; 3X; 6D; Y7,2E; 2X; 3X; 6D; Y7,,0,6,2022-02-09,2026-03-07,2022-02-09/2026-03-07,False,Australia; NZ; New Zealand,10.7914/37v8-hv88; 10.7914/6q5b-va48; 10.7914/kd1t-kt29; 10.7914/xnz7-th21,DTCC SmartSolo 16HR-3C 5 Hz 76.6 V/m/s
confirmed-AuScope,"AuScope experiment: CURNAMONA CUBE,VULCAN ADI",nodal-short-period,,False,DTCC (SmartSolo),DTCC SmartSolo 16HR-3C,453013119,False,,False,True,sensor,2,2X; 3X,2X; 3X,,0,2,2022-02-10,2022-07-19,2022-02-10/2022-07-19,False,Australia,10.7914/6q5b-va48; 10.7914/xnz7-th21,DTCC SmartSolo 16HR-3C 5 Hz 76.6 V/m/s
confirmed-AuScope,"AuScope experiment: CURNAMONA CUBE,VULCAN ADI,WESTERN GAWLER ADI",nodal-short-period,,False,DTCC (SmartSolo),DTCC SmartSolo 16HR-3C,453013129,False,,False,True,sensor,3,2X; 3X; 6D,2X; 3X; 6D,,0,3,2022-02-10,2022-07-23,2022-02-10/2022-07-23,False,Australia,10.7914/6q5b-va48; 10.7914/xnz7-th21,DTCC SmartSolo 16HR-3C 5 Hz 76.6 V/m/s
confirmed-AuScope,"AuScope experiment: CURNAMONA CUBE,EYRE PENINSULA,MUNDI MUNDI,VULCAN ADI,WESTERN GAWLER ADI",nodal-short-period,,False,DTCC (SmartSolo),DTCC SmartSolo 16HR-3C,453013145,False,,False,True,sensor,5,1H; 2X; 3X; 6D; 9M,1H; 2X; 3X; 6D; 9M,,0,6,2022-02-10,2024-11-05,2022-02-10/2024-11-05,False,AUS; Australia,10.7914/6q5b-va48; 10.7914/ac1p-7y35; 10.7914/psbw-7z20; 10.7914/xnz7-th21,DTCC SmartSolo 16HR-3C 5 Hz 76.6 V/m/s
confirmed-AuScope,"AuScope experiment: CURNAMONA CUBE,EYRE PENINSULA,MUNDI MUNDI,VULCAN ADI",nodal-short-period,,False,DTCC (SmartSolo),DTCC SmartSolo 16HR-3C,453013147,False,,False,True,sensor,4,1H; 2X; 3X; 9M,1H; 2X; 3X; 9M,,0,5,2022-02-09,2024-11-04,2022-02-09/2024-11-04,False,AUS; Australia,10.7914/6q5b-va48; 10.7914/ac1p-7y35; 10.7914/psbw-7z20; 10.7914/xnz7-th21,DTCC SmartSolo 16HR-3C 5 Hz 76.6 V/m/s
confirmed-AuScope,"AuScope experiment: CURNAMONA CUBE,VULCAN ADI,WESTERN GAWLER ADI",nodal-short-period,,False,DTCC (SmartSolo),DTCC SmartSolo 16HR-3C,453013162,False,,False,True,sensor,3,2X; 3X; 6D,2X; 3X; 6D,,0,3,2022-02-10,2022-07-20,2022-02-10/2022-07-20,False,Australia,10.7914/6q5b-va48; 10.7914/xnz7-th21,DTCC SmartSolo 16HR-3C 5 Hz 76.6 V/m/s
confirmed-AuScope,"AuScope experiment: CURNAMONA CUBE,EYRE PENINSULA,MUNDI MUNDI,VULCAN ADI,WESTERN GAWLER ADI",nodal-short-period,,False,DTCC (SmartSolo),DTCC SmartSolo 16HR-3C,453013167,False,,False,True,sensor,5,1H; 2X; 3X; 6D; 9M,1H; 2X; 3X; 6D; 9M,,0,6,2022-02-10,2024-11-05,2022-02-10/2024-11-05,False,AUS; Australia,10.7914/6q5b-va48; 10.7914/ac1p-7y35; 10.7914/psbw-7z20; 10.7914/xnz7-th21,DTCC SmartSolo 16HR-3C 5 Hz 76.6 V/m/s
confirmed-AuScope,"AuScope experiment: CURNAMONA CUBE,EYRE PENINSULA,MUNDI MUNDI,VULCAN ADI,WESTERN GAWLER ADI",nodal-short-period,,False,DTCC (SmartSolo),DTCC SmartSolo 16HR-3C,453013168,False,,False,True,sensor,5,1H; 2X; 3X; 6D; 9M,1H; 2X; 3X; 6D; 9M,,0,6,2022-02-10,2024-11-05,2022-02-10/2024-11-05,False,AUS; Australia,10.7914/6q5b-va48; 10.7914/ac1p-7y35; 10.7914/psbw-7z20; 10.7914/xnz7-th21,DTCC SmartSolo 16HR-3C 5 Hz 76.6 V/m/s
confirmed-AuScope,"AuScope experiment: VULCAN ADI,WESTERN GAWLER ADI",nodal-short-period,,False,DTCC (SmartSolo),DTCC SmartSolo 16HR-3C,453013170,False,,False,True,sensor,2,2X; 6D,2X; 6D,,0,2,2022-02-10,2022-04-12,2022-02-10/2022-04-12,False,Australia,10.7914/xnz7-th21,DTCC SmartSolo 16HR-3C 5 Hz 76.6 V/m/s
confirmed-AuScope,"AuScope experiment: CURNAMONA CUBE,OKSN,VULCAN ADI,WESTERN GAWLER ADI,WETA",nodal-short-period,,False,DTCC (SmartSolo),DTCC SmartSolo 16HR-3C,453013199,False,,False,True,sensor,5,2E; 2X; 3X; 6D; Y7,2E; 2X; 3X; 6D; Y7,,0,10,2022-02-10,2026-03-10,2022-02-10/2026-03-10,False,Australia; NZ; New Zealand,10.7914/37v8-hv88; 10.7914/6q5b-va48; 10.7914/kd1t-kt29; 10.7914/xnz7-th21,DTCC SmartSolo 16HR-3C 5 Hz 76.6 V/m/s
confirmed-AuScope,"AuScope experiment: CURNAMONA CUBE,OKSN,VULCAN ADI,WESTERN GAWLER ADI,WETA",nodal-short-period,,False,DTCC (SmartSolo),DTCC SmartSolo 16HR-3C,453013257,False,,False,True,sensor,5,2E; 2X; 3X; 6D; Y7,2E; 2X; 3X; 6D; Y7,,0,9,2022-02-10,2026-03-11,2022-02-10/2026-03-11,False,Australia; NZ; New Zealand,10.7914/37v8-hv88; 10.7914/6q5b-va48; 10.7914/kd1t-kt29; 10.7914/xnz7-th21,DTCC SmartSolo 16HR-3C 5 Hz 76.6 V/m/s
confirmed-AuScope,"AuScope experiment: CURNAMONA CUBE,VULCAN ADI,WESTERN GAWLER ADI",nodal-short-period,,False,DTCC (SmartSolo),DTCC SmartSolo 16HR-3C,453013265,False,,False,True,sensor,3,2X; 3X; 6D,2X; 3X; 6D,,0,3,2022-02-10,2022-07-23,2022-02-10/2022-07-23,False,Australia,10.7914/6q5b-va48; 10.7914/xnz7-th21,DTCC SmartSolo 16HR-3C 5 Hz 76.6 V/m/s
confirmed-AuScope,"AuScope experiment: CURNAMONA CUBE,EYRE PENINSULA,MUNDI MUNDI,VULCAN ADI",nodal-short-period,,False,DTCC (SmartSolo),DTCC SmartSolo 16HR-3C,453013292,False,,False,True,sensor,4,1H; 2X; 3X; 9M,1H; 2X; 3X; 9M,,0,5,2022-02-09,2024-11-04,2022-02-09/2024-11-04,False,AUS; Australia,10.7914/6q5b-va48; 10.7914/ac1p-7y35; 10.7914/psbw-7z20; 10.7914/xnz7-th21,DTCC SmartSolo 16HR-3C 5 Hz 76.6 V/m/s
confirmed-AuScope,"AuScope experiment: CURNAMONA CUBE,OKSN,VULCAN ADI,WETA",nodal-short-period,,False,DTCC (SmartSolo),DTCC SmartSolo 16HR-3C,453013430,False,,False,True,sensor,4,2E; 2X; 3X; Y7,2E; 2X; 3X; Y7,,0,6,2022-02-10,2026-03-12,2022-02-10/2026-03-12,False,Australia; NZ; New Zealand,10.7914/37v8-hv88; 10.7914/6q5b-va48; 10.7914/kd1t-kt29; 10.7914/xnz7-th21,DTCC SmartSolo 16HR-3C 5 Hz 76.6 V/m/s
confirmed-AuScope,"AuScope experiment: BMNTE,CURNAMONA CUBE,EYRE PENINSULA,VULCAN ADI,WESTERN GAWLER ADI",nodal-short-period,,False,DTCC (SmartSolo),DTCC SmartSolo 16HR-3C,453013500,False,,False,True,sensor,5,2X; 3X; 6D; 8A; 9M,2X; 3X; 6D; 8A; 9M,,0,5,2022-02-09,2024-09-24,2022-02-09/2024-09-24,False,AU; AUS; Australia,10.7914/6q5b-va48; 10.7914/ac1p-7y35; 10.7914/ps89-gf83; 10.7914/xnz7-th21,DTCC SmartSolo 16HR-3C 5 Hz 76.6 V/m/s
confirmed-AuScope,"AuScope experiment: CURNAMONA CUBE,VULCAN ADI",nodal-short-period,,False,DTCC (SmartSolo),DTCC SmartSolo 16HR-3C,453013672,False,,False,True,sensor,2,2X; 3X,2X; 3X,,0,2,2022-02-10,2022-07-23,2022-02-10/2022-07-23,False,Australia,10.7914/6q5b-va48; 10.7914/xnz7-th21,DTCC SmartSolo 16HR-3C 5 Hz 76.6 V/m/s
confirmed-AuScope,"AuScope experiment: CURNAMONA CUBE,EYRE PENINSULA,MUNDI MUNDI,VULCAN ADI,WESTERN GAWLER ADI",nodal-short-period,,False,DTCC (SmartSolo),DTCC SmartSolo 16HR-3C,453013675,False,,False,True,sensor,5,1H; 2X; 3X; 6D; 9M,1H; 2X; 3X; 6D; 9M,,0,6,2022-02-10,2024-11-05,2022-02-10/2024-11-05,False,AUS; Australia,10.7914/6q5b-va48; 10.7914/ac1p-7y35; 10.7914/psbw-7z20; 10.7914/xnz7-th21,DTCC SmartSolo 16HR-3C 5 Hz 76.6 V/m/s
confirmed-AuScope,"AuScope experiment: CURNAMONA CUBE,EYRE PENINSULA,MUNDI MUNDI,VULCAN ADI",nodal-short-period,,False,DTCC (SmartSolo),DTCC SmartSolo 16HR-3C,453013680,False,,False,True,sensor,4,1H; 2X; 3X; 9M,1H; 2X; 3X; 9M,,0,5,2022-02-10,2024-11-03,2022-02-10/2024-11-03,False,AUS; Australia,10.7914/6q5b-va48; 10.7914/ac1p-7y35; 10.7914/psbw-7z20; 10.7914/xnz7-th21,DTCC SmartSolo 16HR-3C 5 Hz 76.6 V/m/s
confirmed-AuScope,"AuScope experiment: CURNAMONA CUBE,VULCAN ADI,WESTERN GAWLER ADI",nodal-short-period,,False,DTCC (SmartSolo),DTCC SmartSolo 16HR-3C,453013688,False,,False,True,sensor,3,2X; 3X; 6D,2X; 3X; 6D,,0,3,2022-02-11,2022-07-22,2022-02-11/2022-07-22,False,Australia,10.7914/6q5b-va48; 10.7914/xnz7-th21,DTCC SmartSolo 16HR-3C 5 Hz 76.6 V/m/s
confirmed-AuScope,"AuScope experiment: CURNAMONA CUBE,VULCAN ADI,WESTERN GAWLER ADI",nodal-short-period,,False,DTCC (SmartSolo),DTCC SmartSolo 16HR-3C,453013694,False,,False,True,sensor,3,2X; 3X; 6D,2X; 3X; 6D,,0,3,2022-02-09,2022-07-20,2022-02-09/2022-07-20,False,Australia,10.7914/6q5b-va48; 10.7914/xnz7-th21,DTCC SmartSolo 16HR-3C 5 Hz 76.6 V/m/s
confirmed-AuScope,"AuScope experiment: CURNAMONA CUBE,VULCAN ADI,WESTERN GAWLER ADI",nodal-short-period,,False,DTCC (SmartSolo),DTCC SmartSolo 16HR-3C,453013724,False,,False,True,sensor,3,2X; 3X; 6D,2X; 3X; 6D,,0,3,2022-02-10,2022-07-22,2022-02-10/2022-07-22,False,Australia,10.7914/6q5b-va48; 10.7914/xnz7-th21,DTCC SmartSolo 16HR-3C 5 Hz 76.6 V/m/s
confirmed-AuScope,"AuScope experiment: CURNAMONA CUBE,VULCAN ADI",nodal-short-period,,False,DTCC (SmartSolo),DTCC SmartSolo 16HR-3C,453013768,False,,False,True,sensor,2,2X; 3X,2X; 3X,,0,2,2022-02-10,2022-07-20,2022-02-10/2022-07-20,False,Australia,10.7914/6q5b-va48; 10.7914/xnz7-th21,DTCC SmartSolo 16HR-3C 5 Hz 76.6 V/m/s
confirmed-AuScope,"AuScope experiment: CURNAMONA CUBE,EYRE PENINSULA,VULCAN ADI,WESTERN GAWLER ADI",nodal-short-period,,False,DTCC (SmartSolo),DTCC SmartSolo 16HR-3C,453013770,False,,False,True,sensor,4,2X; 3X; 6D; 9M,2X; 3X; 6D; 9M,,0,4,2022-02-09,2024-03-28,2022-02-09/2024-03-28,False,AUS; Australia,10.7914/6q5b-va48; 10.7914/ac1p-7y35; 10.7914/xnz7-th21,DTCC SmartSolo 16HR-3C 5 Hz 76.6 V/m/s
confirmed-AuScope,"AuScope experiment: CURNAMONA CUBE,OKSN,VULCAN ADI,WESTERN GAWLER ADI,WETA",nodal-short-period,,False,DTCC (SmartSolo),DTCC SmartSolo 16HR-3C,453013791,False,,False,True,sensor,5,2E; 2X; 3X; 6D; Y7,2E; 2X; 3X; 6D; Y7,,0,9,2022-02-09,2026-03-09,2022-02-09/2026-03-09,False,Australia; NZ; New Zealand,10.7914/37v8-hv88; 10.7914/6q5b-va48; 10.7914/kd1t-kt29; 10.7914/xnz7-th21,DTCC SmartSolo 16HR-3C 5 Hz 76.6 V/m/s
confirmed-AuScope,"AuScope experiment: CURNAMONA CUBE,VULCAN ADI,WESTERN GAWLER ADI",nodal-short-period,,False,DTCC (SmartSolo),DTCC SmartSolo 16HR-3C,453013842,False,,False,True,sensor,3,2X; 3X; 6D,2X; 3X; 6D,,0,3,2022-02-10,2022-07-21,2022-02-10/2022-07-21,False,Australia,10.7914/6q5b-va48; 10.7914/xnz7-th21,DTCC SmartSolo 16HR-3C 5 Hz 76.6 V/m/s
confirmed-AuScope,"AuScope experiment: CURNAMONA CUBE,EYRE PENINSULA,VULCAN ADI,WESTERN GAWLER ADI",nodal-short-period,,False,DTCC (SmartSolo),DTCC SmartSolo 16HR-3C,453013883,False,,False,True,sensor,4,2X; 3X; 6D; 9M,2X; 3X; 6D; 9M,,0,4,2022-02-10,2024-03-28,2022-02-10/2024-03-28,False,AUS; Australia,10.7914/6q5b-va48; 10.7914/ac1p-7y35; 10.7914/xnz7-th21,DTCC SmartSolo 16HR-3C 5 Hz 76.6 V/m/s
confirmed-AuScope,"AuScope experiment: CURNAMONA CUBE,VULCAN ADI,WESTERN GAWLER ADI",nodal-short-period,,False,DTCC (SmartSolo),DTCC SmartSolo 16HR-3C,453013891,False,,False,True,sensor,3,2X; 3X; 6D,2X; 3X; 6D,,0,3,2022-02-10,2022-07-20,2022-02-10/2022-07-20,False,Australia,10.7914/6q5b-va48; 10.7914/xnz7-th21,DTCC SmartSolo 16HR-3C 5 Hz 76.6 V/m/s
confirmed-AuScope,"AuScope experiment: CURNAMONA CUBE,DASH/SISSLE,OKSN,VULCAN ADI,WESTERN GAWLER ADI",nodal-short-period,,False,DTCC (SmartSolo),DTCC SmartSolo 16HR-3C,453013894,False,,False,True,sensor,5,2B; 2X; 3X; 6D; Y7,2B; 2X; 3X; 6D; Y7,,0,8,2022-02-10,2026-03-11,2022-02-10/2026-03-11,False,Australia; NZ,10.7914/6q5b-va48; 10.7914/bfp8-xv25; 10.7914/kd1t-kt29; 10.7914/xnz7-th21,DTCC SmartSolo 16HR-3C 5 Hz 76.6 V/m/s
confirmed-AuScope,"AuScope experiment: CURNAMONA CUBE,EYRE PENINSULA,VULCAN ADI,WESTERN GAWLER ADI",nodal-short-period,,False,DTCC (SmartSolo),DTCC SmartSolo 16HR-3C,453013902,False,,False,True,sensor,4,2X; 3X; 6D; 9M,2X; 3X; 6D; 9M,,0,4,2022-02-10,2024-03-27,2022-02-10/2024-03-27,False,AUS; Australia,10.7914/6q5b-va48; 10.7914/ac1p-7y35; 10.7914/xnz7-th21,DTCC SmartSolo 16HR-3C 5 Hz 76.6 V/m/s
confirmed-AuScope,"AuScope experiment: CURNAMONA CUBE,VULCAN ADI,WESTERN GAWLER ADI",nodal-short-period,,False,DTCC (SmartSolo),DTCC SmartSolo 16HR-3C,453013958,False,,False,True,sensor,3,2X; 3X; 6D,2X; 3X; 6D,,0,3,2022-02-10,2022-07-26,2022-02-10/2022-07-26,False,Australia,10.7914/6q5b-va48; 10.7914/xnz7-th21,DTCC SmartSolo 16HR-3C 5 Hz 76.6 V/m/s
confirmed-AuScope,"AuScope experiment: CURNAMONA CUBE,EYRE PENINSULA,MUNDI MUNDI,VULCAN ADI,WESTERN GAWLER ADI",nodal-short-period,,False,DTCC (SmartSolo),DTCC SmartSolo 16HR-3C,453013970,False,,False,True,sensor,5,1H; 2X; 3X; 6D; 9M,1H; 2X; 3X; 6D; 9M,,0,6,2022-02-09,2024-11-04,2022-02-09/2024-11-04,False,AUS; Australia,10.7914/6q5b-va48; 10.7914/ac1p-7y35; 10.7914/psbw-7z20; 10.7914/xnz7-th21,DTCC SmartSolo 16HR-3C 5 Hz 76.6 V/m/s
confirmed-AuScope,"AuScope experiment: CURNAMONA CUBE,EYRE PENINSULA,MUNDI MUNDI,VULCAN ADI,WESTERN GAWLER ADI",nodal-short-period,,False,DTCC (SmartSolo),DTCC SmartSolo 16HR-3C,453013982,False,,False,True,sensor,5,1H; 2X; 3X; 6D; 9M,1H; 2X; 3X; 6D; 9M,,0,6,2022-02-09,2024-11-05,2022-02-09/2024-11-05,False,AUS; Australia,10.7914/6q5b-va48; 10.7914/ac1p-7y35; 10.7914/psbw-7z20; 10.7914/xnz7-th21,DTCC SmartSolo 16HR-3C 5 Hz 76.6 V/m/s
confirmed-AuScope,"AuScope experiment: CURNAMONA CUBE,VULCAN ADI,WESTERN GAWLER ADI",nodal-short-period,,False,DTCC (SmartSolo),DTCC SmartSolo 16HR-3C,453014026,False,,False,True,sensor,3,2X; 3X; 6D,2X; 3X; 6D,,0,3,2022-02-09,2022-07-21,2022-02-09/2022-07-21,False,Australia,10.7914/6q5b-va48; 10.7914/xnz7-th21,DTCC SmartSolo 16HR-3C 5 Hz 76.6 V/m/s
confirmed-AuScope,"AuScope experiment: CURNAMONA CUBE,OKSN,VULCAN ADI,WETA",nodal-short-period,,False,DTCC (SmartSolo),DTCC SmartSolo 16HR-3C,453014031,False,,False,True,sensor,4,2E; 2X; 3X; Y7,2E; 2X; 3X; Y7,,0,7,2022-02-11,2026-03-10,2022-02-11/2026-03-10,False,Australia; NZ; New Zealand,10.7914/37v8-hv88; 10.7914/6q5b-va48; 10.7914/kd1t-kt29; 10.7914/xnz7-th21,DTCC SmartSolo 16HR-3C 5 Hz 76.6 V/m/s
confirmed-AuScope,"AuScope experiment: CURNAMONA CUBE,VULCAN ADI,WESTERN GAWLER ADI",nodal-short-period,,False,DTCC (SmartSolo),DTCC SmartSolo 16HR-3C,453014033,False,,False,True,sensor,3,2X; 3X; 6D,2X; 3X; 6D,,0,3,2022-02-10,2022-07-19,2022-02-10/2022-07-19,False,Australia,10.7914/6q5b-va48; 10.7914/xnz7-th21,DTCC SmartSolo 16HR-3C 5 Hz 76.6 V/m/s
confirmed-AuScope,"AuScope experiment: CURNAMONA CUBE,EYRE PENINSULA,MUNDI MUNDI,VULCAN ADI,WESTERN GAWLER ADI",nodal-short-period,,False,DTCC (SmartSolo),DTCC SmartSolo 16HR-3C,453014069,False,,False,True,sensor,5,1H; 2X; 3X; 6D; 9M,1H; 2X; 3X; 6D; 9M,,0,6,2022-02-09,2024-11-05,2022-02-09/2024-11-05,False,AUS; Australia,10.7914/6q5b-va48; 10.7914/ac1p-7y35; 10.7914/psbw-7z20; 10.7914/xnz7-th21,DTCC SmartSolo 16HR-3C 5 Hz 76.6 V/m/s
confirmed-AuScope,AuScope experiment: EYRE PENINSULA,nodal-short-period,,False,DTCC (SmartSolo),DTCC SmartSolo 16HR-3C,453014097,False,,False,True,sensor,1,9M,9M,,0,1,2024-03-03,2024-03-31,2024-03-03/2024-03-31,False,AUS,10.7914/ac1p-7y35,DTCC SmartSolo 16HR-3C 5 Hz 76.6 V/m/s
confirmed-AuScope,"AuScope experiment: CURNAMONA CUBE,VULCAN ADI,WESTERN GAWLER ADI",nodal-short-period,,False,DTCC (SmartSolo),DTCC SmartSolo 16HR-3C,453014109,False,,False,True,sensor,3,2X; 3X; 6D,2X; 3X; 6D,,0,3,2022-02-10,2022-07-20,2022-02-10/2022-07-20,False,Australia,10.7914/6q5b-va48; 10.7914/xnz7-th21,DTCC SmartSolo 16HR-3C 5 Hz 76.6 V/m/s
confirmed-AuScope,"AuScope experiment: CURNAMONA CUBE,VULCAN ADI,WESTERN GAWLER ADI",nodal-short-period,,False,DTCC (SmartSolo),DTCC SmartSolo 16HR-3C,453014144,False,,False,True,sensor,3,2X; 3X; 6D,2X; 3X; 6D,,0,3,2022-02-10,2022-07-20,2022-02-10/2022-07-20,False,Australia,10.7914/6q5b-va48; 10.7914/xnz7-th21,DTCC SmartSolo 16HR-3C 5 Hz 76.6 V/m/s
confirmed-AuScope,"AuScope experiment: CURNAMONA CUBE,OKSN,VULCAN ADI,WESTERN GAWLER ADI,WETA",nodal-short-period,,False,DTCC (SmartSolo),DTCC SmartSolo 16HR-3C,453014164,False,,False,True,sensor,5,2E; 2X; 3X; 6D; Y7,2E; 2X; 3X; 6D; Y7,,0,8,2022-02-11,2026-03-11,2022-02-11/2026-03-11,False,Australia; NZ; New Zealand,10.7914/37v8-hv88; 10.7914/6q5b-va48; 10.7914/kd1t-kt29; 10.7914/xnz7-th21,DTCC SmartSolo 16HR-3C 5 Hz 76.6 V/m/s
confirmed-AuScope,"AuScope experiment: CURNAMONA CUBE,EYRE PENINSULA,VULCAN ADI,WESTERN GAWLER ADI",nodal-short-period,,False,DTCC (SmartSolo),DTCC SmartSolo 16HR-3C,453014215,False,,False,True,sensor,4,2X; 3X; 6D; 9M,2X; 3X; 6D; 9M,,0,4,2022-02-11,2024-03-28,2022-02-11/2024-03-28,False,AUS; Australia,10.7914/6q5b-va48; 10.7914/ac1p-7y35; 10.7914/xnz7-th21,DTCC SmartSolo 16HR-3C 5 Hz 76.6 V/m/s
confirmed-AuScope,"AuScope experiment: CURNAMONA CUBE,DASH/SISSLE,OKSN,VULCAN ADI,WESTERN GAWLER ADI",nodal-short-period,,False,DTCC (SmartSolo),DTCC SmartSolo 16HR-3C,453014259,False,,False,True,sensor,5,2B; 2X; 3X; 6D; Y7,2B; 2X; 3X; 6D; Y7,,0,7,2022-02-09,2026-03-09,2022-02-09/2026-03-09,False,Australia; NZ,10.7914/6q5b-va48; 10.7914/bfp8-xv25; 10.7914/kd1t-kt29; 10.7914/xnz7-th21,DTCC SmartSolo 16HR-3C 5 Hz 76.6 V/m/s
confirmed-AuScope,"AuScope experiment: CURNAMONA CUBE,OKSN,VULCAN ADI,WESTERN GAWLER ADI",nodal-short-period,,False,DTCC (SmartSolo),DTCC SmartSolo 16HR-3C,453014308,False,,False,True,sensor,4,2X; 3X; 6D; Y7,2X; 3X; 6D; Y7,,0,6,2022-02-09,2026-03-11,2022-02-09/2026-03-11,False,Australia; NZ,10.7914/6q5b-va48; 10.7914/kd1t-kt29; 10.7914/xnz7-th21,DTCC SmartSolo 16HR-3C 5 Hz 76.6 V/m/s
confirmed-AuScope,"AuScope experiment: CURNAMONA CUBE,VULCAN ADI,WESTERN GAWLER ADI",nodal-short-period,,False,DTCC (SmartSolo),DTCC SmartSolo 16HR-3C,453014350,False,,False,True,sensor,3,2X; 3X; 6D,2X; 3X; 6D,,0,3,2022-02-11,2022-07-20,2022-02-11/2022-07-20,False,Australia,10.7914/6q5b-va48; 10.7914/xnz7-th21,DTCC SmartSolo 16HR-3C 5 Hz 76.6 V/m/s
confirmed-AuScope,"AuScope experiment: EYRE PENINSULA,MUNDI MUNDI",nodal-short-period,,False,DTCC (SmartSolo),DTCC SmartSolo 16HR-3C,453021266,False,,False,True,sensor,2,1H; 9M,1H; 9M,,0,3,2024-02-29,2024-11-05,2024-02-29/2024-11-05,False,AUS; Australia,10.7914/ac1p-7y35; 10.7914/psbw-7z20,DTCC SmartSolo 16HR-3C 5 Hz 76.6 V/m/s
confirmed-AuScope,"AuScope experiment: EYRE PENINSULA,MUNDI MUNDI",nodal-short-period,,False,DTCC (SmartSolo),DTCC SmartSolo 16HR-3C,453021356,False,,False,True,sensor,2,1H; 9M,1H; 9M,,0,3,2024-02-28,2024-11-05,2024-02-28/2024-11-05,False,AUS; Australia,10.7914/ac1p-7y35; 10.7914/psbw-7z20,DTCC SmartSolo 16HR-3C 5 Hz 76.6 V/m/s
confirmed-AuScope,"AuScope experiment: BMNTE,EYRE PENINSULA",nodal-short-period,,False,DTCC (SmartSolo),DTCC SmartSolo 16HR-3C,453021357,False,,False,True,sensor,2,8A; 9M,8A; 9M,,0,2,2024-02-29,2024-09-24,2024-02-29/2024-09-24,False,AU; AUS,10.7914/ac1p-7y35; 10.7914/ps89-gf83,DTCC SmartSolo 16HR-3C 5 Hz 76.6 V/m/s
confirmed-AuScope,"AuScope experiment: EYRE PENINSULA,MUNDI MUNDI",nodal-short-period,,False,DTCC (SmartSolo),DTCC SmartSolo 16HR-3C,453021360,False,,False,True,sensor,2,1H; 9M,1H; 9M,,0,3,2024-03-03,2024-11-05,2024-03-03/2024-11-05,False,AUS; Australia,10.7914/ac1p-7y35; 10.7914/psbw-7z20,DTCC SmartSolo 16HR-3C 5 Hz 76.6 V/m/s
confirmed-AuScope,AuScope experiment: EYRE PENINSULA,nodal-short-period,,False,DTCC (SmartSolo),DTCC SmartSolo 16HR-3C,453021415,False,,False,True,sensor,1,9M,9M,,0,1,2024-03-01,2024-03-28,2024-03-01/2024-03-28,False,AUS,10.7914/ac1p-7y35,DTCC SmartSolo 16HR-3C 5 Hz 76.6 V/m/s
confirmed-AuScope,"AuScope experiment: EYRE PENINSULA,MUNDI MUNDI",nodal-short-period,,False,DTCC (SmartSolo),DTCC SmartSolo 16HR-3C,453021422,False,,False,True,sensor,2,1H; 9M,1H; 9M,,0,3,2024-03-01,2024-11-04,2024-03-01/2024-11-04,False,AUS; Australia,10.7914/ac1p-7y35; 10.7914/psbw-7z20,DTCC SmartSolo 16HR-3C 5 Hz 76.6 V/m/s
confirmed-AuScope,AuScope experiment: DASH/SISSLE,nodal-short-period,,False,DTCC (SmartSolo),DTCC SmartSolo 16HR-3C,453021551,False,,False,True,sensor,1,2B,2B,,0,1,2026-05-20,2026-05-26,2026-05-20/2026-05-26,False,New Zealand,10.7914/hwmy-0n24,DTCC SmartSolo 16HR-3C 5 Hz 76.6 V/m/s
confirmed-AuScope,"AuScope experiment: EYRE PENINSULA,MUNDI MUNDI",nodal-short-period,,False,DTCC (SmartSolo),DTCC SmartSolo 16HR-3C,453021552,False,,False,True,sensor,2,1H; 9M,1H; 9M,,0,3,2024-03-01,2024-11-04,2024-03-01/2024-11-04,False,AUS; Australia,10.7914/ac1p-7y35; 10.7914/psbw-7z20,DTCC SmartSolo 16HR-3C 5 Hz 76.6 V/m/s
confirmed-AuScope,"AuScope experiment: EYRE PENINSULA,MUNDI MUNDI",nodal-short-period,,False,DTCC (SmartSolo),DTCC SmartSolo 16HR-3C,453021559,False,,False,True,sensor,2,1H; 9M,1H; 9M,,0,4,2023-11-22,2024-11-04,2023-11-22/2024-11-04,False,AUS; Australia,10.7914/ac1p-7y35; 10.7914/psbw-7z20,DTCC SmartSolo 16HR-3C 5 Hz 76.6 V/m/s
confirmed-AuScope,AuScope experiment: EYRE PENINSULA,nodal-short-period,,False,DTCC (SmartSolo),DTCC SmartSolo 16HR-3C,453021591,False,,False,True,sensor,1,9M,9M,,0,1,2023-11-22,2023-12-18,2023-11-22/2023-12-18,False,AUS,10.7914/ac1p-7y35,DTCC SmartSolo 16HR-3C 5 Hz 76.6 V/m/s
confirmed-AuScope,"AuScope experiment: EYRE PENINSULA,MUNDI MUNDI",nodal-short-period,,False,DTCC (SmartSolo),DTCC SmartSolo 16HR-3C,453021600,False,,False,True,sensor,2,1H; 9M,1H; 9M,,0,4,2023-11-21,2024-11-05,2023-11-21/2024-11-05,False,AUS; Australia,10.7914/ac1p-7y35; 10.7914/psbw-7z20,DTCC SmartSolo 16HR-3C 5 Hz 76.6 V/m/s
confirmed-AuScope,"AuScope experiment: EYRE PENINSULA,MUNDI MUNDI",nodal-short-period,,False,DTCC (SmartSolo),DTCC SmartSolo 16HR-3C,453021612,False,,False,True,sensor,2,1H; 9M,1H; 9M,,0,3,2024-02-28,2024-11-05,2024-02-28/2024-11-05,False,AUS; Australia,10.7914/ac1p-7y35; 10.7914/psbw-7z20,DTCC SmartSolo 16HR-3C 5 Hz 76.6 V/m/s
confirmed-AuScope,"AuScope experiment: BMNTE,EYRE PENINSULA",nodal-short-period,,False,DTCC (SmartSolo),DTCC SmartSolo 16HR-3C,453021715,False,,False,True,sensor,2,8A; 9M,8A; 9M,,0,2,2024-03-01,2024-09-24,2024-03-01/2024-09-24,False,AU; AUS,10.7914/ac1p-7y35; 10.7914/ps89-gf83,DTCC SmartSolo 16HR-3C 5 Hz 76.6 V/m/s
confirmed-AuScope,"AuScope experiment: EYRE PENINSULA,MUNDI MUNDI",nodal-short-period,,False,DTCC (SmartSolo),DTCC SmartSolo 16HR-3C,453021716,False,,False,True,sensor,2,1H; 9M,1H; 9M,,0,3,2024-02-29,2024-11-04,2024-02-29/2024-11-04,False,AUS; Australia,10.7914/ac1p-7y35; 10.7914/psbw-7z20,DTCC SmartSolo 16HR-3C 5 Hz 76.6 V/m/s
confirmed-AuScope,"AuScope experiment: EYRE PENINSULA,MUNDI MUNDI",nodal-short-period,,False,DTCC (SmartSolo),DTCC SmartSolo 16HR-3C,453021809,False,,False,True,sensor,2,1H; 9M,1H; 9M,,0,3,2024-02-27,2024-11-05,2024-02-27/2024-11-05,False,AUS; Australia,10.7914/ac1p-7y35; 10.7914/psbw-7z20,DTCC SmartSolo 16HR-3C 5 Hz 76.6 V/m/s
confirmed-AuScope,"AuScope experiment: EYRE PENINSULA,MUNDI MUNDI",nodal-short-period,,False,DTCC (SmartSolo),DTCC SmartSolo 16HR-3C,453021817,False,,False,True,sensor,2,1H; 9M,1H; 9M,,0,3,2024-02-28,2024-11-05,2024-02-28/2024-11-05,False,AUS; Australia,10.7914/ac1p-7y35; 10.7914/psbw-7z20,DTCC SmartSolo 16HR-3C 5 Hz 76.6 V/m/s
confirmed-AuScope,AuScope experiment: BMNTE,nodal-short-period,,False,DTCC (SmartSolo),DTCC SmartSolo 16HR-3C,453021824,False,,False,True,sensor,1,8A,8A,,0,1,2024-08-30,2024-09-24,2024-08-30/2024-09-24,False,AU,10.7914/ps89-gf83,DTCC SmartSolo 16HR-3C 5 Hz 76.6 V/m/s
confirmed-AuScope,"AuScope experiment: EYRE PENINSULA,MUNDI MUNDI",nodal-short-period,,False,DTCC (SmartSolo),DTCC SmartSolo 16HR-3C,453021825,False,,False,True,sensor,2,1H; 9M,1H; 9M,,0,4,2023-11-21,2024-11-03,2023-11-21/2024-11-03,False,AUS; Australia,10.7914/ac1p-7y35; 10.7914/psbw-7z20,DTCC SmartSolo 16HR-3C 5 Hz 76.6 V/m/s
confirmed-AuScope,AuScope experiment: EYRE PENINSULA,nodal-short-period,,False,DTCC (SmartSolo),DTCC SmartSolo 16HR-3C,453021827,False,,False,True,sensor,1,9M,9M,,0,1,2023-11-21,2023-12-18,2023-11-21/2023-12-18,False,AUS,10.7914/ac1p-7y35,DTCC SmartSolo 16HR-3C 5 Hz 76.6 V/m/s
confirmed-AuScope,AuScope experiment: EYRE PENINSULA,nodal-short-period,,False,DTCC (SmartSolo),DTCC SmartSolo 16HR-3C,453021830,False,,False,True,sensor,1,9M,9M,,0,1,2024-03-01,2024-03-27,2024-03-01/2024-03-27,False,AUS,10.7914/ac1p-7y35,DTCC SmartSolo 16HR-3C 5 Hz 76.6 V/m/s
confirmed-AuScope,"AuScope experiment: EYRE PENINSULA,MUNDI MUNDI",nodal-short-period,,False,DTCC (SmartSolo),DTCC SmartSolo 16HR-3C,453021831,False,,False,True,sensor,2,1H; 9M,1H; 9M,,0,3,2024-02-29,2024-11-04,2024-02-29/2024-11-04,False,AUS; Australia,10.7914/ac1p-7y35; 10.7914/psbw-7z20,DTCC SmartSolo 16HR-3C 5 Hz 76.6 V/m/s
confirmed-AuScope,AuScope experiment: YB,nodal-short-period,,False,DTCC (SmartSolo),DTCC SmartSolo 16HR-3C,453021833,False,,False,True,sensor,1,YB,YB,,0,1,2026-03-12,2026-04-10,2026-03-12/2026-04-10,False,AUS,10.7914/g75f-4a16,DTCC SmartSolo 16HR-3C 5 Hz 76.6 V/m/s
confirmed-AuScope,"AuScope experiment: EYRE PENINSULA,MUNDI MUNDI",nodal-short-period,,False,DTCC (SmartSolo),DTCC SmartSolo 16HR-3C,453021837,False,,False,True,sensor,2,1H; 9M,1H; 9M,,0,3,2024-02-29,2024-11-05,2024-02-29/2024-11-05,False,AUS; Australia,10.7914/ac1p-7y35; 10.7914/psbw-7z20,DTCC SmartSolo 16HR-3C 5 Hz 76.6 V/m/s
confirmed-AuScope,AuScope experiment: YB,nodal-short-period,,False,DTCC (SmartSolo),DTCC SmartSolo 16HR-3C,453021838,False,,False,True,sensor,1,YB,YB,,0,1,2026-03-12,2026-04-10,2026-03-12/2026-04-10,False,AUS,10.7914/g75f-4a16,DTCC SmartSolo 16HR-3C 5 Hz 76.6 V/m/s
confirmed-AuScope,AuScope experiment: FISSLE,nodal-short-period,,False,DTCC (SmartSolo),DTCC SmartSolo 16HR-3C,453021839,False,,False,True,sensor,1,4K,4K,,0,1,2024-09-24,2024-10-24,2024-09-24/2024-10-24,False,NZ,10.7914/7b9m-1d60,DTCC SmartSolo 16HR-3C 5 Hz 76.6 V/m/s
confirmed-AuScope,AuScope experiment: YB,nodal-short-period,,False,DTCC (SmartSolo),DTCC SmartSolo 16HR-3C,453021840,False,,False,True,sensor,1,YB,YB,,0,1,2026-03-12,2026-04-10,2026-03-12/2026-04-10,False,AUS,10.7914/g75f-4a16,DTCC SmartSolo 16HR-3C 5 Hz 76.6 V/m/s
confirmed-AuScope,AuScope experiment: EYRE PENINSULA,nodal-short-period,,False,DTCC (SmartSolo),DTCC SmartSolo 16HR-3C,453021842,False,,False,True,sensor,1,9M,9M,,0,1,2024-03-01,2024-03-31,2024-03-01/2024-03-31,False,AUS,10.7914/ac1p-7y35,DTCC SmartSolo 16HR-3C 5 Hz 76.6 V/m/s
confirmed-AuScope,"AuScope experiment: EYRE PENINSULA,MUNDI MUNDI",nodal-short-period,,False,DTCC (SmartSolo),DTCC SmartSolo 16HR-3C,453021843,False,,False,True,sensor,2,1H; 9M,1H; 9M,,0,3,2024-02-28,2024-11-04,2024-02-28/2024-11-04,False,AUS; Australia,10.7914/ac1p-7y35; 10.7914/psbw-7z20,DTCC SmartSolo 16HR-3C 5 Hz 76.6 V/m/s
confirmed-AuScope,"AuScope experiment: EYRE PENINSULA,MUNDI MUNDI",nodal-short-period,,False,DTCC (SmartSolo),DTCC SmartSolo 16HR-3C,453021844,False,,False,True,sensor,2,1H; 9M,1H; 9M,,0,3,2024-02-28,2024-11-03,2024-02-28/2024-11-03,False,AUS; Australia,10.7914/ac1p-7y35; 10.7914/psbw-7z20,DTCC SmartSolo 16HR-3C 5 Hz 76.6 V/m/s
confirmed-AuScope,"AuScope experiment: EYRE PENINSULA,MUNDI MUNDI",nodal-short-period,,False,DTCC (SmartSolo),DTCC SmartSolo 16HR-3C,453021845,False,,False,True,sensor,2,1H; 9M,1H; 9M,,0,3,2024-03-02,2024-11-05,2024-03-02/2024-11-05,False,AUS; Australia,10.7914/ac1p-7y35; 10.7914/psbw-7z20,DTCC SmartSolo 16HR-3C 5 Hz 76.6 V/m/s
confirmed-AuScope,"AuScope experiment: EYRE PENINSULA,MUNDI MUNDI",nodal-short-period,,False,DTCC (SmartSolo),DTCC SmartSolo 16HR-3C,453021846,False,,False,True,sensor,2,1H; 9M,1H; 9M,,0,3,2024-02-28,2024-11-04,2024-02-28/2024-11-04,False,AUS; Australia,10.7914/ac1p-7y35; 10.7914/psbw-7z20,DTCC SmartSolo 16HR-3C 5 Hz 76.6 V/m/s
confirmed-AuScope,AuScope experiment: EYRE PENINSULA,nodal-short-period,,False,DTCC (SmartSolo),DTCC SmartSolo 16HR-3C,453021849,False,,False,True,sensor,1,9M,9M,,0,2,2023-11-21,2024-04-02,2023-11-21/2024-04-02,False,AUS,10.7914/ac1p-7y35,DTCC SmartSolo 16HR-3C 5 Hz 76.6 V/m/s
confirmed-AuScope,AuScope experiment: BMNTE,nodal-short-period,,False,DTCC (SmartSolo),DTCC SmartSolo 16HR-3C,453021852,False,,False,True,sensor,1,8A,8A,,0,1,2024-08-30,2024-09-24,2024-08-30/2024-09-24,False,AU,10.7914/ps89-gf83,DTCC SmartSolo 16HR-3C 5 Hz 76.6 V/m/s
confirmed-AuScope,"AuScope experiment: EYRE PENINSULA,MUNDI MUNDI",nodal-short-period,,False,DTCC (SmartSolo),DTCC SmartSolo 16HR-3C,453021853,False,,False,True,sensor,2,1H; 9M,1H; 9M,,0,3,2024-02-29,2024-11-05,2024-02-29/2024-11-05,False,AUS; Australia,10.7914/ac1p-7y35; 10.7914/psbw-7z20,DTCC SmartSolo 16HR-3C 5 Hz 76.6 V/m/s
confirmed-AuScope,AuScope experiment: DASH/SISSLE,nodal-short-period,,False,DTCC (SmartSolo),DTCC SmartSolo 16HR-3C,453021863,False,,False,True,sensor,1,2B,2B,,0,1,2026-05-20,2026-05-26,2026-05-20/2026-05-26,False,New Zealand,10.7914/hwmy-0n24,DTCC SmartSolo 16HR-3C 5 Hz 76.6 V/m/s
confirmed-AuScope,"AuScope experiment: EYRE PENINSULA,MUNDI MUNDI",nodal-short-period,,False,DTCC (SmartSolo),DTCC SmartSolo 16HR-3C,453021864,False,,False,True,sensor,2,1H; 9M,1H; 9M,,0,3,2024-03-02,2024-11-04,2024-03-02/2024-11-04,False,AUS; Australia,10.7914/ac1p-7y35; 10.7914/psbw-7z20,DTCC SmartSolo 16HR-3C 5 Hz 76.6 V/m/s
confirmed-AuScope,"AuScope experiment: EYRE PENINSULA,MUNDI MUNDI",nodal-short-period,,False,DTCC (SmartSolo),DTCC SmartSolo 16HR-3C,453021865,False,,False,True,sensor,2,1H; 9M,1H; 9M,,0,3,2024-02-28,2024-11-04,2024-02-28/2024-11-04,False,AUS; Australia,10.7914/ac1p-7y35; 10.7914/psbw-7z20,DTCC SmartSolo 16HR-3C 5 Hz 76.6 V/m/s
confirmed-AuScope,"AuScope experiment: EYRE PENINSULA,MUNDI MUNDI",nodal-short-period,,False,DTCC (SmartSolo),DTCC SmartSolo 16HR-3C,453021866,False,,False,True,sensor,2,1H; 9M,1H; 9M,,0,3,2024-03-01,2024-11-05,2024-03-01/2024-11-05,False,AUS; Australia,10.7914/ac1p-7y35; 10.7914/psbw-7z20,DTCC SmartSolo 16HR-3C 5 Hz 76.6 V/m/s
confirmed-AuScope,AuScope experiment: BMNTE,nodal-short-period,,False,DTCC (SmartSolo),DTCC SmartSolo 16HR-3C,453021867,False,,False,True,sensor,1,8A,8A,,0,1,2024-08-30,2024-09-24,2024-08-30/2024-09-24,False,AU,10.7914/ps89-gf83,DTCC SmartSolo 16HR-3C 5 Hz 76.6 V/m/s
confirmed-AuScope,"AuScope experiment: EYRE PENINSULA,MUNDI MUNDI",nodal-short-period,,False,DTCC (SmartSolo),DTCC SmartSolo 16HR-3C,453021868,False,,False,True,sensor,2,1H; 9M,1H; 9M,,0,3,2024-02-29,2024-11-05,2024-02-29/2024-11-05,False,AUS; Australia,10.7914/ac1p-7y35; 10.7914/psbw-7z20,DTCC SmartSolo 16HR-3C 5 Hz 76.6 V/m/s
confirmed-AuScope,AuScope experiment: EYRE PENINSULA,nodal-short-period,,False,DTCC (SmartSolo),DTCC SmartSolo 16HR-3C,453021869,False,,False,True,sensor,1,9M,9M,,0,1,2024-03-03,2024-03-31,2024-03-03/2024-03-31,False,AUS,10.7914/ac1p-7y35,DTCC SmartSolo 16HR-3C 5 Hz 76.6 V/m/s
confirmed-AuScope,"AuScope experiment: EYRE PENINSULA,MUNDI MUNDI",nodal-short-period,,False,DTCC (SmartSolo),DTCC SmartSolo 16HR-3C,453021871,False,,False,True,sensor,2,1H; 9M,1H; 9M,,0,4,2023-11-22,2024-11-05,2023-11-22/2024-11-05,False,AUS; Australia,10.7914/ac1p-7y35; 10.7914/psbw-7z20,DTCC SmartSolo 16HR-3C 5 Hz 76.6 V/m/s
confirmed-AuScope,"AuScope experiment: EYRE PENINSULA,MUNDI MUNDI",nodal-short-period,,False,DTCC (SmartSolo),DTCC SmartSolo 16HR-3C,453021872,False,,False,True,sensor,2,1H; 9M,1H; 9M,,0,4,2023-11-21,2024-11-04,2023-11-21/2024-11-04,False,AUS; Australia,10.7914/ac1p-7y35; 10.7914/psbw-7z20,DTCC SmartSolo 16HR-3C 5 Hz 76.6 V/m/s
confirmed-AuScope,"AuScope experiment: EYRE PENINSULA,MUNDI MUNDI",nodal-short-period,,False,DTCC (SmartSolo),DTCC SmartSolo 16HR-3C,453021874,False,,False,True,sensor,2,1H; 9M,1H; 9M,,0,4,2023-11-21,2024-11-03,2023-11-21/2024-11-03,False,AUS; Australia,10.7914/ac1p-7y35; 10.7914/psbw-7z20,DTCC SmartSolo 16HR-3C 5 Hz 76.6 V/m/s
confirmed-AuScope,"AuScope experiment: EYRE PENINSULA,MUNDI MUNDI",nodal-short-period,,False,DTCC (SmartSolo),DTCC SmartSolo 16HR-3C,453021879,False,,False,True,sensor,2,1H; 9M,1H; 9M,,0,4,2023-11-21,2024-11-03,2023-11-21/2024-11-03,False,AUS; Australia,10.7914/ac1p-7y35; 10.7914/psbw-7z20,DTCC SmartSolo 16HR-3C 5 Hz 76.6 V/m/s
confirmed-AuScope,"AuScope experiment: EYRE PENINSULA,MUNDI MUNDI",nodal-short-period,,False,DTCC (SmartSolo),DTCC SmartSolo 16HR-3C,453021880,False,,False,True,sensor,2,1H; 9M,1H; 9M,,0,3,2024-03-01,2024-11-04,2024-03-01/2024-11-04,False,AUS; Australia,10.7914/ac1p-7y35; 10.7914/psbw-7z20,DTCC SmartSolo 16HR-3C 5 Hz 76.6 V/m/s
confirmed-AuScope,"AuScope experiment: EYRE PENINSULA,MUNDI MUNDI",nodal-short-period,,False,DTCC (SmartSolo),DTCC SmartSolo 16HR-3C,453021881,False,,False,True,sensor,2,1H; 9M,1H; 9M,,0,3,2024-02-29,2024-11-04,2024-02-29/2024-11-04,False,AUS; Australia,10.7914/ac1p-7y35; 10.7914/psbw-7z20,DTCC SmartSolo 16HR-3C 5 Hz 76.6 V/m/s
confirmed-AuScope,AuScope experiment: YB,nodal-short-period,,False,DTCC (SmartSolo),DTCC SmartSolo 16HR-3C,453021882,False,,False,True,sensor,1,YB,YB,,0,1,2026-03-11,2026-04-09,2026-03-11/2026-04-09,False,AUS,10.7914/g75f-4a16,DTCC SmartSolo 16HR-3C 5 Hz 76.6 V/m/s
confirmed-AuScope,"AuScope experiment: EYRE PENINSULA,MUNDI MUNDI",nodal-short-period,,False,DTCC (SmartSolo),DTCC SmartSolo 16HR-3C,453021883,False,,False,True,sensor,2,1H; 9M,1H; 9M,,0,3,2024-03-02,2024-11-04,2024-03-02/2024-11-04,False,AUS; Australia,10.7914/ac1p-7y35; 10.7914/psbw-7z20,DTCC SmartSolo 16HR-3C 5 Hz 76.6 V/m/s
confirmed-AuScope,"AuScope experiment: EYRE PENINSULA,MUNDI MUNDI",nodal-short-period,,False,DTCC (SmartSolo),DTCC SmartSolo 16HR-3C,453021884,False,,False,True,sensor,2,1H; 9M,1H; 9M,,0,3,2023-11-21,2024-11-03,2023-11-21/2024-11-03,False,AUS; Australia,10.7914/ac1p-7y35; 10.7914/psbw-7z20,DTCC SmartSolo 16HR-3C 5 Hz 76.6 V/m/s
confirmed-AuScope,"AuScope experiment: EYRE PENINSULA,MUNDI MUNDI",nodal-short-period,,False,DTCC (SmartSolo),DTCC SmartSolo 16HR-3C,453021886,False,,False,True,sensor,2,1H; 9M,1H; 9M,,0,3,2024-03-01,2024-11-04,2024-03-01/2024-11-04,False,AUS; Australia,10.7914/ac1p-7y35; 10.7914/psbw-7z20,DTCC SmartSolo 16HR-3C 5 Hz 76.6 V/m/s
confirmed-AuScope,AuScope experiment: EYRE PENINSULA,nodal-short-period,,False,DTCC (SmartSolo),DTCC SmartSolo 16HR-3C,453021888,False,,False,True,sensor,1,9M,9M,,0,2,2023-11-21,2024-04-01,2023-11-21/2024-04-01,False,AUS,10.7914/ac1p-7y35,DTCC SmartSolo 16HR-3C 5 Hz 76.6 V/m/s
confirmed-AuScope,AuScope experiment: BMNTE,nodal-short-period,,False,DTCC (SmartSolo),DTCC SmartSolo 16HR-3C,453021890,False,,False,True,sensor,1,8A,8A,,0,1,2024-08-30,2024-09-24,2024-08-30/2024-09-24,False,AU,10.7914/ps89-gf83,DTCC SmartSolo 16HR-3C 5 Hz 76.6 V/m/s
confirmed-AuScope,"AuScope experiment: EYRE PENINSULA,MUNDI MUNDI",nodal-short-period,,False,DTCC (SmartSolo),DTCC SmartSolo 16HR-3C,453021892,False,,False,True,sensor,2,1H; 9M,1H; 9M,,0,3,2024-03-01,2024-11-05,2024-03-01/2024-11-05,False,AUS; Australia,10.7914/ac1p-7y35; 10.7914/psbw-7z20,DTCC SmartSolo 16HR-3C 5 Hz 76.6 V/m/s
confirmed-AuScope,"AuScope experiment: EYRE PENINSULA,MUNDI MUNDI",nodal-short-period,,False,DTCC (SmartSolo),DTCC SmartSolo 16HR-3C,453021894,False,,False,True,sensor,2,1H; 9M,1H; 9M,,0,3,2024-03-02,2024-11-05,2024-03-02/2024-11-05,False,AUS; Australia,10.7914/ac1p-7y35; 10.7914/psbw-7z20,DTCC SmartSolo 16HR-3C 5 Hz 76.6 V/m/s
confirmed-AuScope,"AuScope experiment: EYRE PENINSULA,MUNDI MUNDI",nodal-short-period,,False,DTCC (SmartSolo),DTCC SmartSolo 16HR-3C,453021899,False,,False,True,sensor,2,1H; 9M,1H; 9M,,0,4,2023-11-21,2024-11-04,2023-11-21/2024-11-04,False,AUS; Australia,10.7914/ac1p-7y35; 10.7914/psbw-7z20,DTCC SmartSolo 16HR-3C 5 Hz 76.6 V/m/s
confirmed-AuScope,"AuScope experiment: EYRE PENINSULA,MUNDI MUNDI",nodal-short-period,,False,DTCC (SmartSolo),DTCC SmartSolo 16HR-3C,453021900,False,,False,True,sensor,2,1H; 9M,1H; 9M,,0,3,2024-02-28,2024-11-03,2024-02-28/2024-11-03,False,AUS; Australia,10.7914/ac1p-7y35; 10.7914/psbw-7z20,DTCC SmartSolo 16HR-3C 5 Hz 76.6 V/m/s
confirmed-AuScope,"AuScope experiment: EYRE PENINSULA,MUNDI MUNDI",nodal-short-period,,False,DTCC (SmartSolo),DTCC SmartSolo 16HR-3C,453021901,False,,False,True,sensor,2,1H; 9M,1H; 9M,,0,3,2024-02-29,2024-11-03,2024-02-29/2024-11-03,False,AUS; Australia,10.7914/ac1p-7y35; 10.7914/psbw-7z20,DTCC SmartSolo 16HR-3C 5 Hz 76.6 V/m/s
confirmed-AuScope,"AuScope experiment: EYRE PENINSULA,MUNDI MUNDI",nodal-short-period,,False,DTCC (SmartSolo),DTCC SmartSolo 16HR-3C,453021906,False,,False,True,sensor,2,1H; 9M,1H; 9M,,0,3,2024-02-27,2024-11-05,2024-02-27/2024-11-05,False,AUS; Australia,10.7914/ac1p-7y35; 10.7914/psbw-7z20,DTCC SmartSolo 16HR-3C 5 Hz 76.6 V/m/s
confirmed-AuScope,AuScope experiment: DASH/SISSLE,nodal-short-period,,False,DTCC (SmartSolo),DTCC SmartSolo 16HR-3C,453021914,False,,False,True,sensor,1,2B,2B,,0,1,2026-05-20,2026-05-26,2026-05-20/2026-05-26,False,New Zealand,10.7914/hwmy-0n24,DTCC SmartSolo 16HR-3C 5 Hz 76.6 V/m/s
confirmed-AuScope,AuScope experiment: EYRE PENINSULA,nodal-short-period,,False,DTCC (SmartSolo),DTCC SmartSolo 16HR-3C,453021918,False,,False,True,sensor,1,9M,9M,,0,2,2023-11-22,2024-04-02,2023-11-22/2024-04-02,False,AUS,10.7914/ac1p-7y35,DTCC SmartSolo 16HR-3C 5 Hz 76.6 V/m/s
confirmed-AuScope,AuScope experiment: YB,nodal-short-period,,False,DTCC (SmartSolo),DTCC SmartSolo 16HR-3C,453021920,False,,False,True,sensor,1,YB,YB,,0,1,2026-03-12,2026-04-09,2026-03-12/2026-04-09,False,AUS,10.7914/g75f-4a16,DTCC SmartSolo 16HR-3C 5 Hz 76.6 V/m/s
confirmed-AuScope,AuScope experiment: YB,nodal-short-period,,False,DTCC (SmartSolo),DTCC SmartSolo 16HR-3C,453021922,False,,False,True,sensor,1,YB,YB,,0,2,2026-03-12,2026-04-10,2026-03-12/2026-04-10,False,AUS,10.7914/g75f-4a16,DTCC SmartSolo 16HR-3C 5 Hz 76.6 V/m/s
confirmed-AuScope,"AuScope experiment: EYRE PENINSULA,MUNDI MUNDI",nodal-short-period,,False,DTCC (SmartSolo),DTCC SmartSolo 16HR-3C,453021924,False,,False,True,sensor,2,1H; 9M,1H; 9M,,0,3,2024-03-02,2024-11-05,2024-03-02/2024-11-05,False,AUS; Australia,10.7914/ac1p-7y35; 10.7914/psbw-7z20,DTCC SmartSolo 16HR-3C 5 Hz 76.6 V/m/s
confirmed-AuScope,AuScope experiment: BMNTE,nodal-short-period,,False,DTCC (SmartSolo),DTCC SmartSolo 16HR-3C,453021925,False,,False,True,sensor,1,8A,8A,,0,1,2024-08-30,2024-09-24,2024-08-30/2024-09-24,False,AU,10.7914/ps89-gf83,DTCC SmartSolo 16HR-3C 5 Hz 76.6 V/m/s
confirmed-AuScope,"AuScope experiment: EYRE PENINSULA,MUNDI MUNDI",nodal-short-period,,False,DTCC (SmartSolo),DTCC SmartSolo 16HR-3C,453021926,False,,False,True,sensor,2,1H; 9M,1H; 9M,,0,3,2024-03-03,2024-11-03,2024-03-03/2024-11-03,False,AUS; Australia,10.7914/ac1p-7y35; 10.7914/psbw-7z20,DTCC SmartSolo 16HR-3C 5 Hz 76.6 V/m/s
confirmed-AuScope,"AuScope experiment: EYRE PENINSULA,MUNDI MUNDI",nodal-short-period,,False,DTCC (SmartSolo),DTCC SmartSolo 16HR-3C,453021927,False,,False,True,sensor,2,1H; 9M,1H; 9M,,0,3,2024-02-28,2024-11-05,2024-02-28/2024-11-05,False,AUS; Australia,10.7914/ac1p-7y35; 10.7914/psbw-7z20,DTCC SmartSolo 16HR-3C 5 Hz 76.6 V/m/s
confirmed-AuScope,AuScope experiment: FISSLE,nodal-short-period,,False,DTCC (SmartSolo),DTCC SmartSolo 16HR-3C,453021929,False,,False,True,sensor,1,4K,4K,,0,1,2024-09-24,2024-10-23,2024-09-24/2024-10-23,False,NZ,10.7914/7b9m-1d60,DTCC SmartSolo 16HR-3C 5 Hz 76.6 V/m/s
confirmed-AuScope,"AuScope experiment: EYRE PENINSULA,MUNDI MUNDI",nodal-short-period,,False,DTCC (SmartSolo),DTCC SmartSolo 16HR-3C,453021931,False,,False,True,sensor,2,1H; 9M,1H; 9M,,0,4,2023-11-21,2024-11-05,2023-11-21/2024-11-05,False,AUS; Australia,10.7914/ac1p-7y35; 10.7914/psbw-7z20,DTCC SmartSolo 16HR-3C 5 Hz 76.6 V/m/s
confirmed-AuScope,AuScope experiment: DASH/SISSLE,nodal-short-period,,False,DTCC (SmartSolo),DTCC SmartSolo 16HR-3C,453021932,False,,False,True,sensor,1,2B,2B,,0,1,2026-05-21,2026-05-26,2026-05-21/2026-05-26,False,New Zealand,10.7914/hwmy-0n24,DTCC SmartSolo 16HR-3C 5 Hz 76.6 V/m/s
confirmed-AuScope,AuScope experiment: EYRE PENINSULA,nodal-short-period,,False,DTCC (SmartSolo),DTCC SmartSolo 16HR-3C,453021935,False,,False,True,sensor,1,9M,9M,,0,1,2024-03-01,2024-03-27,2024-03-01/2024-03-27,False,AUS,10.7914/ac1p-7y35,DTCC SmartSolo 16HR-3C 5 Hz 76.6 V/m/s
confirmed-AuScope,AuScope experiment: YB,nodal-short-period,,False,DTCC (SmartSolo),DTCC SmartSolo 16HR-3C,453021942,False,,False,True,sensor,1,YB,YB,,0,1,2026-03-12,2026-04-09,2026-03-12/2026-04-09,False,AUS,10.7914/g75f-4a16,DTCC SmartSolo 16HR-3C 5 Hz 76.6 V/m/s
confirmed-AuScope,"AuScope experiment: EYRE PENINSULA,MUNDI MUNDI",nodal-short-period,,False,DTCC (SmartSolo),DTCC SmartSolo 16HR-3C,453021944,False,,False,True,sensor,2,1H; 9M,1H; 9M,,0,3,2024-03-03,2024-11-05,2024-03-03/2024-11-05,False,AUS; Australia,10.7914/ac1p-7y35; 10.7914/psbw-7z20,DTCC SmartSolo 16HR-3C 5 Hz 76.6 V/m/s
confirmed-AuScope,AuScope experiment: FISSLE,nodal-short-period,,False,DTCC (SmartSolo),DTCC SmartSolo 16HR-3C,453021945,False,,False,True,sensor,1,4K,4K,,0,1,2024-09-24,2024-10-25,2024-09-24/2024-10-25,False,NZ,10.7914/7b9m-1d60,DTCC SmartSolo 16HR-3C 5 Hz 76.6 V/m/s
confirmed-AuScope,AuScope experiment: DASH/SISSLE,nodal-short-period,,False,DTCC (SmartSolo),DTCC SmartSolo 16HR-3C,453021946,False,,False,True,sensor,1,2B,2B,,0,1,2026-05-20,2026-05-26,2026-05-20/2026-05-26,False,New Zealand,10.7914/hwmy-0n24,DTCC SmartSolo 16HR-3C 5 Hz 76.6 V/m/s
confirmed-AuScope,AuScope experiment: DASH/SISSLE,nodal-short-period,,False,DTCC (SmartSolo),DTCC SmartSolo 16HR-3C,453021949,False,,False,True,sensor,1,2B,2B,,0,1,2026-05-20,2026-05-26,2026-05-20/2026-05-26,False,New Zealand,10.7914/hwmy-0n24,DTCC SmartSolo 16HR-3C 5 Hz 76.6 V/m/s
confirmed-AuScope,AuScope experiment: BMNTE,nodal-short-period,,False,DTCC (SmartSolo),DTCC SmartSolo 16HR-3C,453021951,False,,False,True,sensor,1,8A,8A,,0,1,2024-08-30,2024-09-24,2024-08-30/2024-09-24,False,AU,10.7914/ps89-gf83,DTCC SmartSolo 16HR-3C 5 Hz 76.6 V/m/s
confirmed-AuScope,"AuScope experiment: EYRE PENINSULA,MUNDI MUNDI",nodal-short-period,,False,DTCC (SmartSolo),DTCC SmartSolo 16HR-3C,453021955,False,,False,True,sensor,2,1H; 9M,1H; 9M,,0,3,2024-03-02,2024-11-05,2024-03-02/2024-11-05,False,AUS; Australia,10.7914/ac1p-7y35; 10.7914/psbw-7z20,DTCC SmartSolo 16HR-3C 5 Hz 76.6 V/m/s
confirmed-AuScope,"AuScope experiment: EYRE PENINSULA,MUNDI MUNDI",nodal-short-period,,False,DTCC (SmartSolo),DTCC SmartSolo 16HR-3C,453021956,False,,False,True,sensor,2,1H; 9M,1H; 9M,,0,3,2024-03-02,2024-11-05,2024-03-02/2024-11-05,False,AUS; Australia,10.7914/ac1p-7y35; 10.7914/psbw-7z20,DTCC SmartSolo 16HR-3C 5 Hz 76.6 V/m/s
confirmed-AuScope,AuScope experiment: YB,nodal-short-period,,False,DTCC (SmartSolo),DTCC SmartSolo 16HR-3C,453021957,False,,False,True,sensor,1,YB,YB,,0,1,2026-03-12,2026-04-10,2026-03-12/2026-04-10,False,AUS,10.7914/g75f-4a16,DTCC SmartSolo 16HR-3C 5 Hz 76.6 V/m/s
confirmed-AuScope,"AuScope experiment: EYRE PENINSULA,MUNDI MUNDI",nodal-short-period,,False,DTCC (SmartSolo),DTCC SmartSolo 16HR-3C,453021960,False,,False,True,sensor,2,1H; 9M,1H; 9M,,0,3,2024-02-28,2024-11-04,2024-02-28/2024-11-04,False,AUS; Australia,10.7914/ac1p-7y35; 10.7914/psbw-7z20,DTCC SmartSolo 16HR-3C 5 Hz 76.6 V/m/s
confirmed-AuScope,"AuScope experiment: EYRE PENINSULA,MUNDI MUNDI",nodal-short-period,,False,DTCC (SmartSolo),DTCC SmartSolo 16HR-3C,453021961,False,,False,True,sensor,2,1H; 9M,1H; 9M,,0,3,2024-02-29,2024-11-05,2024-02-29/2024-11-05,False,AUS; Australia,10.7914/ac1p-7y35; 10.7914/psbw-7z20,DTCC SmartSolo 16HR-3C 5 Hz 76.6 V/m/s
confirmed-AuScope,"AuScope experiment: EYRE PENINSULA,MUNDI MUNDI",nodal-short-period,,False,DTCC (SmartSolo),DTCC SmartSolo 16HR-3C,453021962,False,,False,True,sensor,2,1H; 9M,1H; 9M,,0,3,2024-02-28,2024-11-03,2024-02-28/2024-11-03,False,AUS; Australia,10.7914/ac1p-7y35; 10.7914/psbw-7z20,DTCC SmartSolo 16HR-3C 5 Hz 76.6 V/m/s
confirmed-AuScope,"AuScope experiment: EYRE PENINSULA,MUNDI MUNDI",nodal-short-period,,False,DTCC (SmartSolo),DTCC SmartSolo 16HR-3C,453021963,False,,False,True,sensor,2,1H; 9M,1H; 9M,,0,3,2024-02-28,2024-11-05,2024-02-28/2024-11-05,False,AUS; Australia,10.7914/ac1p-7y35; 10.7914/psbw-7z20,DTCC SmartSolo 16HR-3C 5 Hz 76.6 V/m/s
confirmed-AuScope,AuScope experiment: YB,nodal-short-period,,False,DTCC (SmartSolo),DTCC SmartSolo 16HR-3C,453021965,False,,False,True,sensor,1,YB,YB,,0,1,2026-03-12,2026-04-10,2026-03-12/2026-04-10,False,AUS,10.7914/g75f-4a16,DTCC SmartSolo 16HR-3C 5 Hz 76.6 V/m/s
confirmed-AuScope,"AuScope experiment: EYRE PENINSULA,MUNDI MUNDI",nodal-short-period,,False,DTCC (SmartSolo),DTCC SmartSolo 16HR-3C,453021966,False,,False,True,sensor,2,1H; 9M,1H; 9M,,0,3,2024-03-03,2024-11-03,2024-03-03/2024-11-03,False,AUS; Australia,10.7914/ac1p-7y35; 10.7914/psbw-7z20,DTCC SmartSolo 16HR-3C 5 Hz 76.6 V/m/s
confirmed-AuScope,AuScope experiment: YB,nodal-short-period,,False,DTCC (SmartSolo),DTCC SmartSolo 16HR-3C,453021968,False,,False,True,sensor,1,YB,YB,,0,1,2026-03-12,2026-04-10,2026-03-12/2026-04-10,False,AUS,10.7914/g75f-4a16,DTCC SmartSolo 16HR-3C 5 Hz 76.6 V/m/s
confirmed-AuScope,"AuScope experiment: EYRE PENINSULA,MUNDI MUNDI",nodal-short-period,,False,DTCC (SmartSolo),DTCC SmartSolo 16HR-3C,453021970,False,,False,True,sensor,2,1H; 9M,1H; 9M,,0,3,2024-03-01,2024-11-04,2024-03-01/2024-11-04,False,AUS; Australia,10.7914/ac1p-7y35; 10.7914/psbw-7z20,DTCC SmartSolo 16HR-3C 5 Hz 76.6 V/m/s
confirmed-AuScope,"AuScope experiment: EYRE PENINSULA,MUNDI MUNDI",nodal-short-period,,False,DTCC (SmartSolo),DTCC SmartSolo 16HR-3C,453021972,False,,False,True,sensor,2,1H; 9M,1H; 9M,,0,4,2023-11-21,2024-11-05,2023-11-21/2024-11-05,False,AUS; Australia,10.7914/ac1p-7y35; 10.7914/psbw-7z20,DTCC SmartSolo 16HR-3C 5 Hz 76.6 V/m/s
confirmed-AuScope,AuScope experiment: EYRE PENINSULA,nodal-short-period,,False,DTCC (SmartSolo),DTCC SmartSolo 16HR-3C,453021973,False,,False,True,sensor,1,9M,9M,,0,1,2024-02-28,2024-03-27,2024-02-28/2024-03-27,False,AUS,10.7914/ac1p-7y35,DTCC SmartSolo 16HR-3C 5 Hz 76.6 V/m/s
confirmed-AuScope,"AuScope experiment: EYRE PENINSULA,MUNDI MUNDI",nodal-short-period,,False,DTCC (SmartSolo),DTCC SmartSolo 16HR-3C,453021974,False,,False,True,sensor,2,1H; 9M,1H; 9M,,0,3,2024-03-03,2024-11-03,2024-03-03/2024-11-03,False,AUS; Australia,10.7914/ac1p-7y35; 10.7914/psbw-7z20,DTCC SmartSolo 16HR-3C 5 Hz 76.6 V/m/s
confirmed-AuScope,"AuScope experiment: EYRE PENINSULA,MUNDI MUNDI",nodal-short-period,,False,DTCC (SmartSolo),DTCC SmartSolo 16HR-3C,453021977,False,,False,True,sensor,2,1H; 9M,1H; 9M,,0,3,2024-03-02,2024-11-05,2024-03-02/2024-11-05,False,AUS; Australia,10.7914/ac1p-7y35; 10.7914/psbw-7z20,DTCC SmartSolo 16HR-3C 5 Hz 76.6 V/m/s
confirmed-AuScope,AuScope experiment: EYRE PENINSULA,nodal-short-period,,False,DTCC (SmartSolo),DTCC SmartSolo 16HR-3C,453021981,False,,False,True,sensor,1,9M,9M,,0,1,2023-11-21,2023-12-18,2023-11-21/2023-12-18,False,AUS,10.7914/ac1p-7y35,DTCC SmartSolo 16HR-3C 5 Hz 76.6 V/m/s
confirmed-AuScope,"AuScope experiment: EYRE PENINSULA,MUNDI MUNDI",nodal-short-period,,False,DTCC (SmartSolo),DTCC SmartSolo 16HR-3C,453021983,False,,False,True,sensor,2,1H; 9M,1H; 9M,,0,4,2023-11-21,2024-11-04,2023-11-21/2024-11-04,False,AUS; Australia,10.7914/ac1p-7y35; 10.7914/psbw-7z20,DTCC SmartSolo 16HR-3C 5 Hz 76.6 V/m/s
confirmed-AuScope,"AuScope experiment: EYRE PENINSULA,MUNDI MUNDI",nodal-short-period,,False,DTCC (SmartSolo),DTCC SmartSolo 16HR-3C,453021988,False,,False,True,sensor,2,1H; 9M,1H; 9M,,0,4,2023-11-21,2024-11-05,2023-11-21/2024-11-05,False,AUS; Australia,10.7914/ac1p-7y35; 10.7914/psbw-7z20,DTCC SmartSolo 16HR-3C 5 Hz 76.6 V/m/s
confirmed-AuScope,"AuScope experiment: EYRE PENINSULA,MUNDI MUNDI",nodal-short-period,,False,DTCC (SmartSolo),DTCC SmartSolo 16HR-3C,453021989,False,,False,True,sensor,2,1H; 9M,1H; 9M,,0,4,2023-11-22,2024-11-05,2023-11-22/2024-11-05,False,AUS; Australia,10.7914/ac1p-7y35; 10.7914/psbw-7z20,DTCC SmartSolo 16HR-3C 5 Hz 76.6 V/m/s
confirmed-AuScope,AuScope experiment: EYRE PENINSULA,nodal-short-period,,False,DTCC (SmartSolo),DTCC SmartSolo 16HR-3C,453021990,False,,False,True,sensor,1,9M,9M,,0,1,2024-03-03,2024-03-31,2024-03-03/2024-03-31,False,AUS,10.7914/ac1p-7y35,DTCC SmartSolo 16HR-3C 5 Hz 76.6 V/m/s
confirmed-AuScope,AuScope experiment: YB,nodal-short-period,,False,DTCC (SmartSolo),DTCC SmartSolo 16HR-3C,453021994,False,,False,True,sensor,1,YB,YB,,0,1,2026-03-12,2026-04-10,2026-03-12/2026-04-10,False,AUS,10.7914/g75f-4a16,DTCC SmartSolo 16HR-3C 5 Hz 76.6 V/m/s
confirmed-AuScope,"AuScope experiment: EYRE PENINSULA,MUNDI MUNDI",nodal-short-period,,False,DTCC (SmartSolo),DTCC SmartSolo 16HR-3C,453021995,False,,False,True,sensor,2,1H; 9M,1H; 9M,,0,3,2024-03-01,2024-11-05,2024-03-01/2024-11-05,False,AUS; Australia,10.7914/ac1p-7y35; 10.7914/psbw-7z20,DTCC SmartSolo 16HR-3C 5 Hz 76.6 V/m/s
confirmed-AuScope,"AuScope experiment: EYRE PENINSULA,MUNDI MUNDI",nodal-short-period,,False,DTCC (SmartSolo),DTCC SmartSolo 16HR-3C,453021997,False,,False,True,sensor,2,1H; 9M,1H; 9M,,0,3,2024-03-02,2024-11-04,2024-03-02/2024-11-04,False,AUS; Australia,10.7914/ac1p-7y35; 10.7914/psbw-7z20,DTCC SmartSolo 16HR-3C 5 Hz 76.6 V/m/s
confirmed-AuScope,"AuScope experiment: EYRE PENINSULA,MUNDI MUNDI",nodal-short-period,,False,DTCC (SmartSolo),DTCC SmartSolo 16HR-3C,453022001,False,,False,True,sensor,2,1H; 9M,1H; 9M,,0,3,2024-03-01,2024-11-04,2024-03-01/2024-11-04,False,AUS; Australia,10.7914/ac1p-7y35; 10.7914/psbw-7z20,DTCC SmartSolo 16HR-3C 5 Hz 76.6 V/m/s
confirmed-AuScope,"AuScope experiment: EYRE PENINSULA,MUNDI MUNDI",nodal-short-period,,False,DTCC (SmartSolo),DTCC SmartSolo 16HR-3C,453022004,False,,False,True,sensor,2,1H; 9M,1H; 9M,,0,4,2023-11-21,2024-11-05,2023-11-21/2024-11-05,False,AUS; Australia,10.7914/ac1p-7y35; 10.7914/psbw-7z20,DTCC SmartSolo 16HR-3C 5 Hz 76.6 V/m/s
confirmed-AuScope,"AuScope experiment: EYRE PENINSULA,MUNDI MUNDI",nodal-short-period,,False,DTCC (SmartSolo),DTCC SmartSolo 16HR-3C,453022005,False,,False,True,sensor,2,1H; 9M,1H; 9M,,0,4,2023-11-22,2024-11-04,2023-11-22/2024-11-04,False,AUS; Australia,10.7914/ac1p-7y35; 10.7914/psbw-7z20,DTCC SmartSolo 16HR-3C 5 Hz 76.6 V/m/s
confirmed-AuScope,"AuScope experiment: EYRE PENINSULA,MUNDI MUNDI",nodal-short-period,,False,DTCC (SmartSolo),DTCC SmartSolo 16HR-3C,453022006,False,,False,True,sensor,2,1H; 9M,1H; 9M,,0,3,2024-03-01,2024-11-05,2024-03-01/2024-11-05,False,AUS; Australia,10.7914/ac1p-7y35; 10.7914/psbw-7z20,DTCC SmartSolo 16HR-3C 5 Hz 76.6 V/m/s
confirmed-AuScope,"AuScope experiment: EYRE PENINSULA,MUNDI MUNDI",nodal-short-period,,False,DTCC (SmartSolo),DTCC SmartSolo 16HR-3C,453022008,False,,False,True,sensor,2,1H; 9M,1H; 9M,,0,3,2024-02-29,2024-11-05,2024-02-29/2024-11-05,False,AUS; Australia,10.7914/ac1p-7y35; 10.7914/psbw-7z20,DTCC SmartSolo 16HR-3C 5 Hz 76.6 V/m/s
confirmed-AuScope,"AuScope experiment: EYRE PENINSULA,MUNDI MUNDI",nodal-short-period,,False,DTCC (SmartSolo),DTCC SmartSolo 16HR-3C,453022009,False,,False,True,sensor,2,1H; 9M,1H; 9M,,0,4,2023-11-21,2024-11-05,2023-11-21/2024-11-05,False,AUS; Australia,10.7914/ac1p-7y35; 10.7914/psbw-7z20,DTCC SmartSolo 16HR-3C 5 Hz 76.6 V/m/s
confirmed-AuScope,"AuScope experiment: EYRE PENINSULA,MUNDI MUNDI",nodal-short-period,,False,DTCC (SmartSolo),DTCC SmartSolo 16HR-3C,453022012,False,,False,True,sensor,2,1H; 9M,1H; 9M,,0,3,2024-03-01,2024-11-04,2024-03-01/2024-11-04,False,AUS; Australia,10.7914/ac1p-7y35; 10.7914/psbw-7z20,DTCC SmartSolo 16HR-3C 5 Hz 76.6 V/m/s
confirmed-AuScope,"AuScope experiment: EYRE PENINSULA,MUNDI MUNDI",nodal-short-period,,False,DTCC (SmartSolo),DTCC SmartSolo 16HR-3C,453022013,False,,False,True,sensor,2,1H; 9M,1H; 9M,,0,3,2024-03-02,2024-11-05,2024-03-02/2024-11-05,False,AUS; Australia,10.7914/ac1p-7y35; 10.7914/psbw-7z20,DTCC SmartSolo 16HR-3C 5 Hz 76.6 V/m/s
confirmed-AuScope,"AuScope experiment: EYRE PENINSULA,MUNDI MUNDI",nodal-short-period,,False,DTCC (SmartSolo),DTCC SmartSolo 16HR-3C,453022014,False,,False,True,sensor,2,1H; 9M,1H; 9M,,0,3,2024-02-28,2024-11-04,2024-02-28/2024-11-04,False,AUS; Australia,10.7914/ac1p-7y35; 10.7914/psbw-7z20,DTCC SmartSolo 16HR-3C 5 Hz 76.6 V/m/s
confirmed-AuScope,"AuScope experiment: EYRE PENINSULA,MUNDI MUNDI",nodal-short-period,,False,DTCC (SmartSolo),DTCC SmartSolo 16HR-3C,453022015,False,,False,True,sensor,2,1H; 9M,1H; 9M,,0,4,2023-11-21,2024-11-04,2023-11-21/2024-11-04,False,AUS; Australia,10.7914/ac1p-7y35; 10.7914/psbw-7z20,DTCC SmartSolo 16HR-3C 5 Hz 76.6 V/m/s
confirmed-AuScope,AuScope experiment: FISSLE,nodal-short-period,,False,DTCC (SmartSolo),DTCC SmartSolo 16HR-3C,453022016,False,,False,True,sensor,1,4K,4K,,0,1,2024-09-24,2024-10-23,2024-09-24/2024-10-23,False,NZ,10.7914/7b9m-1d60,DTCC SmartSolo 16HR-3C 5 Hz 76.6 V/m/s
confirmed-AuScope,"AuScope experiment: AHNA,WETA",nodal-broadband,,False,DTCC (SmartSolo),DTCC SmartSolo BD3C-5,590001890,False,,False,True,sensor,2,2E; X5,2E; X5,,0,3,2023-05-19,2023-11-21,2023-05-19/2023-11-21,False,NZ; New Zealand,10.7914/37v8-hv88; 10.7914/8jxr-7029,DTCC SmartSolo BD3C-5 209.4 V/m/s
confirmed-AuScope,"AuScope experiment: AHNA,WETA",nodal-broadband,,False,DTCC (SmartSolo),DTCC SmartSolo BD3C-5,590001892,False,,False,True,sensor,2,2E; X5,2E; X5,,0,2,2023-05-19,2023-11-23,2023-05-19/2023-11-23,False,NZ; New Zealand,10.7914/37v8-hv88; 10.7914/8jxr-7029,DTCC SmartSolo BD3C-5 209.4 V/m/s
confirmed-AuScope,"AuScope experiment: AHNA,WETA",nodal-broadband,,False,DTCC (SmartSolo),DTCC SmartSolo BD3C-5,590001893,False,,False,True,sensor,2,2E; X5,2E; X5,,0,3,2023-05-19,2023-11-22,2023-05-19/2023-11-22,False,NZ; New Zealand,10.7914/37v8-hv88; 10.7914/8jxr-7029,DTCC SmartSolo BD3C-5 209.4 V/m/s
confirmed-AuScope,"AuScope experiment: EYRE PENINSULA,QSTNQ",nodal-broadband,,False,DTCC (SmartSolo),DTCC SmartSolo BD3C-5,590001896,False,,False,True,sensor,2,7A; 9M,7A; 9M,,0,2,2024-02-29,2024-08-01,2024-02-29/2024-08-01,False,AUS,10.7914/3v05-sw22; 10.7914/ac1p-7y35,DTCC SmartSolo BD3C-5 209.4 V/m/s
confirmed-AuScope,AuScope experiment: EYRE PENINSULA,nodal-broadband,,False,DTCC (SmartSolo),DTCC SmartSolo BD3C-5,590001900,False,,False,True,sensor,1,9M,9M,,0,1,2024-02-29,2024-04-02,2024-02-29/2024-04-02,False,AUS,10.7914/ac1p-7y35,DTCC SmartSolo BD3C-5 209.4 V/m/s
confirmed-AuScope,"AuScope experiment: AHNA,WETA",nodal-broadband,,False,DTCC (SmartSolo),DTCC SmartSolo BD3C-5,590001901,False,,False,True,sensor,2,2E; X5,2E; X5,,0,3,2023-05-20,2023-11-22,2023-05-20/2023-11-22,False,NZ; New Zealand,10.7914/37v8-hv88; 10.7914/8jxr-7029,DTCC SmartSolo BD3C-5 209.4 V/m/s
confirmed-AuScope,"AuScope experiment: AHNA,WETA",nodal-broadband,,False,DTCC (SmartSolo),DTCC SmartSolo BD3C-5,590001908,False,,False,True,sensor,2,2E; X5,2E; X5,,0,3,2023-05-19,2023-11-23,2023-05-19/2023-11-23,False,NZ; New Zealand,10.7914/37v8-hv88; 10.7914/8jxr-7029,DTCC SmartSolo BD3C-5 209.4 V/m/s
confirmed-AuScope,AuScope experiment: EYRE PENINSULA,nodal-broadband,,False,DTCC (SmartSolo),DTCC SmartSolo BD3C-5,590001909,False,,False,True,sensor,1,9M,9M,,0,1,2024-02-29,2024-04-03,2024-02-29/2024-04-03,False,AUS,10.7914/ac1p-7y35,DTCC SmartSolo BD3C-5 209.4 V/m/s
confirmed-AuScope,"AuScope experiment: AHNA,WETA",nodal-broadband,,False,DTCC (SmartSolo),DTCC SmartSolo BD3C-5,590001911,False,,False,True,sensor,2,2E; X5,2E; X5,,0,2,2023-05-20,2023-11-19,2023-05-20/2023-11-19,False,NZ; New Zealand,10.7914/37v8-hv88; 10.7914/8jxr-7029,DTCC SmartSolo BD3C-5 209.4 V/m/s
confirmed-AuScope,"AuScope experiment: AHNA,WETA",nodal-broadband,,False,DTCC (SmartSolo),DTCC SmartSolo BD3C-5,590001916,False,,False,True,sensor,2,2E; X5,2E; X5,,0,3,2023-05-19,2023-11-22,2023-05-19/2023-11-22,False,NZ; New Zealand,10.7914/37v8-hv88; 10.7914/8jxr-7029,DTCC SmartSolo BD3C-5 209.4 V/m/s
confirmed-AuScope,"AuScope experiment: AHNA,WETA",nodal-broadband,,False,DTCC (SmartSolo),DTCC SmartSolo BD3C-5,590001918,False,,False,True,sensor,2,2E; X5,2E; X5,,0,3,2023-05-21,2023-11-23,2023-05-21/2023-11-23,False,NZ; New Zealand,10.7914/37v8-hv88; 10.7914/8jxr-7029,DTCC SmartSolo BD3C-5 209.4 V/m/s
confirmed-AuScope,"AuScope experiment: AHNA,WETA",nodal-broadband,,False,DTCC (SmartSolo),DTCC SmartSolo BD3C-5,590001920,False,,False,True,sensor,2,2E; X5,2E; X5,,0,3,2023-05-19,2023-11-20,2023-05-19/2023-11-20,False,NZ; New Zealand,10.7914/37v8-hv88; 10.7914/8jxr-7029,DTCC SmartSolo BD3C-5 209.4 V/m/s
confirmed-AuScope,"AuScope experiment: AHNA,WETA",nodal-broadband,,False,DTCC (SmartSolo),DTCC SmartSolo BD3C-5,590001921,False,,False,True,sensor,2,2E; X5,2E; X5,,0,3,2023-05-18,2023-11-23,2023-05-18/2023-11-23,False,NZ; New Zealand,10.7914/37v8-hv88; 10.7914/8jxr-7029,DTCC SmartSolo BD3C-5 209.4 V/m/s
confirmed-AuScope,"AuScope experiment: EYRE PENINSULA,QSTNQ",nodal-broadband,,False,DTCC (SmartSolo),DTCC SmartSolo BD3C-5,590001923,False,,False,True,sensor,2,7A; 9M,7A; 9M,,0,2,2024-02-28,2024-08-01,2024-02-28/2024-08-01,False,AUS,10.7914/3v05-sw22; 10.7914/ac1p-7y35,DTCC SmartSolo BD3C-5 209.4 V/m/s
confirmed-AuScope,AuScope experiment: AHNA,nodal-broadband,,False,DTCC (SmartSolo),DTCC SmartSolo BD3C-5,590001925,False,,False,True,sensor,1,X5,X5,,0,1,2023-05-18,2023-05-19,2023-05-18/2023-05-19,False,NZ,10.7914/8jxr-7029,DTCC SmartSolo BD3C-5 209.4 V/m/s
confirmed-AuScope,"AuScope experiment: AHNA,WETA",nodal-broadband,,False,DTCC (SmartSolo),DTCC SmartSolo BD3C-5,590001926,False,,False,True,sensor,2,2E; X5,2E; X5,,0,2,2023-05-19,2023-11-20,2023-05-19/2023-11-20,False,NZ; New Zealand,10.7914/37v8-hv88; 10.7914/8jxr-7029,DTCC SmartSolo BD3C-5 209.4 V/m/s
confirmed-AuScope,"AuScope experiment: AHNA,WETA",nodal-broadband,,False,DTCC (SmartSolo),DTCC SmartSolo BD3C-5,590001930,False,,False,True,sensor,2,2E; X5,2E; X5,,0,3,2023-05-19,2023-11-24,2023-05-19/2023-11-24,False,NZ; New Zealand,10.7914/37v8-hv88; 10.7914/8jxr-7029,DTCC SmartSolo BD3C-5 209.4 V/m/s
confirmed-AuScope,AuScope experiment: EYRE PENINSULA,nodal-broadband,,False,DTCC (SmartSolo),DTCC SmartSolo BD3C-5,590001931,False,,False,True,sensor,1,9M,9M,,0,1,2024-03-02,2024-04-05,2024-03-02/2024-04-05,False,AUS,10.7914/ac1p-7y35,DTCC SmartSolo BD3C-5 209.4 V/m/s
confirmed-AuScope,"AuScope experiment: EYRE PENINSULA,QSTNQ",nodal-broadband,,False,DTCC (SmartSolo),DTCC SmartSolo BD3C-5,590001936,False,,False,True,sensor,2,7A; 9M,7A; 9M,,0,2,2024-02-29,2024-08-01,2024-02-29/2024-08-01,False,AUS,10.7914/3v05-sw22; 10.7914/ac1p-7y35,DTCC SmartSolo BD3C-5 209.4 V/m/s
confirmed-AuScope,"AuScope experiment: EYRE PENINSULA,QSTNQ",nodal-broadband,,False,DTCC (SmartSolo),DTCC SmartSolo BD3C-5,590001937,False,,False,True,sensor,2,7A; 9M,7A; 9M,,0,2,2024-03-01,2024-08-01,2024-03-01/2024-08-01,False,AUS,10.7914/3v05-sw22; 10.7914/ac1p-7y35,DTCC SmartSolo BD3C-5 209.4 V/m/s
confirmed-AuScope,AuScope experiment: EYRE PENINSULA,nodal-broadband,,False,DTCC (SmartSolo),DTCC SmartSolo BD3C-5,590001938,False,,False,True,sensor,1,9M,9M,,0,1,2024-03-02,2024-04-02,2024-03-02/2024-04-02,False,AUS,10.7914/ac1p-7y35,DTCC SmartSolo BD3C-5 209.4 V/m/s
confirmed-AuScope,AuScope experiment: EYRE PENINSULA,nodal-broadband,,False,DTCC (SmartSolo),DTCC SmartSolo BD3C-5,590001942,False,,False,True,sensor,1,9M,9M,,0,1,2024-03-02,2024-04-05,2024-03-02/2024-04-05,False,AUS,10.7914/ac1p-7y35,DTCC SmartSolo BD3C-5 209.4 V/m/s
confirmed-AuScope,"AuScope experiment: AHNA,WETA",nodal-broadband,,False,DTCC (SmartSolo),DTCC SmartSolo BD3C-5,590001943,False,,False,True,sensor,2,2E; X5,2E; X5,,0,3,2023-05-20,2023-11-22,2023-05-20/2023-11-22,False,NZ; New Zealand,10.7914/37v8-hv88; 10.7914/8jxr-7029,DTCC SmartSolo BD3C-5 209.4 V/m/s
confirmed-AuScope,"AuScope experiment: AHNA,WETA",nodal-broadband,,False,DTCC (SmartSolo),DTCC SmartSolo BD3C-5,590001950,False,,False,True,sensor,2,2E; X5,2E; X5,,0,2,2023-05-20,2023-11-20,2023-05-20/2023-11-20,False,NZ; New Zealand,10.7914/37v8-hv88; 10.7914/8jxr-7029,DTCC SmartSolo BD3C-5 209.4 V/m/s
confirmed-AuScope,"AuScope experiment: AHNA,WETA",nodal-broadband,,False,DTCC (SmartSolo),DTCC SmartSolo BD3C-5,590001953,False,,False,True,sensor,2,2E; X5,2E; X5,,0,3,2023-05-13,2023-11-23,2023-05-13/2023-11-23,False,NZ; New Zealand,10.7914/37v8-hv88; 10.7914/8jxr-7029,DTCC SmartSolo BD3C-5 209.4 V/m/s
confirmed-AuScope,"AuScope experiment: AHNA,WETA",nodal-broadband,,False,DTCC (SmartSolo),DTCC SmartSolo BD3C-5,590001955,False,,False,True,sensor,2,2E; X5,2E; X5,,0,2,2023-05-19,2023-11-21,2023-05-19/2023-11-21,False,NZ; New Zealand,10.7914/37v8-hv88; 10.7914/8jxr-7029,DTCC SmartSolo BD3C-5 209.4 V/m/s
confirmed-AuScope,"AuScope experiment: AHNA,WETA",nodal-broadband,,False,DTCC (SmartSolo),DTCC SmartSolo BD3C-5,590001957,False,,False,True,sensor,2,2E; X5,2E; X5,,0,3,2023-05-19,2023-11-20,2023-05-19/2023-11-20,False,NZ; New Zealand,10.7914/37v8-hv88; 10.7914/8jxr-7029,DTCC SmartSolo BD3C-5 209.4 V/m/s
confirmed-AuScope,"AuScope experiment: AHNA,WETA",nodal-broadband,,False,DTCC (SmartSolo),DTCC SmartSolo BD3C-5,590001959,False,,False,True,sensor,2,2E; X5,2E; X5,,0,3,2023-05-20,2023-11-21,2023-05-20/2023-11-21,False,NZ; New Zealand,10.7914/37v8-hv88; 10.7914/8jxr-7029,DTCC SmartSolo BD3C-5 209.4 V/m/s
confirmed-AuScope,"AuScope experiment: AHNA,WETA",nodal-broadband,,False,DTCC (SmartSolo),DTCC SmartSolo BD3C-5,590001965,False,,False,True,sensor,2,2E; X5,2E; X5,,0,3,2023-05-19,2023-11-21,2023-05-19/2023-11-21,False,NZ; New Zealand,10.7914/37v8-hv88; 10.7914/8jxr-7029,DTCC SmartSolo BD3C-5 209.4 V/m/s
confirmed-AuScope,"AuScope experiment: EYRE PENINSULA,QSTNQ",nodal-broadband,,False,DTCC (SmartSolo),DTCC SmartSolo BD3C-5,590001968,False,,False,True,sensor,2,7A; 9M,7A; 9M,,0,2,2024-02-29,2024-08-02,2024-02-29/2024-08-02,False,AUS,10.7914/3v05-sw22; 10.7914/ac1p-7y35,DTCC SmartSolo BD3C-5 209.4 V/m/s
confirmed-AuScope,"AuScope experiment: AHNA,BMNTE,WETA",nodal-broadband,,False,DTCC (SmartSolo),DTCC SmartSolo BD3C-5,590001973,False,,False,True,sensor,3,2E; 8A; X5,2E; 8A; X5,,0,4,2023-05-19,2024-09-24,2023-05-19/2024-09-24,False,AU; NZ; New Zealand,10.7914/37v8-hv88; 10.7914/8jxr-7029; 10.7914/ps89-gf83,DTCC SmartSolo BD3C-5 209.4 V/m/s
confirmed-AuScope,"AuScope experiment: AHNA,WETA",nodal-broadband,,False,DTCC (SmartSolo),DTCC SmartSolo BD3C-5,590001979,False,,False,True,sensor,2,2E; X5,2E; X5,,0,3,2023-05-20,2023-11-23,2023-05-20/2023-11-23,False,NZ; New Zealand,10.7914/37v8-hv88; 10.7914/8jxr-7029,DTCC SmartSolo BD3C-5 209.4 V/m/s
confirmed-AuScope,"AuScope experiment: AHNA,WETA",nodal-broadband,,False,DTCC (SmartSolo),DTCC SmartSolo BD3C-5,590001985,False,,False,True,sensor,2,2E; X5,2E; X5,,0,3,2023-05-21,2023-11-21,2023-05-21/2023-11-21,False,NZ; New Zealand,10.7914/37v8-hv88; 10.7914/8jxr-7029,DTCC SmartSolo BD3C-5 209.4 V/m/s
confirmed-AuScope,"AuScope experiment: AHNA,WETA",nodal-broadband,,False,DTCC (SmartSolo),DTCC SmartSolo BD3C-5,590001989,False,,False,True,sensor,2,2E; X5,2E; X5,,0,3,2023-05-12,2023-11-21,2023-05-12/2023-11-21,False,NZ; New Zealand,10.7914/37v8-hv88; 10.7914/8jxr-7029,DTCC SmartSolo BD3C-5 209.4 V/m/s
confirmed-AuScope,AuScope experiment: EYRE PENINSULA,nodal-broadband,,False,DTCC (SmartSolo),DTCC SmartSolo BD3C-5,590001991,False,,False,True,sensor,1,9M,9M,,0,1,2024-02-28,2024-04-02,2024-02-28/2024-04-02,False,AUS,10.7914/ac1p-7y35,DTCC SmartSolo BD3C-5 209.4 V/m/s
confirmed-AuScope,"AuScope experiment: AHNA,WETA",nodal-broadband,,False,DTCC (SmartSolo),DTCC SmartSolo BD3C-5,590001992,False,,False,True,sensor,2,2E; X5,2E; X5,,0,3,2023-05-19,2023-11-22,2023-05-19/2023-11-22,False,NZ; New Zealand,10.7914/37v8-hv88; 10.7914/8jxr-7029,DTCC SmartSolo BD3C-5 209.4 V/m/s
confirmed-AuScope,"AuScope experiment: AHNA,WETA",nodal-broadband,,False,DTCC (SmartSolo),DTCC SmartSolo BD3C-5,590001996,False,,False,True,sensor,2,2E; X5,2E; X5,,0,2,2023-05-21,2023-11-23,2023-05-21/2023-11-23,False,NZ; New Zealand,10.7914/37v8-hv88; 10.7914/8jxr-7029,DTCC SmartSolo BD3C-5 209.4 V/m/s
confirmed-AuScope,"AuScope experiment: AHNA,WETA",nodal-broadband,,False,DTCC (SmartSolo),DTCC SmartSolo BD3C-5,590001998,False,,False,True,sensor,2,2E; X5,2E; X5,,0,3,2023-05-11,2023-11-21,2023-05-11/2023-11-21,False,NZ; New Zealand,10.7914/37v8-hv88; 10.7914/8jxr-7029,DTCC SmartSolo BD3C-5 209.4 V/m/s
confirmed-AuScope,"AuScope experiment: AHNA,WETA",nodal-broadband,,False,DTCC (SmartSolo),DTCC SmartSolo BD3C-5,590002003,False,,False,True,sensor,2,2E; X5,2E; X5,,0,3,2023-05-12,2023-11-23,2023-05-12/2023-11-23,False,NZ; New Zealand,10.7914/37v8-hv88; 10.7914/8jxr-7029,DTCC SmartSolo BD3C-5 209.4 V/m/s
confirmed-AuScope,"AuScope experiment: AHNA,WETA",nodal-broadband,,False,DTCC (SmartSolo),DTCC SmartSolo BD3C-5,590002009,False,,False,True,sensor,2,2E; X5,2E; X5,,0,3,2023-05-18,2023-11-24,2023-05-18/2023-11-24,False,NZ; New Zealand,10.7914/37v8-hv88; 10.7914/8jxr-7029,DTCC SmartSolo BD3C-5 209.4 V/m/s
confirmed-AuScope,"AuScope experiment: EYRE PENINSULA,QSTNQ",nodal-broadband,,False,DTCC (SmartSolo),DTCC SmartSolo BD3C-5,590002031,False,,False,True,sensor,2,7A; 9M,7A; 9M,,0,2,2023-11-21,2024-08-01,2023-11-21/2024-08-01,False,AUS,10.7914/3v05-sw22; 10.7914/ac1p-7y35,DTCC SmartSolo BD3C-5 209.4 V/m/s
confirmed-AuScope,"AuScope experiment: AHNA,WETA",nodal-broadband,,False,DTCC (SmartSolo),DTCC SmartSolo BD3C-5,590002068,False,,False,True,sensor,2,2E; X5,2E; X5,,0,3,2023-05-19,2023-11-23,2023-05-19/2023-11-23,False,NZ; New Zealand,10.7914/37v8-hv88; 10.7914/8jxr-7029,DTCC SmartSolo BD3C-5 209.4 V/m/s
confirmed-AuScope,"AuScope experiment: AHNA,WETA",nodal-broadband,,False,DTCC (SmartSolo),DTCC SmartSolo BD3C-5,590002071,False,,False,True,sensor,2,2E; X5,2E; X5,,0,3,2023-05-19,2023-11-23,2023-05-19/2023-11-23,False,NZ; New Zealand,10.7914/37v8-hv88; 10.7914/8jxr-7029,DTCC SmartSolo BD3C-5 209.4 V/m/s
confirmed-AuScope,"AuScope experiment: AHNA,WETA",nodal-broadband,,False,DTCC (SmartSolo),DTCC SmartSolo BD3C-5,590002072,False,,False,True,sensor,2,2E; X5,2E; X5,,0,3,2023-05-19,2023-11-20,2023-05-19/2023-11-20,False,NZ; New Zealand,10.7914/37v8-hv88; 10.7914/8jxr-7029,DTCC SmartSolo BD3C-5 209.4 V/m/s
confirmed-AuScope,"AuScope experiment: AHNA,WETA",nodal-broadband,,False,DTCC (SmartSolo),DTCC SmartSolo BD3C-5,590002074,False,,False,True,sensor,2,2E; X5,2E; X5,,0,3,2023-05-19,2023-11-23,2023-05-19/2023-11-23,False,NZ; New Zealand,10.7914/37v8-hv88; 10.7914/8jxr-7029,DTCC SmartSolo BD3C-5 209.4 V/m/s
confirmed-AuScope,"AuScope experiment: AHNA,WETA",nodal-broadband,,False,DTCC (SmartSolo),DTCC SmartSolo BD3C-5,590002076,False,,False,True,sensor,2,2E; X5,2E; X5,,0,3,2023-05-20,2023-11-24,2023-05-20/2023-11-24,False,NZ; New Zealand,10.7914/37v8-hv88; 10.7914/8jxr-7029,DTCC SmartSolo BD3C-5 209.4 V/m/s
confirmed-AuScope,"AuScope experiment: AHNA,WETA",nodal-broadband,,False,DTCC (SmartSolo),DTCC SmartSolo BD3C-5,590002077,False,,False,True,sensor,2,2E; X5,2E; X5,,0,3,2023-05-18,2023-11-23,2023-05-18/2023-11-23,False,NZ; New Zealand,10.7914/37v8-hv88; 10.7914/8jxr-7029,DTCC SmartSolo BD3C-5 209.4 V/m/s
confirmed-AuScope,"AuScope experiment: AHNA,WETA",nodal-broadband,,False,DTCC (SmartSolo),DTCC SmartSolo BD3C-5,590002078,False,,False,True,sensor,2,2E; X5,2E; X5,,0,3,2023-05-14,2023-11-23,2023-05-14/2023-11-23,False,NZ; New Zealand,10.7914/37v8-hv88; 10.7914/8jxr-7029,DTCC SmartSolo BD3C-5 209.4 V/m/s
confirmed-AuScope,"AuScope experiment: AHNA,WETA",nodal-broadband,,False,DTCC (SmartSolo),DTCC SmartSolo BD3C-5,590002079,False,,False,True,sensor,2,2E; X5,2E; X5,,0,3,2023-05-11,2023-11-22,2023-05-11/2023-11-22,False,NZ; New Zealand,10.7914/37v8-hv88; 10.7914/8jxr-7029,DTCC SmartSolo BD3C-5 209.4 V/m/s
confirmed-AuScope,AuScope experiment: WETA,nodal-broadband,,False,DTCC (SmartSolo),DTCC SmartSolo BD3C-5,590002080,False,,False,True,sensor,1,2E,2E,,0,2,2023-09-07,2023-11-21,2023-09-07/2023-11-21,False,New Zealand,10.7914/37v8-hv88,DTCC SmartSolo BD3C-5 209.4 V/m/s
confirmed-AuScope,"AuScope experiment: AHNA,WETA",nodal-broadband,,False,DTCC (SmartSolo),DTCC SmartSolo BD3C-5,590002081,False,,False,True,sensor,2,2E; X5,2E; X5,,0,3,2023-05-19,2023-11-22,2023-05-19/2023-11-22,False,NZ; New Zealand,10.7914/37v8-hv88; 10.7914/8jxr-7029,DTCC SmartSolo BD3C-5 209.4 V/m/s
confirmed-AuScope,AuScope experiment: EYRE PENINSULA,nodal-broadband,,False,DTCC (SmartSolo),DTCC SmartSolo BD3C-5,590002082,False,,False,True,sensor,1,9M,9M,,0,2,2023-11-21,2024-04-05,2023-11-21/2024-04-05,False,AUS,10.7914/ac1p-7y35,DTCC SmartSolo BD3C-5 209.4 V/m/s
confirmed-AuScope,"AuScope experiment: AHNA,WETA",nodal-broadband,,False,DTCC (SmartSolo),DTCC SmartSolo BD3C-5,590002087,False,,False,True,sensor,2,2E; X5,2E; X5,,0,3,2023-05-19,2023-11-22,2023-05-19/2023-11-22,False,NZ; New Zealand,10.7914/37v8-hv88; 10.7914/8jxr-7029,DTCC SmartSolo BD3C-5 209.4 V/m/s
confirmed-AuScope,"AuScope experiment: AHNA,WETA",nodal-broadband,,False,DTCC (SmartSolo),DTCC SmartSolo BD3C-5,590002094,False,,False,True,sensor,2,2E; X5,2E; X5,,0,3,2023-05-12,2023-11-23,2023-05-12/2023-11-23,False,NZ; New Zealand,10.7914/37v8-hv88; 10.7914/8jxr-7029,DTCC SmartSolo BD3C-5 209.4 V/m/s
confirmed-AuScope,"AuScope experiment: AHNA,WETA",nodal-broadband,,False,DTCC (SmartSolo),DTCC SmartSolo BD3C-5,590002095,False,,False,True,sensor,2,2E; X5,2E; X5,,0,3,2023-05-20,2023-11-21,2023-05-20/2023-11-21,False,NZ; New Zealand,10.7914/37v8-hv88; 10.7914/8jxr-7029,DTCC SmartSolo BD3C-5 209.4 V/m/s
confirmed-AuScope,"AuScope experiment: AHNA,WETA",nodal-broadband,,False,DTCC (SmartSolo),DTCC SmartSolo BD3C-5,590002099,False,,False,True,sensor,2,2E; X5,2E; X5,,0,2,2023-05-11,2023-11-23,2023-05-11/2023-11-23,False,NZ; New Zealand,10.7914/37v8-hv88; 10.7914/8jxr-7029,DTCC SmartSolo BD3C-5 209.4 V/m/s
confirmed-AuScope,AuScope experiment: EYRE PENINSULA,nodal-broadband,,False,DTCC (SmartSolo),DTCC SmartSolo BD3C-5,590002102,False,,False,True,sensor,1,9M,9M,,0,1,2024-02-29,2024-04-03,2024-02-29/2024-04-03,False,AUS,10.7914/ac1p-7y35,DTCC SmartSolo BD3C-5 209.4 V/m/s
confirmed-AuScope,"AuScope experiment: AHNA,WETA",nodal-broadband,,False,DTCC (SmartSolo),DTCC SmartSolo BD3C-5,590002110,False,,False,True,sensor,2,2E; X5,2E; X5,,0,3,2023-05-24,2023-11-22,2023-05-24/2023-11-22,False,NZ; New Zealand,10.7914/37v8-hv88; 10.7914/8jxr-7029,DTCC SmartSolo BD3C-5 209.4 V/m/s
confirmed-AuScope,"AuScope experiment: EYRE PENINSULA,QSTNQ",nodal-broadband,,False,DTCC (SmartSolo),DTCC SmartSolo BD3C-5,590002152,False,,False,True,sensor,2,7A; 9M,7A; 9M,,0,2,2024-02-29,2024-08-01,2024-02-29/2024-08-01,False,AUS,10.7914/3v05-sw22; 10.7914/ac1p-7y35,DTCC SmartSolo BD3C-5 209.4 V/m/s
confirmed-AuScope,"AuScope experiment: AHNA,WETA",nodal-broadband,,False,DTCC (SmartSolo),DTCC SmartSolo BD3C-5,590002158,False,,False,True,sensor,2,2E; X5,2E; X5,,0,3,2023-05-20,2023-11-23,2023-05-20/2023-11-23,False,NZ; New Zealand,10.7914/37v8-hv88; 10.7914/8jxr-7029,DTCC SmartSolo BD3C-5 209.4 V/m/s
confirmed-AuScope,"AuScope experiment: AHNA,BMNTE,WETA",nodal-broadband,,False,DTCC (SmartSolo),DTCC SmartSolo BD3C-5,590002197,False,,False,True,sensor,3,2E; 8A; X5,2E; 8A; X5,,0,4,2023-05-19,2024-09-24,2023-05-19/2024-09-24,False,AU; NZ; New Zealand,10.7914/37v8-hv88; 10.7914/8jxr-7029; 10.7914/ps89-gf83,DTCC SmartSolo BD3C-5 209.4 V/m/s
confirmed-AuScope,"AuScope experiment: AHNA,WETA",nodal-broadband,,False,DTCC (SmartSolo),DTCC SmartSolo BD3C-5,590002212,False,,False,True,sensor,2,2E; X5,2E; X5,,0,3,2023-05-20,2023-11-22,2023-05-20/2023-11-22,False,NZ; New Zealand,10.7914/37v8-hv88; 10.7914/8jxr-7029,DTCC SmartSolo BD3C-5 209.4 V/m/s
confirmed-AuScope,"AuScope experiment: AHNA,WETA",nodal-broadband,,False,DTCC (SmartSolo),DTCC SmartSolo BD3C-5,590002228,False,,False,True,sensor,2,2E; X5,2E; X5,,0,3,2023-05-20,2023-11-20,2023-05-20/2023-11-20,False,NZ; New Zealand,10.7914/37v8-hv88; 10.7914/8jxr-7029,DTCC SmartSolo BD3C-5 209.4 V/m/s
confirmed-AuScope,"AuScope experiment: EYRE PENINSULA,QSTNQ",nodal-broadband,,False,DTCC (SmartSolo),DTCC SmartSolo BD3C-5,590002246,False,,False,True,sensor,2,7A; 9M,7A; 9M,,0,2,2024-02-29,2024-08-01,2024-02-29/2024-08-01,False,AUS,10.7914/3v05-sw22; 10.7914/ac1p-7y35,DTCC SmartSolo BD3C-5 209.4 V/m/s
confirmed-AuScope,"AuScope experiment: AHNA,WETA",nodal-broadband,,False,DTCC (SmartSolo),DTCC SmartSolo BD3C-5,590002247,False,,False,True,sensor,2,2E; X5,2E; X5,,0,3,2023-05-10,2023-11-23,2023-05-10/2023-11-23,False,NZ; New Zealand,10.7914/37v8-hv88; 10.7914/8jxr-7029,DTCC SmartSolo BD3C-5 209.4 V/m/s
confirmed-AuScope,"AuScope experiment: AHNA,WETA",nodal-broadband,,False,DTCC (SmartSolo),DTCC SmartSolo BD3C-5,590002249,False,,False,True,sensor,2,2E; X5,2E; X5,,0,2,2023-05-19,2023-11-24,2023-05-19/2023-11-24,False,NZ; New Zealand,10.7914/37v8-hv88; 10.7914/8jxr-7029,DTCC SmartSolo BD3C-5 209.4 V/m/s
confirmed-AuScope,"AuScope experiment: AHNA,WETA",nodal-broadband,,False,DTCC (SmartSolo),DTCC SmartSolo BD3C-5,590002250,False,,False,True,sensor,2,2E; X5,2E; X5,,0,3,2023-05-19,2023-11-21,2023-05-19/2023-11-21,False,NZ; New Zealand,10.7914/37v8-hv88; 10.7914/8jxr-7029,DTCC SmartSolo BD3C-5 209.4 V/m/s
confirmed-AuScope,"AuScope experiment: AHNA,WETA",nodal-broadband,,False,DTCC (SmartSolo),DTCC SmartSolo BD3C-5,590002253,False,,False,True,sensor,2,2E; X5,2E; X5,,0,2,2023-05-21,2023-11-21,2023-05-21/2023-11-21,False,NZ; New Zealand,10.7914/37v8-hv88; 10.7914/8jxr-7029,DTCC SmartSolo BD3C-5 209.4 V/m/s
confirmed-AuScope,"AuScope experiment: AHNA,WETA",nodal-broadband,,False,DTCC (SmartSolo),DTCC SmartSolo BD3C-5,590002267,False,,False,True,sensor,2,2E; X5,2E; X5,,0,3,2023-05-19,2023-11-23,2023-05-19/2023-11-23,False,NZ; New Zealand,10.7914/37v8-hv88; 10.7914/8jxr-7029,DTCC SmartSolo BD3C-5 209.4 V/m/s
confirmed-AuScope,"AuScope experiment: EYRE PENINSULA,QSTNQ",nodal-broadband,,False,DTCC (SmartSolo),DTCC SmartSolo BD3C-5,590002279,False,,False,True,sensor,2,7A; 9M,7A; 9M,,0,3,2024-02-29,2024-08-01,2024-02-29/2024-08-01,False,AUS,10.7914/3v05-sw22; 10.7914/ac1p-7y35,DTCC SmartSolo BD3C-5 209.4 V/m/s
confirmed-AuScope,"AuScope experiment: AHNA,WETA",nodal-broadband,,False,DTCC (SmartSolo),DTCC SmartSolo BD3C-5,590002285,False,,False,True,sensor,2,2E; X5,2E; X5,,0,2,2023-05-18,2023-11-24,2023-05-18/2023-11-24,False,NZ; New Zealand,10.7914/37v8-hv88; 10.7914/8jxr-7029,DTCC SmartSolo BD3C-5 209.4 V/m/s
confirmed-AuScope,"AuScope experiment: AHNA,BMNTE,WETA",nodal-broadband,,False,DTCC (SmartSolo),DTCC SmartSolo BD3C-5,590002288,False,,False,True,sensor,3,2E; 8A; X5,2E; 8A; X5,,0,4,2023-06-06,2024-09-24,2023-06-06/2024-09-24,False,AU; NZ; New Zealand,10.7914/37v8-hv88; 10.7914/8jxr-7029; 10.7914/ps89-gf83,DTCC SmartSolo BD3C-5 209.4 V/m/s
confirmed-AuScope,"AuScope experiment: EYRE PENINSULA,QSTNQ",nodal-broadband,,False,DTCC (SmartSolo),DTCC SmartSolo BD3C-5,590002294,False,,False,True,sensor,2,7A; 9M,7A; 9M,,0,3,2023-11-21,2024-08-01,2023-11-21/2024-08-01,False,AUS,10.7914/3v05-sw22; 10.7914/ac1p-7y35,DTCC SmartSolo BD3C-5 209.4 V/m/s
confirmed-AuScope,"AuScope experiment: EYRE PENINSULA,QSTNQ",nodal-broadband,,False,DTCC (SmartSolo),DTCC SmartSolo BD3C-5,590002296,False,,False,True,sensor,2,7A; 9M,7A; 9M,,0,2,2024-02-28,2024-08-01,2024-02-28/2024-08-01,False,AUS,10.7914/3v05-sw22; 10.7914/ac1p-7y35,DTCC SmartSolo BD3C-5 209.4 V/m/s
confirmed-AuScope,"AuScope experiment: EYRE PENINSULA,QSTNQ",nodal-broadband,,False,DTCC (SmartSolo),DTCC SmartSolo BD3C-5,590002301,False,,False,True,sensor,2,7A; 9M,7A; 9M,,0,2,2024-02-29,2024-08-01,2024-02-29/2024-08-01,False,AUS,10.7914/3v05-sw22; 10.7914/ac1p-7y35,DTCC SmartSolo BD3C-5 209.4 V/m/s
confirmed-AuScope,AuScope experiment: EYRE PENINSULA,nodal-broadband,,False,DTCC (SmartSolo),DTCC SmartSolo BD3C-5,590002304,False,,False,True,sensor,1,9M,9M,,0,1,2024-02-29,2024-04-02,2024-02-29/2024-04-02,False,AUS,10.7914/ac1p-7y35,DTCC SmartSolo BD3C-5 209.4 V/m/s
confirmed-AuScope,"AuScope experiment: EYRE PENINSULA,QSTNQ",nodal-broadband,,False,DTCC (SmartSolo),DTCC SmartSolo BD3C-5,590002311,False,,False,True,sensor,2,7A; 9M,7A; 9M,,0,2,2024-03-03,2024-08-02,2024-03-03/2024-08-02,False,AUS,10.7914/3v05-sw22; 10.7914/ac1p-7y35,DTCC SmartSolo BD3C-5 209.4 V/m/s
confirmed-AuScope,"AuScope experiment: EYRE PENINSULA,QSTNQ",nodal-broadband,,False,DTCC (SmartSolo),DTCC SmartSolo BD3C-5,590002317,False,,False,True,sensor,2,7A; 9M,7A; 9M,,0,2,2024-02-29,2024-08-01,2024-02-29/2024-08-01,False,AUS,10.7914/3v05-sw22; 10.7914/ac1p-7y35,DTCC SmartSolo BD3C-5 209.4 V/m/s
confirmed-AuScope,"AuScope experiment: EYRE PENINSULA,QSTNQ",nodal-broadband,,False,DTCC (SmartSolo),DTCC SmartSolo BD3C-5,590002322,False,,False,True,sensor,2,7A; 9M,7A; 9M,,0,2,2023-11-22,2024-08-01,2023-11-22/2024-08-01,False,AUS,10.7914/3v05-sw22; 10.7914/ac1p-7y35,DTCC SmartSolo BD3C-5 209.4 V/m/s
confirmed-AuScope,"AuScope experiment: EYRE PENINSULA,QSTNQ",nodal-broadband,,False,DTCC (SmartSolo),DTCC SmartSolo BD3C-5,590002329,False,,False,True,sensor,2,7A; 9M,7A; 9M,,0,2,2024-02-28,2024-08-01,2024-02-28/2024-08-01,False,AUS,10.7914/3v05-sw22; 10.7914/ac1p-7y35,DTCC SmartSolo BD3C-5 209.4 V/m/s
confirmed-AuScope,"AuScope experiment: EYRE PENINSULA,QSTNQ",nodal-broadband,,False,DTCC (SmartSolo),DTCC SmartSolo BD3C-5,590002338,False,,False,True,sensor,2,7A; 9M,7A; 9M,,0,2,2024-02-27,2024-08-01,2024-02-27/2024-08-01,False,AUS,10.7914/3v05-sw22; 10.7914/ac1p-7y35,DTCC SmartSolo BD3C-5 209.4 V/m/s
confirmed-AuScope,"AuScope experiment: EYRE PENINSULA,QSTNQ",nodal-broadband,,False,DTCC (SmartSolo),DTCC SmartSolo BD3C-5,590002342,False,,False,True,sensor,2,7A; 9M,7A; 9M,,0,3,2023-11-21,2024-08-01,2023-11-21/2024-08-01,False,AUS,10.7914/3v05-sw22; 10.7914/ac1p-7y35,DTCC SmartSolo BD3C-5 209.4 V/m/s
confirmed-AuScope,AuScope experiment: AusArray SA,datalogger,,False,Guralp Systems,Guralp MINIMUS,0186,False,,False,False,datalogger,1,6K,6K,,0,1,2020-10-17,2022-06-11,2020-10-17/2022-06-11,False,Australia,10.7914/SN/6K_2020,Guralp Minimus
confirmed-AuScope,AuScope experiment: AusArray SA,datalogger,,False,Guralp Systems,Guralp MINIMUS,0322,False,,False,False,datalogger,1,6K,6K,,0,1,2020-10-17,2021-11-28,2020-10-17/2021-11-28,False,Australia,10.7914/SN/6K_2020,Guralp Minimus
confirmed-AuScope,AuScope experiment: AusArray SA,datalogger,,False,Guralp Systems,Guralp MINIMUS,0362,False,,False,False,datalogger,1,6K,6K,,0,1,2020-10-21,2022-05-18,2020-10-21/2022-05-18,False,Australia,10.7914/SN/6K_2020,Guralp Minimus
confirmed-AuScope,AuScope experiment: AusArray SA,datalogger,,False,Guralp Systems,Guralp MINIMUS,0437,False,,False,False,datalogger,1,6K,6K,,0,1,2020-10-24,2022-05-10,2020-10-24/2022-05-10,False,Australia,10.7914/SN/6K_2020,Guralp Minimus
confirmed-AuScope,AuScope experiment: MATE,datalogger,,True,Guralp Systems,Guralp MINIMUS,0457,False,,False,False,datalogger,1,M8,M8,,0,1,2025-11-15,,2025-11-15/,True,AU,10.7914/6e8t-6g37,Guralp Minimus
confirmed-AuScope,AuScope experiment: MATE,datalogger,,True,Guralp Systems,Guralp MINIMUS,1361,False,,False,False,datalogger,1,M8,M8,,0,1,2024-10-30,,2024-10-30/,True,AU,10.7914/6e8t-6g37,Guralp Minimus
confirmed-AuScope,AuScope experiment: MATE,datalogger,,True,Guralp Systems,Guralp MINIMUS,1857,False,,False,False,datalogger,1,M8,M8,,0,2,2024-11-02,,2024-11-02/,True,AU,10.7914/6e8t-6g37,Guralp Minimus
confirmed-AuScope,AuScope experiment: MATE,datalogger,,True,Guralp Systems,Guralp MINIMUS,2B56,False,,False,False,datalogger,1,M8,M8,,0,1,2026-05-13,,2026-05-13/,True,AU,10.7914/6e8t-6g37,Guralp Minimus
confirmed-AuScope,AuScope experiment: MATE,datalogger,,True,Guralp Systems,Guralp MINIMUS,2E56,False,,False,False,datalogger,1,M8,M8,,0,1,2025-11-17,,2025-11-17/,True,AU,10.7914/6e8t-6g37,Guralp Minimus
confirmed-AuScope,AuScope experiment: MATE,datalogger,,True,Guralp Systems,Guralp MINIMUS,4256,False,,False,False,datalogger,1,M8,M8,,0,1,2026-07-01,,2026-07-01/,True,AU,10.7914/6e8t-6g37,Guralp Minimus
confirmed-AuScope,AuScope experiment: MATE,datalogger,,True,Guralp Systems,Guralp MINIMUS,4D56,False,,False,False,datalogger,1,M8,M8,,0,1,2024-02-07,,2024-02-07/,True,AU,10.7914/6e8t-6g37,Guralp Minimus
confirmed-AuScope,AuScope experiment: MATE,datalogger,,True,Guralp Systems,Guralp MINIMUS,67B2,False,,False,False,datalogger,1,M8,M8,,0,1,2025-10-08,,2025-10-08/,True,AU,10.7914/6e8t-6g37,Guralp Minimus
confirmed-AuScope,AuScope experiment: MATE,datalogger,,True,Guralp Systems,Guralp MINIMUS,6D61,False,,False,False,datalogger,1,M8,M8,,0,1,2026-05-12,,2026-05-12/,True,AU,10.7914/6e8t-6g37,Guralp Minimus
confirmed-AuScope,AuScope experiment: MATE,datalogger,,True,Guralp Systems,Guralp MINIMUS,7556,False,,False,False,datalogger,1,M8,M8,,0,1,2025-03-25,,2025-03-25/,True,AU,10.7914/6e8t-6g37,Guralp Minimus
confirmed-AuScope,AuScope experiment: MATE,datalogger,,True,Guralp Systems,Guralp MINIMUS,7766,False,,False,False,datalogger,1,M8,M8,,0,1,2025-12-11,,2025-12-11/,True,AU,10.7914/6e8t-6g37,Guralp Minimus
confirmed-AuScope,AuScope experiment: MATE,datalogger,,True,Guralp Systems,Guralp MINIMUS,8961,False,,False,False,datalogger,1,M8,M8,,0,1,2025-01-01,,2025-01-01/,True,AU,10.7914/6e8t-6g37,Guralp Minimus
confirmed-AuScope,AuScope experiment: MATE,datalogger,,True,Guralp Systems,Guralp MINIMUS,9A56,False,,False,False,datalogger,1,M8,M8,,0,1,2024-07-23,,2024-07-23/,True,AU,10.7914/6e8t-6g37,Guralp Minimus
confirmed-AuScope,AuScope experiment: MATE,datalogger,,True,Guralp Systems,Guralp MINIMUS,D856,False,,False,False,datalogger,1,M8,M8,,0,1,2025-03-11,,2025-03-11/,True,AU,10.7914/6e8t-6g37,Guralp Minimus
confirmed-AuScope,AuScope experiment: MATE,datalogger,,True,Guralp Systems,Guralp MINIMUS,E356,False,,False,False,datalogger,1,M8,M8,,0,1,2024-11-14,,2024-11-14/,True,AU,10.7914/6e8t-6g37,Guralp Minimus
confirmed-AuScope,AuScope experiment: MATE,datalogger,,True,Guralp Systems,Guralp MINIMUS,FB56,False,,False,False,datalogger,1,M8,M8,,0,2,2024-05-20,,2024-05-20/,True,AU,10.7914/6e8t-6g37,Guralp Minimus
confirmed-AuScope,AuScope experiment: MATE,datalogger,,True,Guralp Systems,Guralp MINIMUS,FB60,False,,False,False,datalogger,1,M8,M8,,0,1,2024-02-05,,2024-02-05/,True,AU,10.7914/6e8t-6g37,Guralp Minimus
confirmed-AuScope,AuScope experiment: LAKE EYRE BASIN,short-period,,False,Lennartz Electronic,Lennartz LE-3Dlite MkII,0195,False,195,False,False,sensor,2,5G; 7T,5G,7T,1,2,2007-02-12,2021-09-15,2007-02-12/2021-09-15,False,Australia,10.7914/SN/5G_2018; 10.7914/SN/7T_2007,LE-3Dlite MkII; Lennartz LE-3Dlite MkII (400 v/m/s)
confirmed-AuScope,AuScope experiment: LAKE EYRE BASIN,short-period,,True,Lennartz Electronic,Lennartz LE-3Dlite MkII,025,False,25,False,False,sensor,2,1Q; 5G,5G,1Q,1,2,2016-05-14,2022-06-10,2016-05-14/2022-06-10,False,Australia,10.7914/SN/1Q_2016; 10.7914/SN/5G_2018,Lennartz LE-3Dlite MkII (400 v/m/s)
confirmed-AuScope,"AuScope experiment: LAKE EYRE BASIN,MARLA",short-period,,True,Lennartz Electronic,Lennartz LE-3Dlite MkII,063,False,0063; 63,False,False,sensor,5,1Q; 3G; 4J; 5G; 8J,3G; 5G,1Q; 4J; 8J,3,5,2013-09-18,2022-06-14,2013-09-18/2022-06-14,False,Australia,10.7914/SN/1Q_2016; 10.7914/SN/4J_2014; 10.7914/SN/5G_2018; 10.7914/SN/8J_2012,Lennartz LE-3Dlite MkII (400 v/m/s)
confirmed-AuScope,AuScope experiment: LAKE EYRE BASIN,short-period,,True,Lennartz Electronic,Lennartz LE-3Dlite MkII,064,False,64,False,True,sensor,6,1F; 1G; 1K; 1Q; 5G; 7S,1G; 5G,1F; 1K; 1Q; 7S,4,7,2006-10-06,2022-06-11,2006-10-06/2022-06-11,False,Australia,10.1080/08120099.2010.481325; 10.7914/SN/1F_2009; 10.7914/SN/1G_2008; 10.7914/SN/1Q_2016; 10.7914/SN/5G_2018,LE-3Dlite MKII; Lennartz LE-3D Lite MkII; Lennartz LE-3Dlite MkII; Lennartz LE-3Dlite MkII (400 v/m/s)
confirmed-AuScope,"AuScope experiment: LAKE EYRE BASIN,MARLA",short-period,,True,Lennartz Electronic,Lennartz LE-3Dlite MkII,111,False,,False,False,sensor,3,1Q; 3G; 5G,3G; 5G,1Q,1,3,2016-10-11,2022-06-10,2016-10-11/2022-06-10,False,Australia,10.7914/SN/1Q_2016; 10.7914/SN/5G_2018,Lennartz LE-3Dlite MkII (400 v/m/s)
confirmed-AuScope,AuScope experiment: LAKE EYRE BASIN,short-period,,True,Lennartz Electronic,Lennartz LE-3Dlite MkII,201,False,0201,False,False,sensor,3,1Q; 5G; 7T,5G,1Q; 7T,2,3,2007-02-14,2022-06-12,2007-02-14/2022-06-12,False,Australia,10.7914/SN/1Q_2016; 10.7914/SN/5G_2018; 10.7914/SN/7T_2007,LE-3Dlite MkII; Lennartz LE-3Dlite MkII (400 v/m/s)
confirmed-AuScope,AuScope experiment: LAKE EYRE BASIN,short-period,,False,Lennartz Electronic,Lennartz LE-3Dlite MkII,254,False,,False,False,sensor,1,5G,5G,,0,1,2018-10-20,2022-06-12,2018-10-20/2022-06-12,False,Australia,10.7914/SN/5G_2018,Lennartz LE-3Dlite MkII (400 v/m/s)
confirmed-AuScope,AuScope experiment: MARLA,short-period,,False,Lennartz Electronic,Lennartz LE-3Dlite MkII,3334,False,,False,False,sensor,1,3G,3G,,0,1,2018-04-24,2019-04-04,2018-04-24/2019-04-04,False,Australia,,Lennartz LE-3Dlite MkII (400 v/m/s)
confirmed-AuScope,AuScope experiment: LAKE EYRE BASIN,short-period,,True,Lennartz Electronic,Lennartz LE-3Dlite MkII,457,False,0457,False,False,sensor,3,1Q; 5G; 8J,5G,1Q; 8J,2,3,2013-09-16,2022-06-03,2013-09-16/2022-06-03,False,Australia,10.7914/SN/1Q_2016; 10.7914/SN/5G_2018; 10.7914/SN/8J_2012,Lennartz LE-3Dlite MkII (400 v/m/s)
confirmed-AuScope,AuScope experiment: MARLA,short-period,,True,Lennartz Electronic,Lennartz LE-3Dlite MkII,459,False,0459,False,False,sensor,3,1Q; 3G; 8J,3G,1Q; 8J,2,3,2013-09-11,2018-10-17,2013-09-11/2018-10-17,False,Australia,10.7914/SN/1Q_2016; 10.7914/SN/8J_2012,Lennartz LE-3Dlite MkII (400 v/m/s)
confirmed-AuScope,AuScope experiment: LAKE EYRE BASIN,short-period,,False,Lennartz Electronic,Lennartz LE-3Dlite MkII,6459,False,,False,False,sensor,1,5G,5G,,0,1,2018-10-18,2022-06-09,2018-10-18/2022-06-09,False,Australia,10.7914/SN/5G_2018,Lennartz LE-3Dlite MkII (400 v/m/s)
confirmed-AuScope,AuScope experiment: MARLA,short-period,,False,Lennartz Electronic,Lennartz LE-3Dlite MkII,A-0015,False,,False,False,sensor,2,3G; 8J,3G,8J,1,2,2012-11-25,2018-08-26,2012-11-25/2018-08-26,False,Australia,10.7914/SN/8J_2012,Lennartz LE-3Dlite MkII (400 v/m/s)
confirmed-AuScope,AuScope experiment: MARLA,short-period,,False,Lennartz Electronic,Lennartz LE-3Dlite MkII,A-0019,False,,False,False,sensor,1,3G,3G,,0,1,2018-04-24,2019-03-22,2018-04-24/2019-03-22,False,Australia,,Lennartz LE-3Dlite MkII (400 v/m/s)
confirmed-AuScope,AuScope experiment: MARLA,short-period,,False,Lennartz Electronic,Lennartz LE-3Dlite MkII,A-0033,False,,False,False,sensor,1,3G,3G,,0,1,2018-04-27,2018-10-18,2018-04-27/2018-10-18,False,Australia,,Lennartz LE-3Dlite MkII (400 v/m/s)
confirmed-AuScope,AuScope experiment: LAKE EYRE BASIN,short-period,,False,Lennartz Electronic,Lennartz LE-3Dlite MkII,A-012,False,A012,False,False,sensor,2,1K; 5G,5G,1K,1,2,2013-11-15,2022-06-14,2013-11-15/2022-06-14,False,Australia,10.7914/SN/5G_2018,Lennartz LE-3Dlite MkII (400 v/m/s)
confirmed-AuScope,AuScope experiment: SOSA,short-period,,False,Lennartz Electronic,Lennartz LE-3Dlite MkII,A-017,False,A017,False,True,sensor,3,1G; 1L; 6Y,1G; 6Y,1L,1,3,2008-07-05,2023-10-17,2008-07-05/2023-10-17,False,Australia; NZ,10.7914/63mk-n625; 10.7914/SN/1G_2008; 10.7914/jr68-qq17,Lennartz LE-3D Lite MkII; Lennartz LE-3Dlite MkII (400 v/m/s)
confirmed-AuScope,AuScope experiment: SOSA,short-period,,False,Lennartz Electronic,Lennartz LE-3Dlite MkII,A-026,False,,False,False,sensor,1,6Y,6Y,,0,2,2022-10-08,2023-10-16,2022-10-08/2023-10-16,False,NZ,10.7914/jr68-qq17,Lennartz LE-3Dlite MkII (400 v/m/s)
confirmed-AuScope,AuScope experiment: SOSA,short-period,,False,Lennartz Electronic,Lennartz LE-3Dlite MkII,A-034,False,,False,False,sensor,2,1K; 6Y,6Y,1K,1,2,2013-11-14,2023-10-17,2013-11-14/2023-10-17,False,Australia; NZ,10.7914/jr68-qq17,Lennartz LE-3Dlite MkII (400 v/m/s)
confirmed-AuScope,AuScope experiment: SOSA,short-period,,False,Lennartz Electronic,Lennartz LE-3Dlite MkII,A-036,False,A036,False,True,sensor,2,1G; 6Y,1G; 6Y,,0,3,2008-07-03,2023-10-17,2008-07-03/2023-10-17,False,Australia; NZ,10.7914/SN/1G_2008; 10.7914/jr68-qq17,Lennartz LE-3D Lite MkII; Lennartz LE-3Dlite MkII (400 v/m/s)
confirmed-AuScope,AuScope experiment: SOSA,short-period,,False,Lennartz Electronic,Lennartz LE-3Dlite MkII,A-043,False,,False,False,sensor,2,1K; 6Y,6Y,1K,1,2,2013-11-14,2023-10-18,2013-11-14/2023-10-18,False,Australia; NZ,10.7914/jr68-qq17,Lennartz LE-3Dlite MkII (400 v/m/s)
confirmed-AuScope,AuScope experiment: SOSA,short-period,,True,Lennartz Electronic,Lennartz LE-3Dlite MkII,A-046,False,A046,False,True,sensor,4,1F; 1G; 1K; 6Y,1G; 6Y,1F; 1K,2,4,2008-07-04,2023-10-12,2008-07-04/2023-10-12,False,Australia; NZ,10.7914/SN/1F_2009; 10.7914/SN/1G_2008; 10.7914/jr68-qq17,LE-3Dlite MKII; Lennartz LE-3D Lite MkII; Lennartz LE-3Dlite MkII (400 v/m/s)
confirmed-AuScope,AuScope experiment: SOSA,short-period,,False,Lennartz Electronic,Lennartz LE-3Dlite MkII,A-048,False,,False,False,sensor,2,1K; 6Y,6Y,1K,1,2,2015-02-07,2023-09-18,2015-02-07/2023-09-18,False,Australia; NZ,10.7914/jr68-qq17,Lennartz LE-3Dlite MkII (400 v/m/s)
confirmed-AuScope,AuScope experiment: SOSA,short-period,,False,Lennartz Electronic,Lennartz LE-3Dlite MkII,A-050,False,A050,False,True,sensor,2,1G; 6Y,1G; 6Y,,0,2,2008-07-05,2023-10-12,2008-07-05/2023-10-12,False,Australia; NZ,10.7914/SN/1G_2008; 10.7914/jr68-qq17,Lennartz LE-3D Lite MkII; Lennartz LE-3Dlite MkII (400 v/m/s)
confirmed-AuScope,AuScope experiment: SOSA,short-period,,False,Lennartz Electronic,Lennartz LE-3Dlite MkII,A-057,False,,False,False,sensor,1,6Y,6Y,,0,1,2022-10-09,2023-10-17,2022-10-09/2023-10-17,False,NZ,10.7914/jr68-qq17,Lennartz LE-3Dlite MkII (400 v/m/s)
confirmed-AuScope,AuScope experiment: LAKE EYRE BASIN,short-period,,False,Lennartz Electronic,Lennartz LE-3Dlite MkII,A330,False,,False,False,sensor,1,5G,5G,,0,1,2018-10-25,2022-06-12,2018-10-25/2022-06-12,False,Australia,10.7914/SN/5G_2018,Lennartz LE-3Dlite MkII (400 v/m/s)
confirmed-AuScope,AuScope experiment: MARLA,short-period,,False,Lennartz Electronic,Lennartz LE-3Dlite MkII,D-0186,False,,False,False,sensor,2,3G; 8J,3G,8J,1,2,2013-09-15,2019-02-27,2013-09-15/2019-02-27,False,Australia,10.7914/SN/8J_2012,Lennartz LE-3Dlite MkII (400 v/m/s)
confirmed-AuScope,AuScope experiment: MARLA,short-period,,False,Lennartz Electronic,Lennartz LE-3Dlite MkII,D-0189,False,,False,False,sensor,3,3G; 4J; 8J,3G,4J; 8J,2,3,2013-09-12,2019-01-30,2013-09-12/2019-01-30,False,Australia,10.7914/SN/4J_2014; 10.7914/SN/8J_2012,Lennartz LE-3Dlite MkII (400 v/m/s)
confirmed-AuScope,AuScope experiment: SAMWISE,short-period,,False,Lennartz Electronic,Lennartz LE-3Dlite MkII,D-0195,False,,False,False,sensor,2,8J; ZJ,ZJ,8J,1,2,2012-11-21,2028-04-01,2012-11-21/2028-04-01,False,Australia; NZ,10.7914/0zmj-7e94; 10.7914/SN/8J_2012,Lennartz LE-3Dlite MkII (400 v/m/s)
confirmed-AuScope,AuScope experiment: MARLA,short-period,,False,Lennartz Electronic,Lennartz LE-3Dlite MkII,D-0198,False,,False,False,sensor,3,1K; 3G; 8J,3G,1K; 8J,2,3,2012-11-26,2019-02-11,2012-11-26/2019-02-11,False,Australia,10.7914/SN/8J_2012,Lennartz LE-3Dlite MkII (400 v/m/s)
confirmed-AuScope,AuScope experiment: SAMWISE,short-period,,False,Lennartz Electronic,Lennartz LE-3Dlite MkII,D-0202,False,,False,False,sensor,2,8J; ZJ,ZJ,8J,1,2,2012-11-22,2028-04-01,2012-11-22/2028-04-01,False,Australia; NZ,10.7914/0zmj-7e94; 10.7914/SN/8J_2012,Lennartz LE-3Dlite MkII (400 v/m/s)
confirmed-AuScope,"AuScope experiment: LAKE EYRE BASIN,MARLA",short-period,,False,Lennartz Electronic,Lennartz LE-3Dlite MkII,D-0203,False,D0203,False,False,sensor,2,3G; 5G,3G; 5G,,0,2,2018-04-25,2022-09-10,2018-04-25/2022-09-10,False,Australia,10.7914/SN/5G_2018,Lennartz LE-3Dlite MkII (400 v/m/s)
confirmed-AuScope,AuScope experiment: SAMWISE,short-period,,False,Lennartz Electronic,Lennartz LE-3Dlite MkII,D-0208,False,,False,False,sensor,1,ZJ,ZJ,,0,1,2025-11-20,2028-04-01,2025-11-20/2028-04-01,False,NZ,10.7914/0zmj-7e94,Lennartz LE-3Dlite MkII (400 v/m/s)
confirmed-AuScope,AuScope experiment: SOSA,short-period,,False,Lennartz Electronic,Lennartz LE-3Dlite MkII,D-193,False,,False,False,sensor,1,6Y,6Y,,0,1,2022-10-11,2023-07-11,2022-10-11/2023-07-11,False,NZ,10.7914/jr68-qq17,Lennartz LE-3Dlite MkII (400 v/m/s)
confirmed-AuScope,AuScope experiment: SOSA,short-period,,False,Lennartz Electronic,Lennartz LE-3Dlite MkII,D-199,False,,False,False,sensor,1,6Y,6Y,,0,1,2022-10-09,2023-10-05,2022-10-09/2023-10-05,False,NZ,10.7914/jr68-qq17,Lennartz LE-3Dlite MkII (400 v/m/s)
confirmed-AuScope,AuScope experiment: SOSA,short-period,,False,Lennartz Electronic,Lennartz LE-3Dlite MkII,D-202,False,,False,False,sensor,1,6Y,6Y,,0,1,2022-10-10,2023-10-16,2022-10-10/2023-10-16,False,NZ,10.7914/jr68-qq17,Lennartz LE-3Dlite MkII (400 v/m/s)
confirmed-AuScope,AuScope experiment: SOSA,short-period,,False,Lennartz Electronic,Lennartz LE-3Dlite MkII,D-209,False,,False,False,sensor,1,6Y,6Y,,0,1,2022-10-07,2023-10-18,2022-10-07/2023-10-18,False,NZ,10.7914/jr68-qq17,Lennartz LE-3Dlite MkII (400 v/m/s)
confirmed-AuScope,AuScope experiment: MARLA,short-period,,False,Lennartz Electronic,Lennartz LE-3Dlite MkII,F-0337,False,,False,False,sensor,1,3G,3G,,0,1,2018-04-21,2018-12-28,2018-04-21/2018-12-28,False,Australia,,Lennartz LE-3Dlite MkII (400 v/m/s)
confirmed-AuScope,AuScope experiment: MARLA,short-period,,False,Lennartz Electronic,Lennartz LE-3Dlite MkII,F-0338,False,,False,False,sensor,3,3G; 4J; 8J,3G,4J; 8J,2,3,2013-09-12,2019-02-20,2013-09-12/2019-02-20,False,Australia,10.7914/SN/4J_2014; 10.7914/SN/8J_2012,Lennartz LE-3Dlite MkII (400 v/m/s)
confirmed-AuScope,AuScope experiment: MARLA,short-period,,False,Lennartz Electronic,Lennartz LE-3Dlite MkII,F-0341,False,,False,False,sensor,3,3G; 4J; 8J,3G,4J; 8J,2,3,2013-09-10,2019-03-04,2013-09-10/2019-03-04,False,Australia,10.7914/SN/4J_2014; 10.7914/SN/8J_2012,Lennartz LE-3Dlite MkII (400 v/m/s)
confirmed-AuScope,"AuScope experiment: LAKE EYRE BASIN,SAMWISE",short-period,,False,Lennartz Electronic,Lennartz LE-3Dlite MkII,F-0343,False,F0343,False,False,sensor,3,4J; 5G; ZJ,5G; ZJ,4J,1,3,2014-09-10,2028-04-01,2014-09-10/2028-04-01,False,Australia; NZ,10.7914/0zmj-7e94; 10.7914/SN/4J_2014; 10.7914/SN/5G_2018,Lennartz LE-3Dlite MkII (400 v/m/s)
confirmed-AuScope,AuScope experiment: SAMWISE,short-period,,False,Lennartz Electronic,Lennartz LE-3Dlite MkII,F-0346,False,F0346,False,True,sensor,2,1G; ZJ,1G; ZJ,,0,2,2008-10-19,2028-04-01,2008-10-19/2028-04-01,False,Australia; NZ,10.7914/0zmj-7e94; 10.7914/SN/1G_2008,Lennartz LE-3D Lite MkII; Lennartz LE-3Dlite MkII (400 v/m/s)
confirmed-AuScope,AuScope experiment: SAMWISE,short-period,,False,Lennartz Electronic,Lennartz LE-3Dlite MkII,F-0348,False,,False,False,sensor,1,ZJ,ZJ,,0,1,2025-11-23,2028-04-01,2025-11-23/2028-04-01,False,NZ,10.7914/0zmj-7e94,Lennartz LE-3Dlite MkII (400 v/m/s)
confirmed-AuScope,AuScope experiment: MARLA,short-period,,False,Lennartz Electronic,Lennartz LE-3Dlite MkII,F-0353,False,,False,False,sensor,1,3G,3G,,0,1,2018-04-25,2019-02-25,2018-04-25/2019-02-25,False,Australia,,Lennartz LE-3Dlite MkII (400 v/m/s)
confirmed-AuScope,"AuScope experiment: LAKE EYRE BASIN,SAMWISE",short-period,,False,Lennartz Electronic,Lennartz LE-3Dlite MkII,F-0359,False,F0359,False,False,sensor,3,4J; 5G; ZJ,5G; ZJ,4J,1,3,2014-05-22,2028-04-01,2014-05-22/2028-04-01,False,Australia; NZ,10.7914/0zmj-7e94; 10.7914/SN/4J_2014; 10.7914/SN/5G_2018,Lennartz LE-3Dlite MkII (400 v/m/s)
confirmed-AuScope,AuScope experiment: SAMWISE,short-period,,True,Lennartz Electronic,Lennartz LE-3Dlite MkII,F-0360,False,F0360,False,False,sensor,4,1F; 1Q; 8J; ZJ,ZJ,1F; 1Q; 8J,3,4,2009-04-21,2028-04-01,2009-04-21/2028-04-01,False,Australia; NZ,10.7914/0zmj-7e94; 10.7914/SN/1F_2009; 10.7914/SN/1Q_2016; 10.7914/SN/8J_2012,LE-3Dlite MKII; Lennartz LE-3Dlite MkII (400 v/m/s)
confirmed-AuScope,AuScope experiment: SOSA,short-period,,False,Lennartz Electronic,Lennartz LE-3Dlite MkII,F-336,False,,False,False,sensor,1,6Y,6Y,,0,1,2022-10-09,2023-10-16,2022-10-09/2023-10-16,False,NZ,10.7914/jr68-qq17,Lennartz LE-3Dlite MkII (400 v/m/s)
confirmed-AuScope,AuScope experiment: SOSA,short-period,,False,Lennartz Electronic,Lennartz LE-3Dlite MkII,F-344,False,,False,False,sensor,2,1K; 6Y,6Y,1K,1,3,2013-11-10,2023-10-15,2013-11-10/2023-10-15,False,Australia; NZ,10.7914/jr68-qq17,Lennartz LE-3Dlite MkII (400 v/m/s)
confirmed-AuScope,AuScope experiment: SOSA,short-period,,False,Lennartz Electronic,Lennartz LE-3Dlite MkII,F-346,False,,False,False,sensor,1,6Y,6Y,,0,1,2022-10-06,2023-10-18,2022-10-06/2023-10-18,False,NZ,10.7914/jr68-qq17,Lennartz LE-3Dlite MkII (400 v/m/s)
confirmed-AuScope,AuScope experiment: SOSA,short-period,,False,Lennartz Electronic,Lennartz LE-3Dlite MkII,F-360,False,,False,False,sensor,2,1K; 6Y,6Y,1K,1,3,2013-11-07,2023-09-29,2013-11-07/2023-09-29,False,Australia; NZ,10.7914/jr68-qq17,Lennartz LE-3Dlite MkII (400 v/m/s)
confirmed-AuScope,AuScope experiment: SOSA,short-period,,False,Lennartz Electronic,Lennartz LE-3Dlite MkII,F-366,False,,False,False,sensor,2,1K; 6Y,6Y,1K,1,2,2013-11-15,2023-10-17,2013-11-15/2023-10-17,False,Australia; NZ,10.7914/jr68-qq17,Lennartz LE-3Dlite MkII (400 v/m/s)
confirmed-AuScope,AuScope experiment: LAKE EYRE BASIN,short-period,,False,Lennartz Electronic,Lennartz LE-3Dlite MkII,F0340,False,,False,False,sensor,1,5G,5G,,0,1,2019-08-06,2022-06-10,2019-08-06/2022-06-10,False,Australia,10.7914/SN/5G_2018,Lennartz LE-3Dlite MkII (400 v/m/s)
confirmed-AuScope,AuScope experiment: LAKE EYRE BASIN,short-period,,False,Lennartz Electronic,Lennartz LE-3Dlite MkII,F0349,False,,False,False,sensor,1,5G,5G,,0,1,2019-10-17,2021-08-21,2019-10-17/2021-08-21,False,Australia,10.7914/SN/5G_2018,Lennartz LE-3Dlite MkII (400 v/m/s)
confirmed-AuScope,AuScope experiment: LAKE EYRE BASIN,short-period,,False,Lennartz Electronic,Lennartz LE-3Dlite MkII,F0352,False,,False,False,sensor,1,5G,5G,,0,1,2019-10-17,2021-09-13,2019-10-17/2021-09-13,False,Australia,10.7914/SN/5G_2018,Lennartz LE-3Dlite MkII (400 v/m/s)
confirmed-AuScope,AuScope experiment: MARLA,short-period,,False,Lennartz Electronic,Lennartz LE-3Dlite MkII,G-0456,False,,False,False,sensor,2,3G; 8J,3G,8J,1,2,2013-09-10,2019-07-20,2013-09-10/2019-07-20,False,Australia,10.7914/SN/8J_2012,Lennartz LE-3Dlite MkII (400 v/m/s)
confirmed-AuScope,AuScope experiment: SAMWISE,short-period,,False,Lennartz Electronic,Lennartz LE-3Dlite MkII,G-0459,False,,False,False,sensor,1,ZJ,ZJ,,0,1,2025-11-24,2028-04-01,2025-11-24/2028-04-01,False,NZ,10.7914/0zmj-7e94,Lennartz LE-3Dlite MkII (400 v/m/s)
confirmed-AuScope,AuScope experiment: SOSA,short-period,,False,Lennartz Electronic,Lennartz LE-3Dlite MkII,G-456,False,,False,False,sensor,1,6Y,6Y,,0,1,2022-10-08,2023-09-07,2022-10-08/2023-09-07,False,NZ,10.7914/jr68-qq17,Lennartz LE-3Dlite MkII (400 v/m/s)
confirmed-AuScope,AuScope experiment: SOSA,short-period,,False,Lennartz Electronic,Lennartz LE-3Dlite MkII,W-465,False,,False,False,sensor,1,6Y,6Y,,0,1,2022-10-07,2023-10-15,2022-10-07/2023-10-15,False,NZ,10.7914/jr68-qq17,Lennartz LE-3Dlite MkII (400 v/m/s)
confirmed-AuScope,AuScope experiment: MATE,datalogger,,True,Nanometrics,Nanometrics Centaur,10010,False,,False,False,datalogger,1,M8,M8,,0,1,2024-09-29,,2024-09-29/,True,AU,10.7914/6e8t-6g37,Nanometrics Centaur
confirmed-AuScope,AuScope experiment: MATE,datalogger,,True,Nanometrics,Nanometrics Centaur,10012,False,,False,False,datalogger,1,M8,M8,,0,1,2026-04-10,,2026-04-10/,True,AU,10.7914/6e8t-6g37,Nanometrics Centaur
confirmed-AuScope,AuScope experiment: MATE,datalogger,,True,Nanometrics,Nanometrics Centaur,10014,False,,False,False,datalogger,1,M8,M8,,0,1,2025-05-24,,2025-05-24/,True,AU,10.7914/6e8t-6g37,Nanometrics Centaur
confirmed-AuScope,AuScope experiment: MATE,datalogger,,True,Nanometrics,Nanometrics Centaur,10017,False,,False,False,datalogger,1,M8,M8,,0,1,2024-12-16,,2024-12-16/,True,AU,10.7914/6e8t-6g37,Nanometrics Centaur
confirmed-AuScope,AuScope experiment: MATE,datalogger,,True,Nanometrics,Nanometrics Centaur,10038,False,,False,False,datalogger,1,M8,M8,,0,1,2026-06-06,,2026-06-06/,True,AU,10.7914/6e8t-6g37,Nanometrics Centaur
confirmed-AuScope,AuScope experiment: MATE,datalogger,,True,Nanometrics,Nanometrics Centaur,7642,False,,False,False,datalogger,1,M8,M8,,0,1,2024-05-20,,2024-05-20/,True,AU,10.7914/6e8t-6g37,Nanometrics Centaur
confirmed-AuScope,AuScope experiment: MATE,datalogger,,True,Nanometrics,Nanometrics Centaur,7643,False,,False,False,datalogger,1,M8,M8,,0,1,2026-06-05,,2026-06-05/,True,AU,10.7914/6e8t-6g37,Nanometrics Centaur
confirmed-AuScope,AuScope experiment: MATE,datalogger,,True,Nanometrics,Nanometrics Centaur,9301,False,,False,False,datalogger,1,M8,M8,,0,1,2024-01-09,,2024-01-09/,True,AU,10.7914/6e8t-6g37,Nanometrics Centaur
confirmed-AuScope,AuScope experiment: MATE,datalogger,,True,Nanometrics,Nanometrics Centaur,9305,False,,False,False,datalogger,1,M8,M8,,0,1,2024-05-30,2024-07-15,2024-05-30/2024-07-15,False,AU,10.7914/6e8t-6g37,Nanometrics Centaur
confirmed-AuScope,AuScope experiment: MATE,datalogger,,True,Nanometrics,Nanometrics Centaur,9310,False,,False,False,datalogger,1,M8,M8,,0,1,2025-04-03,,2025-04-03/,True,AU,10.7914/6e8t-6g37,Nanometrics Centaur
confirmed-AuScope,AuScope experiment: MATE,datalogger,,True,Nanometrics,Nanometrics Centaur,9961,False,,False,False,datalogger,1,M8,M8,,0,1,2026-05-05,,2026-05-05/,True,AU,10.7914/6e8t-6g37,Nanometrics Centaur
confirmed-AuScope,"AuSIS Yalata Anangu School (AuScope-funded site, 2026)",datalogger,"AuSIS Yalata Anangu School (AuScope-funded site, 2026)",False,Nanometrics,Nanometrics Centaur,9986,False,,False,False,datalogger,1,S1,,S1,1,1,2026-06-22,,2026-06-22/,True,AUS,10.7914/SN/S1',Nanometrics Centaur
confirmed-AuScope,AuScope experiment: MATE,datalogger,,True,Nanometrics,Nanometrics Centaur,9993,False,,False,False,datalogger,1,M8,M8,,0,1,2024-07-24,,2024-07-24/,True,AU,10.7914/6e8t-6g37,Nanometrics Centaur
confirmed-AuScope,"AuSIS Oak Valley Anangu School (AuScope-funded site, 2026)",datalogger,"AuSIS Oak Valley Anangu School (AuScope-funded site, 2026)",False,Nanometrics,Nanometrics Meridian,607,False,,False,False,datalogger,1,S1,,S1,1,1,2026-06-24,,2026-06-24/,True,AUS,10.7914/SN/S1',Nanometrics Meridian
confirmed-AuScope,"AuSIS Oak Valley Anangu School (AuScope-funded site, 2026)",broadband,"AuSIS Oak Valley Anangu School (AuScope-funded site, 2026)",False,Nanometrics,Nanometrics Meridian Compact Posthole 120s,716,False,,False,False,sensor,1,S1,,S1,1,1,2026-06-24,,2026-06-24/,True,AUS,10.7914/SN/S1',Nanometrics Meridian Compact Posthole 120s (754 V/m/s)
confirmed-AuScope,"AuScope experiment: LAKE EYRE BASIN,MARLA",broadband,,False,Nanometrics,Nanometrics Trillium Compact 120s,1172,False,,False,False,sensor,2,3G; 5G,3G; 5G,,0,2,2018-04-26,2022-06-12,2018-04-26/2022-06-12,False,Australia,10.7914/SN/5G_2018,Nanometrics Trillium Compact 120s (754 V/m/s)
confirmed-AuScope,"AuScope experiment: AusArray SA,SNAKEY",broadband,,False,Nanometrics,Nanometrics Trillium Compact 120s,1185,False,,False,False,sensor,2,4B; 6K,4B; 6K,,0,3,2020-10-19,2026-05-05,2020-10-19/2026-05-05,False,AU; Australia,10.7914/9j20-yq91; 10.7914/SN/6K_2020,Nanometrics Trillium Compact 120s (754 V/m/s)
confirmed-AuScope,"AuScope experiment: AusArray SA,MARLA",broadband,,False,Nanometrics,Nanometrics Trillium Compact 120s,1706,False,,False,False,sensor,3,3G; 6C; 6K,3G; 6K,6C,1,3,2015-02-16,2022-01-04,2015-02-16/2022-01-04,False,Australia,10.7914/SN/6C_2015; 10.7914/SN/6K_2020,Nanometrics Trillium Compact 120s (754 V/m/s)
confirmed-AuScope,"AuScope experiment: AusArray SA,MARLA",broadband,,False,Nanometrics,Nanometrics Trillium Compact 120s,1708,False,,False,False,sensor,4,1E; 3G; 6C; 6K,3G; 6K,1E; 6C,2,4,2013-11-15,2021-12-30,2013-11-15/2021-12-30,False,Australia,10.7914/SN/1E_2013; 10.7914/SN/6C_2015; 10.7914/SN/6K_2020,Nanometrics Trillium Compact 120s (754 V/m/s)
confirmed-AuScope,AuScope experiment: AusArray SA,broadband,,False,Nanometrics,Nanometrics Trillium Compact 120s,1730,False,,False,False,sensor,2,1K; 6K,6K,1K,1,2,2014-02-23,2022-01-17,2014-02-23/2022-01-17,False,Australia,10.7914/SN/6K_2020,Nanometrics Trillium Compact 120s (754 V/m/s)
confirmed-AuScope,AuScope experiment: SNAKEY,broadband,,False,Nanometrics,Nanometrics Trillium Compact 120s,1733,False,,False,False,sensor,2,1K; 4B,4B,1K,1,2,2013-11-16,2025-06-22,2013-11-16/2025-06-22,False,AU; Australia,10.7914/9j20-yq91,Nanometrics Trillium Compact 120s (754 V/m/s)
confirmed-AuScope,AuScope experiment: AusArray SA,broadband,,True,Nanometrics,Nanometrics Trillium Compact 120s,1737,False,,False,False,sensor,3,1K; 1Q; 6K,6K,1K; 1Q,2,3,2013-11-11,2022-01-17,2013-11-11/2022-01-17,False,Australia,10.7914/SN/1Q_2016; 10.7914/SN/6K_2020,Nanometrics Trillium Compact 120s (754 V/m/s)
confirmed-AuScope,"AuScope experiment: AHNA,LAKE EYRE BASIN,MARLA",broadband,,False,Nanometrics,Nanometrics Trillium Compact 120s,1738,False,,False,False,sensor,5,1E; 3G; 5G; 6C; X5,3G; 5G; X5,1E; 6C,2,7,2013-11-17,2026-01-29,2013-11-17/2026-01-29,False,Australia; NZ,10.7914/8jxr-7029; 10.7914/SN/1E_2013; 10.7914/SN/5G_2018; 10.7914/SN/6C_2015,Nanometrics Trillium Compact 120s (754 V/m/s)
confirmed-AuScope,"AuScope experiment: AusArray SA,MARLA",broadband,,False,Nanometrics,Nanometrics Trillium Compact 120s,1740,False,,False,False,sensor,4,1E; 3G; 6C; 6K,3G; 6K,1E; 6C,2,4,2013-11-16,2021-09-21,2013-11-16/2021-09-21,False,Australia,10.7914/SN/1E_2013; 10.7914/SN/6C_2015; 10.7914/SN/6K_2020,Nanometrics Trillium Compact 120s (754 V/m/s)
confirmed-AuScope,AuScope experiment: AusArray SA,broadband,,True,Nanometrics,Nanometrics Trillium Compact 120s,1741,False,,False,False,sensor,3,1K; 1Q; 6K,6K,1K; 1Q,2,3,2014-02-23,2021-06-19,2014-02-23/2021-06-19,False,Australia,10.7914/SN/1Q_2016; 10.7914/SN/6K_2020,Nanometrics Trillium Compact 120s (754 V/m/s)
confirmed-AuScope,"AuScope experiment: AusArray SA,MARLA",broadband,,True,Nanometrics,Nanometrics Trillium Compact 120s,1742,False,,False,False,sensor,5,1E; 1Q; 3G; 6C; 6K,3G; 6K,1E; 1Q; 6C,3,5,2013-11-13,2022-01-17,2013-11-13/2022-01-17,False,Australia,10.7914/SN/1E_2013; 10.7914/SN/1Q_2016; 10.7914/SN/6C_2015; 10.7914/SN/6K_2020,Nanometrics Trillium Compact 120s (754 V/m/s)
confirmed-AuScope,"AuScope experiment: AusArray SA,MARLA",broadband,,True,Nanometrics,Nanometrics Trillium Compact 120s,1744,False,,False,False,sensor,5,1E; 1Q; 3G; 6C; 6K,3G; 6K,1E; 1Q; 6C,3,5,2013-11-17,2022-01-21,2013-11-17/2022-01-21,False,Australia,10.7914/SN/1E_2013; 10.7914/SN/1Q_2016; 10.7914/SN/6C_2015; 10.7914/SN/6K_2020,Nanometrics Trillium Compact 120s (754 V/m/s)
confirmed-AuScope,AuScope experiment: AusArray SA,broadband,,False,Nanometrics,Nanometrics Trillium Compact 120s,1746,False,,False,False,sensor,2,1E; 6K,6K,1E,1,2,2013-11-14,2021-11-24,2013-11-14/2021-11-24,False,Australia,10.7914/SN/1E_2013; 10.7914/SN/6K_2020,Nanometrics Trillium Compact 120s (754 V/m/s)
confirmed-AuScope,AuScope experiment: SNAKEY,broadband,,False,Nanometrics,Nanometrics Trillium Compact 120s,1750,False,,False,False,sensor,1,4B,4B,,0,1,2023-03-26,2025-05-24,2023-03-26/2025-05-24,False,AU,10.7914/9j20-yq91,Nanometrics Trillium Compact 120s (754 V/m/s)
confirmed-AuScope,AuScope experiment: MATE,broadband,,True,Nanometrics,Nanometrics Trillium Compact 120s,1751,False,,False,False,sensor,1,M8,M8,,0,1,2025-04-03,,2025-04-03/,True,AU,10.7914/6e8t-6g37,Nanometrics Trillium Compact 120s (754 V/m/s)
confirmed-AuScope,"AuScope experiment: AusArray SA,MARLA",broadband,,False,Nanometrics,Nanometrics Trillium Compact 120s,1753,False,,False,False,sensor,3,3G; 6C; 6K,3G; 6K,6C,1,3,2015-02-17,2021-11-10,2015-02-17/2021-11-10,False,Australia,10.7914/SN/6C_2015; 10.7914/SN/6K_2020,Nanometrics Trillium Compact 120s (754 V/m/s)
confirmed-AuScope,AuScope experiment: LAKE EYRE BASIN,broadband,,False,Nanometrics,Nanometrics Trillium Compact 120s,1754,False,,False,False,sensor,2,1E; 5G,5G,1E,1,2,2013-11-15,2022-06-13,2013-11-15/2022-06-13,False,Australia,10.7914/SN/1E_2013; 10.7914/SN/5G_2018,Nanometrics Trillium Compact 120s (754 V/m/s)
confirmed-AuScope,AuScope experiment: SNAKEY,broadband,,False,Nanometrics,Nanometrics Trillium Compact 120s,1755,False,,False,False,sensor,1,4B,4B,,0,1,2023-03-29,2026-05-01,2023-03-29/2026-05-01,False,AU,10.7914/9j20-yq91,Nanometrics Trillium Compact 120s (754 V/m/s)
confirmed-AuScope,AuScope experiment: AusArray SA,broadband,,False,Nanometrics,Nanometrics Trillium Compact 120s,1759,False,,False,False,sensor,2,1K; 6K,6K,1K,1,2,2014-10-14,2021-12-28,2014-10-14/2021-12-28,False,Australia,10.7914/SN/6K_2020,Nanometrics Trillium Compact 120s (754 V/m/s)
confirmed-AuScope,"AuScope experiment: AusArray SA,MARLA",broadband,,False,Nanometrics,Nanometrics Trillium Compact 120s,1766,False,,False,False,sensor,3,3G; 6C; 6K,3G; 6K,6C,1,3,2015-02-16,2021-11-25,2015-02-16/2021-11-25,False,Australia,10.7914/SN/6C_2015; 10.7914/SN/6K_2020,Nanometrics Trillium Compact 120s (754 V/m/s)
confirmed-AuScope,"AuScope experiment: LAKE EYRE BASIN,SNAKEY",broadband,,False,Nanometrics,Nanometrics Trillium Compact 120s,1767,False,,False,False,sensor,3,1E; 4B; 5G,4B; 5G,1E,1,3,2013-11-17,2025-05-16,2013-11-17/2025-05-16,False,AU; Australia,10.7914/9j20-yq91; 10.7914/SN/1E_2013; 10.7914/SN/5G_2018,Nanometrics Trillium Compact 120s (754 V/m/s)
confirmed-AuScope,AuScope experiment: AusArray SA,broadband,,True,Nanometrics,Nanometrics Trillium Compact 120s,1768,False,,False,False,sensor,3,1K; 1Q; 6K,6K,1K; 1Q,2,3,2014-02-23,2022-01-01,2014-02-23/2022-01-01,False,Australia,10.7914/SN/1Q_2016; 10.7914/SN/6K_2020,Nanometrics Trillium Compact 120s (754 V/m/s)
confirmed-AuScope,"AuScope experiment: AusArray SA,MARLA",broadband,,False,Nanometrics,Nanometrics Trillium Compact 120s,1770,False,,False,False,sensor,3,1K; 3G; 6K,3G; 6K,1K,1,3,2013-11-08,2022-04-12,2013-11-08/2022-04-12,False,Australia,10.7914/SN/6K_2020,Nanometrics Trillium Compact 120s (754 V/m/s)
confirmed-AuScope,"AuScope experiment: LAKE EYRE BASIN,MARLA,SNAKEY",broadband,,True,Nanometrics,Nanometrics Trillium Compact 120s,1771,False,,False,False,sensor,5,1K; 1Q; 3G; 4B; 5G,3G; 4B; 5G,1K; 1Q,2,7,2013-11-12,2026-05-01,2013-11-12/2026-05-01,False,AU; Australia,10.7914/9j20-yq91; 10.7914/SN/1Q_2016; 10.7914/SN/5G_2018,Nanometrics Trillium Compact 120s (754 V/m/s)
confirmed-AuScope,"AuScope experiment: LAKE EYRE BASIN,MARLA",broadband,,False,Nanometrics,Nanometrics Trillium Compact 120s,1776,False,,False,False,sensor,4,1E; 3G; 5G; 6C,3G; 5G,1E; 6C,2,5,2013-11-16,2022-06-14,2013-11-16/2022-06-14,False,Australia,10.7914/SN/1E_2013; 10.7914/SN/5G_2018; 10.7914/SN/6C_2015,Nanometrics Trillium Compact 120s (754 V/m/s)
confirmed-AuScope,AuScope experiment: AusArray SA,broadband,,False,Nanometrics,Nanometrics Trillium Compact 120s,1778,False,,False,False,sensor,2,1E; 6K,6K,1E,1,2,2013-11-16,2021-10-28,2013-11-16/2021-10-28,False,Australia,10.7914/SN/1E_2013; 10.7914/SN/6K_2020,Nanometrics Trillium Compact 120s (754 V/m/s)
confirmed-AuScope,"AuScope experiment: MARLA,MATE,SNAKEY",broadband,,True,Nanometrics,Nanometrics Trillium Compact 120s,1785,False,,False,False,sensor,4,1Q; 3G; 4B; M8,3G; 4B; M8,1Q,1,4,2016-05-21,,2016-05-21/,True,AU; Australia,10.7914/6e8t-6g37; 10.7914/9j20-yq91; 10.7914/SN/1Q_2016,Nanometrics Trillium Compact 120s (754 V/m/s)
confirmed-AuScope,"AuScope experiment: ASR,LAKE EYRE BASIN",broadband,,False,Nanometrics,Nanometrics Trillium Compact 120s,453001758,False,,False,False,sensor,4,1E; 5G; 5J; 6C,5G; 5J,1E; 6C,2,4,2013-11-14,2022-06-09,2013-11-14/2022-06-09,False,Australia,10.7914/SN/1E_2013; 10.7914/SN/5G_2018; 10.7914/SN/6C_2015,Nanometrics Trillium Compact 120s (754 V/m/s)
confirmed-AuScope,AuScope experiment: ASR,broadband,,False,Nanometrics,Nanometrics Trillium Compact 120s,4780,False,,False,False,sensor,2,2P; 5J,5J,2P,1,2,2017-07-23,2023-09-22,2017-07-23/2023-09-22,False,AU; Australia,10.7914/SN/2P_2020,Nanometrics Trillium Compact 120s (754 V/m/s)
confirmed-AuScope,AuScope experiment: MARLA,broadband,,False,Nanometrics,Nanometrics Trillium Compact 120s,4849,False,,False,False,sensor,2,2P; 3G,3G,2P,1,2,2018-04-21,2023-05-11,2018-04-21/2023-05-11,False,AU; Australia,10.7914/SN/2P_2020,Nanometrics Trillium Compact 120s (754 V/m/s)
confirmed-AuScope,AuScope experiment: ASR,broadband,,False,Nanometrics,Nanometrics Trillium Compact 120s,4850,False,,False,False,sensor,2,2P; 5J,5J,2P,1,2,2017-07-20,2022-07-21,2017-07-20/2022-07-21,False,AU; Australia,10.7914/SN/2P_2020,Nanometrics Trillium Compact 120s (754 V/m/s)
confirmed-AuScope,AuScope experiment: ASR,broadband,,False,Nanometrics,Nanometrics Trillium Compact 120s,4851,False,,False,False,sensor,1,5J,5J,,0,1,2017-07-25,2018-07-11,2017-07-25/2018-07-11,False,Australia,,Nanometrics Trillium Compact 120s (754 V/m/s)
confirmed-AuScope,AuScope experiment: MARLA,broadband,,False,Nanometrics,Nanometrics Trillium Compact 120s,4852,False,,False,False,sensor,2,2P; 3G,3G,2P,1,2,2018-04-22,2022-06-14,2018-04-22/2022-06-14,False,AU; Australia,10.7914/SN/2P_2020,Nanometrics Trillium Compact 120s (754 V/m/s)
confirmed-AuScope,"AuScope experiment: ASR,LAKE EYRE BASIN",broadband,,False,Nanometrics,Nanometrics Trillium Compact 120s,4863,False,,False,False,sensor,2,5G; 5J,5G; 5J,,0,2,2018-05-15,2022-06-09,2018-05-15/2022-06-09,False,Australia,10.7914/SN/5G_2018,Nanometrics Trillium Compact 120s (754 V/m/s)
confirmed-AuScope,"AuScope experiment: LAKE EYRE BASIN,MARLA",broadband,,False,Nanometrics,Nanometrics Trillium Compact 120s,4864,False,,False,False,sensor,3,2P; 3G; 5G,3G; 5G,2P,1,3,2018-04-25,2023-07-16,2018-04-25/2023-07-16,False,AU; Australia,10.7914/SN/2P_2020; 10.7914/SN/5G_2018,Nanometrics Trillium Compact 120s (754 V/m/s)
confirmed-AuScope,"AuScope experiment: LAKE EYRE BASIN,MARLA,SNAKEY",broadband,,False,Nanometrics,Nanometrics Trillium Compact 120s,4865,False,,False,False,sensor,3,3G; 4B; 5G,3G; 4B; 5G,,0,3,2018-04-25,2026-05-01,2018-04-25/2026-05-01,False,AU; Australia,10.7914/9j20-yq91; 10.7914/SN/5G_2018,Nanometrics Trillium Compact 120s (754 V/m/s)
confirmed-AuScope,AuScope experiment: ASR,broadband,,False,Nanometrics,Nanometrics Trillium Compact 120s,4866,False,,False,False,sensor,2,2P; 5J,5J,2P,1,2,2017-07-26,2023-09-20,2017-07-26/2023-09-20,False,AU; Australia,10.7914/SN/2P_2020,Nanometrics Trillium Compact 120s (754 V/m/s)
confirmed-AuScope,AuScope experiment: MARLA,broadband,,False,Nanometrics,Nanometrics Trillium Compact 120s,4867,False,,False,False,sensor,2,2P; 3G,3G,2P,1,3,2018-04-22,2023-09-22,2018-04-22/2023-09-22,False,AU; Australia,10.7914/SN/2P_2020,Nanometrics Trillium Compact 120s (754 V/m/s)
confirmed-AuScope,"AuScope experiment: AusArray SA,MARLA",broadband,,False,Nanometrics,Nanometrics Trillium Compact 120s,4868,False,,False,False,sensor,2,3G; 6K,3G; 6K,,0,2,2018-04-21,2022-01-16,2018-04-21/2022-01-16,False,Australia,10.7914/SN/6K_2020,Nanometrics Trillium Compact 120s (754 V/m/s)
confirmed-AuScope,AuScope experiment: MARLA,broadband,,False,Nanometrics,Nanometrics Trillium Compact 120s,4870,False,,False,False,sensor,2,2P; 3G,3G,2P,1,2,2018-04-22,2022-11-14,2018-04-22/2022-11-14,False,AU; Australia,10.7914/SN/2P_2020,Nanometrics Trillium Compact 120s (754 V/m/s)
confirmed-AuScope,"AuScope experiment: MARLA,MATE,SNAKEY",broadband,,True,Nanometrics,Nanometrics Trillium Compact 120s,4871,False,,False,False,sensor,4,2P; 3G; 4B; M8,3G; 4B; M8,2P,1,4,2018-04-26,,2018-04-26/,True,AU; Australia,10.7914/6e8t-6g37; 10.7914/9j20-yq91; 10.7914/SN/2P_2020,Nanometrics Trillium Compact 120s (754 V/m/s)
confirmed-AuScope,"AuScope experiment: AusArray SA,MARLA; AuSIS Yalata Anangu School (AuScope-funded site, 2026)",broadband,"AuSIS Yalata Anangu School (AuScope-funded site, 2026)",False,Nanometrics,Nanometrics Trillium Compact 120s,4872,False,,False,False,sensor,3,3G; 6K; S1,3G; 6K,S1,1,3,2018-04-24,,2018-04-24/,True,AUS; Australia,10.7914/SN/6K_2020; 10.7914/SN/S1',Nanometrics Trillium Compact 120s (754 V/m/s)
confirmed-AuScope,"AuScope experiment: ASR,AusArray SA",broadband,,False,Nanometrics,Nanometrics Trillium Compact 120s,4873,False,,False,False,sensor,2,5J; 6K,5J; 6K,,0,2,2017-07-28,2021-09-03,2017-07-28/2021-09-03,False,Australia,10.7914/SN/6K_2020,Nanometrics Trillium Compact 120s (754 V/m/s)
confirmed-AuScope,"AuScope experiment: AHNA,LAKE EYRE BASIN,MARLA",broadband,,False,Nanometrics,Nanometrics Trillium Compact 120s,4875,False,,False,False,sensor,3,3G; 5G; X5,3G; 5G; X5,,0,3,2018-04-25,2026-01-26,2018-04-25/2026-01-26,False,Australia; NZ,10.7914/8jxr-7029; 10.7914/SN/5G_2018,Nanometrics Trillium Compact 120s (754 V/m/s)
confirmed-AuScope,"AuScope experiment: ASR,LAKE EYRE BASIN",broadband,,False,Nanometrics,Nanometrics Trillium Compact 120s,4876,False,,False,False,sensor,2,5G; 5J,5G; 5J,,0,2,2018-05-11,2022-06-03,2018-05-11/2022-06-03,False,Australia,10.7914/SN/5G_2018,Nanometrics Trillium Compact 120s (754 V/m/s)
confirmed-AuScope,"AuScope experiment: AusArray SA,MARLA",broadband,,False,Nanometrics,Nanometrics Trillium Compact 120s,4877,False,,False,False,sensor,2,3G; 6K,3G; 6K,,0,2,2018-04-22,2022-04-22,2018-04-22/2022-04-22,False,Australia,10.7914/SN/6K_2020,Nanometrics Trillium Compact 120s (754 V/m/s)
confirmed-AuScope,AuScope experiment: MARLA,broadband,,False,Nanometrics,Nanometrics Trillium Compact 120s,4878,False,,False,False,sensor,1,3G,3G,,0,1,2018-04-24,2019-01-21,2018-04-24/2019-01-21,False,Australia,,Nanometrics Trillium Compact 120s (754 V/m/s)
confirmed-AuScope,AuScope experiment: MARLA,broadband,,False,Nanometrics,Nanometrics Trillium Compact 120s,4879,False,,False,False,sensor,2,2P; 3G,3G,2P,1,2,2018-04-22,2022-12-03,2018-04-22/2022-12-03,False,AU; Australia,10.7914/SN/2P_2020,Nanometrics Trillium Compact 120s (754 V/m/s)
confirmed-AuScope,AuScope experiment: MARLA,broadband,,False,Nanometrics,Nanometrics Trillium Compact 120s,4880,False,,False,False,sensor,2,2P; 3G,3G,2P,1,2,2018-04-21,2022-11-15,2018-04-21/2022-11-15,False,AU; Australia,10.7914/SN/2P_2020,Nanometrics Trillium Compact 120s (754 V/m/s)
confirmed-AuScope,AuScope experiment: ASR,broadband,,False,Nanometrics,Nanometrics Trillium Compact 120s,4881,False,,False,False,sensor,2,2P; 5J,5J,2P,1,2,2017-07-22,2023-09-20,2017-07-22/2023-09-20,False,AU; Australia,10.7914/SN/2P_2020,Nanometrics Trillium Compact 120s (754 V/m/s)
confirmed-AuScope,"AuScope experiment: ASR,SNAKEY",broadband,,False,Nanometrics,Nanometrics Trillium Compact 120s,4882,False,,False,False,sensor,3,2P; 4B; 5J,4B; 5J,2P,1,3,2017-07-24,2026-05-05,2017-07-24/2026-05-05,False,AU; Australia,10.7914/9j20-yq91; 10.7914/SN/2P_2020,Nanometrics Trillium Compact 120s (754 V/m/s)
confirmed-AuScope,"AuScope experiment: AusArray SA,MARLA",broadband,,False,Nanometrics,Nanometrics Trillium Compact 120s,4883,False,,False,False,sensor,2,3G; 6K,3G; 6K,,0,2,2018-04-22,2022-05-28,2018-04-22/2022-05-28,False,Australia,10.7914/SN/6K_2020,Nanometrics Trillium Compact 120s (754 V/m/s)
confirmed-AuScope,AuScope experiment: MARLA,broadband,,False,Nanometrics,Nanometrics Trillium Compact 120s,4889,False,,False,False,sensor,2,2P; 3G,3G,2P,1,2,2018-04-22,2023-09-20,2018-04-22/2023-09-20,False,AU; Australia,10.7914/SN/2P_2020,Nanometrics Trillium Compact 120s (754 V/m/s)
confirmed-AuScope,AuScope experiment: AusArray SA,broadband,,False,Nanometrics,Nanometrics Trillium Compact 120s,4890,False,,False,False,sensor,1,6K,6K,,0,1,2020-10-17,2021-11-28,2020-10-17/2021-11-28,False,Australia,10.7914/SN/6K_2020,Nanometrics Trillium Compact 120s (754 V/m/s)
confirmed-AuScope,"AuScope experiment: AusArray SA,MARLA",broadband,,False,Nanometrics,Nanometrics Trillium Compact 120s,4891,False,,False,False,sensor,2,3G; 6K,3G; 6K,,0,2,2018-04-21,2022-01-15,2018-04-21/2022-01-15,False,Australia,10.7914/SN/6K_2020,Nanometrics Trillium Compact 120s (754 V/m/s)
confirmed-AuScope,"AuScope experiment: AHNA,ASR,LAKE EYRE BASIN",broadband,,False,Nanometrics,Nanometrics Trillium Compact 120s,4892,False,,False,False,sensor,3,5G; 5J; X5,5G; 5J; X5,,0,3,2018-05-16,2024-04-04,2018-05-16/2024-04-04,False,Australia; NZ,10.7914/8jxr-7029; 10.7914/SN/5G_2018,Nanometrics Trillium Compact 120s (754 V/m/s)
confirmed-AuScope,AuScope experiment: ASR,broadband,,False,Nanometrics,Nanometrics Trillium Compact 120s,4893,False,,False,False,sensor,1,5J,5J,,0,1,2017-07-20,2018-09-13,2017-07-20/2018-09-13,False,Australia,,Nanometrics Trillium Compact 120s (754 V/m/s)
confirmed-AuScope,"AuScope experiment: AusArray SA,MARLA",broadband,,False,Nanometrics,Nanometrics Trillium Compact 120s,4896,False,,False,False,sensor,2,3G; 6K,3G; 6K,,0,2,2018-04-21,2021-12-31,2018-04-21/2021-12-31,False,Australia,10.7914/SN/6K_2020,Nanometrics Trillium Compact 120s (754 V/m/s)
confirmed-AuScope,AuScope experiment: MARLA,broadband,,False,Nanometrics,Nanometrics Trillium Compact 120s,4897,False,,False,False,sensor,2,2P; 3G,3G,2P,1,2,2018-04-21,2023-07-16,2018-04-21/2023-07-16,False,AU; Australia,10.7914/SN/2P_2020,Nanometrics Trillium Compact 120s (754 V/m/s)
confirmed-AuScope,AuScope experiment: AusArray SA,broadband,,False,Nanometrics,Nanometrics Trillium Compact 120s,5938,False,,False,False,sensor,1,6K,6K,,0,1,2020-10-17,2022-06-11,2020-10-17/2022-06-11,False,Australia,10.7914/SN/6K_2020,Nanometrics Trillium Compact 120s (754 V/m/s)
confirmed-AuScope,AuScope experiment: MATE,broadband,,True,Nanometrics,Nanometrics Trillium Compact 120s,5940,False,,False,False,sensor,1,M8,M8,,0,1,2024-11-02,,2024-11-02/,True,AU,10.7914/6e8t-6g37,Nanometrics Trillium Compact 120s (754 V/m/s)
confirmed-AuScope,"AuScope experiment: LAKE EYRE BASIN,SNAKEY",broadband,,False,Nanometrics,Nanometrics Trillium Compact 120s,6172,False,,False,False,sensor,2,4B; 5G,4B; 5G,,0,2,2019-10-17,2026-03-18,2019-10-17/2026-03-18,False,AU; Australia,10.7914/9j20-yq91; 10.7914/SN/5G_2018,Nanometrics Trillium Compact 120s (754 V/m/s)
confirmed-AuScope,AuScope experiment: LAKE EYRE BASIN,broadband,,False,Nanometrics,Nanometrics Trillium Compact 120s,6242,False,,False,False,sensor,1,5G,5G,,0,1,2019-10-17,2021-06-18,2019-10-17/2021-06-18,False,Australia,10.7914/SN/5G_2018,Nanometrics Trillium Compact 120s (754 V/m/s)
confirmed-AuScope,AuScope experiment: LAKE EYRE BASIN,broadband,,False,Nanometrics,Nanometrics Trillium Compact 120s,6251,False,,False,False,sensor,1,5G,5G,,0,1,2019-08-03,2021-09-13,2019-08-03/2021-09-13,False,Australia,10.7914/SN/5G_2018,Nanometrics Trillium Compact 120s (754 V/m/s)
confirmed-AuScope,AuScope experiment: AusArray SA,broadband,,False,Nanometrics,Nanometrics Trillium Compact 120s,6263,False,,False,False,sensor,1,6K,6K,,0,1,2020-10-22,2022-02-02,2020-10-22/2022-02-02,False,Australia,10.7914/SN/6K_2020,Nanometrics Trillium Compact 120s (754 V/m/s)
confirmed-AuScope,"AuScope experiment: LAKE EYRE BASIN,SNAKEY",broadband,,False,Nanometrics,Nanometrics Trillium Compact 120s,6265,False,,False,False,sensor,2,4B; 5G,4B; 5G,,0,2,2019-08-06,2026-05-05,2019-08-06/2026-05-05,False,AU; Australia,10.7914/9j20-yq91; 10.7914/SN/5G_2018,Nanometrics Trillium Compact 120s (754 V/m/s)
confirmed-AuScope,AuScope experiment: AusArray SA,broadband,,False,Nanometrics,Nanometrics Trillium Compact 120s,6319,False,,False,False,sensor,1,6K,6K,,0,1,2020-10-23,2021-10-02,2020-10-23/2021-10-02,False,Australia,10.7914/SN/6K_2020,Nanometrics Trillium Compact 120s (754 V/m/s)
confirmed-AuScope,AuScope experiment: LAKE EYRE BASIN,broadband,,False,Nanometrics,Nanometrics Trillium Compact 120s,6320,False,,False,False,sensor,1,5G,5G,,0,1,2019-08-02,2021-04-16,2019-08-02/2021-04-16,False,Australia,10.7914/SN/5G_2018,Nanometrics Trillium Compact 120s (754 V/m/s)
confirmed-AuScope,"AuScope experiment: AHNA,LAKE EYRE BASIN",broadband,,False,Nanometrics,Nanometrics Trillium Compact 120s,6322,False,,False,False,sensor,2,5G; X5,5G; X5,,0,2,2019-08-02,2026-01-05,2019-08-02/2026-01-05,False,Australia; NZ,10.7914/8jxr-7029; 10.7914/SN/5G_2018,Nanometrics Trillium Compact 120s (754 V/m/s)
confirmed-AuScope,AuScope experiment: SNAKEY,broadband,,False,Nanometrics,Nanometrics Trillium Compact 120s,6325,False,,False,False,sensor,2,3O; 4B,4B,3O,1,2,2019-05-12,2026-05-06,2019-05-12/2026-05-06,False,AU; Australia,10.7914/9j20-yq91; 10.7914/SN/3O_2019,Nanometrics Trillium Compact 120s (754 V/m/s)
confirmed-AuScope,AuScope experiment: LAKE EYRE BASIN,broadband,,False,Nanometrics,Nanometrics Trillium Compact 120s,6326,False,,False,False,sensor,1,5G,5G,,0,1,2019-08-02,2022-02-25,2019-08-02/2022-02-25,False,Australia,10.7914/SN/5G_2018,Nanometrics Trillium Compact 120s (754 V/m/s)
confirmed-AuScope,"AuScope experiment: LAKE EYRE BASIN,SNAKEY",broadband,,False,Nanometrics,Nanometrics Trillium Compact 120s,6327,False,,False,False,sensor,2,4B; 5G,4B; 5G,,0,2,2019-07-16,2026-05-02,2019-07-16/2026-05-02,False,AU; Australia,10.7914/9j20-yq91; 10.7914/SN/5G_2018,Nanometrics Trillium Compact 120s (754 V/m/s)
confirmed-AuScope,"AuScope experiment: AHNA,LAKE EYRE BASIN",broadband,,False,Nanometrics,Nanometrics Trillium Compact 120s,6334,False,,False,False,sensor,2,5G; X5,5G; X5,,0,2,2019-08-04,2026-01-25,2019-08-04/2026-01-25,False,Australia; NZ,10.7914/8jxr-7029; 10.7914/SN/5G_2018,Nanometrics Trillium Compact 120s (754 V/m/s)
confirmed-AuScope,AuScope experiment: AusArray SA,broadband,,False,Nanometrics,Nanometrics Trillium Compact 120s,7870,False,,False,False,sensor,1,6K,6K,,0,1,2020-10-21,2022-05-18,2020-10-21/2022-05-18,False,Australia,10.7914/SN/6K_2020,Nanometrics Trillium Compact 120s (754 V/m/s)
confirmed-AuScope,AuScope experiment: MATE,broadband,,True,Nanometrics,Nanometrics Trillium Compact 120s,8281,False,,False,False,sensor,1,M8,M8,,0,1,2024-07-23,,2024-07-23/,True,AU,10.7914/6e8t-6g37,Nanometrics Trillium Compact 120s (754 V/m/s)
confirmed-AuScope,AuScope experiment: MATE,broadband,,True,Nanometrics,Nanometrics Trillium Compact 120s,8796,False,,False,False,sensor,1,M8,M8,,0,1,2024-10-30,,2024-10-30/,True,AU,10.7914/6e8t-6g37,Nanometrics Trillium Compact 120s (754 V/m/s)
confirmed-AuScope,AuScope experiment: MATE,broadband,,True,Nanometrics,Nanometrics Trillium Compact 120s,8821,False,,False,False,sensor,1,M8,M8,,0,1,2024-11-14,,2024-11-14/,True,AU,10.7914/6e8t-6g37,Nanometrics Trillium Compact 120s (754 V/m/s)
confirmed-AuScope,AuScope experiment: SNAKEY,broadband,,False,Nanometrics,Nanometrics Trillium Compact 120s,9935,False,,False,False,sensor,1,4B,4B,,0,1,2023-03-27,2026-05-05,2023-03-27/2026-05-05,False,AU,10.7914/9j20-yq91,Nanometrics Trillium Compact 120s (754 V/m/s)
confirmed-AuScope,AuScope experiment: SNAKEY,broadband,,False,Nanometrics,Nanometrics Trillium Compact 120s,9936,False,,False,False,sensor,1,4B,4B,,0,1,2023-03-27,2026-05-05,2023-03-27/2026-05-05,False,AU,10.7914/9j20-yq91,Nanometrics Trillium Compact 120s (754 V/m/s)
confirmed-AuScope,"AuScope experiment: AusArray SA,MARLA",broadband,,False,Nanometrics,Nanometrics Trillium Compact 20s,2455,False,,False,False,sensor,2,3G; 6K,3G; 6K,,0,2,2018-04-22,2022-02-21,2018-04-22/2022-02-21,False,Australia,10.7914/SN/6K_2020,Nanometrics Trillium Compact 20s (753 V/m/s)
confirmed-AuScope,AuScope experiment: MARLA,broadband,,False,Nanometrics,Nanometrics Trillium Compact 20s,3252,False,,False,False,sensor,1,3G,3G,,0,1,2018-04-26,2018-10-10,2018-04-26/2018-10-10,False,Australia,,Nanometrics Trillium Compact 20s (753 V/m/s)
confirmed-AuScope,AuScope experiment: MARLA,broadband,,False,Nanometrics,Nanometrics Trillium Compact 20s,3329,False,,False,False,sensor,1,3G,3G,,0,1,2018-04-22,2019-03-06,2018-04-22/2019-03-06,False,Australia,,Nanometrics Trillium Compact 20s (753 V/m/s)
confirmed-AuScope,"AuScope experiment: AusArray SA,MARLA",broadband,,False,Nanometrics,Nanometrics Trillium Compact 20s,3330,False,,False,False,sensor,2,3G; 6K,3G; 6K,,0,2,2018-04-21,2021-12-29,2018-04-21/2021-12-29,False,Australia,10.7914/SN/6K_2020,Nanometrics Trillium Compact 20s (753 V/m/s)
confirmed-AuScope,"AuScope experiment: AusArray SA,MARLA",broadband,,False,Nanometrics,Nanometrics Trillium Compact 20s,3334,False,,False,False,sensor,2,3G; 6K,3G; 6K,,0,2,2018-04-24,2021-12-25,2018-04-24/2021-12-25,False,Australia,10.7914/SN/6K_2020,Nanometrics Trillium Compact 20s (753 V/m/s)
confirmed-AuScope,AuScope experiment: MARLA,broadband,,False,Nanometrics,Nanometrics Trillium Compact 20s,3338,False,,False,False,sensor,2,3G; 5C,3G,5C,1,2,2017-01-24,2019-02-25,2017-01-24/2019-02-25,False,AUS; Australia,10.7914/nx28-a367,Nanometrics Trillium Compact 20s (753 V/m/s)
confirmed-AuScope,"AuScope experiment: AusArray SA,MARLA",broadband,,False,Nanometrics,Nanometrics Trillium Compact 20s,3352,False,,False,False,sensor,2,3G; 6K,3G; 6K,,0,2,2018-04-26,2021-05-21,2018-04-26/2021-05-21,False,Australia,10.7914/SN/6K_2020,Nanometrics Trillium Compact 20s (753 V/m/s)
confirmed-AuScope,"AuScope experiment: AusArray SA,MARLA",broadband,,False,Nanometrics,Nanometrics Trillium Compact 20s,3353,False,,False,False,sensor,3,3G; 5C; 6K,3G; 6K,5C,1,3,2017-01-23,2021-12-15,2017-01-23/2021-12-15,False,AUS; Australia,10.7914/SN/6K_2020; 10.7914/nx28-a367,Nanometrics Trillium Compact 20s (753 V/m/s)
confirmed-AuScope,"AuScope experiment: AusArray SA,MARLA",broadband,,False,Nanometrics,Nanometrics Trillium Compact 20s,3354,False,,False,False,sensor,2,3G; 6K,3G; 6K,,0,2,2018-04-25,2021-09-16,2018-04-25/2021-09-16,False,Australia,10.7914/SN/6K_2020,Nanometrics Trillium Compact 20s (753 V/m/s)
confirmed-AuScope,"AuScope experiment: AusArray SA,MARLA",broadband,,False,Nanometrics,Nanometrics Trillium Compact 20s,3355,False,,False,False,sensor,2,3G; 6K,3G; 6K,,0,2,2018-04-24,2021-11-15,2018-04-24/2021-11-15,False,Australia,10.7914/SN/6K_2020,Nanometrics Trillium Compact 20s (753 V/m/s)
confirmed-AuScope,"AuScope experiment: AusArray SA,MARLA",broadband,,False,Nanometrics,Nanometrics Trillium Compact 20s,3356,False,,False,False,sensor,2,3G; 6K,3G; 6K,,0,2,2018-04-25,2021-10-10,2018-04-25/2021-10-10,False,Australia,10.7914/SN/6K_2020,Nanometrics Trillium Compact 20s (753 V/m/s)
confirmed-AuScope,"AuScope experiment: AusArray SA,MARLA",broadband,,False,Nanometrics,Nanometrics Trillium Compact 20s,3358,False,,False,False,sensor,2,3G; 6K,3G; 6K,,0,2,2018-04-21,2022-04-10,2018-04-21/2022-04-10,False,Australia,10.7914/SN/6K_2020,Nanometrics Trillium Compact 20s (753 V/m/s)
confirmed-AuScope,"AuScope experiment: AusArray SA,MARLA",broadband,,False,Nanometrics,Nanometrics Trillium Compact 20s,3600,False,,False,False,sensor,2,3G; 6K,3G; 6K,,0,2,2018-04-24,2022-01-18,2018-04-24/2022-01-18,False,Australia,10.7914/SN/6K_2020,Nanometrics Trillium Compact 20s (753 V/m/s)
confirmed-AuScope,AuScope experiment: MARLA,broadband,,False,Nanometrics,Nanometrics Trillium Compact 20s,3602,False,,False,False,sensor,1,3G,3G,,0,1,2018-04-21,2019-02-20,2018-04-21/2019-02-20,False,Australia,,Nanometrics Trillium Compact 20s (753 V/m/s)
confirmed-AuScope,AuScope experiment: MARLA,broadband,,False,Nanometrics,Nanometrics Trillium Compact 20s,3609,False,,False,False,sensor,2,3G; 5C,3G,5C,1,2,2017-01-24,2018-10-17,2017-01-24/2018-10-17,False,AUS; Australia,10.7914/nx28-a367,Nanometrics Trillium Compact 20s (753 V/m/s)
confirmed-AuScope,AuScope experiment: MATE,broadband,,True,Nanometrics,Nanometrics Trillium Compact PostHole 120s,6864,False,,False,False,sensor,1,M8,M8,,0,1,2026-05-12,,2026-05-12/,True,AU,10.7914/6e8t-6g37,Nanometrics Trillium Compact 120s PostHole (754 V/m/s)
confirmed-AuScope,AuScope experiment: MATE,broadband,,True,Nanometrics,Nanometrics Trillium Compact PostHole 120s,7021,False,,False,False,sensor,2,2P; M8,M8,2P,1,2,2020-08-28,2024-07-15,2020-08-28/2024-07-15,False,AU,10.7914/6e8t-6g37; 10.7914/SN/2P_2020,Nanometrics Trillium Compact 120s PostHole (754 V/m/s); Nanometrics Trillium Compact PostHole 120s (754 V/m/s)
confirmed-AuScope,AuScope experiment: SNAKEY,broadband,,False,Nanometrics,Nanometrics Trillium Compact PostHole 120s,7049,False,,False,False,sensor,2,2P; 4B,4B,2P,1,2,2020-09-23,2025-05-26,2020-09-23/2025-05-26,False,AU,10.7914/9j20-yq91; 10.7914/SN/2P_2020,Nanometrics Trillium Compact PostHole 120s (754 V/m/s)
confirmed-AuScope,AuScope experiment: SNAKEY,broadband,,False,Nanometrics,Nanometrics Trillium Compact PostHole 120s,7070,False,,False,False,sensor,1,4B,4B,,0,1,2023-03-30,2024-09-29,2023-03-30/2024-09-29,False,AU,10.7914/9j20-yq91,Nanometrics Trillium Compact PostHole 120s (754 V/m/s)
confirmed-AuScope,"AuScope experiment: MATE,SNAKEY",broadband,,True,Nanometrics,Nanometrics Trillium Compact PostHole 120s,8397,False,,False,False,sensor,2,4B; M8,4B; M8,,0,2,2023-03-30,,2023-03-30/,True,AU,10.7914/6e8t-6g37; 10.7914/9j20-yq91,Nanometrics Trillium Compact 120s PostHole (754 V/m/s); Nanometrics Trillium Compact PostHole 120s (754 V/m/s)
confirmed-AuScope,AuScope experiment: MATE,broadband,,True,Nanometrics,Nanometrics Trillium Compact PostHole 120s,8408,False,,False,False,sensor,1,M8,M8,,0,1,2026-05-05,,2026-05-05/,True,AU,10.7914/6e8t-6g37,Nanometrics Trillium Compact 120s PostHole (754 V/m/s)
confirmed-AuScope,AuScope experiment: SNAKEY,broadband,,False,Nanometrics,Nanometrics Trillium Compact PostHole 120s,8410,False,,False,False,sensor,1,4B,4B,,0,1,2023-03-30,2025-09-21,2023-03-30/2025-09-21,False,AU,10.7914/9j20-yq91,Nanometrics Trillium Compact PostHole 120s (754 V/m/s)
confirmed-AuScope,AuScope experiment: MATE,broadband,,True,Nanometrics,Nanometrics Trillium Compact PostHole 120s,8414,False,,False,False,sensor,1,M8,M8,,0,1,2024-09-29,,2024-09-29/,True,AU,10.7914/6e8t-6g37,Nanometrics Trillium Compact 120s PostHole (754 V/m/s)
confirmed-AuScope,AuScope experiment: SNAKEY,broadband,,False,Nanometrics,Nanometrics Trillium Compact PostHole 120s,9235,False,,False,False,sensor,1,4B,4B,,0,1,2023-03-27,2026-05-02,2023-03-27/2026-05-02,False,AU,10.7914/9j20-yq91,Nanometrics Trillium Compact PostHole 120s (754 V/m/s)
confirmed-AuScope,AuScope experiment: SNAKEY,broadband,,False,Nanometrics,Nanometrics Trillium Compact PostHole 120s,9242,False,,False,False,sensor,1,4B,4B,,0,1,2023-03-31,2026-05-03,2023-03-31/2026-05-03,False,AU,10.7914/9j20-yq91,Nanometrics Trillium Compact PostHole 120s (754 V/m/s)
confirmed-AuScope,AuScope experiment: SNAKEY,broadband,,False,Nanometrics,Nanometrics Trillium Compact PostHole 120s,9272,False,,False,False,sensor,1,4B,4B,,0,1,2023-03-26,2026-05-02,2023-03-26/2026-05-02,False,AU,10.7914/9j20-yq91,Nanometrics Trillium Compact PostHole 120s (754 V/m/s)
confirmed-AuScope,AuScope experiment: SNAKEY,broadband,,False,Nanometrics,Nanometrics Trillium Compact PostHole 120s,9273,False,,False,False,sensor,1,4B,4B,,0,1,2023-03-28,2025-06-03,2023-03-28/2025-06-03,False,AU,10.7914/9j20-yq91,Nanometrics Trillium Compact PostHole 120s (754 V/m/s)
confirmed-AuScope,AuScope experiment: SNAKEY,broadband,,False,Nanometrics,Nanometrics Trillium Compact PostHole 120s,9296,False,,False,False,sensor,1,4B,4B,,0,1,2023-03-30,2026-05-03,2023-03-30/2026-05-03,False,AU,10.7914/9j20-yq91,Nanometrics Trillium Compact PostHole 120s (754 V/m/s)
confirmed-AuScope,AuScope experiment: SNAKEY,broadband,,False,Nanometrics,Nanometrics Trillium Compact PostHole 120s,9297,False,,False,False,sensor,1,4B,4B,,0,1,2023-03-29,2026-05-01,2023-03-29/2026-05-01,False,AU,10.7914/9j20-yq91,Nanometrics Trillium Compact PostHole 120s (754 V/m/s)
confirmed-AuScope,AuScope experiment: MATE,broadband,,True,Nanometrics,Nanometrics Trillium Compact PostHole 120s,9299,False,,False,False,sensor,1,M8,M8,,0,1,2024-01-09,,2024-01-09/,True,AU,10.7914/6e8t-6g37,Nanometrics Trillium Compact 120s PostHole (754 V/m/s)
confirmed-AuScope,AuScope experiment: MATE,broadband,,True,Nanometrics,Nanometrics Trillium Compact PostHole 120s,9898,False,,False,False,sensor,1,M8,M8,,0,1,2025-05-24,,2025-05-24/,True,AU,10.7914/6e8t-6g37,Nanometrics Trillium Compact 120s PostHole (754 V/m/s)
confirmed-AuScope,AuScope experiment: MATE,broadband,,True,Nanometrics,Nanometrics Trillium Compact PostHole 120s,9900,False,,False,False,sensor,1,M8,M8,,0,1,2024-07-24,,2024-07-24/,True,AU,10.7914/6e8t-6g37,Nanometrics Trillium Compact 120s PostHole (754 V/m/s)
confirmed-AuScope,AuScope experiment: MATE,broadband,,True,Nanometrics,Nanometrics Trillium Compact PostHole 120s,9903,False,,False,False,sensor,1,M8,M8,,0,1,2026-06-05,,2026-06-05/,True,AU,10.7914/6e8t-6g37,Nanometrics Trillium Compact 120s PostHole (754 V/m/s)
confirmed-AuScope,AuScope experiment: MATE,broadband,,True,Nanometrics,Nanometrics Trillium Compact PostHole 120s,9904,False,,False,False,sensor,1,M8,M8,,0,1,2026-06-06,,2026-06-06/,True,AU,10.7914/6e8t-6g37,Nanometrics Trillium Compact 120s PostHole (754 V/m/s)
confirmed-AuScope,AuScope experiment: MATE,broadband,,True,Nanometrics,Nanometrics Trillium Compact PostHole 120s,9909,False,,False,False,sensor,1,M8,M8,,0,1,2024-05-20,,2024-05-20/,True,AU,10.7914/6e8t-6g37,Nanometrics Trillium Compact 120s PostHole (754 V/m/s)
confirmed-ANSIR-loan,ANSIR loan record: 2P,nodal-broadband,,False,DTCC (SmartSolo),DTCC SmartSolo BD3C-5,590000434,False,,False,True,sensor,1,2P,,2P,1,2,2022-01-10,2022-09-21,2022-01-10/2022-09-21,False,AU,10.7914/SN/2P_2020,DTCC SmartSolo BD3C-5 209.4 V/m/s
confirmed-ANSIR-loan,ANSIR loan record: 2P,nodal-broadband,,False,DTCC (SmartSolo),DTCC SmartSolo BD3C-5,590000451,False,,False,True,sensor,1,2P,,2P,1,1,2022-01-10,2022-02-21,2022-01-10/2022-02-21,False,AU,10.7914/SN/2P_2020,DTCC SmartSolo BD3C-5 209.4 V/m/s
confirmed-ANSIR-loan,ANSIR loan record: 2P,nodal-broadband,,False,DTCC (SmartSolo),DTCC SmartSolo BD3C-5,590000461,False,,False,True,sensor,1,2P,,2P,1,2,2022-01-10,2022-12-09,2022-01-10/2022-12-09,False,AU,10.7914/SN/2P_2020,DTCC SmartSolo BD3C-5 209.4 V/m/s
confirmed-ANSIR-loan,ANSIR loan record: 2P,nodal-broadband,,False,DTCC (SmartSolo),DTCC SmartSolo BD3C-5,590000462,False,,False,True,sensor,1,2P,,2P,1,1,2022-02-07,2022-12-21,2022-02-07/2022-12-21,False,AU,10.7914/SN/2P_2020,DTCC SmartSolo BD3C-5 209.4 V/m/s
confirmed-ANSIR-loan,ANSIR loan record: 2P,nodal-broadband,,False,DTCC (SmartSolo),DTCC SmartSolo BD3C-5,590000467,False,,False,True,sensor,1,2P,,2P,1,1,2022-01-10,2022-09-21,2022-01-10/2022-09-21,False,AU,10.7914/SN/2P_2020,DTCC SmartSolo BD3C-5 209.4 V/m/s
confirmed-ANSIR-loan,ANSIR loan record: 2P,nodal-broadband,,False,DTCC (SmartSolo),DTCC SmartSolo BD3C-5,590000488,False,,False,True,sensor,1,2P,,2P,1,1,2022-02-07,2022-12-09,2022-02-07/2022-12-09,False,AU,10.7914/SN/2P_2020,DTCC SmartSolo BD3C-5 209.4 V/m/s
confirmed-ANSIR-loan,ANSIR loan record: 2P,nodal-broadband,,False,DTCC (SmartSolo),DTCC SmartSolo BD3C-5,590000489,False,,False,True,sensor,1,2P,,2P,1,1,2022-01-10,2022-12-21,2022-01-10/2022-12-21,False,AU,10.7914/SN/2P_2020,DTCC SmartSolo BD3C-5 209.4 V/m/s
confirmed-ANSIR-loan,ANSIR loan record: 2P,nodal-broadband,,False,DTCC (SmartSolo),DTCC SmartSolo BD3C-5,590000533,False,,False,True,sensor,1,2P,,2P,1,2,2022-01-10,2022-12-23,2022-01-10/2022-12-23,False,AU,10.7914/SN/2P_2020,DTCC SmartSolo BD3C-5 209.4 V/m/s
confirmed-ANSIR-loan,ANSIR loan record: 2P,nodal-broadband,,False,DTCC (SmartSolo),DTCC SmartSolo BD3C-5,590000534,False,,False,True,sensor,1,2P,,2P,1,3,2022-01-10,2022-12-21,2022-01-10/2022-12-21,False,AU,10.7914/SN/2P_2020,DTCC SmartSolo BD3C-5 209.4 V/m/s
confirmed-ANSIR-loan,ANSIR loan record: 2P,nodal-broadband,,False,DTCC (SmartSolo),DTCC SmartSolo BD3C-5,590000551,False,,False,True,sensor,1,2P,,2P,1,3,2022-01-10,2022-12-21,2022-01-10/2022-12-21,False,AU,10.7914/SN/2P_2020,DTCC SmartSolo BD3C-5 209.4 V/m/s
confirmed-ANSIR-loan,ANSIR loan record: 2P,nodal-broadband,,False,DTCC (SmartSolo),DTCC SmartSolo BD3C-5,590000552,False,,False,True,sensor,1,2P,,2P,1,1,2022-01-10,2022-02-21,2022-01-10/2022-02-21,False,AU,10.7914/SN/2P_2020,DTCC SmartSolo BD3C-5 209.4 V/m/s
confirmed-ANSIR-loan,ANSIR loan record: 2P,nodal-broadband,,False,DTCC (SmartSolo),DTCC SmartSolo BD3C-5,590000596,False,,False,True,sensor,1,2P,,2P,1,1,2022-01-10,2022-05-05,2022-01-10/2022-05-05,False,AU,10.7914/SN/2P_2020,DTCC SmartSolo BD3C-5 209.4 V/m/s
confirmed-ANSIR-loan,ANSIR loan record: 2P,nodal-broadband,,False,DTCC (SmartSolo),DTCC SmartSolo BD3C-5,590000598,False,,False,True,sensor,1,2P,,2P,1,1,2022-01-10,2022-02-21,2022-01-10/2022-02-21,False,AU,10.7914/SN/2P_2020,DTCC SmartSolo BD3C-5 209.4 V/m/s
confirmed-ANSIR-loan,ANSIR loan record: 2P,nodal-broadband,,False,DTCC (SmartSolo),DTCC SmartSolo BD3C-5,590000603,False,,False,True,sensor,1,2P,,2P,1,2,2022-01-10,2022-07-22,2022-01-10/2022-07-22,False,AU,10.7914/SN/2P_2020,DTCC SmartSolo BD3C-5 209.4 V/m/s
confirmed-ANSIR-loan,ANSIR loan record: 2P,nodal-broadband,,False,DTCC (SmartSolo),DTCC SmartSolo BD3C-5,590000613,False,,False,True,sensor,1,2P,,2P,1,2,2022-01-10,2022-12-21,2022-01-10/2022-12-21,False,AU,10.7914/SN/2P_2020,DTCC SmartSolo BD3C-5 209.4 V/m/s
confirmed-ANSIR-loan,ANSIR loan record: 2P,nodal-broadband,,False,DTCC (SmartSolo),DTCC SmartSolo BD3C-5,590001093,False,,False,True,sensor,1,2P,,2P,1,1,2022-01-10,2022-12-21,2022-01-10/2022-12-21,False,AU,10.7914/SN/2P_2020,DTCC SmartSolo BD3C-5 209.4 V/m/s
confirmed-ANSIR-loan,ANSIR loan record: 2P,nodal-broadband,,False,DTCC (SmartSolo),DTCC SmartSolo BD3C-5,590001143,False,,False,True,sensor,1,2P,,2P,1,1,2022-05-06,2022-12-21,2022-05-06/2022-12-21,False,AU,10.7914/SN/2P_2020,DTCC SmartSolo BD3C-5 209.4 V/m/s
confirmed-ANSIR-loan,ANSIR loan record: 2P,nodal-broadband,,False,DTCC (SmartSolo),DTCC SmartSolo BD3C-5,590001268,False,,False,True,sensor,1,2P,,2P,1,1,2022-05-06,2022-11-11,2022-05-06/2022-11-11,False,AU,10.7914/SN/2P_2020,DTCC SmartSolo BD3C-5 209.4 V/m/s
confirmed-ANSIR-loan,ANSIR loan record: 2P,nodal-broadband,,False,DTCC (SmartSolo),DTCC SmartSolo BD3C-5,590001329,False,,False,True,sensor,1,2P,,2P,1,1,2022-06-18,2022-12-23,2022-06-18/2022-12-23,False,AU,10.7914/SN/2P_2020,DTCC SmartSolo BD3C-5 209.4 V/m/s
confirmed-ANSIR-loan,ANSIR loan record: 2P,nodal-broadband,,False,DTCC (SmartSolo),DTCC SmartSolo BD3C-5,590001364,False,,False,True,sensor,1,2P,,2P,1,1,2022-02-07,2022-12-21,2022-02-07/2022-12-21,False,AU,10.7914/SN/2P_2020,DTCC SmartSolo BD3C-5 209.4 V/m/s
confirmed-ANSIR-loan,ANSIR loan record: 2P,broadband,,False,Guralp Systems,Guralp CMG-6T,T6D48,False,,False,False,sensor,2,2P; 7M,,2P; 7M,2,3,2015-08-11,2023-07-10,2015-08-11/2023-07-10,False,AU; Australia,10.7914/SN/2P_2020,Guralp CMG-6T
confirmed-ANSIR-loan,ANSIR loan record: 2P,broadband,,False,Guralp Systems,Guralp CMG-6T,T6D50,False,,False,False,sensor,2,2P; 7M,,2P; 7M,2,2,2017-05-09,2023-07-09,2017-05-09/2023-07-09,False,AU; Australia,10.7914/SN/2P_2020,Guralp CMG-6T
confirmed-ANSIR-loan,ANSIR loan record: 2P,broadband,,False,Guralp Systems,Guralp CMG-6T,T6D51,False,,False,False,sensor,2,2P; 7M,,2P; 7M,2,3,2016-01-06,2023-06-15,2016-01-06/2023-06-15,False,AU; Australia,10.7914/SN/2P_2020,Guralp CMG-6T
confirmed-ANSIR-loan,ANSIR loan record: 2P,broadband,,False,Guralp Systems,Guralp CMG-6T,T6D52,False,,False,False,sensor,2,2P; 7M,,2P; 7M,2,2,2016-12-01,2023-07-09,2016-12-01/2023-07-09,False,AU; Australia,10.7914/SN/2P_2020,Guralp CMG-6T
confirmed-ANSIR-loan,ANSIR loan record: 4N,broadband,,False,Guralp Systems,Guralp CMG-6T,T6J03,False,,False,False,sensor,1,4N,,4N,1,1,2017-09-11,2018-05-13,2017-09-11/2018-05-13,False,Australia,10.7914/SN/4N_2017,Guralp CMG-6T
confirmed-ANSIR-loan,ANSIR loan record: 4N,broadband,,True,Guralp Systems,Guralp CMG-6T,T6K58,False,,False,False,sensor,2,3F; 4N,,3F; 4N,2,2,2017-09-10,2021-10-25,2017-09-10/2021-10-25,False,Australia,10.7914/SN/3F_2020; 10.7914/SN/4N_2017,Guralp CMG-6T
confirmed-ANSIR-loan,ANSIR loan record: 4N,broadband,,False,Guralp Systems,Guralp CMG-6T,T6K62,False,,False,False,sensor,1,4N,,4N,1,1,2017-09-10,2018-06-18,2017-09-10/2018-06-18,False,Australia,10.7914/SN/4N_2017,Guralp CMG-6T
confirmed-ANSIR-loan,ANSIR loan record: 4N,broadband,,True,Guralp Systems,Guralp CMG-6T,T6K65,False,,False,False,sensor,2,3F; 4N,,3F; 4N,2,2,2017-09-11,2021-11-11,2017-09-11/2021-11-11,False,Australia,10.7914/SN/3F_2020; 10.7914/SN/4N_2017,Guralp CMG-6T
confirmed-ANSIR-loan,ANSIR loan record: 4N,broadband,,False,Guralp Systems,Guralp CMG-6T,T6K67,False,,False,False,sensor,1,4N,,4N,1,1,2017-09-08,2018-05-13,2017-09-08/2018-05-13,False,Australia,10.7914/SN/4N_2017,Guralp CMG-6T
confirmed-ANSIR-loan,ANSIR loan record: 4N,broadband,,True,Guralp Systems,Guralp CMG-6T,T6M21,False,,False,False,sensor,2,3F; 4N,,3F; 4N,2,2,2017-09-09,2021-10-17,2017-09-09/2021-10-17,False,Australia,10.7914/SN/3F_2020; 10.7914/SN/4N_2017,Guralp CMG-6T
confirmed-ANSIR-loan,ANSIR loan record: 4N,broadband,,False,Guralp Systems,Guralp CMG-6T,T6M24,False,,False,False,sensor,1,4N,,4N,1,1,2017-09-10,2018-03-05,2017-09-10/2018-03-05,False,Australia,10.7914/SN/4N_2017,Guralp CMG-6T
confirmed-ANSIR-loan,ANSIR loan record: 4N,broadband,,True,Guralp Systems,Guralp CMG-6T,T6M25,False,,False,False,sensor,2,3F; 4N,,3F; 4N,2,2,2017-09-10,2021-06-14,2017-09-10/2021-06-14,False,Australia,10.7914/SN/3F_2020; 10.7914/SN/4N_2017,Guralp CMG-6T
confirmed-ANSIR-loan,ANSIR loan record: 2P,datalogger,,False,Guralp Systems,Guralp CMG-6TD,C1624,False,,False,False,datalogger,2,2P; 7M,,2P; 7M,2,2,2016-12-01,2023-07-09,2016-12-01/2023-07-09,False,AU; Australia,10.7914/SN/2P_2020,Guralp CMG-6TD
confirmed-ANSIR-loan,ANSIR loan record: 2P,datalogger,,False,Guralp Systems,Guralp CMG-6TD,C1625,False,,False,False,datalogger,1,2P,,2P,1,1,2020-10-01,2023-07-09,2020-10-01/2023-07-09,False,AU,10.7914/SN/2P_2020,Guralp CMG-6TD
confirmed-ANSIR-loan,ANSIR loan record: 2P,datalogger,,False,Guralp Systems,Guralp CMG-6TD,C1626,False,,False,False,datalogger,2,2P; 7M,,2P; 7M,2,5,2016-01-06,2023-06-15,2016-01-06/2023-06-15,False,AU; Australia,10.7914/SN/2P_2020,Guralp CMG-6TD
confirmed-ANSIR-loan,ANSIR loan record: 2P,datalogger,,False,Guralp Systems,Guralp CMG-6TD,C1627,False,,False,False,datalogger,2,2P; 7M,,2P; 7M,2,3,2015-08-11,2023-07-10,2015-08-11/2023-07-10,False,AU; Australia,10.7914/SN/2P_2020,Guralp CMG-6TD
confirmed-ANSIR-loan,ANSIR loan record: 1F,short-period,,True,Lennartz Electronic,Lennartz LE-3Dlite MkII,011,False,11,False,False,sensor,4,1F; 1K; 1Q; 7L,,1F; 1K; 1Q; 7L,4,4,2009-04-24,2017-08-11,2009-04-24/2017-08-11,False,Australia,10.7914/SN/1F_2009; 10.7914/SN/1Q_2016; 10.7914/SN/7L_2011,LE-3Dlite MKII; LE-3Dlite MkII; Lennartz LE-3Dlite MkII (400 v/m/s)
confirmed-ANSIR-loan,"ANSIR loan record: 4J,8J",short-period,,True,Lennartz Electronic,Lennartz LE-3Dlite MkII,013,False,13,False,False,sensor,4,1Q; 4J; 7S; 8J,,1Q; 4J; 7S; 8J,4,4,2006-10-03,2017-07-29,2006-10-03/2017-07-29,False,Australia,10.1080/08120099.2010.481325; 10.7914/SN/1Q_2016; 10.7914/SN/4J_2014; 10.7914/SN/8J_2012,Lennartz LE-3Dlite MkII; Lennartz LE-3Dlite MkII (400 v/m/s)
confirmed-ANSIR-loan,ANSIR loan record: 8J,short-period,,True,Lennartz Electronic,Lennartz LE-3Dlite MkII,016,False,16,False,False,sensor,3,1Q; 7S; 8J,,1Q; 7S; 8J,3,3,2006-10-05,2017-10-15,2006-10-05/2017-10-15,False,Australia,10.1080/08120099.2010.481325; 10.7914/SN/1Q_2016; 10.7914/SN/8J_2012,Lennartz LE-3Dlite MkII; Lennartz LE-3Dlite MkII (400 v/m/s)
confirmed-ANSIR-loan,ANSIR loan record: 8J,short-period,,False,Lennartz Electronic,Lennartz LE-3Dlite MkII,018,False,,False,False,sensor,1,8J,,8J,1,1,2013-09-14,2014-07-31,2013-09-14/2014-07-31,False,Australia,10.7914/SN/8J_2012,Lennartz LE-3Dlite MkII (400 v/m/s)
confirmed-ANSIR-loan,ANSIR loan record: 1F,short-period,,True,Lennartz Electronic,Lennartz LE-3Dlite MkII,020,False,20,False,False,sensor,2,1F; 7S,,1F; 7S,2,2,2006-10-08,2009-10-29,2006-10-08/2009-10-29,False,Australia,10.1080/08120099.2010.481325; 10.7914/SN/1F_2009,LE-3Dlite MKII; Lennartz LE-3Dlite MkII
confirmed-ANSIR-loan,ANSIR loan record: 1F,short-period,,True,Lennartz Electronic,Lennartz LE-3Dlite MkII,022,False,22,False,False,sensor,2,1F; 7S,,1F; 7S,2,2,2006-10-05,2009-11-01,2006-10-05/2009-11-01,False,Australia,10.1080/08120099.2010.481325; 10.7914/SN/1F_2009,LE-3Dlite MKII; Lennartz LE-3Dlite MkII
confirmed-ANSIR-loan,"ANSIR loan record: 1F,8J",short-period,,True,Lennartz Electronic,Lennartz LE-3Dlite MkII,023,False,23,False,False,sensor,4,1F; 1K; 1Q; 8J,,1F; 1K; 1Q; 8J,4,4,2009-04-23,2017-08-10,2009-04-23/2017-08-10,False,Australia,10.7914/SN/1F_2009; 10.7914/SN/1Q_2016; 10.7914/SN/8J_2012,LE-3Dlite MKII; Lennartz LE-3Dlite MkII (400 v/m/s)
confirmed-ANSIR-loan,ANSIR loan record: 4J,short-period,,False,Lennartz Electronic,Lennartz LE-3Dlite MkII,024,False,,False,False,sensor,1,4J,,4J,1,1,2014-05-24,2015-05-26,2014-05-24/2015-05-26,False,Australia,10.7914/SN/4J_2014,Lennartz LE-3Dlite MkII (400 v/m/s)
confirmed-ANSIR-loan,ANSIR loan record: 4J,short-period,,True,Lennartz Electronic,Lennartz LE-3Dlite MkII,026,False,26,False,False,sensor,3,1Q; 4J; 7S,,1Q; 4J; 7S,3,3,2006-10-09,2017-10-10,2006-10-09/2017-10-10,False,Australia,10.1080/08120099.2010.481325; 10.7914/SN/1Q_2016; 10.7914/SN/4J_2014,Lennartz LE-3Dlite MkII; Lennartz LE-3Dlite MkII (400 v/m/s)
confirmed-ANSIR-loan,ANSIR loan record: 1F,short-period,,True,Lennartz Electronic,Lennartz LE-3Dlite MkII,027,False,27,False,False,sensor,4,1F; 1H; 1Q; 7S,1H,1F; 1Q; 7S,3,4,2006-10-04,2017-03-26,2006-10-04/2017-03-26,False,Australia,10.1080/08120099.2010.481325; 10.7914/SN/1F_2009; 10.7914/SN/1H_2010; 10.7914/SN/1Q_2016,LE-3Dlite MKII; LE-3Dlite MkII; Lennartz LE-3Dlite MkII; Lennartz LE-3Dlite MkII (400 v/m/s)
confirmed-ANSIR-loan,ANSIR loan record: 1F,short-period,,True,Lennartz Electronic,Lennartz LE-3Dlite MkII,029,False,29,False,True,sensor,4,1F; 1G; 1H; 1Q,1G; 1H,1F; 1Q,2,4,2008-07-08,2017-07-14,2008-07-08/2017-07-14,False,Australia,10.7914/SN/1F_2009; 10.7914/SN/1G_2008; 10.7914/SN/1H_2010; 10.7914/SN/1Q_2016,LE-3Dlite MKII; LE-3Dlite MkII; Lennartz LE-3D Lite MkII; Lennartz LE-3Dlite MkII (400 v/m/s)
confirmed-ANSIR-loan,ANSIR loan record: 8J,short-period,,False,Lennartz Electronic,Lennartz LE-3Dlite MkII,032,False,,False,False,sensor,1,8J,,8J,1,1,2013-09-16,2014-05-18,2013-09-16/2014-05-18,False,Australia,10.7914/SN/8J_2012,Lennartz LE-3Dlite MkII (400 v/m/s)
confirmed-ANSIR-loan,"ANSIR loan record: 1F,8J",short-period,,True,Lennartz Electronic,Lennartz LE-3Dlite MkII,033,False,33,False,True,sensor,5,1F; 1G; 1Q; 7S; 8J,1G,1F; 1Q; 7S; 8J,4,5,2006-10-07,2017-08-08,2006-10-07/2017-08-08,False,Australia,10.1080/08120099.2010.481325; 10.7914/SN/1F_2009; 10.7914/SN/1G_2008; 10.7914/SN/1Q_2016; 10.7914/SN/8J_2012,LE-3Dlite MKII; Lennartz LE-3D Lite MkII; Lennartz LE-3Dlite MkII; Lennartz LE-3Dlite MkII (400 v/m/s)
confirmed-ANSIR-loan,ANSIR loan record: 8J,short-period,,True,Lennartz Electronic,Lennartz LE-3Dlite MkII,035,False,35,False,False,sensor,3,1Q; 7S; 8J,,1Q; 7S; 8J,3,3,2006-10-08,2017-10-12,2006-10-08/2017-10-12,False,Australia,10.1080/08120099.2010.481325; 10.7914/SN/1Q_2016; 10.7914/SN/8J_2012,Lennartz LE-3Dlite MkII; Lennartz LE-3Dlite MkII (400 v/m/s)
confirmed-ANSIR-loan,ANSIR loan record: 4J,short-period,,False,Lennartz Electronic,Lennartz LE-3Dlite MkII,0363,False,363,False,True,sensor,2,1G; 4J,1G,4J,1,2,2008-07-04,2014-11-15,2008-07-04/2014-11-15,False,Australia,10.7914/SN/1G_2008; 10.7914/SN/4J_2014,Lennartz LE-3D Lite MkII; Lennartz LE-3Dlite MkII (400 v/m/s)
confirmed-ANSIR-loan,ANSIR loan record: 8J,short-period,,True,Lennartz Electronic,Lennartz LE-3Dlite MkII,037,False,37,False,False,sensor,3,1Q; 7S; 8J,,1Q; 7S; 8J,3,4,2006-10-07,2017-10-16,2006-10-07/2017-10-16,False,Australia,10.1080/08120099.2010.481325; 10.7914/SN/1Q_2016; 10.7914/SN/8J_2012,Lennartz LE-3Dlite MkII; Lennartz LE-3Dlite MkII (400 v/m/s)
confirmed-ANSIR-loan,ANSIR loan record: 8J,short-period,,False,Lennartz Electronic,Lennartz LE-3Dlite MkII,038,False,,False,True,sensor,2,1G; 8J,1G,8J,1,2,2008-10-19,2014-07-31,2008-10-19/2014-07-31,False,Australia,10.7914/SN/1G_2008; 10.7914/SN/8J_2012,Lennartz LE-3D Lite MkII; Lennartz LE-3Dlite MkII (400 v/m/s)
confirmed-ANSIR-loan,"ANSIR loan record: 1F,4J,8J",short-period,,True,Lennartz Electronic,Lennartz LE-3Dlite MkII,039,False,39,False,False,sensor,4,1F; 4J; 7S; 8J,,1F; 4J; 7S; 8J,4,4,2006-10-09,2015-10-21,2006-10-09/2015-10-21,False,Australia,10.1080/08120099.2010.481325; 10.7914/SN/1F_2009; 10.7914/SN/4J_2014; 10.7914/SN/8J_2012,LE-3Dlite MKII; Lennartz LE-3Dlite MkII; Lennartz LE-3Dlite MkII (400 v/m/s)
confirmed-ANSIR-loan,"ANSIR loan record: 1F,8J",short-period,,True,Lennartz Electronic,Lennartz LE-3Dlite MkII,041,False,41,False,False,sensor,3,1F; 1H; 8J,1H,1F; 8J,2,3,2009-04-23,2014-08-02,2009-04-23/2014-08-02,False,Australia,10.7914/SN/1F_2009; 10.7914/SN/1H_2010; 10.7914/SN/8J_2012,LE-3Dlite MKII; LE-3Dlite MkII; Lennartz LE-3Dlite MkII (400 v/m/s)
confirmed-ANSIR-loan,ANSIR loan record: 1F,short-period,,True,Lennartz Electronic,Lennartz LE-3Dlite MkII,042,False,42,False,False,sensor,2,1F; 7L,,1F; 7L,2,2,2009-04-26,2013-01-08,2009-04-26/2013-01-08,False,Australia,10.7914/SN/1F_2009; 10.7914/SN/7L_2011,LE-3Dlite MKII; LE-3Dlite MkII
confirmed-ANSIR-loan,ANSIR loan record: 8J,short-period,,True,Lennartz Electronic,Lennartz LE-3Dlite MkII,045,False,45,False,False,sensor,2,1Q; 8J,,1Q; 8J,2,2,2013-09-14,2017-07-09,2013-09-14/2017-07-09,False,Australia,10.7914/SN/1Q_2016; 10.7914/SN/8J_2012,Lennartz LE-3Dlite MkII (400 v/m/s)
confirmed-ANSIR-loan,ANSIR loan record: 8J,short-period,,True,Lennartz Electronic,Lennartz LE-3Dlite MkII,046,False,,False,False,sensor,3,1Q; 7S; 8J,,1Q; 7S; 8J,3,3,2006-10-05,2017-10-18,2006-10-05/2017-10-18,False,Australia,10.1080/08120099.2010.481325; 10.7914/SN/1Q_2016; 10.7914/SN/8J_2012,Lennartz LE-3Dlite MkII; Lennartz LE-3Dlite MkII (400 v/m/s)
confirmed-ANSIR-loan,ANSIR loan record: 8J,short-period,,False,Lennartz Electronic,Lennartz LE-3Dlite MkII,047,False,,False,False,sensor,1,8J,,8J,1,1,2012-11-21,2014-03-24,2012-11-21/2014-03-24,False,Australia,10.7914/SN/8J_2012,Lennartz LE-3Dlite MkII (400 v/m/s)
confirmed-ANSIR-loan,ANSIR loan record: 8J,short-period,,True,Lennartz Electronic,Lennartz LE-3Dlite MkII,048,False,48,False,False,sensor,4,1H; 1Q; 7S; 8J,1H,1Q; 7S; 8J,3,4,2006-10-05,2017-03-01,2006-10-05/2017-03-01,False,Australia,10.1080/08120099.2010.481325; 10.7914/SN/1H_2010; 10.7914/SN/1Q_2016; 10.7914/SN/8J_2012,LE-3Dlite MkII; Lennartz LE-3Dlite MkII; Lennartz LE-3Dlite MkII (400 v/m/s)
confirmed-ANSIR-loan,"ANSIR loan record: 4J,8J",short-period,,False,Lennartz Electronic,Lennartz LE-3Dlite MkII,049,False,,False,False,sensor,2,4J; 8J,,4J; 8J,2,3,2012-11-20,2015-07-19,2012-11-20/2015-07-19,False,Australia,10.7914/SN/4J_2014; 10.7914/SN/8J_2012,Lennartz LE-3Dlite MkII (400 v/m/s)
confirmed-ANSIR-loan,"ANSIR loan record: 4J,8J",short-period,,False,Lennartz Electronic,Lennartz LE-3Dlite MkII,051,False,,False,False,sensor,2,4J; 8J,,4J; 8J,2,2,2013-09-11,2015-10-16,2013-09-11/2015-10-16,False,Australia,10.7914/SN/4J_2014; 10.7914/SN/8J_2012,Lennartz LE-3Dlite MkII (400 v/m/s)
confirmed-ANSIR-loan,ANSIR loan record: 8J,short-period,,False,Lennartz Electronic,Lennartz LE-3Dlite MkII,057,False,,False,False,sensor,1,8J,,8J,1,1,2013-09-16,2014-08-04,2013-09-16/2014-08-04,False,Australia,10.7914/SN/8J_2012,Lennartz LE-3Dlite MkII (400 v/m/s)
confirmed-ANSIR-loan,ANSIR loan record: 8J,short-period,,True,Lennartz Electronic,Lennartz LE-3Dlite MkII,061,False,61,False,False,sensor,2,1Q; 8J,,1Q; 8J,2,2,2014-05-19,2017-10-14,2014-05-19/2017-10-14,False,Australia,10.7914/SN/1Q_2016; 10.7914/SN/8J_2012,Lennartz LE-3Dlite MkII (400 v/m/s)
confirmed-ANSIR-loan,ANSIR loan record: 4J,short-period,,False,Lennartz Electronic,Lennartz LE-3Dlite MkII,062,False,,False,False,sensor,1,4J,,4J,1,1,2014-05-22,2015-06-28,2014-05-22/2015-06-28,False,Australia,10.7914/SN/4J_2014,Lennartz LE-3Dlite MkII (400 v/m/s)
confirmed-ANSIR-loan,ANSIR loan record: 1F,short-period,,True,Lennartz Electronic,Lennartz LE-3Dlite MkII,17,False,,False,False,sensor,2,1F; 1Q,,1F; 1Q,2,2,2009-04-20,2017-10-12,2009-04-20/2017-10-12,False,Australia,10.7914/SN/1F_2009; 10.7914/SN/1Q_2016,LE-3Dlite MKII; Lennartz LE-3Dlite MkII (400 v/m/s)
confirmed-ANSIR-loan,ANSIR loan record: 8J,short-period,,True,Lennartz Electronic,Lennartz LE-3Dlite MkII,185,False,,False,False,sensor,2,1H; 8J,1H,8J,1,2,2010-11-08,2014-07-31,2010-11-08/2014-07-31,False,Australia,10.7914/SN/1H_2010; 10.7914/SN/8J_2012,LE-3Dlite MkII; Lennartz LE-3Dlite MkII (400 v/m/s)
confirmed-ANSIR-loan,ANSIR loan record: 4J,short-period,,True,Lennartz Electronic,Lennartz LE-3Dlite MkII,190,False,,False,False,sensor,2,1Q; 4J,,1Q; 4J,2,2,2014-09-08,2017-10-17,2014-09-08/2017-10-17,False,Australia,10.7914/SN/1Q_2016; 10.7914/SN/4J_2014,Lennartz LE-3Dlite MkII (400 v/m/s)
confirmed-ANSIR-loan,"ANSIR loan record: 4J,8J",short-period,,False,Lennartz Electronic,Lennartz LE-3Dlite MkII,191,False,,False,False,sensor,3,4J; 7T; 8J,,4J; 7T; 8J,3,3,2007-02-14,2015-05-06,2007-02-14/2015-05-06,False,Australia,10.7914/SN/4J_2014; 10.7914/SN/7T_2007; 10.7914/SN/8J_2012,LE-3Dlite MkII; Lennartz LE-3Dlite MkII (400 v/m/s)
confirmed-ANSIR-loan,"ANSIR loan record: 1F,4J",short-period,,True,Lennartz Electronic,Lennartz LE-3Dlite MkII,192,False,,False,False,sensor,2,1F; 4J,,1F; 4J,2,2,2009-04-24,2015-05-23,2009-04-24/2015-05-23,False,Australia,10.7914/SN/1F_2009; 10.7914/SN/4J_2014,LE-3Dlite MKII; Lennartz LE-3Dlite MkII (400 v/m/s)
confirmed-ANSIR-loan,ANSIR loan record: 4J,short-period,,False,Lennartz Electronic,Lennartz LE-3Dlite MkII,193,False,,False,False,sensor,1,4J,,4J,1,1,2014-05-22,2015-06-24,2014-05-22/2015-06-24,False,Australia,10.7914/SN/4J_2014,Lennartz LE-3Dlite MkII (400 v/m/s)
confirmed-ANSIR-loan,ANSIR loan record: 8J,short-period,,True,Lennartz Electronic,Lennartz LE-3Dlite MkII,197,False,,False,False,sensor,3,1Q; 7T; 8J,,1Q; 7T; 8J,3,3,2007-02-15,2017-07-05,2007-02-15/2017-07-05,False,Australia,10.7914/SN/1Q_2016; 10.7914/SN/7T_2007; 10.7914/SN/8J_2012,LE-3Dlite MkII; Lennartz LE-3Dlite MkII (400 v/m/s)
confirmed-ANSIR-loan,ANSIR loan record: 4J,short-period,,False,Lennartz Electronic,Lennartz LE-3Dlite MkII,199,False,,False,False,sensor,1,4J,,4J,1,1,2014-05-24,2015-06-17,2014-05-24/2015-06-17,False,Australia,10.7914/SN/4J_2014,Lennartz LE-3Dlite MkII (400 v/m/s)
confirmed-ANSIR-loan,"ANSIR loan record: 1F,8J",short-period,,True,Lennartz Electronic,Lennartz LE-3Dlite MkII,200,False,,False,False,sensor,4,1F; 1Q; 7L; 8J,,1F; 1Q; 7L; 8J,4,4,2009-04-20,2017-08-11,2009-04-20/2017-08-11,False,Australia,10.7914/SN/1F_2009; 10.7914/SN/1Q_2016; 10.7914/SN/7L_2011; 10.7914/SN/8J_2012,LE-3Dlite MKII; LE-3Dlite MkII; Lennartz LE-3Dlite MkII (400 v/m/s)
confirmed-ANSIR-loan,"ANSIR loan record: 4J,8J",short-period,,False,Lennartz Electronic,Lennartz LE-3Dlite MkII,203,False,,False,False,sensor,2,4J; 8J,,4J; 8J,2,2,2013-09-18,2015-03-19,2013-09-18/2015-03-19,False,Australia,10.7914/SN/4J_2014; 10.7914/SN/8J_2012,Lennartz LE-3Dlite MkII (400 v/m/s)
confirmed-ANSIR-loan,ANSIR loan record: 8J,short-period,,False,Lennartz Electronic,Lennartz LE-3Dlite MkII,204,False,,False,False,sensor,1,8J,,8J,1,1,2013-09-10,2014-07-29,2013-09-10/2014-07-29,False,Australia,10.7914/SN/8J_2012,Lennartz LE-3Dlite MkII (400 v/m/s)
confirmed-ANSIR-loan,ANSIR loan record: 8J,short-period,,False,Lennartz Electronic,Lennartz LE-3Dlite MkII,205,False,,False,False,sensor,2,7T; 8J,,7T; 8J,2,2,2007-02-20,2014-08-06,2007-02-20/2014-08-06,False,Australia,10.7914/SN/7T_2007; 10.7914/SN/8J_2012,LE-3Dlite MkII; Lennartz LE-3Dlite MkII (400 v/m/s)
confirmed-ANSIR-loan,ANSIR loan record: 8J,short-period,,True,Lennartz Electronic,Lennartz LE-3Dlite MkII,209,False,,False,False,sensor,2,1Q; 8J,,1Q; 8J,2,2,2014-01-16,2017-01-08,2014-01-16/2017-01-08,False,Australia,10.7914/SN/1Q_2016; 10.7914/SN/8J_2012,Lennartz LE-3Dlite MkII (400 v/m/s)
confirmed-ANSIR-loan,ANSIR loan record: 1F,short-period,,True,Lennartz Electronic,Lennartz LE-3Dlite MkII,31,False,031,False,False,sensor,3,1F; 1K; 1Q,,1F; 1K; 1Q,3,3,2009-04-25,2017-10-18,2009-04-25/2017-10-18,False,Australia,10.7914/SN/1F_2009; 10.7914/SN/1Q_2016,LE-3Dlite MKII; Lennartz LE-3Dlite MkII (400 v/m/s)
confirmed-ANSIR-loan,"ANSIR loan record: 4J,8J",short-period,,False,Lennartz Electronic,Lennartz LE-3Dlite MkII,337,False,,False,False,sensor,2,4J; 8J,,4J; 8J,2,2,2013-09-11,2015-10-23,2013-09-11/2015-10-23,False,Australia,10.7914/SN/4J_2014; 10.7914/SN/8J_2012,Lennartz LE-3Dlite MkII (400 v/m/s)
confirmed-ANSIR-loan,ANSIR loan record: 8J,short-period,,True,Lennartz Electronic,Lennartz LE-3Dlite MkII,339,False,,False,False,sensor,2,1Q; 8J,,1Q; 8J,2,2,2013-09-13,2017-07-03,2013-09-13/2017-07-03,False,Australia,10.7914/SN/1Q_2016; 10.7914/SN/8J_2012,Lennartz LE-3Dlite MkII (400 v/m/s)
confirmed-ANSIR-loan,ANSIR loan record: 8J,short-period,,False,Lennartz Electronic,Lennartz LE-3Dlite MkII,340,False,,False,False,sensor,1,8J,,8J,1,1,2013-09-13,2014-08-02,2013-09-13/2014-08-02,False,Australia,10.7914/SN/8J_2012,Lennartz LE-3Dlite MkII (400 v/m/s)
confirmed-ANSIR-loan,ANSIR loan record: 8J,short-period,,False,Lennartz Electronic,Lennartz LE-3Dlite MkII,343,False,,False,False,sensor,1,8J,,8J,1,1,2013-09-10,2014-10-12,2013-09-10/2014-10-12,False,Australia,10.7914/SN/8J_2012,Lennartz LE-3Dlite MkII (400 v/m/s)
confirmed-ANSIR-loan,ANSIR loan record: 8J,short-period,,False,Lennartz Electronic,Lennartz LE-3Dlite MkII,346,False,,False,False,sensor,1,8J,,8J,1,1,2013-09-12,2014-07-31,2013-09-12/2014-07-31,False,Australia,10.7914/SN/8J_2012,Lennartz LE-3Dlite MkII (400 v/m/s)
confirmed-ANSIR-loan,"ANSIR loan record: 4J,8J",short-period,,False,Lennartz Electronic,Lennartz LE-3Dlite MkII,347,False,,False,False,sensor,2,4J; 8J,,4J; 8J,2,2,2013-09-18,2015-09-26,2013-09-18/2015-09-26,False,Australia,10.7914/SN/4J_2014; 10.7914/SN/8J_2012,Lennartz LE-3Dlite MkII (400 v/m/s)
confirmed-ANSIR-loan,ANSIR loan record: 8J,short-period,,True,Lennartz Electronic,Lennartz LE-3Dlite MkII,348,False,,False,False,sensor,2,1Q; 8J,,1Q; 8J,2,2,2013-09-15,2017-10-15,2013-09-15/2017-10-15,False,Australia,10.7914/SN/1Q_2016; 10.7914/SN/8J_2012,Lennartz LE-3Dlite MkII (400 v/m/s)
confirmed-ANSIR-loan,ANSIR loan record: 8J,short-period,,True,Lennartz Electronic,Lennartz LE-3Dlite MkII,349,False,,False,False,sensor,2,1Q; 8J,,1Q; 8J,2,2,2013-09-15,2017-10-12,2013-09-15/2017-10-12,False,Australia,10.7914/SN/1Q_2016; 10.7914/SN/8J_2012,Lennartz LE-3Dlite MkII (400 v/m/s)
confirmed-ANSIR-loan,"ANSIR loan record: 4J,8J",short-period,,True,Lennartz Electronic,Lennartz LE-3Dlite MkII,353,False,,False,False,sensor,3,1Q; 4J; 8J,,1Q; 4J; 8J,3,3,2013-09-19,2017-10-17,2013-09-19/2017-10-17,False,Australia,10.7914/SN/1Q_2016; 10.7914/SN/4J_2014; 10.7914/SN/8J_2012,Lennartz LE-3Dlite MkII (400 v/m/s)
confirmed-ANSIR-loan,ANSIR loan record: 1F,short-period,,True,Lennartz Electronic,Lennartz LE-3Dlite MkII,355,False,,False,False,sensor,1,1F,,1F,1,1,2009-04-21,2009-10-16,2009-04-21/2009-10-16,False,Australia,10.7914/SN/1F_2009,LE-3Dlite MKII
confirmed-ANSIR-loan,ANSIR loan record: 8J,short-period,,True,Lennartz Electronic,Lennartz LE-3Dlite MkII,356,False,,False,False,sensor,2,1Q; 8J,,1Q; 8J,2,2,2013-09-11,2017-10-17,2013-09-11/2017-10-17,False,Australia,10.7914/SN/1Q_2016; 10.7914/SN/8J_2012,Lennartz LE-3Dlite MkII (400 v/m/s)
confirmed-ANSIR-loan,"ANSIR loan record: 4J,8J",short-period,,False,Lennartz Electronic,Lennartz LE-3Dlite MkII,358,False,,False,False,sensor,2,4J; 8J,,4J; 8J,2,2,2013-09-13,2015-10-21,2013-09-13/2015-10-21,False,Australia,10.7914/SN/4J_2014; 10.7914/SN/8J_2012,Lennartz LE-3Dlite MkII (400 v/m/s)
confirmed-ANSIR-loan,ANSIR loan record: 8J,short-period,,False,Lennartz Electronic,Lennartz LE-3Dlite MkII,359,False,,False,False,sensor,1,8J,,8J,1,1,2013-09-13,2014-07-31,2013-09-13/2014-07-31,False,Australia,10.7914/SN/8J_2012,Lennartz LE-3Dlite MkII (400 v/m/s)
confirmed-ANSIR-loan,"ANSIR loan record: 1F,4J",short-period,,True,Lennartz Electronic,Lennartz LE-3Dlite MkII,361,False,0361,False,True,sensor,3,1F; 1G; 4J,1G,1F; 4J,2,3,2008-07-05,2015-10-26,2008-07-05/2015-10-26,False,Australia,10.7914/SN/1F_2009; 10.7914/SN/1G_2008; 10.7914/SN/4J_2014,LE-3Dlite MKII; Lennartz LE-3D Lite MkII; Lennartz LE-3Dlite MkII (400 v/m/s)
confirmed-ANSIR-loan,"ANSIR loan record: 1F,4J",short-period,,True,Lennartz Electronic,Lennartz LE-3Dlite MkII,362,False,,False,False,sensor,2,1F; 4J,,1F; 4J,2,2,2009-04-24,2015-07-22,2009-04-24/2015-07-22,False,Australia,10.7914/SN/1F_2009; 10.7914/SN/4J_2014,LE-3Dlite MKII; Lennartz LE-3Dlite MkII (400 v/m/s)
confirmed-ANSIR-loan,ANSIR loan record: 1F,short-period,,True,Lennartz Electronic,Lennartz LE-3Dlite MkII,364,False,,False,False,sensor,1,1F,,1F,1,1,2009-04-22,2009-10-29,2009-04-22/2009-10-29,False,Australia,10.7914/SN/1F_2009,LE-3Dlite MKII
confirmed-ANSIR-loan,ANSIR loan record: 1F,short-period,,True,Lennartz Electronic,Lennartz LE-3Dlite MkII,365,False,,False,True,sensor,2,1F; 1G,1G,1F,1,2,2008-07-09,2009-11-05,2008-07-09/2009-11-05,False,Australia,10.7914/SN/1F_2009; 10.7914/SN/1G_2008,LE-3Dlite MKII; Lennartz LE-3D Lite MkII
confirmed-ANSIR-loan,ANSIR loan record: 4J,short-period,,False,Lennartz Electronic,Lennartz LE-3Dlite MkII,456,False,,False,False,sensor,1,4J,,4J,1,1,2014-09-12,2015-10-24,2014-09-12/2015-10-24,False,Australia,10.7914/SN/4J_2014,Lennartz LE-3Dlite MkII (400 v/m/s)
confirmed-ANSIR-loan,"ANSIR loan record: 4J,8J",short-period,,True,Lennartz Electronic,Lennartz LE-3Dlite MkII,458,False,,False,False,sensor,3,1Q; 4J; 8J,,1Q; 4J; 8J,3,3,2013-09-14,2017-10-10,2013-09-14/2017-10-10,False,Australia,10.7914/SN/1Q_2016; 10.7914/SN/4J_2014; 10.7914/SN/8J_2012,Lennartz LE-3Dlite MkII (400 v/m/s)
confirmed-ANSIR-loan,"ANSIR loan record: 4J,8J",short-period,,True,Lennartz Electronic,Lennartz LE-3Dlite MkII,460,False,,False,False,sensor,3,1Q; 4J; 8J,,1Q; 4J; 8J,3,3,2013-09-12,2017-09-26,2013-09-12/2017-09-26,False,Australia,10.7914/SN/1Q_2016; 10.7914/SN/4J_2014; 10.7914/SN/8J_2012,Lennartz LE-3Dlite MkII (400 v/m/s)
confirmed-ANSIR-loan,"ANSIR loan record: 4J,8J",short-period,,False,Lennartz Electronic,Lennartz LE-3Dlite MkII,461,False,,False,False,sensor,2,4J; 8J,,4J; 8J,2,2,2013-09-19,2015-06-24,2013-09-19/2015-06-24,False,Australia,10.7914/SN/4J_2014; 10.7914/SN/8J_2012,Lennartz LE-3Dlite MkII (400 v/m/s)
confirmed-ANSIR-loan,ANSIR loan record: 8J,short-period,,True,Lennartz Electronic,Lennartz LE-3Dlite MkII,463,False,,False,False,sensor,2,1Q; 8J,,1Q; 8J,2,2,2013-09-17,2017-10-11,2013-09-17/2017-10-11,False,Australia,10.7914/SN/1Q_2016; 10.7914/SN/8J_2012,Lennartz LE-3Dlite MkII (400 v/m/s)
confirmed-ANSIR-loan,ANSIR loan record: 8J,short-period,,True,Lennartz Electronic,Lennartz LE-3Dlite MkII,465,False,,False,False,sensor,3,7L; 8J; ZR,,7L; 8J; ZR,3,3,2010-04-30,2014-08-04,2010-04-30/2014-08-04,False,Australia,10.7914/SN/7L_2011; 10.7914/SN/8J_2012; 10.7914/SN/ZR_2009,LE-3Dlite MkII; Lennartz LE-3Dlite MkII (400 v/m/s)
confirmed-ANSIR-loan,ANSIR loan record: 1F,short-period,,True,Lennartz Electronic,Lennartz LE-3Dlite MkII,50,False,,False,False,sensor,2,1F; 1Q,,1F; 1Q,2,2,2009-04-19,2017-10-14,2009-04-19/2017-10-14,False,Australia,10.7914/SN/1F_2009; 10.7914/SN/1Q_2016,LE-3Dlite MKII; Lennartz LE-3Dlite MkII (400 v/m/s)
confirmed-ANSIR-loan,ANSIR loan record: 1F,short-period,,True,Lennartz Electronic,Lennartz LE-3Dlite MkII,59,False,,False,False,sensor,1,1F,,1F,1,1,2009-04-18,2009-11-03,2009-04-18/2009-11-03,False,Australia,10.7914/SN/1F_2009,LE-3Dlite MKII
confirmed-ANSIR-loan,"ANSIR loan record: 4J,8J",short-period,,True,Lennartz Electronic,Lennartz LE-3Dlite MkII,981,False,,False,False,sensor,3,1Q; 4J; 8J,,1Q; 4J; 8J,3,3,2013-09-12,2017-03-22,2013-09-12/2017-03-22,False,Australia,10.7914/SN/1Q_2016; 10.7914/SN/4J_2014; 10.7914/SN/8J_2012,Lennartz LE-3Dlite MkII (400 v/m/s)
confirmed-ANSIR-loan,ANSIR loan record: 8J,short-period,,False,Lennartz Electronic,Lennartz LE-3Dlite MkII,A-0012,False,,False,False,sensor,1,8J,,8J,1,1,2012-11-25,2013-06-20,2012-11-25/2013-06-20,False,Australia,10.7914/SN/8J_2012,Lennartz LE-3Dlite MkII (400 v/m/s)
confirmed-ANSIR-loan,ANSIR loan record: 8J,short-period,,False,Lennartz Electronic,Lennartz LE-3Dlite MkII,A-0013,False,,False,False,sensor,1,8J,,8J,1,1,2012-11-27,2013-05-15,2012-11-27/2013-05-15,False,Australia,10.7914/SN/8J_2012,Lennartz LE-3Dlite MkII (400 v/m/s)
confirmed-ANSIR-loan,"ANSIR loan record: 4J,8J",short-period,,False,Lennartz Electronic,Lennartz LE-3Dlite MkII,A-0017,False,,False,False,sensor,2,4J; 8J,,4J; 8J,2,2,2012-11-20,2015-06-24,2012-11-20/2015-06-24,False,Australia,10.7914/SN/4J_2014; 10.7914/SN/8J_2012,Lennartz LE-3Dlite MkII (400 v/m/s)
confirmed-ANSIR-loan,ANSIR loan record: 8J,short-period,,False,Lennartz Electronic,Lennartz LE-3Dlite MkII,A-0020,False,,False,False,sensor,1,8J,,8J,1,1,2012-11-23,2014-03-24,2012-11-23/2014-03-24,False,Australia,10.7914/SN/8J_2012,Lennartz LE-3Dlite MkII (400 v/m/s)
confirmed-ANSIR-loan,ANSIR loan record: 8J,short-period,,False,Lennartz Electronic,Lennartz LE-3Dlite MkII,A-0024,False,,False,False,sensor,2,7S; 8J,,7S; 8J,2,2,2006-10-05,2014-03-19,2006-10-05/2014-03-19,False,Australia,10.1080/08120099.2010.481325; 10.7914/SN/8J_2012,Lennartz LE-3Dlite MkII; Lennartz LE-3Dlite MkII (400 v/m/s)
confirmed-ANSIR-loan,ANSIR loan record: 8J,short-period,,False,Lennartz Electronic,Lennartz LE-3Dlite MkII,A-0026,False,,False,False,sensor,1,8J,,8J,1,1,2012-11-24,2014-03-24,2012-11-24/2014-03-24,False,Australia,10.7914/SN/8J_2012,Lennartz LE-3Dlite MkII (400 v/m/s)
confirmed-ANSIR-loan,ANSIR loan record: 8J,short-period,,False,Lennartz Electronic,Lennartz LE-3Dlite MkII,A-0027,False,,False,False,sensor,1,8J,,8J,1,1,2012-11-25,2013-07-04,2012-11-25/2013-07-04,False,Australia,10.7914/SN/8J_2012,Lennartz LE-3Dlite MkII (400 v/m/s)
confirmed-ANSIR-loan,ANSIR loan record: 8J,short-period,,False,Lennartz Electronic,Lennartz LE-3Dlite MkII,A-0028,False,,False,False,sensor,2,7S; 8J,,7S; 8J,2,2,2006-10-07,2013-02-26,2006-10-07/2013-02-26,False,Australia,10.1080/08120099.2010.481325; 10.7914/SN/8J_2012,Lennartz LE-3Dlite MkII; Lennartz LE-3Dlite MkII (400 v/m/s)
confirmed-ANSIR-loan,ANSIR loan record: 8J,short-period,,False,Lennartz Electronic,Lennartz LE-3Dlite MkII,A-0029,False,,False,False,sensor,2,7S; 8J,,7S; 8J,2,2,2006-10-08,2014-03-08,2006-10-08/2014-03-08,False,Australia,10.1080/08120099.2010.481325; 10.7914/SN/8J_2012,Lennartz LE-3Dlite MkII; Lennartz LE-3Dlite MkII (400 v/m/s)
confirmed-ANSIR-loan,"ANSIR loan record: 4J,8J",short-period,,False,Lennartz Electronic,Lennartz LE-3Dlite MkII,A-0030,False,,False,False,sensor,2,4J; 8J,,4J; 8J,2,2,2013-09-15,2015-10-18,2013-09-15/2015-10-18,False,Australia,10.7914/SN/4J_2014; 10.7914/SN/8J_2012,Lennartz LE-3Dlite MkII (400 v/m/s)
confirmed-ANSIR-loan,ANSIR loan record: 8J,short-period,,False,Lennartz Electronic,Lennartz LE-3Dlite MkII,A-0031,False,,False,False,sensor,1,8J,,8J,1,1,2012-11-25,2013-07-05,2012-11-25/2013-07-05,False,Australia,10.7914/SN/8J_2012,Lennartz LE-3Dlite MkII (400 v/m/s)
confirmed-ANSIR-loan,ANSIR loan record: 4J,short-period,,False,Lennartz Electronic,Lennartz LE-3Dlite MkII,A-0032,False,,False,False,sensor,2,4J; 7S,,4J; 7S,2,2,2006-10-08,2015-06-24,2006-10-08/2015-06-24,False,Australia,10.1080/08120099.2010.481325; 10.7914/SN/4J_2014,Lennartz LE-3Dlite MkII; Lennartz LE-3Dlite MkII (400 v/m/s)
confirmed-ANSIR-loan,ANSIR loan record: 4J,short-period,,False,Lennartz Electronic,Lennartz LE-3Dlite MkII,A-0034,False,,False,False,sensor,1,4J,,4J,1,1,2014-09-12,2015-10-23,2014-09-12/2015-10-23,False,Australia,10.7914/SN/4J_2014,Lennartz LE-3Dlite MkII (400 v/m/s)
confirmed-ANSIR-loan,ANSIR loan record: 4J,short-period,,False,Lennartz Electronic,Lennartz LE-3Dlite MkII,A-0035,False,,False,False,sensor,1,4J,,4J,1,1,2014-09-12,2015-10-23,2014-09-12/2015-10-23,False,Australia,10.7914/SN/4J_2014,Lennartz LE-3Dlite MkII (400 v/m/s)
confirmed-ANSIR-loan,"ANSIR loan record: 4J,8J",short-period,,False,Lennartz Electronic,Lennartz LE-3Dlite MkII,A-0036,False,,False,False,sensor,2,4J; 8J,,4J; 8J,2,2,2013-09-16,2015-10-16,2013-09-16/2015-10-16,False,Australia,10.7914/SN/4J_2014; 10.7914/SN/8J_2012,Lennartz LE-3Dlite MkII (400 v/m/s)
confirmed-ANSIR-loan,ANSIR loan record: 4J,short-period,,False,Lennartz Electronic,Lennartz LE-3Dlite MkII,A-0037,False,,False,False,sensor,1,4J,,4J,1,1,2014-05-22,2015-06-22,2014-05-22/2015-06-22,False,Australia,10.7914/SN/4J_2014,Lennartz LE-3Dlite MkII (400 v/m/s)
confirmed-ANSIR-loan,ANSIR loan record: 8J,short-period,,False,Lennartz Electronic,Lennartz LE-3Dlite MkII,A-0040,False,,False,False,sensor,2,7S; 8J,,7S; 8J,2,2,2006-10-04,2013-06-23,2006-10-04/2013-06-23,False,Australia,10.1080/08120099.2010.481325; 10.7914/SN/8J_2012,Lennartz LE-3Dlite MkII; Lennartz LE-3Dlite MkII (400 v/m/s)
confirmed-ANSIR-loan,"ANSIR loan record: 4J,8J",short-period,,False,Lennartz Electronic,Lennartz LE-3Dlite MkII,A-0042,False,,False,False,sensor,2,4J; 8J,,4J; 8J,2,2,2014-01-17,2015-10-21,2014-01-17/2015-10-21,False,Australia,10.7914/SN/4J_2014; 10.7914/SN/8J_2012,Lennartz LE-3Dlite MkII (400 v/m/s)
confirmed-ANSIR-loan,ANSIR loan record: 8J,short-period,,False,Lennartz Electronic,Lennartz LE-3Dlite MkII,A-0043,False,,False,False,sensor,2,7S; 8J,,7S; 8J,2,2,2006-10-06,2013-06-29,2006-10-06/2013-06-29,False,Australia,10.1080/08120099.2010.481325; 10.7914/SN/8J_2012,Lennartz LE-3Dlite MkII; Lennartz LE-3Dlite MkII (400 v/m/s)
confirmed-ANSIR-loan,"ANSIR loan record: 4J,8J",short-period,,False,Lennartz Electronic,Lennartz LE-3Dlite MkII,A-0044,False,,False,False,sensor,2,4J; 8J,,4J; 8J,2,2,2013-09-16,2015-08-21,2013-09-16/2015-08-21,False,Australia,10.7914/SN/4J_2014; 10.7914/SN/8J_2012,Lennartz LE-3Dlite MkII (400 v/m/s)
confirmed-ANSIR-loan,ANSIR loan record: 8J,short-period,,False,Lennartz Electronic,Lennartz LE-3Dlite MkII,A-0050,False,,False,False,sensor,2,7S; 8J,,7S; 8J,2,2,2006-10-03,2013-11-13,2006-10-03/2013-11-13,False,Australia,10.1080/08120099.2010.481325; 10.7914/SN/8J_2012,Lennartz LE-3Dlite MkII; Lennartz LE-3Dlite MkII (400 v/m/s)
confirmed-ANSIR-loan,ANSIR loan record: 8J,short-period,,False,Lennartz Electronic,Lennartz LE-3Dlite MkII,A-0053,False,,False,False,sensor,1,8J,,8J,1,1,2012-11-21,2014-03-01,2012-11-21/2014-03-01,False,Australia,10.7914/SN/8J_2012,Lennartz LE-3Dlite MkII (400 v/m/s)
confirmed-ANSIR-loan,ANSIR loan record: 8J,short-period,,False,Lennartz Electronic,Lennartz LE-3Dlite MkII,A-0054,False,,False,False,sensor,1,8J,,8J,1,1,2012-11-19,2014-03-27,2012-11-19/2014-03-27,False,Australia,10.7914/SN/8J_2012,Lennartz LE-3Dlite MkII (400 v/m/s)
confirmed-ANSIR-loan,ANSIR loan record: 8J,short-period,,False,Lennartz Electronic,Lennartz LE-3Dlite MkII,A-0055,False,,False,False,sensor,1,8J,,8J,1,1,2012-11-23,2014-03-21,2012-11-23/2014-03-21,False,Australia,10.7914/SN/8J_2012,Lennartz LE-3Dlite MkII (400 v/m/s)
confirmed-ANSIR-loan,ANSIR loan record: 4J,short-period,,False,Lennartz Electronic,Lennartz LE-3Dlite MkII,A-0056,False,,False,False,sensor,1,4J,,4J,1,1,2014-05-20,2016-01-24,2014-05-20/2016-01-24,False,Australia,10.7914/SN/4J_2014,Lennartz LE-3Dlite MkII (400 v/m/s)
confirmed-ANSIR-loan,ANSIR loan record: 8J,short-period,,False,Lennartz Electronic,Lennartz LE-3Dlite MkII,A-0058,False,,False,False,sensor,1,8J,,8J,1,1,2013-09-11,2014-07-29,2013-09-11/2014-07-29,False,Australia,10.7914/SN/8J_2012,Lennartz LE-3Dlite MkII (400 v/m/s)
confirmed-ANSIR-loan,ANSIR loan record: 8J,short-period,,False,Lennartz Electronic,Lennartz LE-3Dlite MkII,A-0060,False,,False,False,sensor,2,7S; 8J,,7S; 8J,2,2,2006-10-03,2013-06-23,2006-10-03/2013-06-23,False,Australia,10.1080/08120099.2010.481325; 10.7914/SN/8J_2012,Lennartz LE-3Dlite MkII; Lennartz LE-3Dlite MkII (400 v/m/s)
confirmed-ANSIR-loan,ANSIR loan record: 4J,short-period,,False,Lennartz Electronic,Lennartz LE-3Dlite MkII,A-0061,False,,False,False,sensor,2,4J; 7S,,4J; 7S,2,2,2006-10-05,2015-05-08,2006-10-05/2015-05-08,False,Australia,10.1080/08120099.2010.481325; 10.7914/SN/4J_2014,Lennartz LE-3Dlite MkII; Lennartz LE-3Dlite MkII (400 v/m/s)
confirmed-ANSIR-loan,ANSIR loan record: 8J,short-period,,False,Lennartz Electronic,Lennartz LE-3Dlite MkII,A-0062,False,,False,False,sensor,2,7S; 8J,,7S; 8J,2,2,2006-10-07,2014-03-29,2006-10-07/2014-03-29,False,Australia,10.1080/08120099.2010.481325; 10.7914/SN/8J_2012,Lennartz LE-3Dlite MkII; Lennartz LE-3Dlite MkII (400 v/m/s)
confirmed-ANSIR-loan,ANSIR loan record: 8J,short-period,,False,Lennartz Electronic,Lennartz LE-3Dlite MkII,A-0064,False,,False,False,sensor,1,8J,,8J,1,1,2012-11-24,2013-06-13,2012-11-24/2013-06-13,False,Australia,10.7914/SN/8J_2012,Lennartz LE-3Dlite MkII (400 v/m/s)
confirmed-ANSIR-loan,"ANSIR loan record: 4J,8J",short-period,,False,Lennartz Electronic,Lennartz LE-3Dlite MkII,A-0065,False,,False,False,sensor,3,4J; 7S; 8J,,4J; 7S; 8J,3,3,2006-10-08,2015-08-23,2006-10-08/2015-08-23,False,Australia,10.1080/08120099.2010.481325; 10.7914/SN/4J_2014; 10.7914/SN/8J_2012,Lennartz LE-3Dlite MkII; Lennartz LE-3Dlite MkII (400 v/m/s)
confirmed-ANSIR-loan,ANSIR loan record: 1F,short-period,,True,Lennartz Electronic,Lennartz LE-3Dlite MkII,A-052,False,A052,False,True,sensor,3,1F; 1G; 1K,1G,1F; 1K,2,4,2008-07-04,2015-09-13,2008-07-04/2015-09-13,False,Australia,10.7914/SN/1F_2009; 10.7914/SN/1G_2008,LE-3Dlite MKII; Lennartz LE-3D Lite MkII; Lennartz LE-3Dlite MkII (400 v/m/s)
confirmed-ANSIR-loan,ANSIR loan record: 1F,short-period,,True,Lennartz Electronic,Lennartz LE-3Dlite MkII,A038,False,,False,False,sensor,1,1F,,1F,1,1,2009-04-18,2009-11-04,2009-04-18/2009-11-04,False,Australia,10.7914/SN/1F_2009,LE-3Dlite MKII
confirmed-ANSIR-loan,ANSIR loan record: 1F,short-period,,True,Lennartz Electronic,Lennartz LE-3Dlite MkII,A045,False,,False,True,sensor,2,1F; 1G,1G,1F,1,2,2008-08-10,2009-09-13,2008-08-10/2009-09-13,False,Australia,10.7914/SN/1F_2009; 10.7914/SN/1G_2008,LE-3Dlite MKII; Lennartz LE-3D Lite MkII
confirmed-ANSIR-loan,ANSIR loan record: 1F,short-period,,True,Lennartz Electronic,Lennartz LE-3Dlite MkII,A054,False,,False,True,sensor,2,1F; 1G,1G,1F,1,2,2008-07-06,2009-10-25,2008-07-06/2009-10-25,False,Australia,10.7914/SN/1F_2009; 10.7914/SN/1G_2008,LE-3Dlite MKII; Lennartz LE-3D Lite MkII
confirmed-ANSIR-loan,ANSIR loan record: 1F,short-period,,True,Lennartz Electronic,Lennartz LE-3Dlite MkII,A065,False,,False,True,sensor,2,1F; 1G,1G,1F,1,2,2008-08-27,2009-11-01,2008-08-27/2009-11-01,False,Australia,10.7914/SN/1F_2009; 10.7914/SN/1G_2008,LE-3Dlite MKII; Lennartz LE-3D Lite MkII
confirmed-ANSIR-loan,ANSIR loan record: 4J,short-period,,False,Lennartz Electronic,Lennartz LE-3Dlite MkII,B-0045,False,,False,False,sensor,1,4J,,4J,1,1,2014-05-23,2015-10-06,2014-05-23/2015-10-06,False,Australia,10.7914/SN/4J_2014,Lennartz LE-3Dlite MkII (400 v/m/s)
confirmed-ANSIR-loan,ANSIR loan record: 8J,short-period,,False,Lennartz Electronic,Lennartz LE-3Dlite MkII,D-0187,False,,False,False,sensor,1,8J,,8J,1,1,2012-11-23,2013-07-02,2012-11-23/2013-07-02,False,Australia,10.7914/SN/8J_2012,Lennartz LE-3Dlite MkII (400 v/m/s)
confirmed-ANSIR-loan,ANSIR loan record: 8J,short-period,,False,Lennartz Electronic,Lennartz LE-3Dlite MkII,D-0190,False,,False,False,sensor,1,8J,,8J,1,1,2013-09-10,2014-07-28,2013-09-10/2014-07-28,False,Australia,10.7914/SN/8J_2012,Lennartz LE-3Dlite MkII (400 v/m/s)
confirmed-ANSIR-loan,ANSIR loan record: 8J,short-period,,False,Lennartz Electronic,Lennartz LE-3Dlite MkII,D-0192,False,,False,False,sensor,1,8J,,8J,1,1,2012-11-25,2013-07-04,2012-11-25/2013-07-04,False,Australia,10.7914/SN/8J_2012,Lennartz LE-3Dlite MkII (400 v/m/s)
confirmed-ANSIR-loan,ANSIR loan record: 8J,short-period,,False,Lennartz Electronic,Lennartz LE-3Dlite MkII,D-0194,False,,False,False,sensor,1,8J,,8J,1,1,2012-11-25,2013-07-05,2012-11-25/2013-07-05,False,Australia,10.7914/SN/8J_2012,Lennartz LE-3Dlite MkII (400 v/m/s)
confirmed-ANSIR-loan,ANSIR loan record: 8J,short-period,,False,Lennartz Electronic,Lennartz LE-3Dlite MkII,D-0196,False,,False,False,sensor,2,1K; 8J,,1K; 8J,2,2,2012-11-26,2014-10-11,2012-11-26/2014-10-11,False,Australia,10.7914/SN/8J_2012,Lennartz LE-3Dlite MkII (400 v/m/s)
confirmed-ANSIR-loan,ANSIR loan record: 8J,short-period,,False,Lennartz Electronic,Lennartz LE-3Dlite MkII,D-0199,False,,False,False,sensor,1,8J,,8J,1,1,2012-11-22,2014-03-22,2012-11-22/2014-03-22,False,Australia,10.7914/SN/8J_2012,Lennartz LE-3Dlite MkII (400 v/m/s)
confirmed-ANSIR-loan,ANSIR loan record: 4J,short-period,,False,Lennartz Electronic,Lennartz LE-3Dlite MkII,D-0200,False,,False,False,sensor,2,1L; 4J,,1L; 4J,2,2,2014-09-08,2021-06-10,2014-09-08/2021-06-10,False,Australia,10.7914/63mk-n625; 10.7914/SN/4J_2014,Lennartz LE-3Dlite MkII (400 v/m/s)
confirmed-ANSIR-loan,"ANSIR loan record: 1F,4J,8J",short-period,,True,Lennartz Electronic,Lennartz LE-3Dlite MkII,D-0201,False,D0201,False,True,sensor,4,1F; 1G; 4J; 8J,1G,1F; 4J; 8J,3,4,2008-07-02,2015-10-24,2008-07-02/2015-10-24,False,Australia,10.7914/SN/1F_2009; 10.7914/SN/1G_2008; 10.7914/SN/4J_2014; 10.7914/SN/8J_2012,LE-3Dlite MKII; Lennartz LE-3D Lite MkII; Lennartz LE-3Dlite MkII (400 v/m/s)
confirmed-ANSIR-loan,ANSIR loan record: 4J,short-period,,False,Lennartz Electronic,Lennartz LE-3Dlite MkII,D-0204,False,,False,False,sensor,1,4J,,4J,1,1,2014-09-07,2015-10-14,2014-09-07/2015-10-14,False,Australia,10.7914/SN/4J_2014,Lennartz LE-3Dlite MkII (400 v/m/s)
confirmed-ANSIR-loan,ANSIR loan record: 8J,short-period,,False,Lennartz Electronic,Lennartz LE-3Dlite MkII,D-0206,False,,False,False,sensor,1,8J,,8J,1,1,2012-11-20,2013-12-17,2012-11-20/2013-12-17,False,Australia,10.7914/SN/8J_2012,Lennartz LE-3Dlite MkII (400 v/m/s)
confirmed-ANSIR-loan,ANSIR loan record: 8J,short-period,,False,Lennartz Electronic,Lennartz LE-3Dlite MkII,D-0207,False,,False,False,sensor,1,8J,,8J,1,1,2012-11-27,2013-07-07,2012-11-27/2013-07-07,False,Australia,10.7914/SN/8J_2012,Lennartz LE-3Dlite MkII (400 v/m/s)
confirmed-ANSIR-loan,ANSIR loan record: 4J,short-period,,False,Lennartz Electronic,Lennartz LE-3Dlite MkII,D-0209,False,,False,False,sensor,1,4J,,4J,1,1,2014-09-12,2015-10-27,2014-09-12/2015-10-27,False,Australia,10.7914/SN/4J_2014,Lennartz LE-3Dlite MkII (400 v/m/s)
confirmed-ANSIR-loan,ANSIR loan record: 1F,short-period,,True,Lennartz Electronic,Lennartz LE-3Dlite MkII,D210,False,,False,False,sensor,1,1F,,1F,1,1,2009-04-20,2009-09-02,2009-04-20/2009-09-02,False,Australia,10.7914/SN/1F_2009,LE-3Dlite MKII
confirmed-ANSIR-loan,ANSIR loan record: 8J,short-period,,False,Lennartz Electronic,Lennartz LE-3Dlite MkII,F-0344,False,,False,False,sensor,1,8J,,8J,1,1,2012-11-23,2013-06-23,2012-11-23/2013-06-23,False,Australia,10.7914/SN/8J_2012,Lennartz LE-3Dlite MkII (400 v/m/s)
confirmed-ANSIR-loan,ANSIR loan record: 8J,short-period,,False,Lennartz Electronic,Lennartz LE-3Dlite MkII,F-0351,False,,False,False,sensor,1,8J,,8J,1,1,2013-09-14,2014-07-31,2013-09-14/2014-07-31,False,Australia,10.7914/SN/8J_2012,Lennartz LE-3Dlite MkII (400 v/m/s)
confirmed-ANSIR-loan,ANSIR loan record: 8J,short-period,,False,Lennartz Electronic,Lennartz LE-3Dlite MkII,F-0354,False,F0354,False,True,sensor,2,1G; 8J,1G,8J,1,2,2008-07-07,2014-03-21,2008-07-07/2014-03-21,False,Australia,10.7914/SN/1G_2008; 10.7914/SN/8J_2012,Lennartz LE-3D Lite MkII; Lennartz LE-3Dlite MkII (400 v/m/s)
confirmed-ANSIR-loan,ANSIR loan record: 8J,short-period,,False,Lennartz Electronic,Lennartz LE-3Dlite MkII,F-0357,False,,False,False,sensor,1,8J,,8J,1,1,2013-09-15,2014-08-01,2013-09-15/2014-08-01,False,Australia,10.7914/SN/8J_2012,Lennartz LE-3Dlite MkII (400 v/m/s)
confirmed-ANSIR-loan,ANSIR loan record: 8J,short-period,,False,Lennartz Electronic,Lennartz LE-3Dlite MkII,F-0358,False,,False,False,sensor,1,8J,,8J,1,1,2012-11-26,2013-02-23,2012-11-26/2013-02-23,False,Australia,10.7914/SN/8J_2012,Lennartz LE-3Dlite MkII (400 v/m/s)
confirmed-ANSIR-loan,ANSIR loan record: 8J,short-period,,False,Lennartz Electronic,Lennartz LE-3Dlite MkII,F-0362,False,,False,False,sensor,1,8J,,8J,1,1,2012-11-21,2014-03-26,2012-11-21/2014-03-26,False,Australia,10.7914/SN/8J_2012,Lennartz LE-3Dlite MkII (400 v/m/s)
confirmed-ANSIR-loan,ANSIR loan record: 8J,short-period,,False,Lennartz Electronic,Lennartz LE-3Dlite MkII,F-0363,False,,False,False,sensor,1,8J,,8J,1,1,2012-11-23,2014-03-21,2012-11-23/2014-03-21,False,Australia,10.7914/SN/8J_2012,Lennartz LE-3Dlite MkII (400 v/m/s)
confirmed-ANSIR-loan,ANSIR loan record: 1F,short-period,,True,Lennartz Electronic,Lennartz LE-3Dlite MkII,F354,False,,False,False,sensor,1,1F,,1F,1,1,2009-04-18,2009-11-02,2009-04-18/2009-11-02,False,Australia,10.7914/SN/1F_2009,LE-3Dlite MKII
confirmed-ANSIR-loan,ANSIR loan record: 4J,short-period,,False,Lennartz Electronic,Lennartz LE-3Dlite MkII,G-0463,False,,False,False,sensor,1,4J,,4J,1,1,2014-09-11,2015-06-18,2014-09-11/2015-06-18,False,Australia,10.7914/SN/4J_2014,Lennartz LE-3Dlite MkII (400 v/m/s)
confirmed-ANSIR-loan,ANSIR loan record: 8J,short-period,,False,Lennartz Electronic,Lennartz LE-3Dlite MkII,G-0464,False,,False,False,sensor,1,8J,,8J,1,1,2012-11-22,2013-06-30,2012-11-22/2013-06-30,False,Australia,10.7914/SN/8J_2012,Lennartz LE-3Dlite MkII (400 v/m/s)
confirmed-ANSIR-loan,ANSIR loan record: 2P,broadband,,True,Nanometrics,Nanometrics Trillium Compact 120s,1752,False,,False,False,sensor,3,1K; 1Q; 2P,,1K; 1Q; 2P,3,3,2013-11-06,2023-06-22,2013-11-06/2023-06-22,False,AU; Australia,10.7914/SN/1Q_2016; 10.7914/SN/2P_2020,Nanometrics Trillium Compact 120s (754 V/m/s)
confirmed-ANSIR-loan,ANSIR loan record: 3O,broadband,,False,Nanometrics,Nanometrics Trillium Compact 120s,5763,False,,False,False,sensor,1,3O,,3O,1,1,2019-05-11,2019-11-14,2019-05-11/2019-11-14,False,Australia,10.7914/SN/3O_2019,Nanometrics Trillium Compact 120s (754 V/m/s)
confirmed-ANSIR-loan,ANSIR loan record: 2P,broadband,,False,Nanometrics,Nanometrics Trillium Compact 120s,6138,False,,False,False,sensor,1,2P,,2P,1,1,2020-08-13,2023-09-22,2020-08-13/2023-09-22,False,AU,10.7914/SN/2P_2020,Nanometrics Trillium Compact 120s (754 V/m/s)
confirmed-ANSIR-loan,ANSIR loan record: 3O,broadband,,False,Nanometrics,Nanometrics Trillium Compact 120s,6252,False,,False,False,sensor,1,3O,,3O,1,1,2019-05-10,2020-05-13,2019-05-10/2020-05-13,False,Australia,10.7914/SN/3O_2019,Nanometrics Trillium Compact 120s (754 V/m/s)
confirmed-ANSIR-loan,ANSIR loan record: 2P,broadband,,False,Nanometrics,Nanometrics Trillium Compact 120s,6261,False,,False,False,sensor,1,2P,,2P,1,1,2020-09-18,2023-06-21,2020-09-18/2023-06-21,False,AU,10.7914/SN/2P_2020,Nanometrics Trillium Compact 120s (754 V/m/s)
confirmed-ANSIR-loan,ANSIR loan record: 3O,broadband,,False,Nanometrics,Nanometrics Trillium Compact 120s,6262,False,,False,False,sensor,1,3O,,3O,1,1,2019-05-12,2019-10-08,2019-05-12/2019-10-08,False,Australia,10.7914/SN/3O_2019,Nanometrics Trillium Compact 120s (754 V/m/s)
confirmed-ANSIR-loan,ANSIR loan record: 3O,broadband,,False,Nanometrics,Nanometrics Trillium Compact 120s,6321,False,,False,False,sensor,1,3O,,3O,1,1,2019-05-10,2019-12-27,2019-05-10/2019-12-27,False,Australia,10.7914/SN/3O_2019,Nanometrics Trillium Compact 120s (754 V/m/s)
confirmed-ANSIR-loan,ANSIR loan record: 3O,broadband,,False,Nanometrics,Nanometrics Trillium Compact 120s,6323,False,,False,False,sensor,1,3O,,3O,1,1,2019-05-09,2020-01-06,2019-05-09/2020-01-06,False,Australia,10.7914/SN/3O_2019,Nanometrics Trillium Compact 120s (754 V/m/s)
confirmed-ANSIR-loan,ANSIR loan record: 2P,broadband,,False,Nanometrics,Nanometrics Trillium Compact 120s,6324,False,,False,False,sensor,1,2P,,2P,1,2,2020-09-10,2023-10-01,2020-09-10/2023-10-01,False,AU,10.7914/SN/2P_2020,Nanometrics Trillium Compact 120s (754 V/m/s)
confirmed-ANSIR-loan,ANSIR loan record: 3O,broadband,,False,Nanometrics,Nanometrics Trillium Compact 120s,6333,False,,False,False,sensor,1,3O,,3O,1,1,2019-05-10,2020-05-22,2019-05-10/2020-05-22,False,Australia,10.7914/SN/3O_2019,Nanometrics Trillium Compact 120s (754 V/m/s)
confirmed-ANSIR-loan,ANSIR loan record: 2P,broadband,,False,Nanometrics,Nanometrics Trillium Compact 120s,6337,False,,False,False,sensor,1,2P,,2P,1,1,2020-09-11,2023-09-09,2020-09-11/2023-09-09,False,AU,10.7914/SN/2P_2020,Nanometrics Trillium Compact 120s (754 V/m/s)
confirmed-ANSIR-loan,ANSIR loan record: 2P,broadband,,False,Nanometrics,Nanometrics Trillium Compact 120s,6339,False,,False,False,sensor,1,2P,,2P,1,1,2020-09-16,2022-11-15,2020-09-16/2022-11-15,False,AU,10.7914/SN/2P_2020,Nanometrics Trillium Compact 120s (754 V/m/s)
confirmed-ANSIR-loan,ANSIR loan record: 3O,broadband,,False,Nanometrics,Nanometrics Trillium Compact 120s,6341,False,,False,False,sensor,1,3O,,3O,1,1,2019-05-10,2020-05-20,2019-05-10/2020-05-20,False,Australia,10.7914/SN/3O_2019,Nanometrics Trillium Compact 120s (754 V/m/s)
confirmed-ANSIR-loan,ANSIR loan record: 2P,broadband,,False,Nanometrics,Nanometrics Trillium Compact 120s,6430,False,,False,False,sensor,1,2P,,2P,1,1,2020-09-23,2023-06-22,2020-09-23/2023-06-22,False,AU,10.7914/SN/2P_2020,Nanometrics Trillium Compact 120s (754 V/m/s)
confirmed-ANSIR-loan,ANSIR loan record: 4N,broadband,,False,Nanometrics,Nanometrics Trillium Compact PostHole 120s,5778,False,,False,False,sensor,1,4N,,4N,1,1,2018-06-20,2019-11-20,2018-06-20/2019-11-20,False,AU,10.7914/SN/4N_2017,Nanometrics Trillium Compact PostHole 120s (754 V/m/s)
confirmed-ANSIR-loan,ANSIR loan record: 4N,broadband,,False,Nanometrics,Nanometrics Trillium Compact PostHole 120s,5797,False,,False,False,sensor,1,4N,,4N,1,1,2018-06-20,2019-05-03,2018-06-20/2019-05-03,False,AU,10.7914/SN/4N_2017,Nanometrics Trillium Compact PostHole 120s (754 V/m/s)
confirmed-ANSIR-loan,ANSIR loan record: 4N,broadband,,False,Nanometrics,Nanometrics Trillium Compact PostHole 120s,5815,False,,False,False,sensor,1,4N,,4N,1,1,2018-06-20,2019-11-25,2018-06-20/2019-11-25,False,AU,10.7914/SN/4N_2017,Nanometrics Trillium Compact PostHole 120s (754 V/m/s)
confirmed-ANSIR-loan,ANSIR loan record: 4N,broadband,,False,Nanometrics,Nanometrics Trillium Compact PostHole 120s,5817,False,,False,False,sensor,1,4N,,4N,1,1,2018-06-20,2019-11-22,2018-06-20/2019-11-22,False,AU,10.7914/SN/4N_2017,Nanometrics Trillium Compact PostHole 120s (754 V/m/s)
confirmed-ANSIR-loan,ANSIR loan record: 4N,broadband,,False,Nanometrics,Nanometrics Trillium Compact PostHole 120s,5821,False,,False,False,sensor,1,4N,,4N,1,1,2018-06-20,2019-08-22,2018-06-20/2019-08-22,False,AU,10.7914/SN/4N_2017,Nanometrics Trillium Compact PostHole 120s (754 V/m/s)
confirmed-ANSIR-loan,ANSIR loan record: 4N,broadband,,False,Nanometrics,Nanometrics Trillium Compact PostHole 120s,5827,False,,False,False,sensor,1,4N,,4N,1,1,2018-06-20,2019-11-25,2018-06-20/2019-11-25,False,AU,10.7914/SN/4N_2017,Nanometrics Trillium Compact PostHole 120s (754 V/m/s)
confirmed-ANSIR-loan,ANSIR loan record: 4N,broadband,,False,Nanometrics,Nanometrics Trillium Compact PostHole 120s,5829,False,,False,False,sensor,1,4N,,4N,1,1,2018-06-20,2019-11-23,2018-06-20/2019-11-23,False,AU,10.7914/SN/4N_2017,Nanometrics Trillium Compact PostHole 120s (754 V/m/s)
confirmed-ANSIR-loan,ANSIR loan record: 4N,broadband,,False,Nanometrics,Nanometrics Trillium Compact PostHole 120s,5834,False,,False,False,sensor,1,4N,,4N,1,1,2019-04-01,2019-11-26,2019-04-01/2019-11-26,False,AU,10.7914/SN/4N_2017,Nanometrics Trillium Compact PostHole 120s (754 V/m/s)
confirmed-ANSIR-loan,ANSIR loan record: 4N,broadband,,False,Nanometrics,Nanometrics Trillium Compact PostHole 120s,5838,False,,False,False,sensor,1,4N,,4N,1,1,2019-04-01,2019-11-26,2019-04-01/2019-11-26,False,AU,10.7914/SN/4N_2017,Nanometrics Trillium Compact PostHole 120s (754 V/m/s)
confirmed-ANSIR-loan,ANSIR loan record: 4N,broadband,,False,Nanometrics,Nanometrics Trillium Compact PostHole 120s,5850,False,,False,False,sensor,1,4N,,4N,1,1,2018-06-20,2019-11-20,2018-06-20/2019-11-20,False,AU,10.7914/SN/4N_2017,Nanometrics Trillium Compact PostHole 120s (754 V/m/s)
confirmed-ANSIR-loan,ANSIR loan record: 4N,broadband,,False,Nanometrics,Nanometrics Trillium Compact PostHole 120s,5853,False,,False,False,sensor,1,4N,,4N,1,1,2018-06-20,2019-11-21,2018-06-20/2019-11-21,False,AU,10.7914/SN/4N_2017,Nanometrics Trillium Compact PostHole 120s (754 V/m/s)
confirmed-ANSIR-loan,ANSIR loan record: 4N,broadband,,False,Nanometrics,Nanometrics Trillium Compact PostHole 120s,5855,False,,False,False,sensor,1,4N,,4N,1,1,2018-06-20,2019-11-25,2018-06-20/2019-11-25,False,AU,10.7914/SN/4N_2017,Nanometrics Trillium Compact PostHole 120s (754 V/m/s)
confirmed-ANSIR-loan,ANSIR loan record: 4N,broadband,,False,Nanometrics,Nanometrics Trillium Compact PostHole 120s,5856,False,,False,False,sensor,1,4N,,4N,1,1,2018-06-20,2019-11-22,2018-06-20/2019-11-22,False,AU,10.7914/SN/4N_2017,Nanometrics Trillium Compact PostHole 120s (754 V/m/s)
confirmed-ANSIR-loan,ANSIR loan record: 4N,broadband,,False,Nanometrics,Nanometrics Trillium Compact PostHole 120s,5857,False,,False,False,sensor,1,4N,,4N,1,1,2018-06-20,2019-11-25,2018-06-20/2019-11-25,False,AU,10.7914/SN/4N_2017,Nanometrics Trillium Compact PostHole 120s (754 V/m/s)
confirmed-ANSIR-loan,ANSIR loan record: 4N,broadband,,False,Nanometrics,Nanometrics Trillium Compact PostHole 120s,5858,False,,False,False,sensor,1,4N,,4N,1,1,2018-06-20,2019-11-21,2018-06-20/2019-11-21,False,AU,10.7914/SN/4N_2017,Nanometrics Trillium Compact PostHole 120s (754 V/m/s)
confirmed-ANSIR-loan,ANSIR loan record: 4N,broadband,,False,Nanometrics,Nanometrics Trillium Compact PostHole 120s,5859,False,,False,False,sensor,1,4N,,4N,1,1,2018-06-20,2019-11-23,2018-06-20/2019-11-23,False,AU,10.7914/SN/4N_2017,Nanometrics Trillium Compact PostHole 120s (754 V/m/s)
confirmed-ANSIR-loan,ANSIR loan record: 4N,broadband,,False,Nanometrics,Nanometrics Trillium Compact PostHole 120s,5875,False,,False,False,sensor,1,4N,,4N,1,1,2018-06-20,2019-11-22,2018-06-20/2019-11-22,False,AU,10.7914/SN/4N_2017,Nanometrics Trillium Compact PostHole 120s (754 V/m/s)
confirmed-ANSIR-loan,ANSIR loan record: 4N,broadband,,False,Nanometrics,Nanometrics Trillium Compact PostHole 120s,5876,False,,False,False,sensor,1,4N,,4N,1,1,2018-06-20,2018-11-30,2018-06-20/2018-11-30,False,AU,10.7914/SN/4N_2017,Nanometrics Trillium Compact PostHole 120s (754 V/m/s)
confirmed-ANSIR-loan,ANSIR loan record: 4N,broadband,,False,Nanometrics,Nanometrics Trillium Compact PostHole 120s,5877,False,,False,False,sensor,1,4N,,4N,1,1,2019-04-01,2019-11-25,2019-04-01/2019-11-25,False,AU,10.7914/SN/4N_2017,Nanometrics Trillium Compact PostHole 120s (754 V/m/s)
confirmed-ANSIR-loan,ANSIR loan record: 4N,broadband,,False,Nanometrics,Nanometrics Trillium Compact PostHole 120s,5878,False,,False,False,sensor,1,4N,,4N,1,1,2018-06-20,2019-11-20,2018-06-20/2019-11-20,False,AU,10.7914/SN/4N_2017,Nanometrics Trillium Compact PostHole 120s (754 V/m/s)
confirmed-ANSIR-loan,ANSIR loan record: 4N,broadband,,False,Nanometrics,Nanometrics Trillium Compact PostHole 120s,5879,False,,False,False,sensor,1,4N,,4N,1,1,2018-06-20,2019-11-22,2018-06-20/2019-11-22,False,AU,10.7914/SN/4N_2017,Nanometrics Trillium Compact PostHole 120s (754 V/m/s)
confirmed-ANSIR-loan,ANSIR loan record: 4N,broadband,,False,Nanometrics,Nanometrics Trillium Compact PostHole 120s,5880,False,,False,False,sensor,1,4N,,4N,1,1,2018-06-20,2019-11-22,2018-06-20/2019-11-22,False,AU,10.7914/SN/4N_2017,Nanometrics Trillium Compact PostHole 120s (754 V/m/s)
confirmed-ANSIR-loan,ANSIR loan record: 4N,broadband,,False,Nanometrics,Nanometrics Trillium Compact PostHole 120s,5881,False,,False,False,sensor,1,4N,,4N,1,1,2018-06-20,2019-11-23,2018-06-20/2019-11-23,False,AU,10.7914/SN/4N_2017,Nanometrics Trillium Compact PostHole 120s (754 V/m/s)
confirmed-ANSIR-loan,ANSIR loan record: 4N,broadband,,False,Nanometrics,Nanometrics Trillium Compact PostHole 120s,5883,False,,False,False,sensor,1,4N,,4N,1,1,2018-06-20,2019-08-22,2018-06-20/2019-08-22,False,AU,10.7914/SN/4N_2017,Nanometrics Trillium Compact PostHole 120s (754 V/m/s)
confirmed-ANSIR-loan,ANSIR loan record: 4N,broadband,,False,Nanometrics,Nanometrics Trillium Compact PostHole 120s,5884,False,,False,False,sensor,1,4N,,4N,1,1,2018-08-22,2019-11-25,2018-08-22/2019-11-25,False,AU,10.7914/SN/4N_2017,Nanometrics Trillium Compact PostHole 120s (754 V/m/s)
confirmed-ANSIR-loan,ANSIR loan record: 4N,broadband,,False,Nanometrics,Nanometrics Trillium Compact PostHole 120s,5885,False,,False,False,sensor,1,4N,,4N,1,1,2019-04-01,2019-08-24,2019-04-01/2019-08-24,False,AU,10.7914/SN/4N_2017,Nanometrics Trillium Compact PostHole 120s (754 V/m/s)
confirmed-ANSIR-loan,ANSIR loan record: 4N,broadband,,False,Nanometrics,Nanometrics Trillium Compact PostHole 120s,5886,False,,False,False,sensor,1,4N,,4N,1,1,2018-06-20,2019-11-23,2018-06-20/2019-11-23,False,AU,10.7914/SN/4N_2017,Nanometrics Trillium Compact PostHole 120s (754 V/m/s)
confirmed-ANSIR-loan,ANSIR loan record: 4N,broadband,,False,Nanometrics,Nanometrics Trillium Compact PostHole 120s,5888,False,,False,False,sensor,1,4N,,4N,1,1,2018-06-20,2019-11-25,2018-06-20/2019-11-25,False,AU,10.7914/SN/4N_2017,Nanometrics Trillium Compact PostHole 120s (754 V/m/s)
confirmed-ANSIR-loan,ANSIR loan record: 4N,broadband,,False,Nanometrics,Nanometrics Trillium Compact PostHole 120s,5889,False,,False,False,sensor,1,4N,,4N,1,1,2018-06-20,2019-08-21,2018-06-20/2019-08-21,False,AU,10.7914/SN/4N_2017,Nanometrics Trillium Compact PostHole 120s (754 V/m/s)
confirmed-ANSIR-loan,ANSIR loan record: 4N,broadband,,False,Nanometrics,Nanometrics Trillium Compact PostHole 120s,5911,False,,False,False,sensor,1,4N,,4N,1,1,2018-06-20,2019-11-23,2018-06-20/2019-11-23,False,AU,10.7914/SN/4N_2017,Nanometrics Trillium Compact PostHole 120s (754 V/m/s)
confirmed-ANSIR-loan,ANSIR loan record: 4N,broadband,,False,Nanometrics,Nanometrics Trillium Compact PostHole 120s,5912,False,,False,False,sensor,1,4N,,4N,1,1,2019-04-17,2019-11-26,2019-04-17/2019-11-26,False,AU,10.7914/SN/4N_2017,Nanometrics Trillium Compact PostHole 120s (754 V/m/s)
confirmed-ANSIR-loan,ANSIR loan record: 4N,broadband,,False,Nanometrics,Nanometrics Trillium Compact PostHole 120s,5913,False,,False,False,sensor,1,4N,,4N,1,1,2019-04-01,2019-11-25,2019-04-01/2019-11-25,False,AU,10.7914/SN/4N_2017,Nanometrics Trillium Compact PostHole 120s (754 V/m/s)
confirmed-ANSIR-loan,ANSIR loan record: 4N,broadband,,False,Nanometrics,Nanometrics Trillium Compact PostHole 120s,5914,False,,False,False,sensor,1,4N,,4N,1,1,2018-06-20,2019-11-23,2018-06-20/2019-11-23,False,AU,10.7914/SN/4N_2017,Nanometrics Trillium Compact PostHole 120s (754 V/m/s)
confirmed-ANSIR-loan,ANSIR loan record: 4N,broadband,,False,Nanometrics,Nanometrics Trillium Compact PostHole 120s,5915,False,,False,False,sensor,1,4N,,4N,1,1,2018-06-20,2019-11-23,2018-06-20/2019-11-23,False,AU,10.7914/SN/4N_2017,Nanometrics Trillium Compact PostHole 120s (754 V/m/s)
confirmed-ANSIR-loan,ANSIR loan record: 4N,broadband,,False,Nanometrics,Nanometrics Trillium Compact PostHole 120s,5916,False,,False,False,sensor,1,4N,,4N,1,1,2018-06-20,2019-11-20,2018-06-20/2019-11-20,False,AU,10.7914/SN/4N_2017,Nanometrics Trillium Compact PostHole 120s (754 V/m/s)
confirmed-ANSIR-loan,ANSIR loan record: 4N,broadband,,False,Nanometrics,Nanometrics Trillium Compact PostHole 120s,5918,False,,False,False,sensor,1,4N,,4N,1,1,2017-09-04,2019-11-22,2017-09-04/2019-11-22,False,AU,10.7914/SN/4N_2017,Nanometrics Trillium Compact PostHole 120s (754 V/m/s)
confirmed-ANSIR-loan,ANSIR loan record: 4N,broadband,,False,Nanometrics,Nanometrics Trillium Compact PostHole 120s,5919,False,,False,False,sensor,1,4N,,4N,1,1,2018-06-20,2019-11-22,2018-06-20/2019-11-22,False,AU,10.7914/SN/4N_2017,Nanometrics Trillium Compact PostHole 120s (754 V/m/s)
confirmed-ANSIR-loan,ANSIR loan record: 2P,broadband,,False,Nanometrics,Nanometrics Trillium Compact PostHole 120s,6999,False,,False,False,sensor,1,2P,,2P,1,1,2020-09-10,2023-05-11,2020-09-10/2023-05-11,False,AU,10.7914/SN/2P_2020,Nanometrics Trillium Compact PostHole 120s (754 V/m/s)
confirmed-ANSIR-loan,ANSIR loan record: 2P,broadband,,False,Nanometrics,Nanometrics Trillium Compact PostHole 120s,7022,False,,False,False,sensor,1,2P,,2P,1,1,2020-09-30,2023-09-21,2020-09-30/2023-09-21,False,AU,10.7914/SN/2P_2020,Nanometrics Trillium Compact PostHole 120s (754 V/m/s)
confirmed-ANSIR-loan,ANSIR loan record: 2P,broadband,,False,Nanometrics,Nanometrics Trillium Compact PostHole 120s,7071,False,,False,False,sensor,1,2P,,2P,1,1,2020-09-10,2023-09-18,2020-09-10/2023-09-18,False,AU,10.7914/SN/2P_2020,Nanometrics Trillium Compact PostHole 120s (754 V/m/s)
confirmed-ANSIR-loan,ANSIR loan record: 4N,broadband,,False,Nanometrics,Nanometrics Trillium PA 120s,1491,False,,False,False,sensor,1,4N,,4N,1,1,2017-09-09,2018-05-17,2017-09-09/2018-05-17,False,AU,10.7914/SN/4N_2017,Nanometrics Trillium PA 120s (1201 V/m/s)
confirmed-ANSIR-loan,ANSIR loan record: 4N,broadband,,False,Nanometrics,Nanometrics Trillium PA 120s,1542,False,,False,False,sensor,1,4N,,4N,1,1,2017-09-12,2018-05-17,2017-09-12/2018-05-17,False,AU,10.7914/SN/4N_2017,Nanometrics Trillium PA 120s (1201 V/m/s)
confirmed-ANSIR-loan,ANSIR loan record: 4N,broadband,,False,Nanometrics,Nanometrics Trillium PA 120s,1545,False,,False,False,sensor,1,4N,,4N,1,1,2017-09-07,2018-05-19,2017-09-07/2018-05-19,False,AU,10.7914/SN/4N_2017,Nanometrics Trillium PA 120s (1201 V/m/s)
confirmed-ANSIR-loan,ANSIR loan record: 4N,broadband,,False,Nanometrics,Nanometrics Trillium PA 120s,1551,False,,False,False,sensor,1,4N,,4N,1,1,2017-09-11,2017-12-06,2017-09-11/2017-12-06,False,AU,10.7914/SN/4N_2017,Nanometrics Trillium PA 120s (1201 V/m/s)
confirmed-ANSIR-loan,ANSIR loan record: 4N,broadband,,False,Nanometrics,Nanometrics Trillium PA 120s,1558,False,,False,False,sensor,1,4N,,4N,1,1,2017-09-05,2017-12-06,2017-09-05/2017-12-06,False,AU,10.7914/SN/4N_2017,Nanometrics Trillium PA 120s (1201 V/m/s)
confirmed-ANSIR-loan,ANSIR loan record: 4N,broadband,,False,Nanometrics,Nanometrics Trillium PA 120s,1594,False,,False,False,sensor,1,4N,,4N,1,1,2017-09-05,2018-05-20,2017-09-05/2018-05-20,False,AU,10.7914/SN/4N_2017,Nanometrics Trillium PA 120s (1201 V/m/s)
confirmed-ANSIR-loan,ANSIR loan record: 4N,broadband,,False,Nanometrics,Nanometrics Trillium PA 120s,1596,False,,False,False,sensor,1,4N,,4N,1,1,2017-09-14,2018-05-17,2017-09-14/2018-05-17,False,AU,10.7914/SN/4N_2017,Nanometrics Trillium PA 120s (1201 V/m/s)
confirmed-ANSIR-loan,ANSIR loan record: 4N,broadband,,False,Nanometrics,Nanometrics Trillium PA 120s,1598,False,,False,False,sensor,1,4N,,4N,1,1,2017-09-06,2018-05-19,2017-09-06/2018-05-19,False,AU,10.7914/SN/4N_2017,Nanometrics Trillium PA 120s (1201 V/m/s)
confirmed-ANSIR-loan,ANSIR loan record: 4N,broadband,,False,Nanometrics,Nanometrics Trillium PA 120s,1822,False,,False,False,sensor,1,4N,,4N,1,1,2017-09-08,2018-05-18,2017-09-08/2018-05-18,False,AU,10.7914/SN/4N_2017,Nanometrics Trillium PA 120s (1201 V/m/s)
confirmed-ANSIR-loan,ANSIR loan record: 4N,broadband,,False,Nanometrics,Nanometrics Trillium PA 120s,453001859,False,,False,False,sensor,1,4N,,4N,1,1,2017-09-07,2019-11-26,2017-09-07/2019-11-26,False,AU,10.7914/SN/4N_2017,Nanometrics Trillium PA 120s (1201 V/m/s)
probable-ANSIR,"ANSIR project 7M, model not itemised",datalogger,,False,Earth Data,EarthData PR6-24 (Blue Face),4262,False,,False,False,datalogger,2,7I; 7M,,7I; 7M,2,2,2003-05-22,2017-08-29,2003-05-22/2017-08-29,False,Australia,10.7914/SN/7I_2003,EarthData PR6-24 (Blue Face)
probable-ANSIR,"ANSIR project 7M, model not itemised",datalogger,,False,Earth Data,EarthData PR6-24 (Blue Face),4263,False,,False,False,datalogger,2,7I; 7M,,7I; 7M,2,2,2003-05-27,2016-12-07,2003-05-27/2016-12-07,False,Australia,10.7914/SN/7I_2003,EarthData PR6-24 (Blue Face)
probable-ANSIR,"ANSIR project 7M, model not itemised",datalogger,,False,Earth Data,EarthData PR6-24 (Blue Face),4650,False,,False,False,datalogger,1,7M,,7M,1,1,2014-07-25,2015-06-30,2014-07-25/2015-06-30,False,Australia,,EarthData PR6-24 (Blue Face)
probable-ANSIR,"ANSIR project 7M, model not itemised",datalogger,,False,Earth Data,EarthData PR6-24 (Blue Face),5762,False,,False,False,datalogger,1,7M,,7M,1,1,2014-03-11,2015-10-16,2014-03-11/2015-10-16,False,Australia,,EarthData PR6-24 (Blue Face)
probable-ANSIR,"ANSIR project 7M, model not itemised",datalogger,,False,Earth Data,EarthData PR6-24 (Blue Face),6442,False,,False,False,datalogger,1,7M,,7M,1,1,2015-11-08,2016-12-08,2015-11-08/2016-12-08,False,Australia,,EarthData PR6-24 (Blue Face)
probable-ANSIR,"ANSIR project 7D, model not itemised",broadband,,False,Guralp Systems,CMG - 3 ESP,T3136,False,,False,False,sensor,2,7B; 7D,,7B; 7D,2,5,1993-06-26,1997-10-07,1993-06-26/1997-10-07,False,Australia,10.7914/SN/7B_1993; 10.7914/SN/7D_1997,CMG - 3 ESP
probable-ANSIR,"ANSIR project 7D, model not itemised",broadband,,False,Guralp Systems,CMG - 3 ESP,T3138,False,,False,False,sensor,2,7B; 7D,,7B; 7D,2,4,1993-06-25,1997-10-10,1993-06-25/1997-10-10,False,Australia,10.7914/SN/7B_1993; 10.7914/SN/7D_1997,CMG - 3 ESP
probable-ANSIR,"ANSIR project 7E, model not itemised",broadband,,False,Guralp Systems,CMG - 3 ESP,T3139,False,,False,False,sensor,2,7B; 7E,,7B; 7E,2,4,1993-11-24,1998-07-23,1993-11-24/1998-07-23,False,Australia,10.7914/SN/7B_1993; 10.7914/SN/7E_1998,CMG - 3 ESP
probable-ANSIR,"ANSIR project 7D, model not itemised",broadband,,False,Guralp Systems,CMG - 3 ESP,T3205,False,,False,False,sensor,2,7B; 7D,,7B; 7D,2,4,1993-11-19,1997-10-09,1993-11-19/1997-10-09,False,Australia,10.7914/SN/7B_1993; 10.7914/SN/7D_1997,CMG - 3 ESP
probable-ANSIR,"ANSIR project 7D,7E, model not itemised",broadband,,False,Guralp Systems,CMG - 3 ESP,T3206,False,,False,False,sensor,3,7B; 7D; 7E,,7B; 7D; 7E,3,5,1994-05-25,1998-07-19,1994-05-25/1998-07-19,False,Australia,10.7914/SN/7B_1993; 10.7914/SN/7D_1997; 10.7914/SN/7E_1998,CMG - 3 ESP
probable-ANSIR,"ANSIR project 7E, model not itemised",broadband,,False,Guralp Systems,CMG - 3 ESP,T3207,False,,False,False,sensor,2,7B; 7E,,7B; 7E,2,3,1994-05-22,1998-07-21,1994-05-22/1998-07-21,False,Australia,10.7914/SN/7B_1993; 10.7914/SN/7E_1998,CMG - 3 ESP
probable-ANSIR,"ANSIR project 7D, model not itemised",broadband,,False,Guralp Systems,CMG - 3 ESP,T365,False,,False,False,sensor,2,7B; 7D,,7B; 7D,2,5,1993-05-17,1997-10-12,1993-05-17/1997-10-12,False,Australia,10.7914/SN/7B_1993; 10.7914/SN/7D_1997,CMG - 3 ESP
probable-ANSIR,"ANSIR project 7D,7E, model not itemised",broadband,,False,Guralp Systems,CMG - 3 ESP,T366,False,,False,False,sensor,3,7B; 7D; 7E,,7B; 7D; 7E,3,5,1993-05-03,1998-07-25,1993-05-03/1998-07-25,False,Australia,10.7914/SN/7B_1993; 10.7914/SN/7D_1997; 10.7914/SN/7E_1998,CMG - 3 ESP
probable-ANSIR,"ANSIR project 7D,7E, model not itemised",broadband,,False,Guralp Systems,CMG - 3 ESP,T367,False,,False,False,sensor,3,7B; 7D; 7E,,7B; 7D; 7E,3,3,1993-05-13,1998-07-24,1993-05-13/1998-07-24,False,Australia,10.7914/SN/7B_1993; 10.7914/SN/7D_1997; 10.7914/SN/7E_1998,CMG - 3 ESP
probable-ANSIR,"ANSIR project 7E, model not itemised",broadband,,False,Guralp Systems,CMG - 3 ESP,T368,False,,False,False,sensor,2,7B; 7E,,7B; 7E,2,4,1993-05-15,1998-07-20,1993-05-15/1998-07-20,False,Australia,10.7914/SN/7B_1993; 10.7914/SN/7E_1998,CMG - 3 ESP
probable-ANSIR,"ANSIR project 7G, model not itemised",broadband,,False,Guralp Systems,Guralp CMG-3ESP,T3136,False,,False,False,sensor,4,7F; 7G; 7H; 7I,,7F; 7G; 7H; 7I,4,4,1999-03-24,2004-11-16,1999-03-24/2004-11-16,False,Aus; Australia,10.7914/SN/7G_2000; 10.7914/SN/7I_2003,Guralp CMG-3ESP
probable-ANSIR,"ANSIR project 7G, model not itemised",broadband,,False,Guralp Systems,Guralp CMG-3ESP,T3137,False,,False,False,sensor,3,7G; 7H; 7I,,7G; 7H; 7I,3,3,2000-10-10,2005-06-02,2000-10-10/2005-06-02,False,Aus; Australia,10.7914/SN/7G_2000; 10.7914/SN/7I_2003,Guralp CMG-3ESP
probable-ANSIR,"ANSIR project 7G,7M, model not itemised",broadband,,False,Guralp Systems,Guralp CMG-3ESP,T3138,False,,False,False,sensor,4,7F; 7G; 7I; 7M,,7F; 7G; 7I; 7M,4,4,1999-03-24,2017-05-20,1999-03-24/2017-05-20,False,Aus; Australia,10.7914/SN/7G_2000; 10.7914/SN/7I_2003,Guralp CMG-3ESP
probable-ANSIR,"ANSIR project 7G,7M, model not itemised",broadband,,False,Guralp Systems,Guralp CMG-3ESP,T3139,False,,False,False,sensor,5,7F; 7G; 7H; 7I; 7M,,7F; 7G; 7H; 7I; 7M,5,5,1999-03-22,2015-10-16,1999-03-22/2015-10-16,False,Aus; Australia,10.7914/SN/7G_2000; 10.7914/SN/7I_2003,Guralp CMG-3ESP
probable-ANSIR,"ANSIR project 7G, model not itemised",broadband,,False,Guralp Systems,Guralp CMG-3ESP,T3206,False,,False,False,sensor,3,7F; 7G; 7H,,7F; 7G; 7H,3,3,1999-03-25,2002-08-15,1999-03-25/2002-08-15,False,Aus; Australia,10.7914/SN/7G_2000,Guralp CMG-3ESP
probable-ANSIR,"ANSIR project 7G, model not itemised",broadband,,False,Guralp Systems,Guralp CMG-3ESP,T3207,False,,False,False,sensor,3,7F; 7G; 7H,,7F; 7G; 7H,3,3,1999-05-14,2002-08-07,1999-05-14/2002-08-07,False,Aus; Australia,10.7914/SN/7G_2000,Guralp CMG-3ESP
probable-ANSIR,"ANSIR project 7G, model not itemised",broadband,,False,Guralp Systems,Guralp CMG-3ESP,T3208,False,,False,False,sensor,2,7G; 7H,,7G; 7H,2,2,2000-07-15,2002-07-03,2000-07-15/2002-07-03,False,Aus; Australia,10.7914/SN/7G_2000,Guralp CMG-3ESP
probable-ANSIR,"ANSIR project 7G,7M, model not itemised",broadband,,False,Guralp Systems,Guralp CMG-3ESP,T365,False,,False,False,sensor,3,5K; 7G; 7M,,5K; 7G; 7M,3,3,2000-07-13,2016-12-01,2000-07-13/2016-12-01,False,Antarctica; Aus; Australia,10.7914/SN/7G_2000; 10.7914/hf8d-4s28,Guralp CMG-3ESP
probable-ANSIR,"ANSIR project 7G, model not itemised",broadband,,False,Guralp Systems,Guralp CMG-3ESP,T366,False,,False,False,sensor,4,7F; 7G; 7H; 7I,,7F; 7G; 7H; 7I,4,4,1999-03-22,2005-08-17,1999-03-22/2005-08-17,False,Aus; Australia,10.7914/SN/7G_2000; 10.7914/SN/7I_2003,Guralp CMG-3ESP
probable-ANSIR,"ANSIR project 7G, model not itemised",broadband,,False,Guralp Systems,Guralp CMG-3ESP,T367,False,,False,False,sensor,2,7G; 7I,,7G; 7I,2,2,2000-10-11,2005-05-23,2000-10-11/2005-05-23,False,Aus; Australia,10.7914/SN/7G_2000; 10.7914/SN/7I_2003,Guralp CMG-3ESP
probable-ANSIR,"ANSIR project 7M, model not itemised",broadband,,False,Guralp Systems,Guralp CMG-3ESP,T3C61,False,,False,False,sensor,2,5K; 7M,,5K; 7M,2,4,2003-01-13,2017-10-20,2003-01-13/2017-10-20,False,Antarctica; Australia,10.7914/hf8d-4s28,Guralp CMG-3ESP
probable-ANSIR,"ANSIR project 7M, model not itemised",broadband,,False,Guralp Systems,Guralp CMG-3ESP,T3C62,False,,False,False,sensor,2,5K; 7M,,5K; 7M,2,3,2003-01-07,2015-04-24,2003-01-07/2015-04-24,False,Antarctica; Australia,10.7914/hf8d-4s28,Guralp CMG-3ESP
probable-ANSIR,"ANSIR project 7M, model not itemised",broadband,,False,Guralp Systems,Guralp CMG-3ESP,T3C63,False,,False,False,sensor,2,7I; 7M,,7I; 7M,2,3,2003-05-21,2017-10-22,2003-05-21/2017-10-22,False,Australia,10.7914/SN/7I_2003,Guralp CMG-3ESP
probable-ANSIR,"ANSIR project 7M, model not itemised",broadband,,False,Guralp Systems,Guralp CMG-3ESP,T3C65,False,,False,False,sensor,2,5K; 7M,,5K; 7M,2,2,2002-12-27,2015-10-19,2002-12-27/2015-10-19,False,Antarctica; Australia,10.7914/hf8d-4s28,Guralp CMG-3ESP
probable-ANSIR,"ANSIR project 7M, model not itemised",broadband,,False,Guralp Systems,Guralp CMG-3ESP,T3C67,False,,False,False,sensor,1,7M,,7M,1,1,2014-03-11,2015-07-06,2014-03-11/2015-07-06,False,Australia,,Guralp CMG-3ESP
probable-ANSIR,"ANSIR project 7G, model not itemised",broadband,,False,Guralp Systems,Guralp CMG-3ESP,T9999,False,,False,False,sensor,1,7G,,7G,1,3,2002-11-26,2003-03-01,2002-11-26/2003-03-01,False,Aus,10.7914/SN/7G_2000,Guralp CMG-3ESP
probable-ANSIR,"ANSIR project 7M, model not itemised",broadband,,False,Guralp Systems,Guralp CMG-3ESPC,T34565,False,,False,False,sensor,1,7M,,7M,1,1,2014-03-07,2014-07-26,2014-03-07/2014-07-26,False,Australia,,Guralp CMG-3ESPC
probable-ANSIR,"ANSIR project 7M, model not itemised",broadband,,False,Guralp Systems,Guralp CMG-3ESPC,T34587,False,,False,False,sensor,1,7M,,7M,1,1,2014-03-09,2015-10-17,2014-03-09/2015-10-17,False,Australia,,Guralp CMG-3ESPC
probable-ANSIR,"ANSIR project 7M, model not itemised",broadband,,False,Guralp Systems,Guralp CMG-3ESPC,T34631,False,,False,False,sensor,1,7M,,7M,1,2,2014-03-20,2017-08-29,2014-03-20/2017-08-29,False,Australia,,Guralp CMG-3ESPC
probable-ANSIR,"ANSIR project 7M, model not itemised",broadband,,False,Guralp Systems,Guralp CMG-3ESPC,T34887,False,,False,False,sensor,1,7M,,7M,1,1,2017-05-17,2017-08-30,2017-05-17/2017-08-30,False,Australia,,Guralp CMG-3ESPC
probable-ANSIR,"ANSIR project 7M, model not itemised",broadband,,False,Guralp Systems,Guralp CMG-3ESPC,T35584,False,,False,False,sensor,1,7M,,7M,1,1,2014-03-20,2016-05-17,2014-03-20/2016-05-17,False,Australia,,Guralp CMG-3ESPC
probable-ANSIR,"ANSIR project 7M, model not itemised",broadband,,False,Guralp Systems,Guralp CMG-3ESPC,T35585,False,,False,False,sensor,1,7M,,7M,1,1,2014-07-26,2017-10-18,2014-07-26/2017-10-18,False,Australia,,Guralp CMG-3ESPC
probable-ANSIR,"ANSIR project 7M, model not itemised",broadband,,False,Guralp Systems,Guralp CMG-3ESPC,T3R29,False,,False,False,sensor,1,7M,,7M,1,1,2014-03-18,2014-12-02,2014-03-18/2014-12-02,False,Australia,,Guralp CMG-3ESPC
probable-ANSIR,"ANSIR project 7G, model not itemised",broadband,,False,Guralp Systems,Guralp CMG-40T,T4139,False,,False,False,sensor,1,7G,,7G,1,1,2000-10-22,2001-04-13,2000-10-22/2001-04-13,False,Aus,10.7914/SN/7G_2000,Guralp CMG-40T
probable-ANSIR,"ANSIR project 7G, model not itemised",broadband,,False,Guralp Systems,Guralp CMG-40T,T4148,False,,False,False,sensor,2,6T; 7G,,6T; 7G,2,2,2000-10-23,,2000-10-23/,True,AUS; Aus,10.7914/4e87-j738; 10.7914/SN/7G_2000,Guralp CMG-40T
probable-ANSIR,"ANSIR project 7G, model not itemised",broadband,,False,Guralp Systems,Guralp CMG-40T,T4581,False,,False,False,sensor,2,6T; 7G,,6T; 7G,2,2,2000-10-24,,2000-10-24/,True,AUS; Aus,10.7914/4e87-j738; 10.7914/SN/7G_2000,Guralp CMG-40T
probable-ANSIR,"ANSIR project 7G, model not itemised",broadband,,False,Guralp Systems,Guralp CMG-40T,T4594,False,,False,False,sensor,2,6T; 7G,,6T; 7G,2,3,2000-07-15,,2000-07-15/,True,AUS; Aus,10.7914/4e87-j738; 10.7914/SN/7G_2000,Guralp CMG-40T
probable-ANSIR,"ANSIR project 7G, model not itemised",broadband,,False,Guralp Systems,Guralp CMG-40T,T4659,False,,False,False,sensor,2,6T; 7G,,6T; 7G,2,2,2000-08-08,,2000-08-08/,True,AUS; Aus,10.7914/4e87-j738; 10.7914/SN/7G_2000,Guralp CMG-40T
probable-ANSIR,"ANSIR project 7G, model not itemised",broadband,,False,Guralp Systems,Guralp CMG-40T,T4661,False,,False,False,sensor,1,7G,,7G,1,2,2000-07-18,2001-04-12,2000-07-18/2001-04-12,False,Aus,10.7914/SN/7G_2000,Guralp CMG-40T
probable-ANSIR,"ANSIR project 7G, model not itemised",broadband,,False,Guralp Systems,Guralp CMG-40T,T4664,False,,False,False,sensor,1,7G,,7G,1,1,2000-07-19,2000-07-21,2000-07-19/2000-07-21,False,Aus,10.7914/SN/7G_2000,Guralp CMG-40T
probable-ANSIR,"ANSIR project 7G, model not itemised",broadband,,False,Guralp Systems,Guralp CMG-40T,T4666,False,,False,False,sensor,1,7G,,7G,1,2,2000-07-16,2001-04-12,2000-07-16/2001-04-12,False,Aus,10.7914/SN/7G_2000,Guralp CMG-40T
probable-ANSIR,"ANSIR project 7G, model not itemised",broadband,,False,Guralp Systems,Guralp CMG-40T,T4671,False,,False,False,sensor,1,7G,,7G,1,2,2000-07-17,2001-04-13,2000-07-17/2001-04-13,False,Aus,10.7914/SN/7G_2000,Guralp CMG-40T
probable-ANSIR,"ANSIR project 7G, model not itemised",broadband,,False,Guralp Systems,Guralp CMG-40T,T4674,False,,False,False,sensor,3,6T; 7G; X8,,6T; 7G; X8,3,4,2000-07-18,,2000-07-18/,True,AUS; Aus; Australia,10.7914/4e87-j738; 10.7914/SN/7G_2000; 10.7914/xhzt-cq87,Guralp CMG-40T
probable-ANSIR,"ANSIR project 7G, model not itemised",broadband,,False,Guralp Systems,Guralp CMG-40T,T9999,False,,False,False,sensor,1,7G,,7G,1,19,2000-10-24,2004-02-05,2000-10-24/2004-02-05,False,Aus,10.7914/SN/7G_2000,Guralp CMG-40T
probable-ANSIR,"ANSIR project 7M, model not itemised",broadband,,False,Guralp Systems,Guralp CMG-40T 30s,T4148,False,,False,False,sensor,2,7F; 7M,,7F; 7M,2,3,1999-04-13,2016-05-25,1999-04-13/2016-05-25,False,Australia,,Guralp CMG-40T 30s
probable-ANSIR,"ANSIR project 7M, model not itemised",broadband,,False,Guralp Systems,Guralp CMG-40T 30s,T4570,False,,False,False,sensor,1,7M,,7M,1,2,2014-03-23,2017-10-22,2014-03-23/2017-10-22,False,Australia,,Guralp CMG-40T 30s
probable-ANSIR,"ANSIR project 7M, model not itemised",broadband,,False,Guralp Systems,Guralp CMG-40T 30s,T4572,False,,False,False,sensor,2,7I; 7M,,7I; 7M,2,3,2004-06-03,2017-10-05,2004-06-03/2017-10-05,False,Australia,10.7914/SN/7I_2003,Guralp CMG-40T 30s
probable-ANSIR,"ANSIR project 7M, model not itemised",broadband,,False,Guralp Systems,Guralp CMG-40T 30s,T4581,False,,False,False,sensor,2,7I; 7M,,7I; 7M,2,2,2003-06-03,2017-10-17,2003-06-03/2017-10-17,False,Australia,10.7914/SN/7I_2003,Guralp CMG-40T 30s
probable-ANSIR,"ANSIR project 7M, model not itemised",broadband,,False,Guralp Systems,Guralp CMG-40T 30s,T4594,False,,False,False,sensor,2,7F; 7M,,7F; 7M,2,3,1999-05-14,2017-04-30,1999-05-14/2017-04-30,False,Australia,,Guralp CMG-40T 30s
probable-ANSIR,"ANSIR project 7M, model not itemised",broadband,,False,Guralp Systems,Guralp CMG-40T 30s,T4657,False,,False,False,sensor,2,7H; 7M,,7H; 7M,2,3,2001-12-10,2017-05-21,2001-12-10/2017-05-21,False,Australia,,Guralp CMG-40T 30s
probable-ANSIR,"ANSIR project 7M, model not itemised",broadband,,False,Guralp Systems,Guralp CMG-40T 30s,T4659,False,,False,False,sensor,1,7M,,7M,1,3,2014-03-15,2017-10-19,2014-03-15/2017-10-19,False,Australia,,Guralp CMG-40T 30s
probable-ANSIR,"ANSIR project 7M, model not itemised",broadband,,False,Guralp Systems,Guralp CMG-40T 30s,T4666,False,,False,False,sensor,2,7I; 7M,,7I; 7M,2,3,2004-06-05,2016-12-07,2004-06-05/2016-12-07,False,Australia,10.7914/SN/7I_2003,Guralp CMG-40T 30s
probable-ANSIR,"ANSIR project 7M, model not itemised",broadband,,False,Guralp Systems,Guralp CMG-40T 30s,T4668,False,,False,False,sensor,1,7M,,7M,1,2,2014-03-12,2017-05-16,2014-03-12/2017-05-16,False,Australia,,Guralp CMG-40T 30s
probable-ANSIR,"ANSIR project 7M, model not itemised",broadband,,False,Guralp Systems,Guralp CMG-40T 30s,T4674,False,,False,False,sensor,2,7F; 7M,,7F; 7M,2,4,1999-03-04,2017-10-20,1999-03-04/2017-10-20,False,Australia,,Guralp CMG-40T 30s
probable-ANSIR,"ANSIR project 7M, model not itemised",broadband,,False,Guralp Systems,Guralp CMG-40T 30s,T4H86,False,,False,False,sensor,1,7M,,7M,1,1,2014-03-15,2015-07-05,2014-03-15/2015-07-05,False,Australia,,Guralp CMG-40T 30s
probable-ANSIR,"ANSIR project 7M, model not itemised",broadband,,False,Guralp Systems,Guralp CMG-40T 30s,T4H91,False,,False,False,sensor,1,7M,,7M,1,1,2015-10-19,2017-10-20,2015-10-19/2017-10-20,False,Australia,,Guralp CMG-40T 30s
probable-ANSIR,"ANSIR project 7M, model not itemised",broadband,,False,Guralp Systems,Guralp CMG-40T 30s,T4H92,False,,False,False,sensor,1,7M,,7M,1,2,2014-03-07,2017-08-29,2014-03-07/2017-08-29,False,Australia,,Guralp CMG-40T 30s
probable-ANSIR,"ANSIR project 7M, model not itemised",broadband,,False,Guralp Systems,Guralp CMG-40T 30s,T4H94,False,,False,False,sensor,1,7M,,7M,1,2,2014-03-13,2016-11-30,2014-03-13/2016-11-30,False,Australia,,Guralp CMG-40T 30s
probable-ANSIR,"ANSIR project 7M, model not itemised",broadband,,False,Guralp Systems,Guralp CMG-40T 30s,T4N60,False,,False,False,sensor,1,7M,,7M,1,1,2014-03-20,2016-05-15,2014-03-20/2016-05-15,False,Australia,,Guralp CMG-40T 30s
probable-ANSIR,"ANSIR project 7M, model not itemised",broadband,,False,Guralp Systems,Guralp CMG-40T 30s,T4T76,False,,False,False,sensor,1,7M,,7M,1,1,2015-07-11,2017-06-24,2015-07-11/2017-06-24,False,Australia,,Guralp CMG-40T 30s
probable-ANSIR,"ANSIR project 7M, model not itemised",broadband,,False,Guralp Systems,Guralp CMG-40T 30s,T4T80,False,,False,False,sensor,1,7M,,7M,1,1,2014-03-12,2015-07-04,2014-03-12/2015-07-04,False,Australia,,Guralp CMG-40T 30s
probable-ANSIR,"ANSIR project 7M, model not itemised",broadband,,False,Guralp Systems,Guralp CMG-40T 30s,T4T81,False,,False,False,sensor,1,7M,,7M,1,2,2014-03-13,2017-05-27,2014-03-13/2017-05-27,False,Australia,,Guralp CMG-40T 30s
probable-ANSIR,"ANSIR project 7M, model not itemised",broadband,,False,Guralp Systems,Guralp CMG-40T 30s,T4T82,False,,False,False,sensor,1,7M,,7M,1,2,2014-03-24,2017-10-20,2014-03-24/2017-10-20,False,Australia,,Guralp CMG-40T 30s
probable-ANSIR,"ANSIR project 7M, model not itemised",broadband,,False,Guralp Systems,Guralp CMG-40T 30s,T4T83,False,,False,False,sensor,1,7M,,7M,1,1,2014-03-17,2015-07-22,2014-03-17/2015-07-22,False,Australia,,Guralp CMG-40T 30s
probable-ANSIR,"ANSIR project 7M, model not itemised",broadband,,False,Guralp Systems,Guralp CMG-40T 30s,T4T84,False,,False,False,sensor,1,7M,,7M,1,2,2014-03-15,2017-10-20,2014-03-15/2017-10-20,False,Australia,,Guralp CMG-40T 30s
probable-ANSIR,"ANSIR project 7M, model not itemised",broadband,,False,Guralp Systems,Guralp CMG-40T 30s,T4T85,False,,False,False,sensor,1,7M,,7M,1,3,2014-03-07,2017-10-20,2014-03-07/2017-10-20,False,Australia,,Guralp CMG-40T 30s
probable-ANSIR,"ANSIR project 7M, model not itemised",broadband,,False,Guralp Systems,Guralp CMG-40T 30s,T4T86,False,,False,False,sensor,1,7M,,7M,1,2,2015-07-05,2017-10-21,2015-07-05/2017-10-21,False,Australia,,Guralp CMG-40T 30s
probable-ANSIR,"ANSIR project 7M, model not itemised",broadband,,False,Guralp Systems,Guralp CMG-40T 30s,T4T87,False,,False,False,sensor,1,7M,,7M,1,1,2014-03-20,2015-07-11,2014-03-20/2015-07-11,False,Australia,,Guralp CMG-40T 30s
probable-ANSIR,"ANSIR project 7M, model not itemised",broadband,,False,Guralp Systems,Guralp CMG-40T 30s,T4T88,False,,False,False,sensor,1,7M,,7M,1,2,2014-02-24,2016-03-11,2014-02-24/2016-03-11,False,Australia,,Guralp CMG-40T 30s
probable-ANSIR,"ANSIR project 7M, model not itemised",broadband,,False,Guralp Systems,Guralp CMG-6T,T6D54,False,,False,False,sensor,1,7M,,7M,1,2,2015-12-30,2018-09-04,2015-12-30/2018-09-04,False,Australia,,Guralp CMG-6T
probable-ANSIR,"ANSIR project 7M, model not itemised",datalogger,,False,Guralp Systems,Guralp CMG-6TD,C1623,False,,False,False,datalogger,1,7M,,7M,1,1,2015-12-30,2017-04-22,2015-12-30/2017-04-22,False,Australia,,Guralp CMG-6TD
probable-ANSIR,"ANSIR project 4N, model not itemised",datalogger,,True,Guralp Systems,Guralp CMG-CD24 OBS,C3030,False,,False,False,datalogger,2,3F; 4N,,3F; 4N,2,2,2017-09-10,2021-10-25,2017-09-10/2021-10-25,False,Australia,10.7914/SN/3F_2020; 10.7914/SN/4N_2017,Guralp CMG-CD24 OBS
probable-ANSIR,"ANSIR project 4N, model not itemised",datalogger,,False,Guralp Systems,Guralp CMG-CD24 OBS,C3035,False,,False,False,datalogger,1,4N,,4N,1,1,2017-09-10,2018-06-18,2017-09-10/2018-06-18,False,Australia,10.7914/SN/4N_2017,Guralp CMG-CD24 OBS
probable-ANSIR,"ANSIR project 4N, model not itemised",datalogger,,True,Guralp Systems,Guralp CMG-CD24 OBS,C3036,False,,False,False,datalogger,2,3F; 4N,,3F; 4N,2,2,2017-09-11,2021-11-11,2017-09-11/2021-11-11,False,Australia,10.7914/SN/3F_2020; 10.7914/SN/4N_2017,Guralp CMG-CD24 OBS
probable-ANSIR,"ANSIR project 4N, model not itemised",datalogger,,True,Guralp Systems,Guralp CMG-CD24 OBS,C3039,False,,False,False,datalogger,2,3F; 4N,,3F; 4N,2,2,2017-09-09,2021-10-17,2017-09-09/2021-10-17,False,Australia,10.7914/SN/3F_2020; 10.7914/SN/4N_2017,Guralp CMG-CD24 OBS
probable-ANSIR,"ANSIR project 4N, model not itemised",datalogger,,False,Guralp Systems,Guralp CMG-CD24 OBS,C3063,False,,False,False,datalogger,1,4N,,4N,1,1,2017-09-08,2018-05-13,2017-09-08/2018-05-13,False,Australia,10.7914/SN/4N_2017,Guralp CMG-CD24 OBS
probable-ANSIR,"ANSIR project 4N, model not itemised",datalogger,,False,Guralp Systems,Guralp CMG-CD24 OBS,C3064,False,,False,False,datalogger,1,4N,,4N,1,1,2017-09-11,2018-05-13,2017-09-11/2018-05-13,False,Australia,10.7914/SN/4N_2017,Guralp CMG-CD24 OBS
probable-ANSIR,"ANSIR project 4N, model not itemised",datalogger,,True,Guralp Systems,Guralp CMG-CD24 OBS,C3169,False,,False,False,datalogger,2,3F; 4N,,3F; 4N,2,2,2017-09-10,2021-06-14,2017-09-10/2021-06-14,False,Australia,10.7914/SN/3F_2020; 10.7914/SN/4N_2017,Guralp CMG-CD24 OBS
probable-ANSIR,"ANSIR project 4N, model not itemised",datalogger,,False,Guralp Systems,Guralp CMG-CD24 OBS,C3353,False,,False,False,datalogger,1,4N,,4N,1,1,2017-09-10,2018-03-05,2017-09-10/2018-03-05,False,Australia,10.7914/SN/4N_2017,Guralp CMG-CD24 OBS
probable-ANSIR,"ANSIR project 1G, model not itemised",short-period,,False,Lennartz Electronic,Lennartz LE-3Dlite MkII,210,False,,False,True,sensor,1,1G,1G,,0,1,2008-07-08,2009-03-27,2008-07-08/2009-03-27,False,Australia,10.7914/SN/1G_2008,Lennartz LE-3D Lite MkII
probable-ANSIR,"ANSIR project 1G, model not itemised",short-period,,False,Lennartz Electronic,Lennartz LE-3Dlite MkII,360,False,,False,True,sensor,1,1G,1G,,0,1,2008-07-08,2009-03-28,2008-07-08/2009-03-28,False,Australia,10.7914/SN/1G_2008,Lennartz LE-3D Lite MkII
probable-ANSIR,"ANSIR project 1G, model not itemised",short-period,,False,Lennartz Electronic,Lennartz LE-3Dlite MkII,A-027,False,A027,False,True,sensor,2,1G; 1K,1G,1K,1,3,2008-07-03,2015-09-11,2008-07-03/2015-09-11,False,Australia,10.7914/SN/1G_2008,Lennartz LE-3D Lite MkII; Lennartz LE-3Dlite MkII (400 v/m/s)
probable-ANSIR,"ANSIR project 1G, model not itemised",short-period,,False,Lennartz Electronic,Lennartz LE-3Dlite MkII,A-031,False,A031,False,True,sensor,2,1G; 1K,1G,1K,1,2,2008-07-01,2014-10-11,2008-07-01/2014-10-11,False,Australia,10.7914/SN/1G_2008,Lennartz LE-3D Lite MkII; Lennartz LE-3Dlite MkII (400 v/m/s)
probable-ANSIR,"ANSIR project 1G, model not itemised",short-period,,False,Lennartz Electronic,Lennartz LE-3Dlite MkII,A011,False,,False,True,sensor,1,1G,1G,,0,1,2008-07-03,2009-04-02,2008-07-03/2009-04-02,False,Australia,10.7914/SN/1G_2008,Lennartz LE-3D Lite MkII
probable-ANSIR,"ANSIR project 1G, model not itemised",short-period,,False,Lennartz Electronic,Lennartz LE-3Dlite MkII,A020,False,,False,True,sensor,1,1G,1G,,0,1,2008-07-05,2009-03-31,2008-07-05/2009-03-31,False,Australia,10.7914/SN/1G_2008,Lennartz LE-3D Lite MkII
probable-ANSIR,"ANSIR project 1G, model not itemised",short-period,,False,Lennartz Electronic,Lennartz LE-3Dlite MkII,A022,False,,False,True,sensor,1,1G,1G,,0,1,2008-08-11,2009-03-26,2008-08-11/2009-03-26,False,Australia,10.7914/SN/1G_2008,Lennartz LE-3D Lite MkII
probable-ANSIR,"ANSIR project 1G, model not itemised",short-period,,False,Lennartz Electronic,Lennartz LE-3Dlite MkII,A023,False,,False,True,sensor,1,1G,1G,,0,1,2008-07-07,2009-01-25,2008-07-07/2009-01-25,False,Australia,10.7914/SN/1G_2008,Lennartz LE-3D Lite MkII
probable-ANSIR,"ANSIR project 1G, model not itemised",short-period,,False,Lennartz Electronic,Lennartz LE-3Dlite MkII,A039,False,,False,True,sensor,1,1G,1G,,0,1,2008-07-06,2009-04-01,2008-07-06/2009-04-01,False,Australia,10.7914/SN/1G_2008,Lennartz LE-3D Lite MkII
probable-ANSIR,"ANSIR project 1G, model not itemised",short-period,,False,Lennartz Electronic,Lennartz LE-3Dlite MkII,A042,False,,False,True,sensor,1,1G,1G,,0,1,2008-07-05,2009-03-29,2008-07-05/2009-03-29,False,Australia,10.7914/SN/1G_2008,Lennartz LE-3D Lite MkII
probable-ANSIR,"ANSIR project 1G, model not itemised",short-period,,False,Lennartz Electronic,Lennartz LE-3Dlite MkII,A047,False,,False,True,sensor,1,1G,1G,,0,1,2008-07-02,2009-04-03,2008-07-02/2009-04-03,False,Australia,10.7914/SN/1G_2008,Lennartz LE-3D Lite MkII
probable-ANSIR,"ANSIR project 1G, model not itemised",short-period,,False,Lennartz Electronic,Lennartz LE-3Dlite MkII,A059,False,,False,True,sensor,1,1G,1G,,0,1,2008-07-03,2009-04-03,2008-07-03/2009-04-03,False,Australia,10.7914/SN/1G_2008,Lennartz LE-3D Lite MkII
probable-ANSIR,"ANSIR project 1G, model not itemised",short-period,,False,Lennartz Electronic,Lennartz LE-3Dlite MkII,D-192,False,D192,False,True,sensor,2,1G; 1K,1G,1K,1,2,2008-07-03,2014-10-08,2008-07-03/2014-10-08,False,Australia,10.7914/SN/1G_2008,Lennartz LE-3D Lite MkII; Lennartz LE-3Dlite MkII (400 v/m/s)
probable-ANSIR,"ANSIR project 1G, model not itemised",short-period,,False,Lennartz Electronic,Lennartz LE-3Dlite MkII,D200,False,,False,True,sensor,1,1G,1G,,0,1,2008-07-07,2009-03-27,2008-07-07/2009-03-27,False,Australia,10.7914/SN/1G_2008,Lennartz LE-3D Lite MkII
probable-ANSIR,"ANSIR project 1G, model not itemised",short-period,,False,Lennartz Electronic,Lennartz LE-3Dlite MkII,F0355,False,,False,True,sensor,1,1G,1G,,0,1,2008-07-02,2009-04-02,2008-07-02/2009-04-02,False,Australia,10.7914/SN/1G_2008,Lennartz LE-3D Lite MkII
probable-ANSIR,"ANSIR project 1G, model not itemised",short-period,,False,Lennartz Electronic,Lennartz LE-3Dlite MkII,F0356,False,,False,True,sensor,1,1G,1G,,0,1,2008-07-03,2009-04-02,2008-07-03/2009-04-02,False,Australia,10.7914/SN/1G_2008,Lennartz LE-3D Lite MkII
probable-ANSIR,"ANSIR project 1G, model not itemised",short-period,,False,Lennartz Electronic,Lennartz LE-3Dlite MkII,F362,False,,False,True,sensor,1,1G,1G,,0,1,2008-07-06,2009-04-01,2008-07-06/2009-04-01,False,Australia,10.7914/SN/1G_2008,Lennartz LE-3D Lite MkII
probable-ANSIR,"ANSIR project 4N, model not itemised",datalogger,,False,Nanometrics,Nanometrics Centaur,3923,False,,False,False,datalogger,1,4N,,4N,1,1,2018-06-20,2019-11-21,2018-06-20/2019-11-21,False,AU,10.7914/SN/4N_2017,Nanometrics Centaur
probable-ANSIR,"ANSIR project 4N, model not itemised",datalogger,,False,Nanometrics,Nanometrics Centaur,3925,False,,False,False,datalogger,1,4N,,4N,1,1,2019-04-01,2019-11-26,2019-04-01/2019-11-26,False,AU,10.7914/SN/4N_2017,Nanometrics Centaur
probable-ANSIR,"ANSIR project 4N, model not itemised",datalogger,,False,Nanometrics,Nanometrics Centaur,3928,False,,False,False,datalogger,1,4N,,4N,1,1,2018-06-20,2019-11-20,2018-06-20/2019-11-20,False,AU,10.7914/SN/4N_2017,Nanometrics Centaur
probable-ANSIR,"ANSIR project 4N, model not itemised",datalogger,,False,Nanometrics,Nanometrics Centaur,3931,False,,False,False,datalogger,1,4N,,4N,1,1,2018-06-20,2019-11-22,2018-06-20/2019-11-22,False,AU,10.7914/SN/4N_2017,Nanometrics Centaur
probable-ANSIR,"ANSIR project 4N, model not itemised",datalogger,,False,Nanometrics,Nanometrics Centaur,3934,False,,False,False,datalogger,1,4N,,4N,1,1,2019-04-01,2019-08-24,2019-04-01/2019-08-24,False,AU,10.7914/SN/4N_2017,Nanometrics Centaur
probable-ANSIR,"ANSIR project 4N, model not itemised",datalogger,,False,Nanometrics,Nanometrics Centaur,3940,False,,False,False,datalogger,2,4N; WG,,4N; WG,2,2,2018-06-20,2026-05-10,2018-06-20/2026-05-10,False,AU,10.7914/SN/4N_2017; 10.7914/xagc-se62,Nanometrics Centaur
probable-ANSIR,"ANSIR project 4N, model not itemised",datalogger,,False,Nanometrics,Nanometrics Centaur,3943,False,,False,False,datalogger,1,4N,,4N,1,1,2018-08-22,2019-11-25,2018-08-22/2019-11-25,False,AU,10.7914/SN/4N_2017,Nanometrics Centaur
probable-ANSIR,"ANSIR project 4N, model not itemised",datalogger,,False,Nanometrics,Nanometrics Centaur,3949,False,,False,False,datalogger,1,4N,,4N,1,1,2018-06-20,2019-08-21,2018-06-20/2019-08-21,False,AU,10.7914/SN/4N_2017,Nanometrics Centaur
probable-ANSIR,"ANSIR project 4N, model not itemised",datalogger,,False,Nanometrics,Nanometrics Centaur,3950,False,,False,False,datalogger,1,4N,,4N,1,1,2018-06-20,2019-11-23,2018-06-20/2019-11-23,False,AU,10.7914/SN/4N_2017,Nanometrics Centaur
probable-ANSIR,"ANSIR project 4N, model not itemised",datalogger,,False,Nanometrics,Nanometrics Centaur,3953,False,,False,False,datalogger,1,4N,,4N,1,1,2018-06-20,2019-11-23,2018-06-20/2019-11-23,False,AU,10.7914/SN/4N_2017,Nanometrics Centaur
probable-ANSIR,"ANSIR project 4N, model not itemised",datalogger,,False,Nanometrics,Nanometrics Centaur,3958,False,,False,False,datalogger,1,4N,,4N,1,1,2019-04-01,2019-11-25,2019-04-01/2019-11-25,False,AU,10.7914/SN/4N_2017,Nanometrics Centaur
probable-ANSIR,"ANSIR project 4N, model not itemised",datalogger,,False,Nanometrics,Nanometrics Centaur,3959,False,,False,False,datalogger,1,4N,,4N,1,1,2018-06-20,2019-11-22,2018-06-20/2019-11-22,False,AU,10.7914/SN/4N_2017,Nanometrics Centaur
probable-ANSIR,"ANSIR project 4N, model not itemised",datalogger,,False,Nanometrics,Nanometrics Centaur,3962,False,,False,False,datalogger,1,4N,,4N,1,1,2018-06-20,2019-11-25,2018-06-20/2019-11-25,False,AU,10.7914/SN/4N_2017,Nanometrics Centaur
probable-ANSIR,"ANSIR project 4N, model not itemised",datalogger,,False,Nanometrics,Nanometrics Centaur,3964,False,,False,False,datalogger,1,4N,,4N,1,1,2018-06-20,2019-08-22,2018-06-20/2019-08-22,False,AU,10.7914/SN/4N_2017,Nanometrics Centaur
probable-ANSIR,"ANSIR project 4N, model not itemised",datalogger,,False,Nanometrics,Nanometrics Centaur,3984,False,,False,False,datalogger,1,4N,,4N,1,1,2018-06-20,2019-11-25,2018-06-20/2019-11-25,False,AU,10.7914/SN/4N_2017,Nanometrics Centaur
probable-ANSIR,"ANSIR project 4N, model not itemised",datalogger,,False,Nanometrics,Nanometrics Centaur,3990,False,,False,False,datalogger,1,4N,,4N,1,1,2019-04-01,2019-11-26,2019-04-01/2019-11-26,False,AU,10.7914/SN/4N_2017,Nanometrics Centaur
probable-ANSIR,"ANSIR project 4N, model not itemised",datalogger,,False,Nanometrics,Nanometrics Centaur,3991,False,,False,False,datalogger,1,4N,,4N,1,1,2018-06-20,2019-11-20,2018-06-20/2019-11-20,False,AU,10.7914/SN/4N_2017,Nanometrics Centaur
probable-ANSIR,"ANSIR project 4N, model not itemised",datalogger,,False,Nanometrics,Nanometrics Centaur,3992,False,,False,False,datalogger,1,4N,,4N,1,1,2018-06-20,2019-11-22,2018-06-20/2019-11-22,False,AU,10.7914/SN/4N_2017,Nanometrics Centaur
probable-ANSIR,"ANSIR project 4N, model not itemised",datalogger,,False,Nanometrics,Nanometrics Centaur,3993,False,,False,False,datalogger,1,4N,,4N,1,1,2018-06-20,2019-11-23,2018-06-20/2019-11-23,False,AU,10.7914/SN/4N_2017,Nanometrics Centaur
probable-ANSIR,"ANSIR project 4N, model not itemised",datalogger,,False,Nanometrics,Nanometrics Centaur,3996,False,,False,False,datalogger,1,4N,,4N,1,1,2018-06-20,2019-11-20,2018-06-20/2019-11-20,False,AU,10.7914/SN/4N_2017,Nanometrics Centaur
probable-ANSIR,"ANSIR project 4N, model not itemised",datalogger,,False,Nanometrics,Nanometrics Centaur,3997,False,,False,False,datalogger,1,4N,,4N,1,1,2018-06-20,2019-11-22,2018-06-20/2019-11-22,False,AU,10.7914/SN/4N_2017,Nanometrics Centaur
probable-ANSIR,"ANSIR project 4N, model not itemised",datalogger,,False,Nanometrics,Nanometrics Centaur,4003,False,,False,False,datalogger,1,4N,,4N,1,1,2018-06-20,2018-11-30,2018-06-20/2018-11-30,False,AU,10.7914/SN/4N_2017,Nanometrics Centaur
probable-ANSIR,"ANSIR project 4N, model not itemised",datalogger,,False,Nanometrics,Nanometrics Centaur,4004,False,,False,False,datalogger,1,4N,,4N,1,1,2018-06-20,2019-11-25,2018-06-20/2019-11-25,False,AU,10.7914/SN/4N_2017,Nanometrics Centaur
probable-ANSIR,"ANSIR project 4N, model not itemised",datalogger,,False,Nanometrics,Nanometrics Centaur,4005,False,,False,False,datalogger,1,4N,,4N,1,1,2018-06-20,2019-11-25,2018-06-20/2019-11-25,False,AU,10.7914/SN/4N_2017,Nanometrics Centaur
probable-ANSIR,"ANSIR project 4N, model not itemised",datalogger,,False,Nanometrics,Nanometrics Centaur,4007,False,,False,False,datalogger,1,4N,,4N,1,1,2018-06-20,2019-11-25,2018-06-20/2019-11-25,False,AU,10.7914/SN/4N_2017,Nanometrics Centaur
probable-ANSIR,"ANSIR project 4N, model not itemised",datalogger,,False,Nanometrics,Nanometrics Centaur,4008,False,,False,False,datalogger,1,4N,,4N,1,1,2018-06-20,2019-11-23,2018-06-20/2019-11-23,False,AU,10.7914/SN/4N_2017,Nanometrics Centaur
probable-ANSIR,"ANSIR project 4N, model not itemised",datalogger,,False,Nanometrics,Nanometrics Centaur,4011,False,,False,False,datalogger,1,4N,,4N,1,1,2018-06-20,2019-11-23,2018-06-20/2019-11-23,False,AU,10.7914/SN/4N_2017,Nanometrics Centaur
probable-ANSIR,"ANSIR project 4N, model not itemised",datalogger,,False,Nanometrics,Nanometrics Centaur,4012,False,,False,False,datalogger,1,4N,,4N,1,1,2018-06-20,2019-05-03,2018-06-20/2019-05-03,False,AU,10.7914/SN/4N_2017,Nanometrics Centaur
probable-ANSIR,"ANSIR project 4N, model not itemised",datalogger,,False,Nanometrics,Nanometrics Centaur,4013,False,,False,False,datalogger,1,4N,,4N,1,1,2018-06-20,2019-11-22,2018-06-20/2019-11-22,False,AU,10.7914/SN/4N_2017,Nanometrics Centaur
probable-ANSIR,"ANSIR project 4N, model not itemised",datalogger,,False,Nanometrics,Nanometrics Centaur,4014,False,,False,False,datalogger,1,4N,,4N,1,1,2018-06-20,2019-11-23,2018-06-20/2019-11-23,False,AU,10.7914/SN/4N_2017,Nanometrics Centaur
probable-ANSIR,"ANSIR project 4N, model not itemised",datalogger,,False,Nanometrics,Nanometrics Centaur,4015,False,,False,False,datalogger,1,4N,,4N,1,1,2017-09-04,2019-11-22,2017-09-04/2019-11-22,False,AU,10.7914/SN/4N_2017,Nanometrics Centaur
probable-ANSIR,"ANSIR project 4N, model not itemised",datalogger,,False,Nanometrics,Nanometrics Centaur,4016,False,,False,False,datalogger,1,4N,,4N,1,1,2018-06-20,2019-11-20,2018-06-20/2019-11-20,False,AU,10.7914/SN/4N_2017,Nanometrics Centaur
probable-ANSIR,"ANSIR project 4N, model not itemised",datalogger,,False,Nanometrics,Nanometrics Centaur,4018,False,,False,False,datalogger,1,4N,,4N,1,1,2019-04-17,2019-11-26,2019-04-17/2019-11-26,False,AU,10.7914/SN/4N_2017,Nanometrics Centaur
probable-ANSIR,"ANSIR project 4N, model not itemised",datalogger,,False,Nanometrics,Nanometrics Centaur,4019,False,,False,False,datalogger,1,4N,,4N,1,1,2019-04-01,2019-11-25,2019-04-01/2019-11-25,False,AU,10.7914/SN/4N_2017,Nanometrics Centaur
probable-ANSIR,"ANSIR project 4N, model not itemised",datalogger,,False,Nanometrics,Nanometrics Centaur,4020,False,,False,False,datalogger,1,4N,,4N,1,1,2018-06-20,2019-08-22,2018-06-20/2019-08-22,False,AU,10.7914/SN/4N_2017,Nanometrics Centaur
probable-ANSIR,"ANSIR project 4N, model not itemised",datalogger,,False,Nanometrics,Nanometrics Centaur,4021,False,,False,False,datalogger,1,4N,,4N,1,1,2018-06-20,2019-11-23,2018-06-20/2019-11-23,False,AU,10.7914/SN/4N_2017,Nanometrics Centaur
probable-ANSIR,"ANSIR project 4N, model not itemised",datalogger,,False,Nanometrics,Nanometrics Centaur,4022,False,,False,False,datalogger,1,4N,,4N,1,1,2018-06-20,2019-11-21,2018-06-20/2019-11-21,False,AU,10.7914/SN/4N_2017,Nanometrics Centaur
probable-ANSIR,"ANSIR project 7G, model not itemised",datalogger,,False,Nanometrics,Nanometrics Orion,144,False,,False,False,datalogger,1,7G,,7G,1,1,2000-07-20,2001-01-28,2000-07-20/2001-01-28,False,Aus,10.7914/SN/7G_2000,Nanometrics Orion
probable-ANSIR,"ANSIR project 7G, model not itemised",datalogger,,False,Nanometrics,Nanometrics Orion,145,False,,False,False,datalogger,1,7G,,7G,1,1,2000-07-13,2001-01-30,2000-07-13/2001-01-30,False,Aus,10.7914/SN/7G_2000,Nanometrics Orion
probable-ANSIR,"ANSIR project 7G, model not itemised",datalogger,,False,Nanometrics,Nanometrics Orion,160,False,,False,False,datalogger,1,7G,,7G,1,1,2000-07-11,2001-01-31,2000-07-11/2001-01-31,False,Aus,10.7914/SN/7G_2000,Nanometrics Orion
probable-ANSIR,"ANSIR project 7G, model not itemised",datalogger,,False,Nanometrics,Nanometrics Orion,163,False,,False,False,datalogger,1,7G,,7G,1,1,2000-07-21,2000-10-13,2000-07-21/2000-10-13,False,Aus,10.7914/SN/7G_2000,Nanometrics Orion
probable-ANSIR,"ANSIR project 7G, model not itemised",datalogger,,False,Nanometrics,Nanometrics Orion,164,False,,False,False,datalogger,1,7G,,7G,1,1,2000-07-12,2001-03-09,2000-07-12/2001-03-09,False,Aus,10.7914/SN/7G_2000,Nanometrics Orion
probable-ANSIR,"ANSIR project 7G, model not itemised",datalogger,,False,Nanometrics,Nanometrics Orion,165,False,,False,False,datalogger,1,7G,,7G,1,1,2000-10-12,2001-07-06,2000-10-12/2001-07-06,False,Aus,10.7914/SN/7G_2000,Nanometrics Orion
probable-ANSIR,"ANSIR project 7G, model not itemised",datalogger,,False,Nanometrics,Nanometrics Orion,167,False,,False,False,datalogger,1,7G,,7G,1,4,2000-10-10,2003-03-01,2000-10-10/2003-03-01,False,Aus,10.7914/SN/7G_2000,Nanometrics Orion
probable-ANSIR,"ANSIR project 7G, model not itemised",datalogger,,False,Nanometrics,Nanometrics Orion,168,False,,False,False,datalogger,1,7G,,7G,1,1,2000-07-15,2001-01-29,2000-07-15/2001-01-29,False,Aus,10.7914/SN/7G_2000,Nanometrics Orion
probable-ANSIR,"ANSIR project 7G, model not itemised",datalogger,,False,Nanometrics,Nanometrics Orion,169,False,,False,False,datalogger,1,7G,,7G,1,1,2000-07-19,2001-07-13,2000-07-19/2001-07-13,False,Aus,10.7914/SN/7G_2000,Nanometrics Orion
probable-ANSIR,"ANSIR project 7G, model not itemised",datalogger,,False,Nanometrics,Nanometrics Orion,173,False,,False,False,datalogger,1,7G,,7G,1,1,2000-10-11,2001-07-05,2000-10-11/2001-07-05,False,Aus,10.7914/SN/7G_2000,Nanometrics Orion
probable-ANSIR,"ANSIR project 7G, model not itemised",datalogger,,False,Nanometrics,Nanometrics Orion,194,False,,False,False,datalogger,1,7G,,7G,1,1,2000-10-21,2001-07-05,2000-10-21/2001-07-05,False,Aus,10.7914/SN/7G_2000,Nanometrics Orion
probable-ANSIR,"ANSIR project 4N, model not itemised",datalogger,,False,Nanometrics,Nanometrics Taurus,3134,False,,False,False,datalogger,1,4N,,4N,1,1,2017-09-12,2018-05-17,2017-09-12/2018-05-17,False,AU,10.7914/SN/4N_2017,Nanometrics Taurus
probable-ANSIR,"ANSIR project 4N, model not itemised",datalogger,,False,Nanometrics,Nanometrics Taurus,3147,False,,False,False,datalogger,1,4N,,4N,1,1,2017-09-07,2018-05-19,2017-09-07/2018-05-19,False,AU,10.7914/SN/4N_2017,Nanometrics Taurus
probable-ANSIR,"ANSIR project 4N, model not itemised",datalogger,,False,Nanometrics,Nanometrics Taurus,3168,False,,False,False,datalogger,1,4N,,4N,1,1,2017-09-08,2018-05-18,2017-09-08/2018-05-18,False,AU,10.7914/SN/4N_2017,Nanometrics Taurus
probable-ANSIR,"ANSIR project 4N, model not itemised",datalogger,,False,Nanometrics,Nanometrics Taurus,3175,False,,False,False,datalogger,1,4N,,4N,1,1,2017-09-09,2018-05-17,2017-09-09/2018-05-17,False,AU,10.7914/SN/4N_2017,Nanometrics Taurus
probable-ANSIR,"ANSIR project 4N, model not itemised",datalogger,,False,Nanometrics,Nanometrics Taurus,3205,False,,False,False,datalogger,1,4N,,4N,1,1,2017-09-05,2017-12-06,2017-09-05/2017-12-06,False,AU,10.7914/SN/4N_2017,Nanometrics Taurus
probable-ANSIR,"ANSIR project 4N, model not itemised",datalogger,,False,Nanometrics,Nanometrics Taurus,3212,False,,False,False,datalogger,1,4N,,4N,1,1,2017-09-11,2017-12-06,2017-09-11/2017-12-06,False,AU,10.7914/SN/4N_2017,Nanometrics Taurus
probable-ANSIR,"ANSIR project 4N, model not itemised",datalogger,,False,Nanometrics,Nanometrics Taurus,3218,False,,False,False,datalogger,1,4N,,4N,1,1,2017-09-14,2018-05-17,2017-09-14/2018-05-17,False,AU,10.7914/SN/4N_2017,Nanometrics Taurus
probable-ANSIR,"ANSIR project 4N, model not itemised",datalogger,,False,Nanometrics,Nanometrics Taurus,3220,False,,False,False,datalogger,1,4N,,4N,1,1,2017-09-06,2018-05-19,2017-09-06/2018-05-19,False,AU,10.7914/SN/4N_2017,Nanometrics Taurus
probable-ANSIR,"ANSIR project 4N, model not itemised",datalogger,,False,Nanometrics,Nanometrics Taurus,3238,False,,False,False,datalogger,1,4N,,4N,1,2,2017-09-05,2019-11-26,2017-09-05/2019-11-26,False,AU,10.7914/SN/4N_2017,Nanometrics Taurus
probable-ANSIR,"ANSIR project 8K, model not itemised",broadband,,False,Nanometrics,Nanometrics Trillium Compact 120s,1332,False,,False,False,sensor,1,8K,,8K,1,1,2014-10-12,2015-09-05,2014-10-12/2015-09-05,False,Australia,,Nanometrics Trillium Compact 120s (754 V/m/s)
probable-ANSIR,"ANSIR project 8K, model not itemised",broadband,,False,Nanometrics,Nanometrics Trillium Compact 120s,1333,False,,False,False,sensor,1,8K,,8K,1,1,2014-10-12,2015-07-01,2014-10-12/2015-07-01,False,Australia,,Nanometrics Trillium Compact 120s (754 V/m/s)
probable-ANSIR,"ANSIR project 8K, model not itemised",broadband,,False,Nanometrics,Nanometrics Trillium Compact 120s,1345,False,,False,False,sensor,1,8K,,8K,1,1,2014-11-15,2015-10-16,2014-11-15/2015-10-16,False,Australia,,Nanometrics Trillium Compact 120s (754 V/m/s)
probable-ANSIR,"ANSIR project 8K, model not itemised",broadband,,False,Nanometrics,Nanometrics Trillium Compact 120s,1349,False,,False,False,sensor,1,8K,,8K,1,1,2014-11-14,2015-04-10,2014-11-14/2015-04-10,False,Australia,,Nanometrics Trillium Compact 120s (754 V/m/s)
probable-ANSIR,"ANSIR project 7M,8K, model not itemised",broadband,,False,Nanometrics,Nanometrics Trillium Compact 120s,1350,False,,False,False,sensor,2,7M; 8K,,7M; 8K,2,2,2014-10-13,2018-05-24,2014-10-13/2018-05-24,False,Australia,,Nanometrics Trillium Compact 120s (754 V/m/s)
probable-ANSIR,"ANSIR project 7M,8K, model not itemised",broadband,,False,Nanometrics,Nanometrics Trillium Compact 120s,1351,False,,False,False,sensor,2,7M; 8K,,7M; 8K,2,2,2014-10-13,2018-05-23,2014-10-13/2018-05-23,False,Australia,,Nanometrics Trillium Compact 120s (754 V/m/s)
probable-ANSIR,"ANSIR project 7M,8K, model not itemised",broadband,,False,Nanometrics,Nanometrics Trillium Compact 120s,1354,False,,False,False,sensor,2,7M; 8K,,7M; 8K,2,2,2015-07-04,2018-04-10,2015-07-04/2018-04-10,False,Australia,,Nanometrics Trillium Compact 120s (754 V/m/s)
probable-ANSIR,"ANSIR project 8K, model not itemised",broadband,,False,Nanometrics,Nanometrics Trillium Compact 120s,1355,False,,False,False,sensor,1,8K,,8K,1,1,2014-10-13,2015-10-13,2014-10-13/2015-10-13,False,Australia,,Nanometrics Trillium Compact 120s (754 V/m/s)
probable-ANSIR,"ANSIR project 8K, model not itemised",broadband,,False,Nanometrics,Nanometrics Trillium Compact 120s,1359,False,,False,False,sensor,1,8K,,8K,1,1,2014-10-13,2015-09-19,2014-10-13/2015-09-19,False,Australia,,Nanometrics Trillium Compact 120s (754 V/m/s)
probable-ANSIR,"ANSIR project 8K, model not itemised",broadband,,False,Nanometrics,Nanometrics Trillium Compact 120s,1360,False,,False,False,sensor,1,8K,,8K,1,2,2014-10-13,2015-10-11,2014-10-13/2015-10-11,False,Australia,,Nanometrics Trillium Compact 120s (754 V/m/s)
probable-ANSIR,"ANSIR project 7M,8K, model not itemised",broadband,,False,Nanometrics,Nanometrics Trillium Compact 120s,1361,False,,False,False,sensor,2,7M; 8K,,7M; 8K,2,2,2014-10-12,2018-05-11,2014-10-12/2018-05-11,False,Australia,,Nanometrics Trillium Compact 120s (754 V/m/s)
probable-ANSIR,"ANSIR project 7M,8K, model not itemised",broadband,,False,Nanometrics,Nanometrics Trillium Compact 120s,1363,False,,False,False,sensor,2,7M; 8K,,7M; 8K,2,2,2014-10-13,2018-05-23,2014-10-13/2018-05-23,False,Australia,,Nanometrics Trillium Compact 120s (754 V/m/s)
probable-ANSIR,"ANSIR project 8K, model not itemised",broadband,,False,Nanometrics,Nanometrics Trillium Compact 120s,1367,False,,False,False,sensor,1,8K,,8K,1,1,2014-10-13,2015-10-15,2014-10-13/2015-10-15,False,Australia,,Nanometrics Trillium Compact 120s (754 V/m/s)
probable-ANSIR,"ANSIR project 8K, model not itemised",broadband,,False,Nanometrics,Nanometrics Trillium Compact 120s,1371,False,,False,False,sensor,1,8K,,8K,1,1,2014-10-12,2015-09-28,2014-10-12/2015-09-28,False,Australia,,Nanometrics Trillium Compact 120s (754 V/m/s)
probable-ANSIR,"ANSIR project 8K, model not itemised",broadband,,False,Nanometrics,Nanometrics Trillium Compact 120s,1379,False,,False,False,sensor,1,8K,,8K,1,1,2014-10-12,2015-09-22,2014-10-12/2015-09-22,False,Australia,,Nanometrics Trillium Compact 120s (754 V/m/s)
probable-ANSIR,"ANSIR project 8K, model not itemised",broadband,,False,Nanometrics,Nanometrics Trillium Compact 120s,1380,False,,False,False,sensor,1,8K,,8K,1,1,2014-10-13,2015-09-17,2014-10-13/2015-09-17,False,Australia,,Nanometrics Trillium Compact 120s (754 V/m/s)
probable-ANSIR,"ANSIR project 7M,8K, model not itemised",broadband,,False,Nanometrics,Nanometrics Trillium Compact 120s,1381,False,,False,False,sensor,3,5C; 7M; 8K,,5C; 7M; 8K,3,3,2014-10-12,2018-05-23,2014-10-12/2018-05-23,False,AUS; Australia,10.7914/nx28-a367,Nanometrics Trillium Compact 120s (754 V/m/s)
probable-ANSIR,"ANSIR project 8K, model not itemised",broadband,,False,Nanometrics,Nanometrics Trillium Compact 120s,1382,False,,False,False,sensor,1,8K,,8K,1,1,2014-10-13,2015-10-08,2014-10-13/2015-10-08,False,Australia,,Nanometrics Trillium Compact 120s (754 V/m/s)
probable-ANSIR,"ANSIR project 7M,8K, model not itemised",broadband,,False,Nanometrics,Nanometrics Trillium Compact 120s,1383,False,,False,False,sensor,2,7M; 8K,,7M; 8K,2,2,2014-10-13,2018-05-23,2014-10-13/2018-05-23,False,Australia,,Nanometrics Trillium Compact 120s (754 V/m/s)
probable-ANSIR,"ANSIR project 8K, model not itemised",broadband,,False,Nanometrics,Nanometrics Trillium Compact 120s,1385,False,,False,False,sensor,1,8K,,8K,1,1,2014-10-12,2015-10-07,2014-10-12/2015-10-07,False,Australia,,Nanometrics Trillium Compact 120s (754 V/m/s)
probable-ANSIR,"ANSIR project 8K, model not itemised",broadband,,False,Nanometrics,Nanometrics Trillium Compact 120s,1386,False,,False,False,sensor,1,8K,,8K,1,1,2014-10-13,2015-10-05,2014-10-13/2015-10-05,False,Australia,,Nanometrics Trillium Compact 120s (754 V/m/s)
probable-ANSIR,"ANSIR project 8K, model not itemised",broadband,,False,Nanometrics,Nanometrics Trillium Compact 120s,1389,False,,False,False,sensor,1,8K,,8K,1,1,2014-10-12,2015-10-12,2014-10-12/2015-10-12,False,Australia,,Nanometrics Trillium Compact 120s (754 V/m/s)
probable-ANSIR,"ANSIR project 8K, model not itemised",broadband,,False,Nanometrics,Nanometrics Trillium Compact 120s,1395,False,,False,False,sensor,1,8K,,8K,1,1,2014-10-12,2015-10-08,2014-10-12/2015-10-08,False,Australia,,Nanometrics Trillium Compact 120s (754 V/m/s)
probable-ANSIR,"ANSIR project 8K, model not itemised",broadband,,False,Nanometrics,Nanometrics Trillium Compact 120s,1396,False,,False,False,sensor,1,8K,,8K,1,1,2014-10-13,2015-09-28,2014-10-13/2015-09-28,False,Australia,,Nanometrics Trillium Compact 120s (754 V/m/s)
probable-ANSIR,"ANSIR project 8K, model not itemised",broadband,,False,Nanometrics,Nanometrics Trillium Compact 120s,1736,False,,False,False,sensor,1,8K,,8K,1,1,2014-10-13,2015-06-08,2014-10-13/2015-06-08,False,Australia,,Nanometrics Trillium Compact 120s (754 V/m/s)
probable-ANSIR,"ANSIR project 1G, model not itemised",broadband,,False,Nanometrics,Nanometrics Trillium Compact 120s,40345,False,,False,False,sensor,2,1G; YS,1G,YS,1,2,2014-11-19,2019-08-19,2014-11-19/2019-08-19,False,Indonesia,,Nanometrics Trillium Compact 120s (754 V/m/s)
probable-ANSIR,"ANSIR project 1G, model not itemised",broadband,,False,Nanometrics,Nanometrics Trillium Compact 120s,99738,False,,False,False,sensor,2,1G; YS,1G,YS,1,2,2014-11-03,2019-01-14,2014-11-03/2019-01-14,False,Indonesia,,Nanometrics Trillium Compact 120s (754 V/m/s)
probable-ANSIR,"ANSIR project 7D, model not itemised",datalogger,,False,REF TEK / Trimble,RT 72A-07,7017,False,,False,False,datalogger,2,7B; 7D,,7B; 7D,2,5,1993-05-15,1997-10-13,1993-05-15/1997-10-13,False,Australia,10.7914/SN/7B_1993; 10.7914/SN/7D_1997,RT 72A-07
probable-ANSIR,"ANSIR project 7E, model not itemised",datalogger,,False,REF TEK / Trimble,RT 72A-07,7018,False,,False,False,datalogger,2,7B; 7E,,7B; 7E,2,4,1993-06-25,1998-07-20,1993-06-25/1998-07-20,False,Australia,10.7914/SN/7B_1993; 10.7914/SN/7E_1998,RT 72A-07
probable-ANSIR,"ANSIR project 7E, model not itemised",datalogger,,False,REF TEK / Trimble,RT 72A-07,7019,False,,False,False,datalogger,2,7B; 7E,,7B; 7E,2,5,1993-05-03,1998-07-24,1993-05-03/1998-07-24,False,Australia,10.7914/SN/7B_1993; 10.7914/SN/7E_1998,RT 72A-07
probable-ANSIR,"ANSIR project 7D, model not itemised",datalogger,,False,REF TEK / Trimble,RT 72A-07,7020,False,,False,False,datalogger,2,7B; 7D,,7B; 7D,2,5,1993-05-13,1997-10-07,1993-05-13/1997-10-07,False,Australia,10.7914/SN/7B_1993; 10.7914/SN/7D_1997,RT 72A-07
probable-ANSIR,"ANSIR project 7D, model not itemised",datalogger,,False,REF TEK / Trimble,RT 72A-07,7021,False,,False,False,datalogger,2,7B; 7D,,7B; 7D,2,5,1993-06-26,1997-10-14,1993-06-26/1997-10-14,False,Australia,10.7914/SN/7B_1993; 10.7914/SN/7D_1997,RT 72A-07
probable-ANSIR,"ANSIR project 7E, model not itemised",datalogger,,False,REF TEK / Trimble,RT 72A-07,7022,False,,False,False,datalogger,2,7B; 7E,,7B; 7E,2,5,1993-05-14,1998-07-21,1993-05-14/1998-07-21,False,Australia,10.7914/SN/7B_1993; 10.7914/SN/7E_1998,RT 72A-07
probable-ANSIR,"ANSIR project 7D, model not itemised",datalogger,,False,REF TEK / Trimble,RT 72A-07,7023,False,,False,False,datalogger,2,7B; 7D,,7B; 7D,2,5,1993-05-05,1997-10-12,1993-05-05/1997-10-12,False,Australia,10.7914/SN/7B_1993; 10.7914/SN/7D_1997,RT 72A-07
probable-ANSIR,"ANSIR project 7D,7E, model not itemised",datalogger,,False,REF TEK / Trimble,RT 72A-07,7024,False,,False,False,datalogger,3,7B; 7D; 7E,,7B; 7D; 7E,3,7,1993-05-17,1998-07-19,1993-05-17/1998-07-19,False,Australia,10.7914/SN/7B_1993; 10.7914/SN/7D_1997; 10.7914/SN/7E_1998,RT 72A-07
probable-ANSIR,"ANSIR project 7D,7E, model not itemised",datalogger,,False,REF TEK / Trimble,RT 72A-07,7169,False,,False,False,datalogger,3,7B; 7D; 7E,,7B; 7D; 7E,3,5,1993-12-15,1998-07-23,1993-12-15/1998-07-23,False,Australia,10.7914/SN/7B_1993; 10.7914/SN/7D_1997; 10.7914/SN/7E_1998,RT 72A-07
probable-ANSIR,"ANSIR project 7D,7E, model not itemised",datalogger,,False,REF TEK / Trimble,RT 72A-07,7170,False,,False,False,datalogger,3,7B; 7D; 7E,,7B; 7D; 7E,3,5,1993-12-13,1998-07-25,1993-12-13/1998-07-25,False,Australia,10.7914/SN/7B_1993; 10.7914/SN/7D_1997; 10.7914/SN/7E_1998,RT 72A-07
probable-ANSIR,"ANSIR project 7G, model not itemised",datalogger,,False,REF TEK / Trimble,RefTek 72A-07,7017,False,,False,False,datalogger,1,7G,,7G,1,2,2000-08-08,2001-04-12,2000-08-08/2001-04-12,False,Aus,10.7914/SN/7G_2000,RefTek 72A-07
probable-ANSIR,"ANSIR project 7G, model not itemised",datalogger,,False,REF TEK / Trimble,RefTek 72A-07,7018,False,,False,False,datalogger,1,7G,,7G,1,2,2000-07-15,2001-04-14,2000-07-15/2001-04-14,False,Aus,10.7914/SN/7G_2000,RefTek 72A-07
probable-ANSIR,"ANSIR project 7G, model not itemised",datalogger,,False,REF TEK / Trimble,RefTek 72A-07,7020,False,,False,False,datalogger,1,7G,,7G,1,2,2000-07-16,2001-04-13,2000-07-16/2001-04-13,False,Aus,10.7914/SN/7G_2000,RefTek 72A-07
probable-ANSIR,"ANSIR project 7G, model not itemised",datalogger,,False,REF TEK / Trimble,RefTek 72A-07,7021,False,,False,False,datalogger,1,7G,,7G,1,1,2000-10-24,2001-04-15,2000-10-24/2001-04-15,False,Aus,10.7914/SN/7G_2000,RefTek 72A-07
probable-ANSIR,"ANSIR project 7G, model not itemised",datalogger,,False,REF TEK / Trimble,RefTek 72A-07,7023,False,,False,False,datalogger,1,7G,,7G,1,2,2000-07-17,2001-04-13,2000-07-17/2001-04-13,False,Aus,10.7914/SN/7G_2000,RefTek 72A-07
probable-ANSIR,"ANSIR project 7G, model not itemised",datalogger,,False,REF TEK / Trimble,RefTek 72A-07,7024,False,,False,False,datalogger,1,7G,,7G,1,1,2000-07-18,2000-10-04,2000-07-18/2000-10-04,False,Aus,10.7914/SN/7G_2000,RefTek 72A-07
probable-ANSIR,"ANSIR project 7G, model not itemised",datalogger,,False,REF TEK / Trimble,RefTek 72A-07,7169,False,,False,False,datalogger,1,7G,,7G,1,2,2000-07-18,2001-04-12,2000-07-18/2001-04-12,False,Aus,10.7914/SN/7G_2000,RefTek 72A-07
probable-ANSIR,"ANSIR project 7G, model not itemised",datalogger,,False,REF TEK / Trimble,RefTek 72A-07,7170,False,,False,False,datalogger,1,7G,,7G,1,2,2000-07-19,2001-04-12,2000-07-19/2001-04-12,False,Aus,10.7914/SN/7G_2000,RefTek 72A-07
probable-ANSIR,"ANSIR project 2P, model not itemised",datalogger,,False,REF TEK / Trimble,RefTek Wrangler,30490,False,,False,False,datalogger,1,2P,,2P,1,1,2022-01-10,2022-09-21,2022-01-10/2022-09-21,False,AU,10.7914/SN/2P_2020,RefTek Wrangler
probable-ANSIR,"ANSIR project 2P, model not itemised",datalogger,,False,REF TEK / Trimble,RefTek Wrangler,30494,False,,False,False,datalogger,1,2P,,2P,1,1,2022-02-07,2022-12-21,2022-02-07/2022-12-21,False,AU,10.7914/SN/2P_2020,RefTek Wrangler
probable-ANSIR,"ANSIR project 2P, model not itemised",datalogger,,False,Seismology Research Centre,SRC Gecko from2000225,2000855,False,,False,False,datalogger,1,2P,,2P,1,1,2020-09-17,2023-06-17,2020-09-17/2023-06-17,False,AU,10.7914/SN/2P_2020,SRC Gecko from2000225
probable-ANSIR,"ANSIR project 2P, model not itemised",broadband,,False,Silicon Audio,SiliconAudio 213P 40s 750 V/M/S,A0382,False,,False,False,sensor,1,2P,,2P,1,1,2020-09-17,2023-06-17,2020-09-17/2023-06-17,False,AU,10.7914/SN/2P_2020,SiliconAudio 213P 40s 750 V/M/S
probable-ANSIR,"ANSIR project 7G, model not itemised",broadband,,False,Streckeisen,Streckeisen STS-2,99712,False,,False,False,sensor,1,7G,,7G,1,1,2000-07-19,2001-07-13,2000-07-19/2001-07-13,False,Aus,10.7914/SN/7G_2000,Streckeisen STS-2
probable-ANSIR,"ANSIR project 4N, model not itemised",hydrophone,,False,UNRESOLVED,HTI-94-SSQ Hydrophone,T6J03,False,,False,False,sensor,1,4N,,4N,1,1,2017-09-11,2018-05-13,2017-09-11/2018-05-13,False,Australia,10.7914/SN/4N_2017,HTI-94-SSQ Hydrophone
probable-ANSIR,"ANSIR project 4N, model not itemised",hydrophone,,True,UNRESOLVED,HTI-94-SSQ Hydrophone,T6K58,False,,False,False,sensor,2,3F; 4N,,3F; 4N,2,2,2017-09-10,2021-10-25,2017-09-10/2021-10-25,False,Australia,10.7914/SN/3F_2020; 10.7914/SN/4N_2017,HTI-94-SSQ Hydrophone
probable-ANSIR,"ANSIR project 4N, model not itemised",hydrophone,,False,UNRESOLVED,HTI-94-SSQ Hydrophone,T6K62,False,,False,False,sensor,1,4N,,4N,1,1,2017-09-10,2018-06-18,2017-09-10/2018-06-18,False,Australia,10.7914/SN/4N_2017,HTI-94-SSQ Hydrophone
probable-ANSIR,"ANSIR project 4N, model not itemised",hydrophone,,True,UNRESOLVED,HTI-94-SSQ Hydrophone,T6K65,False,,False,False,sensor,2,3F; 4N,,3F; 4N,2,2,2017-09-11,2021-11-11,2017-09-11/2021-11-11,False,Australia,10.7914/SN/3F_2020; 10.7914/SN/4N_2017,HTI-94-SSQ Hydrophone
probable-ANSIR,"ANSIR project 4N, model not itemised",hydrophone,,False,UNRESOLVED,HTI-94-SSQ Hydrophone,T6K67,False,,False,False,sensor,1,4N,,4N,1,1,2017-09-08,2018-05-13,2017-09-08/2018-05-13,False,Australia,10.7914/SN/4N_2017,HTI-94-SSQ Hydrophone
probable-ANSIR,"ANSIR project 4N, model not itemised",hydrophone,,True,UNRESOLVED,HTI-94-SSQ Hydrophone,T6M21,False,,False,False,sensor,2,3F; 4N,,3F; 4N,2,2,2017-09-09,2021-10-17,2017-09-09/2021-10-17,False,Australia,10.7914/SN/3F_2020; 10.7914/SN/4N_2017,HTI-94-SSQ Hydrophone
probable-ANSIR,"ANSIR project 4N, model not itemised",hydrophone,,False,UNRESOLVED,HTI-94-SSQ Hydrophone,T6M24,False,,False,False,sensor,1,4N,,4N,1,1,2017-09-10,2018-03-05,2017-09-10/2018-03-05,False,Australia,10.7914/SN/4N_2017,HTI-94-SSQ Hydrophone
probable-ANSIR,"ANSIR project 4N, model not itemised",hydrophone,,True,UNRESOLVED,HTI-94-SSQ Hydrophone,T6M25,False,,False,False,sensor,2,3F; 4N,,3F; 4N,2,2,2017-09-10,2021-06-14,2017-09-10/2021-06-14,False,Australia,10.7914/SN/3F_2020; 10.7914/SN/4N_2017,HTI-94-SSQ Hydrophone
unattributed,"no ANSIR/AuScope record, not ANU-built",datalogger,,False,Earth Data,EarthData PR6-24 (Blue Face),4261,False,,False,False,datalogger,1,7I,,7I,1,1,2003-05-01,2005-04-19,2003-05-01/2005-04-19,False,Australia,10.7914/SN/7I_2003,EarthData PR6-24 (Blue Face)
unattributed,"no ANSIR/AuScope record, not ANU-built",datalogger,,False,Earth Data,EarthData PR6-24 (Blue Face),4264,False,,False,False,datalogger,1,7I,,7I,1,1,2003-05-25,2005-03-14,2003-05-25/2005-03-14,False,Australia,10.7914/SN/7I_2003,EarthData PR6-24 (Blue Face)
unattributed,"no ANSIR/AuScope record, not ANU-built",datalogger,,False,Earth Data,EarthData PR6-24 (Blue Face),4265,False,,False,False,datalogger,1,7I,,7I,1,1,2003-05-30,2005-06-04,2003-05-30/2005-06-04,False,Australia,10.7914/SN/7I_2003,EarthData PR6-24 (Blue Face)
unattributed,"no ANSIR/AuScope record, not ANU-built",datalogger,,False,Earth Data,EarthData PR6-24 (Blue Face),4266,False,,False,False,datalogger,1,7I,,7I,1,1,2003-05-03,2005-08-18,2003-05-03/2005-08-18,False,Australia,10.7914/SN/7I_2003,EarthData PR6-24 (Blue Face)
unattributed,"no ANSIR/AuScope record, not ANU-built",datalogger,,False,Earth Data,EarthData PR6-24 (Blue Face),4267,False,,False,False,datalogger,1,7I,,7I,1,1,2003-05-25,2004-11-13,2003-05-25/2004-11-13,False,Australia,10.7914/SN/7I_2003,EarthData PR6-24 (Blue Face)
unattributed,"no ANSIR/AuScope record, not ANU-built",datalogger,,False,Earth Data,EarthData PR6-24 (Blue Face),4268,False,,False,False,datalogger,1,7I,,7I,1,1,2003-05-23,2005-05-27,2003-05-23/2005-05-27,False,Australia,10.7914/SN/7I_2003,EarthData PR6-24 (Blue Face)
unattributed,"no ANSIR/AuScope record, not ANU-built",datalogger,,False,Earth Data,EarthData PR6-24 (Blue Face),4269,False,,False,False,datalogger,1,7I,,7I,1,1,2003-06-01,2005-06-04,2003-06-01/2005-06-04,False,Australia,10.7914/SN/7I_2003,EarthData PR6-24 (Blue Face)
unattributed,"no ANSIR/AuScope record, not ANU-built",datalogger,,False,Earth Data,EarthData PR6-24 (Blue Face),4272,False,,False,False,datalogger,1,7I,,7I,1,2,2003-05-02,2005-08-18,2003-05-02/2005-08-18,False,Australia,10.7914/SN/7I_2003,EarthData PR6-24 (Blue Face)
unattributed,"no ANSIR/AuScope record, not ANU-built",datalogger,,False,Earth Data,EarthData PR6-24 (Blue Face),4670,False,,False,False,datalogger,1,7I,,7I,1,1,2003-05-21,2005-08-18,2003-05-21/2005-08-18,False,Australia,10.7914/SN/7I_2003,EarthData PR6-24 (Blue Face)
unattributed,"no ANSIR/AuScope record, not ANU-built",datalogger,,False,Earth Data,EarthData PR6-24 (Blue Face),5170,False,,False,False,datalogger,1,2J,,2J,1,1,2009-06-24,2010-03-18,2009-06-24/2010-03-18,False,Australia,10.7914/64n9-ft63,EarthData PR6-24 (Blue Face)
unattributed,"no ANSIR/AuScope record, not ANU-built",datalogger,,False,Earth Data,EarthData PR6-24 (Blue Face),5172,False,,False,False,datalogger,1,2J,,2J,1,1,2009-06-25,2010-03-17,2009-06-25/2010-03-17,False,Australia,10.7914/64n9-ft63,EarthData PR6-24 (Blue Face)
unattributed,"no ANSIR/AuScope record, not ANU-built",datalogger,,False,Earth Data,EarthData PR6-24 (Blue Face),5174,False,,False,False,datalogger,1,2J,,2J,1,1,2009-06-22,2009-12-31,2009-06-22/2009-12-31,False,Australia,10.7914/64n9-ft63,EarthData PR6-24 (Blue Face)
unattributed,"no ANSIR/AuScope record, not ANU-built",datalogger,,False,Earth Data,EarthData PR6-24 (Blue Face),5175,False,,False,False,datalogger,1,2J,,2J,1,1,2009-06-26,2009-12-26,2009-06-26/2009-12-26,False,Australia,10.7914/64n9-ft63,EarthData PR6-24 (Blue Face)
unattributed,"no ANSIR/AuScope record, not ANU-built",datalogger,,False,Earth Data,EarthData PR6-24 (Blue Face),5176,False,,False,False,datalogger,1,2J,,2J,1,1,2009-06-23,2010-03-18,2009-06-23/2010-03-18,False,Australia,10.7914/64n9-ft63,EarthData PR6-24 (Blue Face)
unattributed,"no ANSIR/AuScope record, not ANU-built",datalogger,,False,Earth Data,PR6-24,4187,False,,False,False,datalogger,1,1P,,1P,1,1,2011-06-21,2013-04-28,2011-06-21/2013-04-28,False,Australia,,PR6-24
unattributed,"no ANSIR/AuScope record, not ANU-built",datalogger,,False,Earth Data,PR6-24,4261,False,,False,False,datalogger,2,7J; 7K,,7J; 7K,2,2,2006-06-22,2008-06-16,2006-06-22/2008-06-16,False,Australia,10.7914/SN/7J_2005; 10.7914/SN/7K_2007,PR6-24
unattributed,"no ANSIR/AuScope record, not ANU-built",datalogger,,False,Earth Data,PR6-24,4262,False,,False,False,datalogger,4,1P; 6F; 7J; 7K,,1P; 6F; 7J; 7K,4,5,2006-06-21,2013-04-27,2006-06-21/2013-04-27,False,Australia,10.7914/SN/7J_2005; 10.7914/SN/7K_2007,PR6-24
unattributed,"no ANSIR/AuScope record, not ANU-built",datalogger,,False,Earth Data,PR6-24,4263,False,,False,False,datalogger,3,1P; 6F; 7J,,1P; 6F; 7J,3,3,2006-06-18,2013-04-25,2006-06-18/2013-04-25,False,Australia,10.7914/SN/7J_2005,PR6-24
unattributed,"no ANSIR/AuScope record, not ANU-built",datalogger,,False,Earth Data,PR6-24,4264,False,,False,False,datalogger,1,7K,,7K,1,1,2007-10-25,2008-08-13,2007-10-25/2008-08-13,False,Australia,10.7914/SN/7K_2007,PR6-24
unattributed,"no ANSIR/AuScope record, not ANU-built",datalogger,,False,Earth Data,PR6-24,4265,False,,False,False,datalogger,3,6F; 7J; 7K,,6F; 7J; 7K,3,3,2006-06-20,2010-07-12,2006-06-20/2010-07-12,False,Australia,10.7914/SN/7J_2005; 10.7914/SN/7K_2007,PR6-24
unattributed,"no ANSIR/AuScope record, not ANU-built",datalogger,,False,Earth Data,PR6-24,4266,False,,False,False,datalogger,2,6F; 7K,,6F; 7K,2,2,2007-11-01,2010-11-11,2007-11-01/2010-11-11,False,Australia,10.7914/SN/7K_2007,PR6-24
unattributed,"no ANSIR/AuScope record, not ANU-built",datalogger,,False,Earth Data,PR6-24,4267,False,,False,False,datalogger,3,1P; 6F; 7J,,1P; 6F; 7J,3,3,2006-11-17,2012-08-06,2006-11-17/2012-08-06,False,Australia,10.7914/SN/7J_2005,PR6-24
unattributed,"no ANSIR/AuScope record, not ANU-built",datalogger,,False,Earth Data,PR6-24,4268,False,,False,False,datalogger,3,1P; 6F; 7K,,1P; 6F; 7K,3,3,2007-10-26,2012-07-20,2007-10-26/2012-07-20,False,Australia,10.7914/SN/7K_2007,PR6-24
unattributed,"no ANSIR/AuScope record, not ANU-built",datalogger,,False,Earth Data,PR6-24,4269,False,,False,False,datalogger,3,6F; 7J; 7K,,6F; 7J; 7K,3,3,2006-06-19,2010-07-12,2006-06-19/2010-07-12,False,Australia,10.7914/SN/7J_2005; 10.7914/SN/7K_2007,PR6-24
unattributed,"no ANSIR/AuScope record, not ANU-built",datalogger,,False,Earth Data,PR6-24,4270,False,,False,False,datalogger,4,1P; 6F; 7J; 7K,,1P; 6F; 7J; 7K,4,5,2006-11-14,2013-04-26,2006-11-14/2013-04-26,False,Australia,10.7914/SN/7J_2005; 10.7914/SN/7K_2007,PR6-24
unattributed,"no ANSIR/AuScope record, not ANU-built",datalogger,,False,Earth Data,PR6-24,4271,False,,False,False,datalogger,3,1P; 7J; 7K,,1P; 7J; 7K,3,3,2006-06-18,2012-09-19,2006-06-18/2012-09-19,False,Australia,10.7914/SN/7J_2005; 10.7914/SN/7K_2007,PR6-24
unattributed,"no ANSIR/AuScope record, not ANU-built",datalogger,,False,Earth Data,PR6-24,4272,False,,False,False,datalogger,4,1P; 6F; 7J; 7K,,1P; 6F; 7J; 7K,4,4,2006-06-20,2012-08-06,2006-06-20/2012-08-06,False,Australia,10.7914/SN/7J_2005; 10.7914/SN/7K_2007,PR6-24
unattributed,"no ANSIR/AuScope record, not ANU-built",datalogger,,False,Earth Data,PR6-24,42XX,False,,False,False,datalogger,1,7J,,7J,1,7,2005-10-20,2007-03-29,2005-10-20/2007-03-29,False,Australia,10.7914/SN/7J_2005,PR6-24
unattributed,"no ANSIR/AuScope record, not ANU-built",datalogger,,False,Earth Data,PR6-24,4650,False,,False,False,datalogger,4,1P; 6F; 7J; 7K,,1P; 6F; 7J; 7K,4,4,2006-06-21,2013-04-22,2006-06-21/2013-04-22,False,Australia,10.7914/SN/7J_2005; 10.7914/SN/7K_2007,PR6-24
unattributed,"no ANSIR/AuScope record, not ANU-built",datalogger,,False,Earth Data,PR6-24,4651,False,,False,False,datalogger,3,6F; 7J; 7K,,6F; 7J; 7K,3,3,2006-06-22,2011-03-31,2006-06-22/2011-03-31,False,Australia,10.7914/SN/7J_2005; 10.7914/SN/7K_2007,PR6-24
unattributed,"no ANSIR/AuScope record, not ANU-built",datalogger,,False,Earth Data,PR6-24,4652,False,,False,False,datalogger,2,6F; 7K,,6F; 7K,2,2,2007-10-24,2009-03-03,2007-10-24/2009-03-03,False,Australia,10.7914/SN/7K_2007,PR6-24
unattributed,"no ANSIR/AuScope record, not ANU-built",datalogger,,False,Earth Data,PR6-24,4852,False,,False,False,datalogger,1,7J,,7J,1,1,2006-06-25,2007-05-31,2006-06-25/2007-05-31,False,Australia,10.7914/SN/7J_2005,PR6-24
unattributed,"no ANSIR/AuScope record, not ANU-built",datalogger,,False,Earth Data,PR6-24,5170,False,,False,False,datalogger,1,7J,,7J,1,1,2006-11-15,2007-05-30,2006-11-15/2007-05-30,False,Australia,10.7914/SN/7J_2005,PR6-24
unattributed,"no ANSIR/AuScope record, not ANU-built",datalogger,,False,Earth Data,PR6-24,5171,False,,False,False,datalogger,4,1P; 6F; 7J; 7K,,1P; 6F; 7J; 7K,4,5,2006-06-27,2012-09-18,2006-06-27/2012-09-18,False,Australia,10.7914/SN/7J_2005; 10.7914/SN/7K_2007,PR6-24
unattributed,"no ANSIR/AuScope record, not ANU-built",datalogger,,False,Earth Data,PR6-24,5172,False,,False,False,datalogger,1,7J,,7J,1,1,2006-06-23,2007-05-29,2006-06-23/2007-05-29,False,Australia,10.7914/SN/7J_2005,PR6-24
unattributed,"no ANSIR/AuScope record, not ANU-built",datalogger,,False,Earth Data,PR6-24,5173,False,,False,False,datalogger,1,7J,,7J,1,1,2006-06-26,2007-01-06,2006-06-26/2007-01-06,False,Australia,10.7914/SN/7J_2005,PR6-24
unattributed,"no ANSIR/AuScope record, not ANU-built",datalogger,,False,Earth Data,PR6-24,5174,False,,False,False,datalogger,2,1P; 7J,,1P; 7J,2,2,2006-06-25,2012-09-01,2006-06-25/2012-09-01,False,Australia,10.7914/SN/7J_2005,PR6-24
unattributed,"no ANSIR/AuScope record, not ANU-built",datalogger,,False,Earth Data,PR6-24,5175,False,,False,False,datalogger,2,1P; 7J,,1P; 7J,2,2,2006-06-26,2012-09-18,2006-06-26/2012-09-18,False,Australia,10.7914/SN/7J_2005,PR6-24
unattributed,"no ANSIR/AuScope record, not ANU-built",datalogger,,False,Earth Data,PR6-24,5176,False,,False,False,datalogger,1,1P,,1P,1,1,2011-05-22,2012-07-10,2011-05-22/2012-07-10,False,Australia,,PR6-24
unattributed,"no ANSIR/AuScope record, not ANU-built",datalogger,,False,Earth Data,PR6-24,5177,False,,False,False,datalogger,1,1P,,1P,1,1,2011-06-13,2012-09-03,2011-06-13/2012-09-03,False,Australia,,PR6-24
unattributed,"no ANSIR/AuScope record, not ANU-built",datalogger,,False,Earth Data,PR6-24,5178,False,,False,False,datalogger,1,1P,,1P,1,1,2011-06-19,2013-04-24,2011-06-19/2013-04-24,False,Australia,,PR6-24
unattributed,"no ANSIR/AuScope record, not ANU-built",datalogger,,False,Earth Data,PR6-24,5179,False,,False,False,datalogger,1,1P,,1P,1,1,2011-06-02,2012-05-13,2011-06-02/2012-05-13,False,Australia,,PR6-24
unattributed,"no ANSIR/AuScope record, not ANU-built",datalogger,,False,Earth Data,PR6-24,5753,False,,False,False,datalogger,2,1P; 6F,,1P; 6F,2,2,2008-09-10,2012-09-04,2008-09-10/2012-09-04,False,Australia,,PR6-24
unattributed,"no ANSIR/AuScope record, not ANU-built",datalogger,,False,Earth Data,PR6-24,5754,False,,False,False,datalogger,1,6F,,6F,1,1,2008-09-03,2011-05-18,2008-09-03/2011-05-18,False,Australia,,PR6-24
unattributed,"no ANSIR/AuScope record, not ANU-built",datalogger,,False,Earth Data,PR6-24,5755,False,,False,False,datalogger,1,1P,,1P,1,1,2011-07-08,2012-07-11,2011-07-08/2012-07-11,False,Australia,,PR6-24
unattributed,"no ANSIR/AuScope record, not ANU-built",datalogger,,False,Earth Data,PR6-24,5756,False,,False,False,datalogger,1,6F,,6F,1,1,2008-09-11,2011-03-22,2008-09-11/2011-03-22,False,Australia,,PR6-24
unattributed,"no ANSIR/AuScope record, not ANU-built",datalogger,,False,Earth Data,PR6-24,5757,False,,False,False,datalogger,2,1P; 6F,,1P; 6F,2,2,2008-09-14,2013-04-23,2008-09-14/2013-04-23,False,Australia,,PR6-24
unattributed,"no ANSIR/AuScope record, not ANU-built",datalogger,,False,Earth Data,PR6-24,5758,False,,False,False,datalogger,1,6F,,6F,1,1,2008-09-13,2011-02-15,2008-09-13/2011-02-15,False,Australia,,PR6-24
unattributed,"no ANSIR/AuScope record, not ANU-built",datalogger,,False,Earth Data,PR6-24,5759,False,,False,False,datalogger,2,1P; 6F,,1P; 6F,2,2,2008-09-10,2013-04-22,2008-09-10/2013-04-22,False,Australia,,PR6-24
unattributed,"no ANSIR/AuScope record, not ANU-built",datalogger,,False,Earth Data,PR6-24,5760,False,,False,False,datalogger,2,1P; 6F,,1P; 6F,2,2,2008-09-08,2013-04-26,2008-09-08/2013-04-26,False,Australia,,PR6-24
unattributed,"no ANSIR/AuScope record, not ANU-built",datalogger,,False,Earth Data,PR6-24,5761,False,,False,False,datalogger,2,1P; 6F,,1P; 6F,2,2,2008-09-09,2013-04-24,2008-09-09/2013-04-24,False,Australia,,PR6-24
unattributed,"no ANSIR/AuScope record, not ANU-built",datalogger,,False,Earth Data,PR6-24,5762,False,,False,False,datalogger,1,6F,,6F,1,1,2008-09-13,2011-02-19,2008-09-13/2011-02-19,False,Australia,,PR6-24
unattributed,"no ANSIR/AuScope record, not ANU-built",datalogger,,False,Earth Data,PR6-24,5763,False,,False,False,datalogger,1,6F,,6F,1,1,2008-09-12,2009-09-12,2008-09-12/2009-09-12,False,Australia,,PR6-24
unattributed,"no ANSIR/AuScope record, not ANU-built",datalogger,,False,Earth Data,PR6-24,5764,False,,False,False,datalogger,1,6F,,6F,1,1,2008-09-09,2011-05-16,2008-09-09/2011-05-16,False,Australia,,PR6-24
unattributed,"no ANSIR/AuScope record, not ANU-built",datalogger,,False,Earth Data,PR6-24,5765,False,,False,False,datalogger,2,1P; 6F,,1P; 6F,2,2,2008-09-10,2013-02-15,2008-09-10/2013-02-15,False,Australia,,PR6-24
unattributed,"no ANSIR/AuScope record, not ANU-built",datalogger,,False,Earth Data,PR6-24,5766,False,,False,False,datalogger,1,6F,,6F,1,1,2008-09-12,2010-02-28,2008-09-12/2010-02-28,False,Australia,,PR6-24
unattributed,"no ANSIR/AuScope record, not ANU-built",datalogger,,False,Earth Data,PR6-24,5767,False,,False,False,datalogger,2,1P; 6F,,1P; 6F,2,2,2008-09-08,2013-01-08,2008-09-08/2013-01-08,False,Australia,,PR6-24
unattributed,"no ANSIR/AuScope record, not ANU-built",unclassified,,False,GaiaCode,GaiaCode Theta,T1082,False,,False,False,sensor,1,WG,,WG,1,1,2023-06-14,2023-11-30,2023-06-14/2023-11-30,False,Australia,10.7914/xagc-se62,GaiaCode Theta
unattributed,"no ANSIR/AuScope record, not ANU-built",unclassified,,False,GaiaCode,GaiaCode Theta,T1083,False,,False,False,sensor,1,WG,,WG,1,1,2022-12-03,2023-11-27,2022-12-03/2023-11-27,False,Australia,10.7914/xagc-se62,GaiaCode Theta
unattributed,"no ANSIR/AuScope record, not ANU-built",unclassified,,False,GaiaCode,GaiaCode Theta,T1092,False,,False,False,sensor,1,WG,,WG,1,1,2023-02-28,2025-04-30,2023-02-28/2025-04-30,False,Australia,10.7914/xagc-se62,GaiaCode Theta
unattributed,"no ANSIR/AuScope record, not ANU-built",unclassified,,False,GaiaCode,GaiaCode Theta,T1095,False,,False,False,sensor,1,WG,,WG,1,1,2022-12-01,2023-11-29,2022-12-01/2023-11-29,False,Australia,10.7914/xagc-se62,GaiaCode Theta
unattributed,"no ANSIR/AuScope record, not ANU-built",unclassified,,False,GaiaCode,GaiaCode Theta,T1096,False,,False,False,sensor,1,WG,,WG,1,1,2022-12-15,2023-11-27,2022-12-15/2023-11-27,False,Australia,10.7914/xagc-se62,GaiaCode Theta
unattributed,"no ANSIR/AuScope record, not ANU-built",unclassified,,False,GaiaCode,GaiaCode Theta,T1097,False,,False,False,sensor,1,WG,,WG,1,1,2023-02-21,2023-11-27,2023-02-21/2023-11-27,False,Australia,10.7914/xagc-se62,GaiaCode Theta
unattributed,"no ANSIR/AuScope record, not ANU-built",unclassified,,False,GaiaCode,GaiaCode Theta,T1115,False,,False,False,sensor,1,WG,,WG,1,1,2023-02-02,2023-07-12,2023-02-02/2023-07-12,False,Australia,10.7914/xagc-se62,GaiaCode Theta
unattributed,"no ANSIR/AuScope record, not ANU-built",unclassified,,False,GaiaCode,GaiaCode Theta,T1116,False,,False,False,sensor,1,WG,,WG,1,1,2023-02-26,2023-11-29,2023-02-26/2023-11-29,False,Australia,10.7914/xagc-se62,GaiaCode Theta
unattributed,"no ANSIR/AuScope record, not ANU-built",unclassified,,False,GaiaCode,GaiaCode Theta,T1117,False,,False,False,sensor,1,WG,,WG,1,1,2022-12-03,2023-11-29,2022-12-03/2023-11-29,False,Australia,10.7914/xagc-se62,GaiaCode Theta
unattributed,"no ANSIR/AuScope record, not ANU-built",unclassified,,False,GaiaCode,GaiaCode Theta,T1119,False,,False,False,sensor,1,WG,,WG,1,1,2023-02-02,2023-12-02,2023-02-02/2023-12-02,False,Australia,10.7914/xagc-se62,GaiaCode Theta
unattributed,"no ANSIR/AuScope record, not ANU-built",unclassified,,False,GaiaCode,GaiaCode Theta,T1120,False,,False,False,sensor,1,WG,,WG,1,1,2022-12-07,2023-11-27,2022-12-07/2023-11-27,False,Australia,10.7914/xagc-se62,GaiaCode Theta
unattributed,"no ANSIR/AuScope record, not ANU-built",unclassified,,False,GaiaCode,GaiaCode Theta,T1122,False,,False,False,sensor,1,WG,,WG,1,1,2022-11-15,2023-11-27,2022-11-15/2023-11-27,False,Australia,10.7914/xagc-se62,GaiaCode Theta
unattributed,"no ANSIR/AuScope record, not ANU-built",unclassified,,False,GaiaCode,GaiaCode Theta,T1125,False,,False,False,sensor,1,WG,,WG,1,1,2022-12-21,2023-11-30,2022-12-21/2023-11-30,False,Australia,10.7914/xagc-se62,GaiaCode Theta
unattributed,"no ANSIR/AuScope record, not ANU-built",unclassified,,False,GaiaCode,GaiaCode Theta,T1126,False,,False,False,sensor,1,WG,,WG,1,1,2022-11-20,2023-12-06,2022-11-20/2023-12-06,False,Australia,10.7914/xagc-se62,GaiaCode Theta
unattributed,"no ANSIR/AuScope record, not ANU-built",unclassified,,False,GaiaCode,GaiaCode Theta,T1129,False,,False,False,sensor,1,WG,,WG,1,1,2022-12-09,2025-03-04,2022-12-09/2025-03-04,False,Australia,10.7914/xagc-se62,GaiaCode Theta
unattributed,"no ANSIR/AuScope record, not ANU-built",unclassified,,False,GaiaCode,GaiaCode Theta,T1130,False,,False,False,sensor,1,WG,,WG,1,1,2022-11-29,2023-12-06,2022-11-29/2023-12-06,False,Australia,10.7914/xagc-se62,GaiaCode Theta
unattributed,"no ANSIR/AuScope record, not ANU-built",unclassified,,False,GaiaCode,GaiaCode Theta,T1332,False,,False,False,sensor,1,WG,,WG,1,1,2023-02-02,2023-11-27,2023-02-02/2023-11-27,False,Australia,10.7914/xagc-se62,GaiaCode Theta
unattributed,"no ANSIR/AuScope record, not ANU-built",unclassified,,False,GaiaCode,GaiaCode Theta,TT-1083,False,,False,False,sensor,1,WG,,WG,1,1,2024-03-02,2025-03-07,2024-03-02/2025-03-07,False,,10.7914/xagc-se62,GaiaCode Theta
unattributed,"no ANSIR/AuScope record, not ANU-built",unclassified,,False,GaiaCode,GaiaCode Theta,TT-1095,False,,False,False,sensor,1,WG,,WG,1,1,2024-03-02,2025-03-07,2024-03-02/2025-03-07,False,,10.7914/xagc-se62,GaiaCode Theta
unattributed,"no ANSIR/AuScope record, not ANU-built",unclassified,,False,GaiaCode,GaiaCode Theta,TT-1096,False,,False,False,sensor,1,WG,,WG,1,1,2023-02-23,2025-02-28,2023-02-23/2025-02-28,False,Australia,10.7914/xagc-se62,GaiaCode Theta
unattributed,"no ANSIR/AuScope record, not ANU-built",unclassified,,False,GaiaCode,GaiaCode Theta,TT-1097,False,,False,False,sensor,1,WG,,WG,1,1,2024-05-22,2025-03-05,2024-05-22/2025-03-05,False,,10.7914/xagc-se62,GaiaCode Theta
unattributed,"no ANSIR/AuScope record, not ANU-built",unclassified,,False,GaiaCode,GaiaCode Theta,TT-1098,False,,False,False,sensor,1,WG,,WG,1,1,2024-03-05,2025-03-07,2024-03-05/2025-03-07,False,,10.7914/xagc-se62,GaiaCode Theta
unattributed,"no ANSIR/AuScope record, not ANU-built",unclassified,,False,GaiaCode,GaiaCode Theta,TT-1099,False,TT1099,False,False,sensor,1,WG,,WG,1,2,2024-03-06,2026-04-30,2024-03-06/2026-04-30,False,,10.7914/xagc-se62,GaiaCode Theta
unattributed,"no ANSIR/AuScope record, not ANU-built",unclassified,,False,GaiaCode,GaiaCode Theta,TT-1100,False,,False,False,sensor,1,WG,,WG,1,1,2024-03-03,2025-03-09,2024-03-03/2025-03-09,False,,10.7914/xagc-se62,GaiaCode Theta
unattributed,"no ANSIR/AuScope record, not ANU-built",unclassified,,False,GaiaCode,GaiaCode Theta,TT-1102,False,,False,False,sensor,1,WG,,WG,1,1,2022-12-10,2025-02-28,2022-12-10/2025-02-28,False,Australia,10.7914/xagc-se62,GaiaCode Theta
unattributed,"no ANSIR/AuScope record, not ANU-built",unclassified,,False,GaiaCode,GaiaCode Theta,TT-1114,False,,False,False,sensor,1,WG,,WG,1,1,2024-03-06,2025-03-12,2024-03-06/2025-03-12,False,,10.7914/xagc-se62,GaiaCode Theta
unattributed,"no ANSIR/AuScope record, not ANU-built",unclassified,,False,GaiaCode,GaiaCode Theta,TT-1115,False,TT1115,False,False,sensor,1,WG,,WG,1,2,2024-03-02,2026-03-24,2024-03-02/2026-03-24,False,,10.7914/xagc-se62,GaiaCode Theta
unattributed,"no ANSIR/AuScope record, not ANU-built",unclassified,,False,GaiaCode,GaiaCode Theta,TT-1116,False,TT1116,False,False,sensor,1,WG,,WG,1,2,2024-01-08,2026-05-15,2024-01-08/2026-05-15,False,,10.7914/xagc-se62,GaiaCode Theta
unattributed,"no ANSIR/AuScope record, not ANU-built",unclassified,,False,GaiaCode,GaiaCode Theta,TT-1117,False,TT1117,False,False,sensor,1,WG,,WG,1,2,2024-03-04,2025-10-16,2024-03-04/2025-10-16,False,,10.7914/xagc-se62,GaiaCode Theta
unattributed,"no ANSIR/AuScope record, not ANU-built",unclassified,,False,GaiaCode,GaiaCode Theta,TT-1118,False,TT1118,False,False,sensor,1,WG,,WG,1,2,2024-03-04,2026-05-16,2024-03-04/2026-05-16,False,,10.7914/xagc-se62,GaiaCode Theta
unattributed,"no ANSIR/AuScope record, not ANU-built",unclassified,,False,GaiaCode,GaiaCode Theta,TT-1121,False,,False,False,sensor,1,WG,,WG,1,1,2024-01-08,2025-07-16,2024-01-08/2025-07-16,False,,10.7914/xagc-se62,GaiaCode Theta
unattributed,"no ANSIR/AuScope record, not ANU-built",unclassified,,False,GaiaCode,GaiaCode Theta,TT-1122,False,,True,False,sensor,1,WG,,WG,1,1,2024-01-08,2025-10-07,2024-01-08/2025-10-07,False,,10.7914/xagc-se62,GaiaCode Theta
unattributed,"no ANSIR/AuScope record, not ANU-built",unclassified,,False,GaiaCode,GaiaCode Theta,TT-1123,False,TT1123,False,False,sensor,1,WG,,WG,1,2,2024-03-18,2026-03-14,2024-03-18/2026-03-14,False,,10.7914/xagc-se62,GaiaCode Theta
unattributed,"no ANSIR/AuScope record, not ANU-built",unclassified,,False,GaiaCode,GaiaCode Theta,TT-1124,False,,True,False,sensor,1,WG,,WG,1,1,2024-03-18,2025-10-07,2024-03-18/2025-10-07,False,,10.7914/xagc-se62,GaiaCode Theta
unattributed,"no ANSIR/AuScope record, not ANU-built",unclassified,,False,GaiaCode,GaiaCode Theta,TT-1125,False,,False,False,sensor,1,WG,,WG,1,1,2024-03-03,2025-03-08,2024-03-03/2025-03-08,False,,10.7914/xagc-se62,GaiaCode Theta
unattributed,"no ANSIR/AuScope record, not ANU-built",unclassified,,False,GaiaCode,GaiaCode Theta,TT-1126,False,,False,False,sensor,1,WG,,WG,1,1,2024-01-08,2025-03-12,2024-01-08/2025-03-12,False,,10.7914/xagc-se62,GaiaCode Theta
unattributed,"no ANSIR/AuScope record, not ANU-built",unclassified,,False,GaiaCode,GaiaCode Theta,TT-1127,False,,False,False,sensor,1,WG,,WG,1,1,2024-03-18,2025-03-14,2024-03-18/2025-03-14,False,,10.7914/xagc-se62,GaiaCode Theta
unattributed,"no ANSIR/AuScope record, not ANU-built",unclassified,,False,GaiaCode,GaiaCode Theta,TT-1128,False,TT1128,False,False,sensor,1,WG,,WG,1,2,2024-03-06,2026-05-15,2024-03-06/2026-05-15,False,,10.7914/xagc-se62,GaiaCode Theta
unattributed,"no ANSIR/AuScope record, not ANU-built",unclassified,,False,GaiaCode,GaiaCode Theta,TT-1130,False,,False,False,sensor,1,WG,,WG,1,1,2024-01-08,2025-03-11,2024-01-08/2025-03-11,False,,10.7914/xagc-se62,GaiaCode Theta
unattributed,"no ANSIR/AuScope record, not ANU-built",unclassified,,False,GaiaCode,GaiaCode Theta,TT-1132,False,TT1132,False,False,sensor,1,WG,,WG,1,2,2024-03-19,2026-02-13,2024-03-19/2026-02-13,False,,10.7914/xagc-se62,GaiaCode Theta
unattributed,"no ANSIR/AuScope record, not ANU-built",unclassified,,False,GaiaCode,GaiaCode Theta,TT-1133,False,,False,False,sensor,1,WG,,WG,1,2,2022-12-09,2025-03-08,2022-12-09/2025-03-08,False,Australia,10.7914/xagc-se62,GaiaCode Theta
unattributed,"no ANSIR/AuScope record, not ANU-built",unclassified,,False,GaiaCode,GaiaCode Theta,TT-1168,False,TT1168,False,False,sensor,1,WG,,WG,1,2,2024-03-05,2026-04-20,2024-03-05/2026-04-20,False,,10.7914/xagc-se62,GaiaCode Theta
unattributed,"no ANSIR/AuScope record, not ANU-built",unclassified,,False,GaiaCode,GaiaCode Theta,TT-1170,False,,False,False,sensor,1,WG,,WG,1,1,2024-09-03,2024-12-07,2024-09-03/2024-12-07,False,,10.7914/xagc-se62,GaiaCode Theta
unattributed,"no ANSIR/AuScope record, not ANU-built",unclassified,,False,GaiaCode,GaiaCode Theta,TT-1171,False,,False,False,sensor,1,WG,,WG,1,1,2024-01-08,2024-10-26,2024-01-08/2024-10-26,False,,10.7914/xagc-se62,GaiaCode Theta
unattributed,"no ANSIR/AuScope record, not ANU-built",unclassified,,False,GaiaCode,GaiaCode Theta,TT1101,False,,False,False,sensor,1,WG,,WG,1,1,2025-10-15,2026-05-14,2025-10-15/2026-05-14,False,,10.7914/xagc-se62,GaiaCode Theta
unattributed,"no ANSIR/AuScope record, not ANU-built",unclassified,,False,GaiaCode,GaiaCode Theta,TT1119,False,,False,False,sensor,1,WG,,WG,1,1,2025-05-23,2026-04-29,2025-05-23/2026-04-29,False,,10.7914/xagc-se62,GaiaCode Theta
unattributed,"no ANSIR/AuScope record, not ANU-built",unclassified,,False,GaiaCode,GaiaCode Theta,TT1122,False,,True,False,sensor,1,WG,,WG,1,1,2025-05-24,2025-10-17,2025-05-24/2025-10-17,False,,10.7914/xagc-se62,GaiaCode Theta
unattributed,"no ANSIR/AuScope record, not ANU-built",unclassified,,False,GaiaCode,GaiaCode Theta,TT1124,False,,True,False,sensor,1,WG,,WG,1,1,2025-05-28,2026-05-09,2025-05-28/2026-05-09,False,,10.7914/xagc-se62,GaiaCode Theta
unattributed,"no ANSIR/AuScope record, not ANU-built",unclassified,,False,GaiaCode,GaiaCode Theta,TT1169,False,,False,False,sensor,1,WG,,WG,1,2,2025-05-15,2026-05-08,2025-05-15/2026-05-08,False,,10.7914/xagc-se62,GaiaCode Theta
unattributed,"no ANSIR/AuScope record, not ANU-built",unclassified,,False,Guralp Systems,,66532,False,,False,False,sensor,1,OZ,,OZ,1,1,2007-03-28,,2007-03-28/,True,,,
unattributed,"no ANSIR/AuScope record, not ANU-built",unclassified,,False,Guralp Systems,,T4414,False,,False,False,sensor,1,OZ,,OZ,1,1,1983-07-05,,1983-07-05/,True,,,
unattributed,"no ANSIR/AuScope record, not ANU-built",unclassified,,False,Guralp Systems,,T4693,False,,False,False,sensor,1,OZ,,OZ,1,1,2010-04-15,,2010-04-15/,True,,,
unattributed,"no ANSIR/AuScope record, not ANU-built",unclassified,,False,Guralp Systems,,T4744,False,,False,False,sensor,1,OZ,,OZ,1,1,2003-07-15,,2003-07-15/,True,,,
unattributed,"no ANSIR/AuScope record, not ANU-built",unclassified,,False,Guralp Systems,,T4753,False,,False,False,sensor,1,OZ,,OZ,1,1,2003-07-15,,2003-07-15/,True,,,
unattributed,"no ANSIR/AuScope record, not ANU-built",unclassified,,False,Guralp Systems,,T4755,False,,False,False,sensor,1,OZ,,OZ,1,1,2003-07-15,,2003-07-15/,True,,,
unattributed,"no ANSIR/AuScope record, not ANU-built",unclassified,,False,Guralp Systems,,T4884,False,,False,False,sensor,1,OZ,,OZ,1,1,1985-06-19,,1985-06-19/,True,,,
unattributed,"no ANSIR/AuScope record, not ANU-built",unclassified,,False,Guralp Systems,,T4B38,False,,False,False,sensor,1,OZ,,OZ,1,1,1999-02-12,,1999-02-12/,True,,,
unattributed,"no ANSIR/AuScope record, not ANU-built",unclassified,,False,Guralp Systems,,T4B45,False,,False,False,sensor,1,OZ,,OZ,1,1,2014-05-15,,2014-05-15/,True,,,
unattributed,"no ANSIR/AuScope record, not ANU-built",unclassified,,False,Guralp Systems,,T4B51,False,,False,False,sensor,1,OZ,,OZ,1,1,1989-07-19,,1989-07-19/,True,,,
unattributed,"no ANSIR/AuScope record, not ANU-built",unclassified,,False,Guralp Systems,,T4B54,False,,False,False,sensor,1,OZ,,OZ,1,1,2018-02-08,,2018-02-08/,True,,,
unattributed,"no ANSIR/AuScope record, not ANU-built",unclassified,,False,Guralp Systems,,T4E21,False,,False,False,sensor,1,OZ,,OZ,1,1,1999-01-29,,1999-01-29/,True,,,
unattributed,"no ANSIR/AuScope record, not ANU-built",unclassified,,False,Guralp Systems,,T6194,False,,False,False,sensor,1,OZ,,OZ,1,1,2008-07-02,,2008-07-02/,True,,,
unattributed,"no ANSIR/AuScope record, not ANU-built",unclassified,,False,Guralp Systems,,T6408,False,,False,False,sensor,1,OZ,,OZ,1,1,2019-01-30,,2019-01-30/,True,,,
unattributed,"no ANSIR/AuScope record, not ANU-built",unclassified,,False,Guralp Systems,,T6411,False,,False,False,sensor,1,OZ,,OZ,1,1,2021-10-06,,2021-10-06/,True,,,
unattributed,"no ANSIR/AuScope record, not ANU-built",unclassified,,False,Guralp Systems,,T6615,False,,False,False,sensor,1,OZ,,OZ,1,1,2015-10-15,,2015-10-15/,True,,,
unattributed,"no ANSIR/AuScope record, not ANU-built",unclassified,,False,Guralp Systems,,T66529,False,,False,False,sensor,1,OZ,,OZ,1,1,2012-12-11,,2012-12-11/,True,,,
unattributed,"no ANSIR/AuScope record, not ANU-built",unclassified,,False,Guralp Systems,,T6882,False,,False,False,sensor,1,OZ,,OZ,1,1,2008-07-01,,2008-07-01/,True,,,
unattributed,"no ANSIR/AuScope record, not ANU-built",unclassified,,False,Guralp Systems,,T6927,False,,False,False,sensor,1,OZ,,OZ,1,1,2009-09-01,,2009-09-01/,True,,,
unattributed,"no ANSIR/AuScope record, not ANU-built",unclassified,,False,Guralp Systems,,T6928,False,,False,False,sensor,1,OZ,,OZ,1,1,2009-09-01,,2009-09-01/,True,,,
unattributed,"no ANSIR/AuScope record, not ANU-built",unclassified,,False,Guralp Systems,,T6A16,False,,False,False,sensor,1,OZ,,OZ,1,1,2013-09-25,,2013-09-25/,True,,,
unattributed,"no ANSIR/AuScope record, not ANU-built",unclassified,,False,Guralp Systems,,T6D40,False,,False,False,sensor,1,OZ,,OZ,1,1,2008-07-01,,2008-07-01/,True,,,
unattributed,"no ANSIR/AuScope record, not ANU-built",unclassified,,False,Guralp Systems,,T6J00,False,,False,False,sensor,1,OZ,,OZ,1,1,2000-07-26,,2000-07-26/,True,,,
unattributed,"no ANSIR/AuScope record, not ANU-built",unclassified,,False,Guralp Systems,,T6J11,False,,False,False,sensor,1,OZ,,OZ,1,1,2014-05-13,,2014-05-13/,True,,,
unattributed,"no ANSIR/AuScope record, not ANU-built",unclassified,,False,Guralp Systems,,T6Q09,False,,False,False,sensor,1,OZ,,OZ,1,1,2016-12-18,,2016-12-18/,True,,,
unattributed,"no ANSIR/AuScope record, not ANU-built",unclassified,,False,Guralp Systems,,T6Q10,False,,False,False,sensor,1,OZ,,OZ,1,1,1981-10-24,,1981-10-24/,True,,,
unattributed,"no ANSIR/AuScope record, not ANU-built",unclassified,,False,Guralp Systems,,T6Q16,False,,False,False,sensor,1,OZ,,OZ,1,1,1989-06-08,,1989-06-08/,True,,,
unattributed,"no ANSIR/AuScope record, not ANU-built",broadband,,False,Guralp Systems,CMG - 3 ESP,T3130,False,,False,False,sensor,1,7B,,7B,1,1,1993-05-14,1993-10-03,1993-05-14/1993-10-03,False,Australia,10.7914/SN/7B_1993,CMG - 3 ESP
unattributed,"no ANSIR/AuScope record, not ANU-built",broadband,,False,Guralp Systems,CMG - 3 ESP,T3133,False,,False,False,sensor,1,7B,,7B,1,1,1995-03-16,1995-05-22,1995-03-16/1995-05-22,False,Australia,10.7914/SN/7B_1993,CMG - 3 ESP
unattributed,"no ANSIR/AuScope record, not ANU-built",broadband,,False,Guralp Systems,CMG - 3 ESP,T3137,False,,False,False,sensor,1,7B,,7B,1,4,1993-05-05,1995-08-10,1993-05-05/1995-08-10,False,Australia,10.7914/SN/7B_1993,CMG - 3 ESP
unattributed,"no ANSIR/AuScope record, not ANU-built",broadband,,False,Guralp Systems,CMG - 3 ESP,T3208,False,,False,False,sensor,1,7B,,7B,1,3,1993-12-15,1995-06-03,1993-12-15/1995-06-03,False,Australia,10.7914/SN/7B_1993,CMG - 3 ESP
unattributed,"no ANSIR/AuScope record, not ANU-built",broadband,,False,Guralp Systems,CMG-3ESP,T3136,False,,False,False,sensor,2,6F; 7J,,6F; 7J,2,2,2006-06-20,2011-05-22,2006-06-20/2011-05-22,False,Australia,10.7914/SN/7J_2005,CMG-3ESP
unattributed,"no ANSIR/AuScope record, not ANU-built",broadband,,False,Guralp Systems,CMG-3ESP,T3137,False,,False,False,sensor,2,6F; 7J,,6F; 7J,2,2,2006-11-14,2011-05-18,2006-11-14/2011-05-18,False,Australia,10.7914/SN/7J_2005,CMG-3ESP
unattributed,"no ANSIR/AuScope record, not ANU-built",broadband,,False,Guralp Systems,CMG-3ESP,T3138,False,,False,False,sensor,2,6F; 7J,,6F; 7J,2,2,2006-06-19,2010-07-12,2006-06-19/2010-07-12,False,Australia,10.7914/SN/7J_2005,CMG-3ESP
unattributed,"no ANSIR/AuScope record, not ANU-built",broadband,,False,Guralp Systems,CMG-3ESP,T3205,False,,False,False,sensor,1,6F,,6F,1,1,2008-08-27,2011-05-09,2008-08-27/2011-05-09,False,Australia,,CMG-3ESP
unattributed,"no ANSIR/AuScope record, not ANU-built",broadband,,False,Guralp Systems,CMG-3ESP,T3207,False,,False,False,sensor,1,6F,,6F,1,1,2008-08-29,2010-10-12,2008-08-29/2010-10-12,False,Australia,,CMG-3ESP
unattributed,"no ANSIR/AuScope record, not ANU-built",broadband,,False,Guralp Systems,CMG-3ESP,T3208,False,,False,False,sensor,1,6F,,6F,1,1,2008-08-29,2010-10-12,2008-08-29/2010-10-12,False,Australia,,CMG-3ESP
unattributed,"no ANSIR/AuScope record, not ANU-built",broadband,,False,Guralp Systems,CMG-3ESP,T34474,False,,False,False,sensor,1,6F,,6F,1,1,2008-09-11,2011-05-16,2008-09-11/2011-05-16,False,Australia,,CMG-3ESP
unattributed,"no ANSIR/AuScope record, not ANU-built",broadband,,False,Guralp Systems,CMG-3ESP,T34565,False,,False,False,sensor,1,6F,,6F,1,1,2008-08-30,2009-03-03,2008-08-30/2009-03-03,False,Australia,,CMG-3ESP
unattributed,"no ANSIR/AuScope record, not ANU-built",broadband,,False,Guralp Systems,CMG-3ESP,T34587,False,,False,False,sensor,1,6F,,6F,1,1,2008-09-08,2011-05-17,2008-09-08/2011-05-17,False,Australia,,CMG-3ESP
unattributed,"no ANSIR/AuScope record, not ANU-built",broadband,,False,Guralp Systems,CMG-3ESP,T34631,False,,False,False,sensor,1,6F,,6F,1,1,2008-09-09,2011-05-16,2008-09-09/2011-05-16,False,Australia,,CMG-3ESP
unattributed,"no ANSIR/AuScope record, not ANU-built",broadband,,False,Guralp Systems,CMG-3ESP,T34709,False,,False,False,sensor,1,6F,,6F,1,2,2008-09-02,2011-05-18,2008-09-02/2011-05-18,False,Australia,,CMG-3ESP
unattributed,"no ANSIR/AuScope record, not ANU-built",broadband,,False,Guralp Systems,CMG-3ESP,T34750,False,,False,False,sensor,1,6F,,6F,1,1,2008-09-11,2011-03-22,2008-09-11/2011-03-22,False,Australia,,CMG-3ESP
unattributed,"no ANSIR/AuScope record, not ANU-built",broadband,,False,Guralp Systems,CMG-3ESP,T34790,False,,False,False,sensor,1,6F,,6F,1,1,2008-09-10,2011-02-15,2008-09-10/2011-02-15,False,Australia,,CMG-3ESP
unattributed,"no ANSIR/AuScope record, not ANU-built",broadband,,False,Guralp Systems,CMG-3ESP,T34851,False,,False,False,sensor,1,6F,,6F,1,1,2008-08-31,2010-11-11,2008-08-31/2010-11-11,False,Australia,,CMG-3ESP
unattributed,"no ANSIR/AuScope record, not ANU-built",broadband,,False,Guralp Systems,CMG-3ESP,T34887,False,,False,False,sensor,1,6F,,6F,1,1,2008-09-14,2010-12-20,2008-09-14/2010-12-20,False,Australia,,CMG-3ESP
unattributed,"no ANSIR/AuScope record, not ANU-built",broadband,,False,Guralp Systems,CMG-3ESP,T35578,False,,False,False,sensor,1,6F,,6F,1,1,2008-09-13,2011-02-15,2008-09-13/2011-02-15,False,Australia,,CMG-3ESP
unattributed,"no ANSIR/AuScope record, not ANU-built",broadband,,False,Guralp Systems,CMG-3ESP,T35579,False,,False,False,sensor,1,6F,,6F,1,1,2008-09-13,2011-02-19,2008-09-13/2011-02-19,False,Australia,,CMG-3ESP
unattributed,"no ANSIR/AuScope record, not ANU-built",broadband,,False,Guralp Systems,CMG-3ESP,T35580,False,,False,False,sensor,1,6F,,6F,1,1,2008-09-08,2011-05-19,2008-09-08/2011-05-19,False,Australia,,CMG-3ESP
unattributed,"no ANSIR/AuScope record, not ANU-built",broadband,,False,Guralp Systems,CMG-3ESP,T35581,False,,False,False,sensor,1,6F,,6F,1,1,2008-09-02,2011-05-18,2008-09-02/2011-05-18,False,Australia,,CMG-3ESP
unattributed,"no ANSIR/AuScope record, not ANU-built",broadband,,False,Guralp Systems,CMG-3ESP,T35582,False,,False,False,sensor,1,6F,,6F,1,1,2008-09-09,2011-05-17,2008-09-09/2011-05-17,False,Australia,,CMG-3ESP
unattributed,"no ANSIR/AuScope record, not ANU-built",broadband,,False,Guralp Systems,CMG-3ESP,T35583,False,,False,False,sensor,1,6F,,6F,1,1,2008-09-10,2011-05-16,2008-09-10/2011-05-16,False,Australia,,CMG-3ESP
unattributed,"no ANSIR/AuScope record, not ANU-built",broadband,,False,Guralp Systems,CMG-3ESP,T35584,False,,False,False,sensor,1,6F,,6F,1,1,2008-09-12,2009-09-12,2008-09-12/2009-09-12,False,Australia,,CMG-3ESP
unattributed,"no ANSIR/AuScope record, not ANU-built",broadband,,False,Guralp Systems,CMG-3ESP,T35585,False,,False,False,sensor,1,6F,,6F,1,1,2008-09-12,2010-02-28,2008-09-12/2010-02-28,False,Australia,,CMG-3ESP
unattributed,"no ANSIR/AuScope record, not ANU-built",broadband,,False,Guralp Systems,CMG-3ESP,T365,False,,False,False,sensor,2,6F; 7J,,6F; 7J,2,2,2006-11-15,2010-02-28,2006-11-15/2010-02-28,False,Australia,10.7914/SN/7J_2005,CMG-3ESP
unattributed,"no ANSIR/AuScope record, not ANU-built",broadband,,False,Guralp Systems,CMG-3ESP,T366,False,,False,False,sensor,2,6F; 7J,,6F; 7J,2,2,2006-06-18,2011-05-21,2006-06-18/2011-05-21,False,Australia,10.7914/SN/7J_2005,CMG-3ESP
unattributed,"no ANSIR/AuScope record, not ANU-built",broadband,,False,Guralp Systems,CMG-3ESP,T367,False,,False,False,sensor,2,6F; 7J,,6F; 7J,2,2,2006-06-26,2011-05-24,2006-06-26/2011-05-24,False,Australia,10.7914/SN/7J_2005,CMG-3ESP
unattributed,"no ANSIR/AuScope record, not ANU-built",broadband,,False,Guralp Systems,CMG-3ESP,T368,False,,False,False,sensor,2,6F; 7J,,6F; 7J,2,2,2006-06-25,2009-03-04,2006-06-25/2009-03-04,False,Australia,10.7914/SN/7J_2005,CMG-3ESP
unattributed,"no ANSIR/AuScope record, not ANU-built",broadband,,False,Guralp Systems,CMG-3ESP,T3C61,False,,False,False,sensor,1,7J,,7J,1,1,2006-06-27,2007-02-06,2006-06-27/2007-02-06,False,Australia,10.7914/SN/7J_2005,CMG-3ESP
unattributed,"no ANSIR/AuScope record, not ANU-built",broadband,,False,Guralp Systems,CMG-3ESP,T3C63,False,,False,False,sensor,1,7J,,7J,1,1,2006-06-23,2007-05-29,2006-06-23/2007-05-29,False,Australia,10.7914/SN/7J_2005,CMG-3ESP
unattributed,"no ANSIR/AuScope record, not ANU-built",broadband,,False,Guralp Systems,CMG-3ESP,T3R24,False,,False,False,sensor,1,7K,,7K,1,1,2007-11-01,2008-06-09,2007-11-01/2008-06-09,False,Australia,10.7914/SN/7K_2007,CMG-3ESP
unattributed,"no ANSIR/AuScope record, not ANU-built",broadband,,False,Guralp Systems,CMG-3ESP,T3R25,False,,False,False,sensor,1,7K,,7K,1,1,2007-08-06,2008-06-19,2007-08-06/2008-06-19,False,Australia,10.7914/SN/7K_2007,CMG-3ESP
unattributed,"no ANSIR/AuScope record, not ANU-built",broadband,,False,Guralp Systems,CMG-3ESP,T3R29,False,,False,False,sensor,2,6F; 7K,,6F; 7K,2,2,2008-01-21,2011-03-31,2008-01-21/2011-03-31,False,Australia,10.7914/SN/7K_2007,CMG-3ESP
unattributed,"no ANSIR/AuScope record, not ANU-built",broadband,,False,Guralp Systems,CMG-3ESP,T3R30,False,,False,False,sensor,1,7K,,7K,1,1,2007-09-07,2008-06-18,2007-09-07/2008-06-18,False,Australia,10.7914/SN/7K_2007,CMG-3ESP
unattributed,"no ANSIR/AuScope record, not ANU-built",broadband,,False,Guralp Systems,CMG-3ESP,T3R33,False,,False,False,sensor,1,7K,,7K,1,1,2007-10-25,2008-08-13,2007-10-25/2008-08-13,False,Australia,10.7914/SN/7K_2007,CMG-3ESP
unattributed,"no ANSIR/AuScope record, not ANU-built",broadband,,False,Guralp Systems,CMG-3ESP,T3R34,False,,False,False,sensor,1,7K,,7K,1,1,2007-11-01,2008-06-08,2007-11-01/2008-06-08,False,Australia,10.7914/SN/7K_2007,CMG-3ESP
unattributed,"no ANSIR/AuScope record, not ANU-built",broadband,,False,Guralp Systems,CMG-3ESP,T3R39,False,,False,False,sensor,1,7K,,7K,1,1,2007-10-30,2008-08-08,2007-10-30/2008-08-08,False,Australia,10.7914/SN/7K_2007,CMG-3ESP
unattributed,"no ANSIR/AuScope record, not ANU-built",broadband,,False,Guralp Systems,CMG-3ESPC,T34587,False,,False,False,sensor,1,1P,,1P,1,1,2011-06-22,2012-07-20,2011-06-22/2012-07-20,False,Australia,,CMG-3ESPC
unattributed,"no ANSIR/AuScope record, not ANU-built",broadband,,False,Guralp Systems,CMG-3ESPC,T3R28,False,,False,False,sensor,1,7J,,7J,1,1,2006-06-22,2006-11-24,2006-06-22/2006-11-24,False,Australia,10.7914/SN/7J_2005,CMG-3ESPC
unattributed,"no ANSIR/AuScope record, not ANU-built",broadband,,False,Guralp Systems,CMG-3ESPC,T3R30,False,,False,False,sensor,1,7J,,7J,1,1,2006-06-25,2007-05-31,2006-06-25/2007-05-31,False,Australia,10.7914/SN/7J_2005,CMG-3ESPC
unattributed,"no ANSIR/AuScope record, not ANU-built",broadband,,False,Guralp Systems,CMG-3ESPC,T3R31,False,,False,False,sensor,1,7J,,7J,1,1,2006-06-21,2007-05-27,2006-06-21/2007-05-27,False,Australia,10.7914/SN/7J_2005,CMG-3ESPC
unattributed,"no ANSIR/AuScope record, not ANU-built",broadband,,False,Guralp Systems,CMG-3ESPC,T3R33,False,,False,False,sensor,1,7J,,7J,1,1,2006-06-22,2007-05-29,2006-06-22/2007-05-29,False,Australia,10.7914/SN/7J_2005,CMG-3ESPC
unattributed,"no ANSIR/AuScope record, not ANU-built",broadband,,False,Guralp Systems,CMG-3ESPC,T3R34,False,,False,False,sensor,1,7J,,7J,1,1,2006-06-18,2007-04-05,2006-06-18/2007-04-05,False,Australia,10.7914/SN/7J_2005,CMG-3ESPC
unattributed,"no ANSIR/AuScope record, not ANU-built",broadband,,False,Guralp Systems,CMG-3ESPC,T3R35,False,,False,False,sensor,1,7J,,7J,1,1,2006-06-20,2007-05-26,2006-06-20/2007-05-26,False,Australia,10.7914/SN/7J_2005,CMG-3ESPC
unattributed,"no ANSIR/AuScope record, not ANU-built",broadband,,False,Guralp Systems,CMG-3ESPC,T3R39,False,,False,False,sensor,1,7J,,7J,1,1,2006-06-26,2007-01-06,2006-06-26/2007-01-06,False,Australia,10.7914/SN/7J_2005,CMG-3ESPC
unattributed,"no ANSIR/AuScope record, not ANU-built",broadband,,False,Guralp Systems,CMG-3ESPC,t3r25,False,,False,False,sensor,1,7J,,7J,1,1,2006-06-21,2007-05-28,2006-06-21/2007-05-28,False,Australia,10.7914/SN/7J_2005,CMG-3ESPC
unattributed,"no ANSIR/AuScope record, not ANU-built",broadband,,False,Guralp Systems,CMG-3TB,T3K67,False,,False,False,sensor,1,IU,,IU,1,1,2001-08-25,,2001-08-25/,True,,,CMG-3TB
unattributed,"no ANSIR/AuScope record, not ANU-built",broadband,,False,Guralp Systems,CMG-40T,T4148,False,,False,False,sensor,2,1P; 7J,,1P; 7J,2,2,2006-02-04,2012-07-11,2006-02-04/2012-07-11,False,Australia,10.7914/SN/7J_2005,CMG-40T
unattributed,"no ANSIR/AuScope record, not ANU-built",broadband,,False,Guralp Systems,CMG-40T,T4568,False,,False,False,sensor,2,1P; 7K,,1P; 7K,2,2,2007-10-26,2013-04-23,2007-10-26/2013-04-23,False,Australia,10.7914/SN/7K_2007,CMG-40T
unattributed,"no ANSIR/AuScope record, not ANU-built",broadband,,False,Guralp Systems,CMG-40T,T4570,False,,False,False,sensor,2,1P; 7K,,1P; 7K,2,2,2007-10-27,2012-08-06,2007-10-27/2012-08-06,False,Australia,10.7914/SN/7K_2007,CMG-40T
unattributed,"no ANSIR/AuScope record, not ANU-built",broadband,,False,Guralp Systems,CMG-40T,T4571,False,,False,False,sensor,2,1P; 7K,,1P; 7K,2,2,2007-10-24,2013-01-08,2007-10-24/2013-01-08,False,Australia,10.7914/SN/7K_2007,CMG-40T
unattributed,"no ANSIR/AuScope record, not ANU-built",broadband,,False,Guralp Systems,CMG-40T,T4572,False,,False,False,sensor,1,1P,,1P,1,1,2011-06-02,2012-05-13,2011-06-02/2012-05-13,False,Australia,,CMG-40T
unattributed,"no ANSIR/AuScope record, not ANU-built",broadband,,False,Guralp Systems,CMG-40T,T4581,False,,False,False,sensor,2,1P; 7K,,1P; 7K,2,2,2007-07-27,2012-09-04,2007-07-27/2012-09-04,False,Australia,10.7914/SN/7K_2007,CMG-40T
unattributed,"no ANSIR/AuScope record, not ANU-built",broadband,,False,Guralp Systems,CMG-40T,T4594,False,,False,False,sensor,3,1P; 7J; 7K,,1P; 7J; 7K,3,3,2006-07-16,2013-02-15,2006-07-16/2013-02-15,False,Australia,10.7914/SN/7J_2005; 10.7914/SN/7K_2007,CMG-40T
unattributed,"no ANSIR/AuScope record, not ANU-built",broadband,,False,Guralp Systems,CMG-40T,T4657,False,,False,False,sensor,2,1P; 7J,,1P; 7J,2,2,2006-07-14,2012-09-01,2006-07-14/2012-09-01,False,Australia,10.7914/SN/7J_2005,CMG-40T
unattributed,"no ANSIR/AuScope record, not ANU-built",broadband,,False,Guralp Systems,CMG-40T,T4661,False,,False,False,sensor,2,1P; 7K,,1P; 7K,2,2,2007-07-27,2012-07-10,2007-07-27/2012-07-10,False,Australia,10.7914/SN/7K_2007,CMG-40T
unattributed,"no ANSIR/AuScope record, not ANU-built",broadband,,False,Guralp Systems,CMG-40T,T4665,False,,False,False,sensor,1,7J,,7J,1,1,2006-02-04,2007-01-05,2006-02-04/2007-01-05,False,Australia,10.7914/SN/7J_2005,CMG-40T
unattributed,"no ANSIR/AuScope record, not ANU-built",broadband,,False,Guralp Systems,CMG-40T,T4666,False,,False,False,sensor,2,1P; 7K,,1P; 7K,2,2,2007-10-29,2012-08-06,2007-10-29/2012-08-06,False,Australia,10.7914/SN/7K_2007,CMG-40T
unattributed,"no ANSIR/AuScope record, not ANU-built",broadband,,False,Guralp Systems,CMG-40T,T4668,False,,False,False,sensor,2,1P; 7J,,1P; 7J,2,2,2006-11-07,2013-04-22,2006-11-07/2013-04-22,False,Australia,10.7914/SN/7J_2005,CMG-40T
unattributed,"no ANSIR/AuScope record, not ANU-built",broadband,,False,Guralp Systems,CMG-40T,T4671,False,,False,False,sensor,2,1P; 7J,,1P; 7J,2,2,2005-10-20,2013-04-22,2005-10-20/2013-04-22,False,Australia,10.7914/SN/7J_2005,CMG-40T
unattributed,"no ANSIR/AuScope record, not ANU-built",broadband,,False,Guralp Systems,CMG-40T,T4673,False,,False,False,sensor,1,7J,,7J,1,1,2006-12-06,2007-03-29,2006-12-06/2007-03-29,False,Australia,10.7914/SN/7J_2005,CMG-40T
unattributed,"no ANSIR/AuScope record, not ANU-built",broadband,,False,Guralp Systems,CMG-40T,T4674,False,,False,False,sensor,2,1P; 7K,,1P; 7K,2,2,2007-07-25,2012-09-03,2007-07-25/2012-09-03,False,Australia,10.7914/SN/7K_2007,CMG-40T
unattributed,"no ANSIR/AuScope record, not ANU-built",broadband,,False,Guralp Systems,CMG-40T,T4H91,False,,False,False,sensor,1,1P,,1P,1,1,2011-06-18,2013-04-24,2011-06-18/2013-04-24,False,Australia,,CMG-40T
unattributed,"no ANSIR/AuScope record, not ANU-built",broadband,,False,Guralp Systems,CMG-40T,T4H92,False,,False,False,sensor,2,1P; 7K,,1P; 7K,2,2,2007-02-19,2013-04-25,2007-02-19/2013-04-25,False,Australia,10.7914/SN/7K_2007,CMG-40T
unattributed,"no ANSIR/AuScope record, not ANU-built",broadband,,False,Guralp Systems,CMG-40T,T4H93,False,,False,False,sensor,2,1P; 7K,,1P; 7K,2,2,2007-02-14,2013-04-28,2007-02-14/2013-04-28,False,Australia,10.7914/SN/7K_2007,CMG-40T
unattributed,"no ANSIR/AuScope record, not ANU-built",broadband,,False,Guralp Systems,CMG-40T,T4H94,False,,False,False,sensor,2,1P; 7K,,1P; 7K,2,2,2007-10-28,2013-04-26,2007-10-28/2013-04-26,False,Australia,10.7914/SN/7K_2007,CMG-40T
unattributed,"no ANSIR/AuScope record, not ANU-built",broadband,,False,Guralp Systems,CMG-40T,T4H95,False,,False,False,sensor,1,1P,,1P,1,1,2011-06-03,2012-09-19,2011-06-03/2012-09-19,False,Australia,,CMG-40T
unattributed,"no ANSIR/AuScope record, not ANU-built",broadband,,False,Guralp Systems,CMG-40T,T4H96,False,,False,False,sensor,1,7K,,7K,1,1,2007-02-20,2008-03-07,2007-02-20/2008-03-07,False,Australia,10.7914/SN/7K_2007,CMG-40T
unattributed,"no ANSIR/AuScope record, not ANU-built",broadband,,False,Guralp Systems,CMG-40T,T4H97,False,,False,False,sensor,2,1P; 7K,,1P; 7K,2,2,2007-02-14,2013-04-27,2007-02-14/2013-04-27,False,Australia,10.7914/SN/7K_2007,CMG-40T
unattributed,"no ANSIR/AuScope record, not ANU-built",broadband,,False,Guralp Systems,CMG-40T,T4H98,False,,False,False,sensor,2,1P; 7K,,1P; 7K,2,2,2007-02-21,2013-04-26,2007-02-21/2013-04-26,False,Australia,10.7914/SN/7K_2007,CMG-40T
unattributed,"no ANSIR/AuScope record, not ANU-built",broadband,,False,Guralp Systems,CMG-40T,T4N60,False,,False,False,sensor,2,1P; 7K,,1P; 7K,2,3,2007-10-28,2013-04-24,2007-10-28/2013-04-24,False,Australia,10.7914/SN/7K_2007,CMG-40T
unattributed,"no ANSIR/AuScope record, not ANU-built",broadband,,False,Guralp Systems,CMG-40T,T4T81,False,,False,False,sensor,1,1P,,1P,1,1,2011-08-27,2012-09-18,2011-08-27/2012-09-18,False,Australia,,CMG-40T
unattributed,"no ANSIR/AuScope record, not ANU-built",broadband,,False,Guralp Systems,CMG-40T,T4T86,False,,False,False,sensor,1,1P,,1P,1,1,2011-08-26,2012-09-18,2011-08-26/2012-09-18,False,Australia,,CMG-40T
unattributed,"no ANSIR/AuScope record, not ANU-built",broadband,,False,Guralp Systems,CMG-40T,T4T88,False,,False,False,sensor,1,1P,,1P,1,2,2011-06-21,2013-04-28,2011-06-21/2013-04-28,False,Australia,,CMG-40T
unattributed,"no ANSIR/AuScope record, not ANU-built",broadband,,False,Guralp Systems,Guralp CMG-3ESP,T3205,False,,False,False,sensor,2,7F; 7H,,7F; 7H,2,2,1999-05-12,2002-08-15,1999-05-12/2002-08-15,False,Australia,,Guralp CMG-3ESP
unattributed,"no ANSIR/AuScope record, not ANU-built",broadband,,False,Guralp Systems,Guralp CMG-3ESP,T3209,False,,False,False,sensor,1,7F,,7F,1,1,1999-03-26,1999-10-03,1999-03-26/1999-10-03,False,Australia,,Guralp CMG-3ESP
unattributed,"no ANSIR/AuScope record, not ANU-built",broadband,,False,Guralp Systems,Guralp CMG-3ESP,T368,False,,False,False,sensor,2,7F; 7I,,7F; 7I,2,2,1999-04-21,2005-06-05,1999-04-21/2005-06-05,False,Australia,10.7914/SN/7I_2003,Guralp CMG-3ESP
unattributed,"no ANSIR/AuScope record, not ANU-built",broadband,,False,Guralp Systems,Guralp CMG-3ESP,T3B98,False,,False,False,sensor,1,5K,,5K,1,2,2002-11-20,2007-11-15,2002-11-20/2007-11-15,False,Antarctica,10.7914/hf8d-4s28,Guralp CMG-3ESP
unattributed,"no ANSIR/AuScope record, not ANU-built",broadband,,False,Guralp Systems,Guralp CMG-3ESP+ 60s,T3205,False,,False,False,sensor,1,7I,,7I,1,1,2003-05-25,2004-11-13,2003-05-25/2004-11-13,False,Australia,10.7914/SN/7I_2003,Guralp CMG-3ESP+ 60s
unattributed,"no ANSIR/AuScope record, not ANU-built",broadband,,False,Guralp Systems,Guralp CMG-3ESP+ 60s,T3206,False,,False,False,sensor,1,7I,,7I,1,1,2003-05-03,2005-08-18,2003-05-03/2005-08-18,False,Australia,10.7914/SN/7I_2003,Guralp CMG-3ESP+ 60s
unattributed,"no ANSIR/AuScope record, not ANU-built",broadband,,False,Guralp Systems,Guralp CMG-3ESP+ 60s,T3207,False,,False,False,sensor,1,7I,,7I,1,1,2003-05-30,2005-06-04,2003-05-30/2005-06-04,False,Australia,10.7914/SN/7I_2003,Guralp CMG-3ESP+ 60s
unattributed,"no ANSIR/AuScope record, not ANU-built",broadband,,False,Guralp Systems,Guralp CMG-3ESP+ 60s,T3208,False,,False,False,sensor,1,7I,,7I,1,1,2003-05-01,2005-04-19,2003-05-01/2005-04-19,False,Australia,10.7914/SN/7I_2003,Guralp CMG-3ESP+ 60s
unattributed,"no ANSIR/AuScope record, not ANU-built",broadband,,False,Guralp Systems,Guralp CMG-40T,T4570,False,,False,False,sensor,1,6T,,6T,1,1,2018-10-10,,2018-10-10/,True,AUS,10.7914/4e87-j738,Guralp CMG-40T
unattributed,"no ANSIR/AuScope record, not ANU-built",broadband,,False,Guralp Systems,Guralp CMG-40T,T4572,False,,False,False,sensor,1,6T,,6T,1,1,2018-10-09,,2018-10-09/,True,AUS,10.7914/4e87-j738,Guralp CMG-40T
unattributed,"no ANSIR/AuScope record, not ANU-built",broadband,,False,Guralp Systems,Guralp CMG-40T,T4668,False,,False,False,sensor,1,6T,,6T,1,1,2018-10-09,,2018-10-09/,True,AUS,10.7914/4e87-j738,Guralp CMG-40T
unattributed,"no ANSIR/AuScope record, not ANU-built",broadband,,False,Guralp Systems,Guralp CMG-40T,T4H91,False,,False,False,sensor,2,6T; X8,,6T; X8,2,2,2005-12-12,,2005-12-12/,True,AUS; Australia,10.7914/4e87-j738; 10.7914/xhzt-cq87,Guralp CMG-40T
unattributed,"no ANSIR/AuScope record, not ANU-built",broadband,,False,Guralp Systems,Guralp CMG-40T,T4H92,False,,False,False,sensor,2,6T; X8,,6T; X8,2,2,2005-12-08,,2005-12-08/,True,AUS; Australia,10.7914/4e87-j738; 10.7914/xhzt-cq87,Guralp CMG-40T
unattributed,"no ANSIR/AuScope record, not ANU-built",broadband,,False,Guralp Systems,Guralp CMG-40T,T4H93,False,,False,False,sensor,2,6T; X8,,6T; X8,2,3,2005-12-08,,2005-12-08/,True,AUS; Australia,10.7914/4e87-j738; 10.7914/xhzt-cq87,Guralp CMG-40T
unattributed,"no ANSIR/AuScope record, not ANU-built",broadband,,False,Guralp Systems,Guralp CMG-40T,T4H94,False,,False,False,sensor,1,X8,,X8,1,1,2005-12-07,2006-09-12,2005-12-07/2006-09-12,False,Australia,10.7914/xhzt-cq87,Guralp CMG-40T
unattributed,"no ANSIR/AuScope record, not ANU-built",broadband,,False,Guralp Systems,Guralp CMG-40T,T4H95,False,,False,False,sensor,2,6T; X8,,6T; X8,2,2,2005-12-10,,2005-12-10/,True,AUS; Australia,10.7914/4e87-j738; 10.7914/xhzt-cq87,Guralp CMG-40T
unattributed,"no ANSIR/AuScope record, not ANU-built",broadband,,False,Guralp Systems,Guralp CMG-40T,T4H96,False,,False,False,sensor,1,X8,,X8,1,1,2006-04-21,2006-09-12,2006-04-21/2006-09-12,False,Australia,10.7914/xhzt-cq87,Guralp CMG-40T
unattributed,"no ANSIR/AuScope record, not ANU-built",broadband,,False,Guralp Systems,Guralp CMG-40T,T4H98,False,,False,False,sensor,1,6T,,6T,1,1,2018-10-12,,2018-10-12/,True,AUS,10.7914/4e87-j738,Guralp CMG-40T
unattributed,"no ANSIR/AuScope record, not ANU-built",broadband,,False,Guralp Systems,Guralp CMG-40T,T4N60,False,,False,False,sensor,1,6T,,6T,1,1,2018-10-10,,2018-10-10/,True,AUS,10.7914/4e87-j738,Guralp CMG-40T
unattributed,"no ANSIR/AuScope record, not ANU-built",broadband,,False,Guralp Systems,Guralp CMG-40T,T4T80,False,,False,False,sensor,1,6T,,6T,1,1,2018-10-19,,2018-10-19/,True,AUS,10.7914/4e87-j738,Guralp CMG-40T
unattributed,"no ANSIR/AuScope record, not ANU-built",broadband,,False,Guralp Systems,Guralp CMG-40T,T4T81,False,,False,False,sensor,1,6T,,6T,1,1,2018-10-18,,2018-10-18/,True,AUS,10.7914/4e87-j738,Guralp CMG-40T
unattributed,"no ANSIR/AuScope record, not ANU-built",broadband,,False,Guralp Systems,Guralp CMG-40T,T4T82,False,,False,False,sensor,1,6T,,6T,1,1,2018-10-09,,2018-10-09/,True,AUS,10.7914/4e87-j738,Guralp CMG-40T
unattributed,"no ANSIR/AuScope record, not ANU-built",broadband,,False,Guralp Systems,Guralp CMG-40T,T4T83,False,,False,False,sensor,1,6T,,6T,1,1,2018-10-16,,2018-10-16/,True,AUS,10.7914/4e87-j738,Guralp CMG-40T
unattributed,"no ANSIR/AuScope record, not ANU-built",broadband,,False,Guralp Systems,Guralp CMG-40T,T4T84,False,,False,False,sensor,1,6T,,6T,1,1,2018-10-11,,2018-10-11/,True,AUS,10.7914/4e87-j738,Guralp CMG-40T
unattributed,"no ANSIR/AuScope record, not ANU-built",broadband,,False,Guralp Systems,Guralp CMG-40T,T4T85,False,,False,False,sensor,1,6T,,6T,1,1,2018-10-10,,2018-10-10/,True,AUS,10.7914/4e87-j738,Guralp CMG-40T
unattributed,"no ANSIR/AuScope record, not ANU-built",broadband,,False,Guralp Systems,Guralp CMG-40T,T4T88,False,,False,False,sensor,1,6T,,6T,1,1,2018-10-09,,2018-10-09/,True,AUS,10.7914/4e87-j738,Guralp CMG-40T
unattributed,"no ANSIR/AuScope record, not ANU-built",broadband,,False,Guralp Systems,Guralp CMG-40T 30s,T4139,False,,False,False,sensor,3,7F; 7H; 7I,,7F; 7H; 7I,3,4,1999-04-14,2004-09-27,1999-04-14/2004-09-27,False,Australia,10.7914/SN/7I_2003,Guralp CMG-40T 30s
unattributed,"no ANSIR/AuScope record, not ANU-built",broadband,,False,Guralp Systems,Guralp CMG-40T 30s,T4568,False,,False,False,sensor,1,7I,,7I,1,1,2004-06-05,2005-04-14,2004-06-05/2005-04-14,False,Australia,10.7914/SN/7I_2003,Guralp CMG-40T 30s
unattributed,"no ANSIR/AuScope record, not ANU-built",broadband,,False,Guralp Systems,Guralp CMG-40T 30s,T4661,False,,False,False,sensor,2,7F; 7H,,7F; 7H,2,2,1999-04-13,2002-05-19,1999-04-13/2002-05-19,False,Australia,,Guralp CMG-40T 30s
unattributed,"no ANSIR/AuScope record, not ANU-built",broadband,,False,Guralp Systems,Guralp CMG-40T 30s,T4665,False,,False,False,sensor,2,7F; 7H,,7F; 7H,2,2,1999-04-07,2002-05-15,1999-04-07/2002-05-15,False,Australia,,Guralp CMG-40T 30s
unattributed,"no ANSIR/AuScope record, not ANU-built",broadband,,False,Guralp Systems,Guralp CMG-40T 30s,T4671,False,,False,False,sensor,1,7H,,7H,1,1,2001-10-04,2002-07-18,2001-10-04/2002-07-18,False,Australia,,Guralp CMG-40T 30s
unattributed,"no ANSIR/AuScope record, not ANU-built",broadband,,False,Guralp Systems,Guralp CMG-40T 30s,T4673,False,,False,False,sensor,2,7F; 7H,,7F; 7H,2,3,1999-04-06,2002-05-19,1999-04-06/2002-05-19,False,Australia,,Guralp CMG-40T 30s
unattributed,"no ANSIR/AuScope record, not ANU-built",broadband,,False,Guralp Systems,Guralp CMG-40T 30s,T4675,False,,False,False,sensor,1,7H,,7H,1,1,2001-12-11,2002-05-15,2001-12-11/2002-05-15,False,Australia,,Guralp CMG-40T 30s
unattributed,"no ANSIR/AuScope record, not ANU-built",broadband,,False,Guralp Systems,Guralp CMG-6T,T6F08,False,,False,False,sensor,1,S1,,S1,1,1,2013-05-24,,2013-05-24/,True,AUS,10.7914/SN/S1',Guralp CMG-6T
unattributed,"no ANSIR/AuScope record, not ANU-built",broadband,,False,Guralp Systems,Guralp CMG-6T,T6F09,False,,False,False,sensor,1,S1,,S1,1,1,2012-04-11,,2012-04-11/,True,AUS,10.7914/SN/S1',Guralp CMG-6T
unattributed,"no ANSIR/AuScope record, not ANU-built",broadband,,False,Guralp Systems,Guralp CMG-6T,T6F16,False,,False,False,sensor,1,S1,,S1,1,1,2012-04-11,,2012-04-11/,True,AUS,10.7914/SN/S1',Guralp CMG-6T
unattributed,"no ANSIR/AuScope record, not ANU-built",broadband,,False,Guralp Systems,Guralp CMG-6T,T6F17,False,,False,False,sensor,1,S1,,S1,1,1,2013-09-15,,2013-09-15/,True,AUS,10.7914/SN/S1',Guralp CMG-6T
unattributed,"no ANSIR/AuScope record, not ANU-built",broadband,,False,Guralp Systems,Guralp CMG-6T,T6F18,False,,False,False,sensor,1,S1,,S1,1,1,2011-09-01,,2011-09-01/,True,AUS,10.7914/SN/S1',Guralp CMG-6T
unattributed,"no ANSIR/AuScope record, not ANU-built",broadband,,False,Guralp Systems,Guralp CMG-6T,T6H49,False,,False,False,sensor,1,S1,,S1,1,1,2011-09-13,2020-04-16,2011-09-13/2020-04-16,False,AUS,10.7914/SN/S1',Guralp CMG-6T
unattributed,"no ANSIR/AuScope record, not ANU-built",broadband,,False,Guralp Systems,Guralp CMG-6T,T6H52,False,,False,False,sensor,1,S1,,S1,1,1,2013-09-01,,2013-09-01/,True,AUS,10.7914/SN/S1',Guralp CMG-6T
unattributed,"no ANSIR/AuScope record, not ANU-built",broadband,,False,Guralp Systems,Guralp CMG-6T,T6H56,False,,False,False,sensor,1,S1,,S1,1,1,2013-05-30,,2013-05-30/,True,AUS,10.7914/SN/S1',Guralp CMG-6T
unattributed,"no ANSIR/AuScope record, not ANU-built",broadband,,False,Guralp Systems,Guralp CMG-6T,T6H58,False,,False,False,sensor,1,S1,,S1,1,1,2013-05-24,,2013-05-24/,True,AUS,10.7914/SN/S1',Guralp CMG-6T
unattributed,"no ANSIR/AuScope record, not ANU-built",broadband,,False,Guralp Systems,Guralp CMG-6T,T6H61,False,,False,False,sensor,1,S1,,S1,1,1,2013-05-24,,2013-05-24/,True,AUS,10.7914/SN/S1',Guralp CMG-6T
unattributed,"no ANSIR/AuScope record, not ANU-built",broadband,,False,Guralp Systems,Guralp CMG-6T,T6H65,False,,False,False,sensor,1,S1,,S1,1,2,2013-05-24,,2013-05-24/,True,AUS,10.7914/SN/S1',Guralp CMG-6T
unattributed,"no ANSIR/AuScope record, not ANU-built",broadband,,False,Guralp Systems,Guralp CMG-6T,T6H67,False,,False,False,sensor,1,S1,,S1,1,2,2013-08-26,,2013-08-26/,True,AUS,10.7914/SN/S1',Guralp CMG-6T
unattributed,"no ANSIR/AuScope record, not ANU-built",broadband,,False,Guralp Systems,Guralp CMG-6T,T6H71,False,,False,False,sensor,1,S1,,S1,1,1,2014-02-27,,2014-02-27/,True,AUS,10.7914/SN/S1',Guralp CMG-6T
unattributed,"no ANSIR/AuScope record, not ANU-built",broadband,,False,Guralp Systems,Guralp CMG-6T,T6H72,False,,False,False,sensor,1,S1,,S1,1,1,2013-08-29,,2013-08-29/,True,AUS,10.7914/SN/S1',Guralp CMG-6T
unattributed,"no ANSIR/AuScope record, not ANU-built",broadband,,False,Guralp Systems,Guralp CMG-6T,T6H74,False,,False,False,sensor,1,S1,,S1,1,1,2013-05-24,,2013-05-24/,True,AUS,10.7914/SN/S1',Guralp CMG-6T
unattributed,"no ANSIR/AuScope record, not ANU-built",broadband,,False,Guralp Systems,Guralp CMG-6T,T6H77,False,,False,False,sensor,1,S1,,S1,1,1,2013-10-31,,2013-10-31/,True,AUS,10.7914/SN/S1',Guralp CMG-6T
unattributed,"no ANSIR/AuScope record, not ANU-built",broadband,,False,Guralp Systems,Guralp CMG-6T,T6H78,False,,False,False,sensor,1,S1,,S1,1,2,2013-03-18,,2013-03-18/,True,AUS,10.7914/SN/S1',Guralp CMG-6T
unattributed,"no ANSIR/AuScope record, not ANU-built",broadband,,False,Guralp Systems,Guralp CMG-6T,T6H81,False,,False,False,sensor,1,S1,,S1,1,2,2013-05-28,,2013-05-28/,True,AUS,10.7914/SN/S1',Guralp CMG-6T
unattributed,"no ANSIR/AuScope record, not ANU-built",broadband,,False,Guralp Systems,Guralp CMG-6T,T6H82,False,,False,False,sensor,1,S1,,S1,1,2,2013-05-24,,2013-05-24/,True,AUS,10.7914/SN/S1',Guralp CMG-6T
unattributed,"no ANSIR/AuScope record, not ANU-built",broadband,,False,Guralp Systems,Guralp CMG-6T,T6H84,False,,False,False,sensor,1,S1,,S1,1,1,2013-05-30,,2013-05-30/,True,AUS,10.7914/SN/S1',Guralp CMG-6T
unattributed,"no ANSIR/AuScope record, not ANU-built",broadband,,False,Guralp Systems,Guralp CMG-6T,T6I16,False,,False,False,sensor,1,S1,,S1,1,1,2016-11-25,,2016-11-25/,True,AUS,10.7914/SN/S1',Guralp CMG-6T
unattributed,"no ANSIR/AuScope record, not ANU-built",broadband,,False,Guralp Systems,Guralp CMG-6T,T6I19,False,,False,False,sensor,1,S1,,S1,1,1,2013-03-18,,2013-03-18/,True,AUS,10.7914/SN/S1',Guralp CMG-6T
unattributed,"no ANSIR/AuScope record, not ANU-built",broadband,,False,Guralp Systems,Guralp CMG-6T,T6I20,False,,False,False,sensor,1,S1,,S1,1,1,2013-11-01,,2013-11-01/,True,AUS,10.7914/SN/S1',Guralp CMG-6T
unattributed,"no ANSIR/AuScope record, not ANU-built",broadband,,False,Guralp Systems,Guralp CMG-6T,T6I21,False,,False,False,sensor,1,S1,,S1,1,1,2013-08-29,2014-12-10,2013-08-29/2014-12-10,False,AUS,10.7914/SN/S1',Guralp CMG-6T
unattributed,"no ANSIR/AuScope record, not ANU-built",broadband,,False,Guralp Systems,Guralp CMG-6T,T6I25,False,,False,False,sensor,1,S1,,S1,1,1,2017-07-06,,2017-07-06/,True,AUS,10.7914/SN/S1',Guralp CMG-6T
unattributed,"no ANSIR/AuScope record, not ANU-built",broadband,,False,Guralp Systems,Guralp CMG-6T,T6I38,False,,False,False,sensor,1,S1,,S1,1,1,2013-08-26,,2013-08-26/,True,AUS,10.7914/SN/S1',Guralp CMG-6T
unattributed,"no ANSIR/AuScope record, not ANU-built",broadband,,False,Guralp Systems,Guralp CMG-6T,T6K05,False,,False,False,sensor,1,S1,,S1,1,1,2013-08-26,,2013-08-26/,True,AUS,10.7914/SN/S1',Guralp CMG-6T
unattributed,"no ANSIR/AuScope record, not ANU-built",broadband,,True,Guralp Systems,Guralp CMG-6T,T6K63,False,,False,False,sensor,1,3F,,3F,1,1,2020-10-24,2021-07-12,2020-10-24/2021-07-12,False,Australia,10.7914/SN/3F_2020,Guralp CMG-6T
unattributed,"no ANSIR/AuScope record, not ANU-built",broadband,,True,Guralp Systems,Guralp CMG-6T,T6K69,False,,False,False,sensor,1,3F,,3F,1,1,2020-10-29,2021-02-22,2020-10-29/2021-02-22,False,Australia,10.7914/SN/3F_2020,Guralp CMG-6T
unattributed,"no ANSIR/AuScope record, not ANU-built",broadband,,False,Guralp Systems,Guralp CMG-6T,T6K84,False,,False,False,sensor,1,S1,,S1,1,2,2013-08-26,,2013-08-26/,True,AUS,10.7914/SN/S1',Guralp CMG-6T
unattributed,"no ANSIR/AuScope record, not ANU-built",broadband,,False,Guralp Systems,Guralp CMG-6T,T6K85,False,,False,False,sensor,1,S1,,S1,1,1,2013-09-26,,2013-09-26/,True,AUS,10.7914/SN/S1',Guralp CMG-6T
unattributed,"no ANSIR/AuScope record, not ANU-built",broadband,,False,Guralp Systems,Guralp CMG-6T,T6K87,False,,False,False,sensor,1,S1,,S1,1,1,2013-08-26,,2013-08-26/,True,AUS,10.7914/SN/S1',Guralp CMG-6T
unattributed,"no ANSIR/AuScope record, not ANU-built",broadband,,False,Guralp Systems,Guralp CMG-6T,T6K88,False,,False,False,sensor,1,S1,,S1,1,1,2013-08-26,,2013-08-26/,True,AUS,10.7914/SN/S1',Guralp CMG-6T
unattributed,"no ANSIR/AuScope record, not ANU-built",broadband,,False,Guralp Systems,Guralp CMG-6T,T6K89,False,,False,False,sensor,1,S1,,S1,1,1,2016-06-20,,2016-06-20/,True,AUS,10.7914/SN/S1',Guralp CMG-6T
unattributed,"no ANSIR/AuScope record, not ANU-built",broadband,,False,Guralp Systems,Guralp CMG-6T,T6K93,False,,False,False,sensor,1,S1,,S1,1,1,2013-08-28,,2013-08-28/,True,AUS,10.7914/SN/S1',Guralp CMG-6T
unattributed,"no ANSIR/AuScope record, not ANU-built",broadband,,False,Guralp Systems,Guralp CMG-6T,T6K96,False,,False,False,sensor,1,S1,,S1,1,1,2013-09-02,,2013-09-02/,True,AUS,10.7914/SN/S1',Guralp CMG-6T
unattributed,"no ANSIR/AuScope record, not ANU-built",broadband,,False,Guralp Systems,Guralp CMG-6T,T6K97,False,,False,False,sensor,1,S1,,S1,1,1,2013-08-29,,2013-08-29/,True,AUS,10.7914/SN/S1',Guralp CMG-6T
unattributed,"no ANSIR/AuScope record, not ANU-built",broadband,,False,Guralp Systems,Guralp CMG-6T,T6K98,False,,False,False,sensor,1,S1,,S1,1,1,2013-08-26,,2013-08-26/,True,AUS,10.7914/SN/S1',Guralp CMG-6T
unattributed,"no ANSIR/AuScope record, not ANU-built",broadband,,False,Guralp Systems,Guralp CMG-6T,T6K99,False,,False,False,sensor,1,S1,,S1,1,1,2013-12-04,,2013-12-04/,True,AUS,10.7914/SN/S1',Guralp CMG-6T
unattributed,"no ANSIR/AuScope record, not ANU-built",broadband,,False,Guralp Systems,Guralp CMG-6T,T6L00,False,,False,False,sensor,1,S1,,S1,1,1,2013-08-26,,2013-08-26/,True,AUS,10.7914/SN/S1',Guralp CMG-6T
unattributed,"no ANSIR/AuScope record, not ANU-built",broadband,,False,Guralp Systems,Guralp CMG-6T,T6L01,False,,False,False,sensor,1,S1,,S1,1,1,2013-11-21,,2013-11-21/,True,AUS,10.7914/SN/S1',Guralp CMG-6T
unattributed,"no ANSIR/AuScope record, not ANU-built",broadband,,False,Guralp Systems,Guralp CMG-6T,T6L04,False,,False,False,sensor,1,S1,,S1,1,1,2013-08-23,,2013-08-23/,True,AUS,10.7914/SN/S1',Guralp CMG-6T
unattributed,"no ANSIR/AuScope record, not ANU-built",broadband,,False,Guralp Systems,Guralp CMG-6T,T6L05,False,,False,False,sensor,1,S1,,S1,1,1,2015-08-19,,2015-08-19/,True,AUS,10.7914/SN/S1',Guralp CMG-6T
unattributed,"no ANSIR/AuScope record, not ANU-built",broadband,,False,Guralp Systems,Guralp CMG-6T,T6L06,False,,False,False,sensor,1,S1,,S1,1,1,2013-08-23,,2013-08-23/,True,AUS,10.7914/SN/S1',Guralp CMG-6T
unattributed,"no ANSIR/AuScope record, not ANU-built",broadband,,False,Guralp Systems,Guralp CMG-6T,T6L07,False,,False,False,sensor,1,S1,,S1,1,1,2013-09-26,,2013-09-26/,True,AUS,10.7914/SN/S1',Guralp CMG-6T
unattributed,"no ANSIR/AuScope record, not ANU-built",broadband,,False,Guralp Systems,Guralp CMG-6T,T6L08,False,,False,False,sensor,1,S1,,S1,1,1,2013-10-20,,2013-10-20/,True,AUS,10.7914/SN/S1',Guralp CMG-6T
unattributed,"no ANSIR/AuScope record, not ANU-built",broadband,,False,Guralp Systems,Guralp CMG-6T,T6L09,False,,False,False,sensor,1,S1,,S1,1,1,2013-11-21,,2013-11-21/,True,AUS,10.7914/SN/S1',Guralp CMG-6T
unattributed,"no ANSIR/AuScope record, not ANU-built",broadband,,False,Guralp Systems,Guralp CMG-6T,T6L10,False,,False,False,sensor,1,S1,,S1,1,1,2013-08-26,,2013-08-26/,True,AUS,10.7914/SN/S1',Guralp CMG-6T
unattributed,"no ANSIR/AuScope record, not ANU-built",broadband,,False,Guralp Systems,Guralp CMG-6T,T6L11,False,,False,False,sensor,1,S1,,S1,1,1,2013-08-26,,2013-08-26/,True,AUS,10.7914/SN/S1',Guralp CMG-6T
unattributed,"no ANSIR/AuScope record, not ANU-built",broadband,,False,Guralp Systems,Guralp CMG-6T,T6L13,False,,False,False,sensor,1,S1,,S1,1,1,2013-09-03,,2013-09-03/,True,AUS,10.7914/SN/S1',Guralp CMG-6T
unattributed,"no ANSIR/AuScope record, not ANU-built",broadband,,False,Guralp Systems,Guralp CMG-6T,T6L14,False,,False,False,sensor,1,S1,,S1,1,1,2013-09-24,,2013-09-24/,True,AUS,10.7914/SN/S1',Guralp CMG-6T
unattributed,"no ANSIR/AuScope record, not ANU-built",broadband,,False,Guralp Systems,Guralp CMG-6T,T6M48,False,,False,False,sensor,1,S1,,S1,1,1,2014-09-18,,2014-09-18/,True,AUS,10.7914/SN/S1',Guralp CMG-6T
unattributed,"no ANSIR/AuScope record, not ANU-built",broadband,,False,Guralp Systems,Guralp CMG-6T,T6Q78,False,,False,False,sensor,1,S1,,S1,1,1,2013-05-28,,2013-05-28/,True,AUS,10.7914/SN/S1',Guralp CMG-6T
unattributed,"no ANSIR/AuScope record, not ANU-built",broadband,,False,Guralp Systems,Guralp CMG-6T,T6Q79,False,,False,False,sensor,1,S1,,S1,1,1,2013-10-31,,2013-10-31/,True,AUS,10.7914/SN/S1',Guralp CMG-6T
unattributed,"no ANSIR/AuScope record, not ANU-built",broadband,,False,Guralp Systems,Guralp CMG-6T,T6V16,False,,False,False,sensor,1,S1,,S1,1,1,2013-05-24,,2013-05-24/,True,AUS,10.7914/SN/S1',Guralp CMG-6T
unattributed,"no ANSIR/AuScope record, not ANU-built",broadband,,False,Guralp Systems,Guralp CMG-6T,T6W09,False,,False,False,sensor,1,S1,,S1,1,1,2013-11-21,,2013-11-21/,True,AUS,10.7914/SN/S1',Guralp CMG-6T
unattributed,"no ANSIR/AuScope record, not ANU-built",broadband,,False,Guralp Systems,Guralp CMG-6T,T6W16,False,,False,False,sensor,1,S1,,S1,1,1,2013-09-15,,2013-09-15/,True,AUS,10.7914/SN/S1',Guralp CMG-6T
unattributed,"no ANSIR/AuScope record, not ANU-built",broadband,,False,Guralp Systems,Guralp CMG-6T,T6W17,False,,False,False,sensor,1,S1,,S1,1,1,2013-10-20,,2013-10-20/,True,AUS,10.7914/SN/S1',Guralp CMG-6T
unattributed,"no ANSIR/AuScope record, not ANU-built",broadband,,False,Guralp Systems,Guralp CMG-6T,T6X21,False,,False,False,sensor,1,S1,,S1,1,1,2013-11-21,,2013-11-21/,True,AUS,10.7914/SN/S1',Guralp CMG-6T
unattributed,"no ANSIR/AuScope record, not ANU-built",broadband,,False,Guralp Systems,Guralp CMG-6T,T6X22,False,,False,False,sensor,1,S1,,S1,1,1,2013-09-24,,2013-09-24/,True,AUS,10.7914/SN/S1',Guralp CMG-6T
unattributed,"no ANSIR/AuScope record, not ANU-built",broadband,,False,Guralp Systems,Guralp CMG-6T,T6X31,False,,False,False,sensor,1,S1,,S1,1,1,2013-05-24,,2013-05-24/,True,AUS,10.7914/SN/S1',Guralp CMG-6T
unattributed,"no ANSIR/AuScope record, not ANU-built",broadband,,False,Guralp Systems,Guralp CMG-6T,T6X32,False,,False,False,sensor,1,S1,,S1,1,1,2013-08-26,,2013-08-26/,True,AUS,10.7914/SN/S1',Guralp CMG-6T
unattributed,"no ANSIR/AuScope record, not ANU-built",broadband,,False,Guralp Systems,Guralp CMG-6T,T6X33,False,,False,False,sensor,1,S1,,S1,1,1,2022-11-01,,2022-11-01/,True,AUS,10.7914/SN/S1',Guralp CMG-6T
unattributed,"no ANSIR/AuScope record, not ANU-built",broadband,,False,Guralp Systems,Guralp CMG-6T,T6X35,False,,False,False,sensor,1,S1,,S1,1,1,2013-08-26,,2013-08-26/,True,AUS,10.7914/SN/S1',Guralp CMG-6T
unattributed,"no ANSIR/AuScope record, not ANU-built",broadband,,False,Guralp Systems,Guralp CMG-6T,T6X36,False,,False,False,sensor,1,S1,,S1,1,1,2013-09-15,,2013-09-15/,True,AUS,10.7914/SN/S1',Guralp CMG-6T
unattributed,"no ANSIR/AuScope record, not ANU-built",broadband,,False,Guralp Systems,Guralp CMG-6T,T6X37,False,,False,False,sensor,1,S1,,S1,1,1,2013-08-26,,2013-08-26/,True,AUS,10.7914/SN/S1',Guralp CMG-6T
unattributed,"no ANSIR/AuScope record, not ANU-built",broadband,,False,Guralp Systems,Guralp CMG-6T,T6X38,False,,False,False,sensor,1,S1,,S1,1,1,2013-08-29,,2013-08-29/,True,AUS,10.7914/SN/S1',Guralp CMG-6T
unattributed,"no ANSIR/AuScope record, not ANU-built",broadband,,False,Guralp Systems,Guralp CMG-6T,T6X39,False,,False,False,sensor,1,S1,,S1,1,1,2019-07-14,,2019-07-14/,True,AUS,10.7914/SN/S1',Guralp CMG-6T
unattributed,"no ANSIR/AuScope record, not ANU-built",broadband,,False,Guralp Systems,Guralp CMG-6T,T6X41,False,,False,False,sensor,1,S1,,S1,1,1,2013-05-24,,2013-05-24/,True,AUS,10.7914/SN/S1',Guralp CMG-6T
unattributed,"no ANSIR/AuScope record, not ANU-built",broadband,,False,Guralp Systems,Guralp CMG-6T,T6X46,False,,False,False,sensor,1,S1,,S1,1,1,2013-08-26,,2013-08-26/,True,AUS,10.7914/SN/S1',Guralp CMG-6T
unattributed,"no ANSIR/AuScope record, not ANU-built",broadband,,False,Guralp Systems,Guralp CMG-6T,T6X47,False,,False,False,sensor,1,S1,,S1,1,1,2013-06-24,,2013-06-24/,True,AUS,10.7914/SN/S1',Guralp CMG-6T
unattributed,"no ANSIR/AuScope record, not ANU-built",broadband,,False,Guralp Systems,Guralp CMG-6T,T6X49,False,,False,False,sensor,1,S1,,S1,1,1,2013-05-24,,2013-05-24/,True,AUS,10.7914/SN/S1',Guralp CMG-6T
unattributed,"no ANSIR/AuScope record, not ANU-built",broadband,,False,Guralp Systems,Guralp CMG-6T,T6Z90,False,,False,False,sensor,1,S1,,S1,1,1,2013-09-26,,2013-09-26/,True,AUS,10.7914/SN/S1',Guralp CMG-6T
unattributed,"no ANSIR/AuScope record, not ANU-built",broadband,,False,Guralp Systems,Guralp CMG-6T,T6Z91,False,,False,False,sensor,1,S1,,S1,1,1,2013-11-01,,2013-11-01/,True,AUS,10.7914/SN/S1',Guralp CMG-6T
unattributed,"no ANSIR/AuScope record, not ANU-built",datalogger,,False,Guralp Systems,Guralp CMG-6TD,C1856,False,,False,False,datalogger,1,S1,,S1,1,1,2012-04-11,,2012-04-11/,True,AUS,10.7914/SN/S1',Guralp CMG-6TD
unattributed,"no ANSIR/AuScope record, not ANU-built",datalogger,,False,Guralp Systems,Guralp CMG-6TD,C1857,False,,False,False,datalogger,1,S1,,S1,1,1,2012-04-11,,2012-04-11/,True,AUS,10.7914/SN/S1',Guralp CMG-6TD
unattributed,"no ANSIR/AuScope record, not ANU-built",datalogger,,False,Guralp Systems,Guralp CMG-6TD,C1858,False,,False,False,datalogger,1,S1,,S1,1,1,2013-09-15,,2013-09-15/,True,AUS,10.7914/SN/S1',Guralp CMG-6TD
unattributed,"no ANSIR/AuScope record, not ANU-built",datalogger,,False,Guralp Systems,Guralp CMG-6TD,C1859,False,,False,False,datalogger,1,S1,,S1,1,1,2013-05-24,,2013-05-24/,True,AUS,10.7914/SN/S1',Guralp CMG-6TD
unattributed,"no ANSIR/AuScope record, not ANU-built",datalogger,,False,Guralp Systems,Guralp CMG-6TD,C1860,False,,False,False,datalogger,1,S1,,S1,1,1,2011-09-01,,2011-09-01/,True,AUS,10.7914/SN/S1',Guralp CMG-6TD
unattributed,"no ANSIR/AuScope record, not ANU-built",datalogger,,False,Guralp Systems,Guralp CMG-6TD,C2252,False,,False,False,datalogger,1,S1,,S1,1,1,2011-09-13,2020-04-16,2011-09-13/2020-04-16,False,AUS,10.7914/SN/S1',Guralp CMG-6TD
unattributed,"no ANSIR/AuScope record, not ANU-built",datalogger,,False,Guralp Systems,Guralp CMG-6TD,C2257,False,,False,False,datalogger,1,S1,,S1,1,1,2013-09-01,,2013-09-01/,True,AUS,10.7914/SN/S1',Guralp CMG-6TD
unattributed,"no ANSIR/AuScope record, not ANU-built",datalogger,,False,Guralp Systems,Guralp CMG-6TD,C2259,False,,False,False,datalogger,1,S1,,S1,1,1,2013-05-30,,2013-05-30/,True,AUS,10.7914/SN/S1',Guralp CMG-6TD
unattributed,"no ANSIR/AuScope record, not ANU-built",datalogger,,False,Guralp Systems,Guralp CMG-6TD,C2260,False,,False,False,datalogger,1,S1,,S1,1,1,2013-05-24,,2013-05-24/,True,AUS,10.7914/SN/S1',Guralp CMG-6TD
unattributed,"no ANSIR/AuScope record, not ANU-built",datalogger,,False,Guralp Systems,Guralp CMG-6TD,C2261,False,,False,False,datalogger,1,S1,,S1,1,1,2013-08-29,2014-12-10,2013-08-29/2014-12-10,False,AUS,10.7914/SN/S1',Guralp CMG-6TD
unattributed,"no ANSIR/AuScope record, not ANU-built",datalogger,,False,Guralp Systems,Guralp CMG-6TD,C2268,False,,False,False,datalogger,1,S1,,S1,1,2,2013-05-24,,2013-05-24/,True,AUS,10.7914/SN/S1',Guralp CMG-6TD
unattributed,"no ANSIR/AuScope record, not ANU-built",datalogger,,False,Guralp Systems,Guralp CMG-6TD,C2279,False,,False,False,datalogger,1,S1,,S1,1,2,2013-05-24,,2013-05-24/,True,AUS,10.7914/SN/S1',Guralp CMG-6TD
unattributed,"no ANSIR/AuScope record, not ANU-built",datalogger,,False,Guralp Systems,Guralp CMG-6TD,C2280,False,,False,False,datalogger,1,S1,,S1,1,2,2013-08-26,,2013-08-26/,True,AUS,10.7914/SN/S1',Guralp CMG-6TD
unattributed,"no ANSIR/AuScope record, not ANU-built",datalogger,,False,Guralp Systems,Guralp CMG-6TD,C2281,False,,False,False,datalogger,1,S1,,S1,1,1,2013-03-18,,2013-03-18/,True,AUS,10.7914/SN/S1',Guralp CMG-6TD
unattributed,"no ANSIR/AuScope record, not ANU-built",datalogger,,False,Guralp Systems,Guralp CMG-6TD,C2287,False,,False,False,datalogger,1,S1,,S1,1,2,2013-05-28,,2013-05-28/,True,AUS,10.7914/SN/S1',Guralp CMG-6TD
unattributed,"no ANSIR/AuScope record, not ANU-built",datalogger,,False,Guralp Systems,Guralp CMG-6TD,C2288,False,,False,False,datalogger,1,S1,,S1,1,1,2013-05-24,,2013-05-24/,True,AUS,10.7914/SN/S1',Guralp CMG-6TD
unattributed,"no ANSIR/AuScope record, not ANU-built",datalogger,,False,Guralp Systems,Guralp CMG-6TD,C2289,False,,False,False,datalogger,1,S1,,S1,1,1,2013-05-30,,2013-05-30/,True,AUS,10.7914/SN/S1',Guralp CMG-6TD
unattributed,"no ANSIR/AuScope record, not ANU-built",datalogger,,False,Guralp Systems,Guralp CMG-6TD,C2291,False,,False,False,datalogger,1,S1,,S1,1,1,2013-05-24,,2013-05-24/,True,AUS,10.7914/SN/S1',Guralp CMG-6TD
unattributed,"no ANSIR/AuScope record, not ANU-built",datalogger,,False,Guralp Systems,Guralp CMG-6TD,C2293,False,,False,False,datalogger,1,S1,,S1,1,1,2013-08-29,,2013-08-29/,True,AUS,10.7914/SN/S1',Guralp CMG-6TD
unattributed,"no ANSIR/AuScope record, not ANU-built",datalogger,,False,Guralp Systems,Guralp CMG-6TD,C2294,False,,False,False,datalogger,1,S1,,S1,1,1,2014-02-27,,2014-02-27/,True,AUS,10.7914/SN/S1',Guralp CMG-6TD
unattributed,"no ANSIR/AuScope record, not ANU-built",datalogger,,False,Guralp Systems,Guralp CMG-6TD,C2295,False,,False,False,datalogger,1,S1,,S1,1,1,2013-10-31,,2013-10-31/,True,AUS,10.7914/SN/S1',Guralp CMG-6TD
unattributed,"no ANSIR/AuScope record, not ANU-built",datalogger,,False,Guralp Systems,Guralp CMG-6TD,C2296,False,,False,False,datalogger,1,S1,,S1,1,2,2013-03-18,,2013-03-18/,True,AUS,10.7914/SN/S1',Guralp CMG-6TD
unattributed,"no ANSIR/AuScope record, not ANU-built",datalogger,,False,Guralp Systems,Guralp CMG-6TD,C2298,False,,False,False,datalogger,1,S1,,S1,1,1,2013-11-01,,2013-11-01/,True,AUS,10.7914/SN/S1',Guralp CMG-6TD
unattributed,"no ANSIR/AuScope record, not ANU-built",datalogger,,False,Guralp Systems,Guralp CMG-6TD,C2340,False,,False,False,datalogger,1,S1,,S1,1,1,2017-07-06,,2017-07-06/,True,AUS,10.7914/SN/S1',Guralp CMG-6TD
unattributed,"no ANSIR/AuScope record, not ANU-built",datalogger,,False,Guralp Systems,Guralp CMG-6TD,C2432,False,,False,False,datalogger,1,S1,,S1,1,1,2016-11-25,,2016-11-25/,True,AUS,10.7914/SN/S1',Guralp CMG-6TD
unattributed,"no ANSIR/AuScope record, not ANU-built",datalogger,,False,Guralp Systems,Guralp CMG-6TD,C2433,False,,False,False,datalogger,1,S1,,S1,1,1,2013-08-26,,2013-08-26/,True,AUS,10.7914/SN/S1',Guralp CMG-6TD
unattributed,"no ANSIR/AuScope record, not ANU-built",datalogger,,False,Guralp Systems,Guralp CMG-6TD,C2931,False,,False,False,datalogger,1,S1,,S1,1,1,2013-08-26,,2013-08-26/,True,AUS,10.7914/SN/S1',Guralp CMG-6TD
unattributed,"no ANSIR/AuScope record, not ANU-built",datalogger,,False,Guralp Systems,Guralp CMG-6TD,C2932,False,,False,False,datalogger,1,S1,,S1,1,1,2015-08-19,,2015-08-19/,True,AUS,10.7914/SN/S1',Guralp CMG-6TD
unattributed,"no ANSIR/AuScope record, not ANU-built",datalogger,,False,Guralp Systems,Guralp CMG-6TD,C2933,False,,False,False,datalogger,1,S1,,S1,1,1,2013-08-28,,2013-08-28/,True,AUS,10.7914/SN/S1',Guralp CMG-6TD
unattributed,"no ANSIR/AuScope record, not ANU-built",datalogger,,False,Guralp Systems,Guralp CMG-6TD,C2934,False,,False,False,datalogger,1,S1,,S1,1,1,2013-08-26,,2013-08-26/,True,AUS,10.7914/SN/S1',Guralp CMG-6TD
unattributed,"no ANSIR/AuScope record, not ANU-built",datalogger,,False,Guralp Systems,Guralp CMG-6TD,C2935,False,,False,False,datalogger,1,S1,,S1,1,1,2013-08-23,,2013-08-23/,True,AUS,10.7914/SN/S1',Guralp CMG-6TD
unattributed,"no ANSIR/AuScope record, not ANU-built",datalogger,,False,Guralp Systems,Guralp CMG-6TD,C2936,False,,False,False,datalogger,1,S1,,S1,1,1,2013-08-29,,2013-08-29/,True,AUS,10.7914/SN/S1',Guralp CMG-6TD
unattributed,"no ANSIR/AuScope record, not ANU-built",datalogger,,False,Guralp Systems,Guralp CMG-6TD,C2937,False,,False,False,datalogger,1,S1,,S1,1,1,2016-06-20,,2016-06-20/,True,AUS,10.7914/SN/S1',Guralp CMG-6TD
unattributed,"no ANSIR/AuScope record, not ANU-built",datalogger,,False,Guralp Systems,Guralp CMG-6TD,C2938,False,,False,False,datalogger,1,S1,,S1,1,1,2013-12-04,,2013-12-04/,True,AUS,10.7914/SN/S1',Guralp CMG-6TD
unattributed,"no ANSIR/AuScope record, not ANU-built",datalogger,,False,Guralp Systems,Guralp CMG-6TD,C2939,False,,False,False,datalogger,1,S1,,S1,1,1,2013-08-23,,2013-08-23/,True,AUS,10.7914/SN/S1',Guralp CMG-6TD
unattributed,"no ANSIR/AuScope record, not ANU-built",datalogger,,False,Guralp Systems,Guralp CMG-6TD,C2940,False,,False,False,datalogger,1,S1,,S1,1,1,2013-10-20,,2013-10-20/,True,AUS,10.7914/SN/S1',Guralp CMG-6TD
unattributed,"no ANSIR/AuScope record, not ANU-built",datalogger,,False,Guralp Systems,Guralp CMG-6TD,C2941,False,,False,False,datalogger,1,S1,,S1,1,1,2013-08-26,,2013-08-26/,True,AUS,10.7914/SN/S1',Guralp CMG-6TD
unattributed,"no ANSIR/AuScope record, not ANU-built",datalogger,,False,Guralp Systems,Guralp CMG-6TD,C2942,False,,False,False,datalogger,1,S1,,S1,1,1,2013-09-26,,2013-09-26/,True,AUS,10.7914/SN/S1',Guralp CMG-6TD
unattributed,"no ANSIR/AuScope record, not ANU-built",datalogger,,False,Guralp Systems,Guralp CMG-6TD,C2943,False,,False,False,datalogger,1,S1,,S1,1,1,2013-11-21,,2013-11-21/,True,AUS,10.7914/SN/S1',Guralp CMG-6TD
unattributed,"no ANSIR/AuScope record, not ANU-built",datalogger,,False,Guralp Systems,Guralp CMG-6TD,C2944,False,,False,False,datalogger,1,S1,,S1,1,1,2013-09-24,,2013-09-24/,True,AUS,10.7914/SN/S1',Guralp CMG-6TD
unattributed,"no ANSIR/AuScope record, not ANU-built",datalogger,,False,Guralp Systems,Guralp CMG-6TD,C2945,False,,False,False,datalogger,1,S1,,S1,1,1,2013-08-26,,2013-08-26/,True,AUS,10.7914/SN/S1',Guralp CMG-6TD
unattributed,"no ANSIR/AuScope record, not ANU-built",datalogger,,False,Guralp Systems,Guralp CMG-6TD,C2947,False,,False,False,datalogger,1,S1,,S1,1,1,2013-09-03,,2013-09-03/,True,AUS,10.7914/SN/S1',Guralp CMG-6TD
unattributed,"no ANSIR/AuScope record, not ANU-built",datalogger,,False,Guralp Systems,Guralp CMG-6TD,C2948,False,,False,False,datalogger,1,S1,,S1,1,2,2013-08-26,,2013-08-26/,True,AUS,10.7914/SN/S1',Guralp CMG-6TD
unattributed,"no ANSIR/AuScope record, not ANU-built",datalogger,,False,Guralp Systems,Guralp CMG-6TD,C2949,False,,False,False,datalogger,1,S1,,S1,1,2,2013-08-26,,2013-08-26/,True,AUS,10.7914/SN/S1',Guralp CMG-6TD
unattributed,"no ANSIR/AuScope record, not ANU-built",datalogger,,False,Guralp Systems,Guralp CMG-6TD,C2950,False,,False,False,datalogger,1,S1,,S1,1,1,2013-08-26,,2013-08-26/,True,AUS,10.7914/SN/S1',Guralp CMG-6TD
unattributed,"no ANSIR/AuScope record, not ANU-built",datalogger,,False,Guralp Systems,Guralp CMG-6TD,C2951,False,,False,False,datalogger,1,S1,,S1,1,1,2013-08-26,,2013-08-26/,True,AUS,10.7914/SN/S1',Guralp CMG-6TD
unattributed,"no ANSIR/AuScope record, not ANU-built",datalogger,,False,Guralp Systems,Guralp CMG-6TD,C2952,False,,False,False,datalogger,1,S1,,S1,1,1,2013-09-26,,2013-09-26/,True,AUS,10.7914/SN/S1',Guralp CMG-6TD
unattributed,"no ANSIR/AuScope record, not ANU-built",datalogger,,False,Guralp Systems,Guralp CMG-6TD,C2953,False,,False,False,datalogger,1,S1,,S1,1,1,2013-11-21,,2013-11-21/,True,AUS,10.7914/SN/S1',Guralp CMG-6TD
unattributed,"no ANSIR/AuScope record, not ANU-built",datalogger,,False,Guralp Systems,Guralp CMG-6TD,C3142,False,,False,False,datalogger,1,S1,,S1,1,1,2014-09-18,,2014-09-18/,True,AUS,10.7914/SN/S1',Guralp CMG-6TD
unattributed,"no ANSIR/AuScope record, not ANU-built",datalogger,,False,Guralp Systems,Guralp CMG-6TD,C3605,False,,False,False,datalogger,1,S1,,S1,1,1,2013-10-31,,2013-10-31/,True,AUS,10.7914/SN/S1',Guralp CMG-6TD
unattributed,"no ANSIR/AuScope record, not ANU-built",datalogger,,False,Guralp Systems,Guralp CMG-6TD,C3610,False,,False,False,datalogger,1,S1,,S1,1,1,2013-05-28,,2013-05-28/,True,AUS,10.7914/SN/S1',Guralp CMG-6TD
unattributed,"no ANSIR/AuScope record, not ANU-built",datalogger,,False,Guralp Systems,Guralp CMG-6TD,C4223,False,,False,False,datalogger,1,S1,,S1,1,1,2013-05-24,,2013-05-24/,True,AUS,10.7914/SN/S1',Guralp CMG-6TD
unattributed,"no ANSIR/AuScope record, not ANU-built",datalogger,,False,Guralp Systems,Guralp CMG-6TD,C4361,False,,False,False,datalogger,1,S1,,S1,1,1,2013-10-20,,2013-10-20/,True,AUS,10.7914/SN/S1',Guralp CMG-6TD
unattributed,"no ANSIR/AuScope record, not ANU-built",datalogger,,False,Guralp Systems,Guralp CMG-6TD,C4362,False,,False,False,datalogger,1,S1,,S1,1,1,2013-09-15,,2013-09-15/,True,AUS,10.7914/SN/S1',Guralp CMG-6TD
unattributed,"no ANSIR/AuScope record, not ANU-built",datalogger,,False,Guralp Systems,Guralp CMG-6TD,C4363,False,,False,False,datalogger,1,S1,,S1,1,1,2013-11-21,,2013-11-21/,True,AUS,10.7914/SN/S1',Guralp CMG-6TD
unattributed,"no ANSIR/AuScope record, not ANU-built",datalogger,,False,Guralp Systems,Guralp CMG-6TD,C4399,False,,False,False,datalogger,1,S1,,S1,1,1,2013-09-24,,2013-09-24/,True,AUS,10.7914/SN/S1',Guralp CMG-6TD
unattributed,"no ANSIR/AuScope record, not ANU-built",datalogger,,False,Guralp Systems,Guralp CMG-6TD,C4407,False,,False,False,datalogger,1,S1,,S1,1,1,2013-11-21,,2013-11-21/,True,AUS,10.7914/SN/S1',Guralp CMG-6TD
unattributed,"no ANSIR/AuScope record, not ANU-built",datalogger,,False,Guralp Systems,Guralp CMG-6TD,C4415,False,,False,False,datalogger,1,S1,,S1,1,1,2022-11-01,,2022-11-01/,True,AUS,10.7914/SN/S1',Guralp CMG-6TD
unattributed,"no ANSIR/AuScope record, not ANU-built",datalogger,,False,Guralp Systems,Guralp CMG-6TD,C4416,False,,False,False,datalogger,1,S1,,S1,1,1,2013-08-26,,2013-08-26/,True,AUS,10.7914/SN/S1',Guralp CMG-6TD
unattributed,"no ANSIR/AuScope record, not ANU-built",datalogger,,False,Guralp Systems,Guralp CMG-6TD,C4417,False,,False,False,datalogger,1,S1,,S1,1,1,2013-05-24,,2013-05-24/,True,AUS,10.7914/SN/S1',Guralp CMG-6TD
unattributed,"no ANSIR/AuScope record, not ANU-built",datalogger,,False,Guralp Systems,Guralp CMG-6TD,C4418,False,,False,False,datalogger,1,S1,,S1,1,1,2013-08-26,,2013-08-26/,True,AUS,10.7914/SN/S1',Guralp CMG-6TD
unattributed,"no ANSIR/AuScope record, not ANU-built",datalogger,,False,Guralp Systems,Guralp CMG-6TD,C4420,False,,False,False,datalogger,1,S1,,S1,1,1,2013-08-26,,2013-08-26/,True,AUS,10.7914/SN/S1',Guralp CMG-6TD
unattributed,"no ANSIR/AuScope record, not ANU-built",datalogger,,False,Guralp Systems,Guralp CMG-6TD,C4421,False,,False,False,datalogger,1,S1,,S1,1,1,2013-08-29,,2013-08-29/,True,AUS,10.7914/SN/S1',Guralp CMG-6TD
unattributed,"no ANSIR/AuScope record, not ANU-built",datalogger,,False,Guralp Systems,Guralp CMG-6TD,C4422,False,,False,False,datalogger,1,S1,,S1,1,1,2019-07-14,,2019-07-14/,True,AUS,10.7914/SN/S1',Guralp CMG-6TD
unattributed,"no ANSIR/AuScope record, not ANU-built",datalogger,,False,Guralp Systems,Guralp CMG-6TD,C4423,False,,False,False,datalogger,1,S1,,S1,1,1,2013-09-15,,2013-09-15/,True,AUS,10.7914/SN/S1',Guralp CMG-6TD
unattributed,"no ANSIR/AuScope record, not ANU-built",datalogger,,False,Guralp Systems,Guralp CMG-6TD,C4425,False,,False,False,datalogger,1,S1,,S1,1,1,2013-05-24,,2013-05-24/,True,AUS,10.7914/SN/S1',Guralp CMG-6TD
unattributed,"no ANSIR/AuScope record, not ANU-built",datalogger,,False,Guralp Systems,Guralp CMG-6TD,C4426,False,,False,False,datalogger,1,S1,,S1,1,1,2013-05-24,,2013-05-24/,True,AUS,10.7914/SN/S1',Guralp CMG-6TD
unattributed,"no ANSIR/AuScope record, not ANU-built",datalogger,,False,Guralp Systems,Guralp CMG-6TD,C4428,False,,False,False,datalogger,1,S1,,S1,1,1,2013-06-24,,2013-06-24/,True,AUS,10.7914/SN/S1',Guralp CMG-6TD
unattributed,"no ANSIR/AuScope record, not ANU-built",datalogger,,False,Guralp Systems,Guralp CMG-6TD,C4429,False,,False,False,datalogger,1,S1,,S1,1,1,2013-08-26,,2013-08-26/,True,AUS,10.7914/SN/S1',Guralp CMG-6TD
unattributed,"no ANSIR/AuScope record, not ANU-built",datalogger,,False,Guralp Systems,Guralp CMG-6TD,C4577,False,,False,False,datalogger,1,S1,,S1,1,1,2013-11-01,,2013-11-01/,True,AUS,10.7914/SN/S1',Guralp CMG-6TD
unattributed,"no ANSIR/AuScope record, not ANU-built",datalogger,,False,Guralp Systems,Guralp CMG-6TD,C4578,False,,False,False,datalogger,1,S1,,S1,1,1,2013-09-26,,2013-09-26/,True,AUS,10.7914/SN/S1',Guralp CMG-6TD
unattributed,"no ANSIR/AuScope record, not ANU-built",datalogger,,True,Guralp Systems,Guralp CMG-CD24 OBS,C3066,False,,False,False,datalogger,1,3F,,3F,1,1,2020-10-24,2021-07-12,2020-10-24/2021-07-12,False,Australia,10.7914/SN/3F_2020,Guralp CMG-CD24 OBS
unattributed,"no ANSIR/AuScope record, not ANU-built",datalogger,,True,Guralp Systems,Guralp CMG-CD24 OBS,C3156,False,,False,False,datalogger,1,3F,,3F,1,1,2020-10-29,2021-02-22,2020-10-29/2021-02-22,False,Australia,10.7914/SN/3F_2020,Guralp CMG-CD24 OBS
unattributed,"no ANSIR/AuScope record, not ANU-built",broadband,,True,Guralp Systems,Guralp Certimus 120s,3167,False,,False,False,sensor,1,3F,,3F,1,1,2021-04-21,2021-06-19,2021-04-21/2021-06-19,False,Australia,10.7914/SN/3F_2020,Guralp Certimus 120s
unattributed,"no ANSIR/AuScope record, not ANU-built",broadband,,True,Guralp Systems,Guralp Certimus 120s,4149,False,,False,True,sensor,1,3F,,3F,1,1,2021-06-13,2021-08-04,2021-06-13/2021-08-04,False,Australia,10.7914/SN/3F_2020,Guralp Certimus 120s
unattributed,"no ANSIR/AuScope record, not ANU-built",broadband,,True,Guralp Systems,Guralp Certimus 120s,4447,False,,False,False,sensor,1,3F,,3F,1,1,2021-05-07,2022-02-15,2021-05-07/2022-02-15,False,Australia,10.7914/SN/3F_2020,Guralp Certimus 120s
unattributed,"no ANSIR/AuScope record, not ANU-built",broadband,,True,Guralp Systems,Guralp Certimus 120s,4730,False,,False,False,sensor,1,3F,,3F,1,1,2021-05-27,2021-07-23,2021-05-27/2021-07-23,False,Australia,10.7914/SN/3F_2020,Guralp Certimus 120s
unattributed,"no ANSIR/AuScope record, not ANU-built",broadband,,True,Guralp Systems,Guralp Certimus 120s,63838,False,,False,False,sensor,1,3F,,3F,1,1,2021-06-01,2021-07-23,2021-06-01/2021-07-23,False,Australia,10.7914/SN/3F_2020,Guralp Certimus 120s
unattributed,"no ANSIR/AuScope record, not ANU-built",broadband,,False,Guralp Systems,Guralp Certis,1101,False,,False,False,sensor,1,WG,,WG,1,1,2025-05-24,2026-04-28,2025-05-24/2026-04-28,False,,10.7914/xagc-se62,Guralp Certis
unattributed,"no ANSIR/AuScope record, not ANU-built",broadband,,False,Guralp Systems,Guralp Certis,1102,False,,False,False,sensor,1,WG,,WG,1,1,2025-05-23,2026-04-28,2025-05-23/2026-04-28,False,,10.7914/xagc-se62,Guralp Certis
unattributed,"no ANSIR/AuScope record, not ANU-built",broadband,,False,Guralp Systems,Guralp Certis,1103,False,,False,False,sensor,1,WG,,WG,1,1,2025-05-25,2026-04-25,2025-05-25/2026-04-25,False,,10.7914/xagc-se62,Guralp Certis
unattributed,"no ANSIR/AuScope record, not ANU-built",broadband,,False,Guralp Systems,Guralp Certis,1106,False,,False,False,sensor,1,WG,,WG,1,1,2025-05-28,2026-04-23,2025-05-28/2026-04-23,False,,10.7914/xagc-se62,Guralp Certis
unattributed,"no ANSIR/AuScope record, not ANU-built",broadband,,False,Guralp Systems,Guralp Certis,1107,False,,False,False,sensor,1,WG,,WG,1,1,2025-05-23,2026-04-29,2025-05-23/2026-04-29,False,,10.7914/xagc-se62,Guralp Certis
unattributed,"no ANSIR/AuScope record, not ANU-built",datalogger,,False,Guralp Systems,Guralp MINIMUS,1263,False,,False,False,datalogger,1,WG,,WG,1,2,2024-01-08,2026-05-14,2024-01-08/2026-05-14,False,,10.7914/xagc-se62,Guralp MINIMUS
unattributed,"no ANSIR/AuScope record, not ANU-built",datalogger,,False,Guralp Systems,Guralp MINIMUS,1563,False,,False,False,datalogger,1,WG,,WG,1,2,2024-01-08,2026-04-23,2024-01-08/2026-04-23,False,,10.7914/xagc-se62,Guralp MINIMUS
unattributed,"no ANSIR/AuScope record, not ANU-built",datalogger,,False,Guralp Systems,Guralp MINIMUS,2673,False,,False,False,datalogger,1,WG,,WG,1,1,2022-11-20,2023-12-06,2022-11-20/2023-12-06,False,Australia,10.7914/xagc-se62,Guralp MINIMUS
unattributed,"no ANSIR/AuScope record, not ANU-built",datalogger,,False,Guralp Systems,Guralp MINIMUS,2763,False,,False,False,datalogger,1,WG,,WG,1,1,2024-02-29,2025-03-03,2024-02-29/2025-03-03,False,,10.7914/xagc-se62,Guralp MINIMUS
unattributed,"no ANSIR/AuScope record, not ANU-built",datalogger,,False,Guralp Systems,Guralp MINIMUS,2863,False,,False,False,datalogger,1,WG,,WG,1,3,2022-12-03,2026-05-07,2022-12-03/2026-05-07,False,Australia,10.7914/xagc-se62,Guralp MINIMUS
unattributed,"no ANSIR/AuScope record, not ANU-built",datalogger,,False,Guralp Systems,Guralp MINIMUS,2C63,False,,False,False,datalogger,1,WG,,WG,1,2,2023-02-02,2026-05-15,2023-02-02/2026-05-15,False,Australia,10.7914/xagc-se62,Guralp MINIMUS
unattributed,"no ANSIR/AuScope record, not ANU-built",datalogger,,False,Guralp Systems,Guralp MINIMUS,2F63,False,,False,False,datalogger,1,WG,,WG,1,2,2023-02-26,2026-04-29,2023-02-26/2026-04-29,False,Australia,10.7914/xagc-se62,Guralp MINIMUS
unattributed,"no ANSIR/AuScope record, not ANU-built",datalogger,,False,Guralp Systems,Guralp MINIMUS,3263,False,,False,False,datalogger,1,WG,,WG,1,1,2024-05-22,2025-03-05,2024-05-22/2025-03-05,False,,10.7914/xagc-se62,Guralp MINIMUS
unattributed,"no ANSIR/AuScope record, not ANU-built",datalogger,,False,Guralp Systems,Guralp MINIMUS,3363,False,,False,False,datalogger,1,WG,,WG,1,1,2024-03-02,2025-03-05,2024-03-02/2025-03-05,False,,10.7914/xagc-se62,Guralp MINIMUS
unattributed,"no ANSIR/AuScope record, not ANU-built",datalogger,,False,Guralp Systems,Guralp MINIMUS,3463,False,,False,False,datalogger,1,WG,,WG,1,1,2023-02-02,2023-07-12,2023-02-02/2023-07-12,False,Australia,10.7914/xagc-se62,Guralp MINIMUS
unattributed,"no ANSIR/AuScope record, not ANU-built",datalogger,,False,Guralp Systems,Guralp MINIMUS,3563,False,,False,False,datalogger,1,WG,,WG,1,2,2024-01-08,2026-04-29,2024-01-08/2026-04-29,False,,10.7914/xagc-se62,Guralp MINIMUS
unattributed,"no ANSIR/AuScope record, not ANU-built",datalogger,,False,Guralp Systems,Guralp MINIMUS,5662,False,,False,False,datalogger,1,WG,,WG,1,1,2024-03-03,2025-03-08,2024-03-03/2025-03-08,False,,10.7914/xagc-se62,Guralp MINIMUS
unattributed,"no ANSIR/AuScope record, not ANU-built",datalogger,,False,Guralp Systems,Guralp MINIMUS,5862,False,,False,False,datalogger,1,WG,,WG,1,2,2022-12-15,2026-04-23,2022-12-15/2026-04-23,False,Australia,10.7914/xagc-se62,Guralp MINIMUS
unattributed,"no ANSIR/AuScope record, not ANU-built",datalogger,,False,Guralp Systems,Guralp MINIMUS,5962,False,,False,False,datalogger,1,WG,,WG,1,1,2022-12-09,2025-03-04,2022-12-09/2025-03-04,False,Australia,10.7914/xagc-se62,Guralp MINIMUS
unattributed,"no ANSIR/AuScope record, not ANU-built",datalogger,,False,Guralp Systems,Guralp MINIMUS,6F65,False,,False,False,datalogger,1,WG,,WG,1,1,2024-06-07,2025-04-15,2024-06-07/2025-04-15,False,,10.7914/xagc-se62,Guralp MINIMUS
unattributed,"no ANSIR/AuScope record, not ANU-built",datalogger,,False,Guralp Systems,Guralp MINIMUS,AA61,False,,False,False,datalogger,1,WG,,WG,1,2,2022-12-01,2025-03-10,2022-12-01/2025-03-10,False,Australia,10.7914/xagc-se62,Guralp MINIMUS
unattributed,"no ANSIR/AuScope record, not ANU-built",datalogger,,False,Guralp Systems,Guralp MINIMUS,AC61,False,,False,False,datalogger,1,WG,,WG,1,2,2022-12-07,2026-02-13,2022-12-07/2026-02-13,False,Australia,10.7914/xagc-se62,Guralp MINIMUS
unattributed,"no ANSIR/AuScope record, not ANU-built",datalogger,,False,Guralp Systems,Guralp MINIMUS,B762,False,,False,False,datalogger,1,WG,,WG,1,3,2022-12-03,2026-04-28,2022-12-03/2026-04-28,False,Australia,10.7914/xagc-se62,Guralp MINIMUS
unattributed,"no ANSIR/AuScope record, not ANU-built",datalogger,,False,Guralp Systems,Guralp MINIMUS,B862,False,,False,False,datalogger,1,WG,,WG,1,3,2023-02-21,2025-10-17,2023-02-21/2025-10-17,False,Australia,10.7914/xagc-se62,Guralp MINIMUS
unattributed,"no ANSIR/AuScope record, not ANU-built",datalogger,,False,Guralp Systems,Guralp MINIMUS,B962,False,,False,False,datalogger,1,WG,,WG,1,3,2023-02-02,2026-04-20,2023-02-02/2026-04-20,False,Australia,10.7914/xagc-se62,Guralp MINIMUS
unattributed,"no ANSIR/AuScope record, not ANU-built",datalogger,,False,Guralp Systems,Guralp MINIMUS,BA62,False,,False,False,datalogger,1,WG,,WG,1,1,2025-05-15,2026-05-08,2025-05-15/2026-05-08,False,,10.7914/xagc-se62,Guralp MINIMUS
unattributed,"no ANSIR/AuScope record, not ANU-built",datalogger,,False,Guralp Systems,Guralp MINIMUS,BB62,False,,False,False,datalogger,1,WG,,WG,1,2,2024-03-04,2025-10-16,2024-03-04/2025-10-16,False,,10.7914/xagc-se62,Guralp MINIMUS
unattributed,"no ANSIR/AuScope record, not ANU-built",datalogger,,False,Guralp Systems,Guralp MINIMUS,BC62,False,,False,False,datalogger,1,WG,,WG,1,2,2024-01-08,2025-10-07,2024-01-08/2025-10-07,False,,10.7914/xagc-se62,Guralp MINIMUS
unattributed,"no ANSIR/AuScope record, not ANU-built",datalogger,,False,Guralp Systems,Guralp MINIMUS,BD62,False,,False,False,datalogger,1,WG,,WG,1,1,2025-05-25,2026-04-25,2025-05-25/2026-04-25,False,,10.7914/xagc-se62,Guralp MINIMUS
unattributed,"no ANSIR/AuScope record, not ANU-built",datalogger,,False,Guralp Systems,Guralp MINIMUS,BE62,False,,False,False,datalogger,1,WG,,WG,1,1,2025-05-28,2026-05-09,2025-05-28/2026-05-09,False,,10.7914/xagc-se62,Guralp MINIMUS
unattributed,"no ANSIR/AuScope record, not ANU-built",datalogger,,False,Guralp Systems,Guralp MINIMUS,BF62,False,,False,False,datalogger,1,WG,,WG,1,2,2024-03-01,2026-05-23,2024-03-01/2026-05-23,False,,10.7914/xagc-se62,Guralp MINIMUS
unattributed,"no ANSIR/AuScope record, not ANU-built",datalogger,,False,Guralp Systems,Guralp MINIMUS,C062,False,,False,False,datalogger,1,WG,,WG,1,1,2022-12-09,2025-03-04,2022-12-09/2025-03-04,False,Australia,10.7914/xagc-se62,Guralp MINIMUS
unattributed,"no ANSIR/AuScope record, not ANU-built",datalogger,,False,Guralp Systems,Guralp MINIMUS,C162,False,,False,False,datalogger,1,WG,,WG,1,2,2024-03-02,2026-05-14,2024-03-02/2026-05-14,False,,10.7914/xagc-se62,Guralp MINIMUS
unattributed,"no ANSIR/AuScope record, not ANU-built",datalogger,,False,Guralp Systems,Guralp MINIMUS,C262,False,,False,False,datalogger,1,WG,,WG,1,1,2024-03-06,2025-03-14,2024-03-06/2025-03-14,False,,10.7914/xagc-se62,Guralp MINIMUS
unattributed,"no ANSIR/AuScope record, not ANU-built",datalogger,,False,Guralp Systems,Guralp MINIMUS,C362,False,,False,False,datalogger,1,WG,,WG,1,2,2022-12-10,2026-05-03,2022-12-10/2026-05-03,False,Australia,10.7914/xagc-se62,Guralp MINIMUS
unattributed,"no ANSIR/AuScope record, not ANU-built",datalogger,,False,Guralp Systems,Guralp MINIMUS,C462,False,c462,False,False,datalogger,1,WG,,WG,1,2,2024-03-05,2026-05-06,2024-03-05/2026-05-06,False,,10.7914/xagc-se62,Guralp MINIMUS
unattributed,"no ANSIR/AuScope record, not ANU-built",datalogger,,False,Guralp Systems,Guralp MINIMUS,C562,False,,False,False,datalogger,1,WG,,WG,1,2,2023-02-28,2026-04-26,2023-02-28/2026-04-26,False,Australia,10.7914/xagc-se62,Guralp MINIMUS
unattributed,"no ANSIR/AuScope record, not ANU-built",datalogger,,False,Guralp Systems,Guralp MINIMUS,C662,False,,False,False,datalogger,1,WG,,WG,1,2,2024-03-02,2026-03-24,2024-03-02/2026-03-24,False,,10.7914/xagc-se62,Guralp MINIMUS
unattributed,"no ANSIR/AuScope record, not ANU-built",datalogger,,False,Guralp Systems,Guralp MINIMUS,C762,False,,False,False,datalogger,1,WG,,WG,1,3,2022-12-21,2026-03-14,2022-12-21/2026-03-14,False,Australia,10.7914/xagc-se62,Guralp MINIMUS
unattributed,"no ANSIR/AuScope record, not ANU-built",datalogger,,False,Guralp Systems,Guralp MINIMUS,C962,False,,False,False,datalogger,1,WG,,WG,1,3,2022-11-29,2025-07-16,2022-11-29/2025-07-16,False,Australia,10.7914/xagc-se62,Guralp MINIMUS
unattributed,"no ANSIR/AuScope record, not ANU-built",datalogger,,False,Guralp Systems,Guralp MINIMUS,CA62,False,,False,False,datalogger,1,WG,,WG,1,1,2024-06-01,2025-03-08,2024-06-01/2025-03-08,False,,10.7914/xagc-se62,Guralp MINIMUS
unattributed,"no ANSIR/AuScope record, not ANU-built",datalogger,,False,Guralp Systems,Guralp MINIMUS,CA72,False,,False,False,datalogger,1,WG,,WG,1,1,2025-05-24,2026-04-28,2025-05-24/2026-04-28,False,,10.7914/xagc-se62,Guralp MINIMUS
unattributed,"no ANSIR/AuScope record, not ANU-built",datalogger,,False,Guralp Systems,Guralp MINIMUS,CB62,False,,False,False,datalogger,1,WG,,WG,1,2,2023-02-23,2026-05-16,2023-02-23/2026-05-16,False,Australia,10.7914/xagc-se62,Guralp MINIMUS
unattributed,"no ANSIR/AuScope record, not ANU-built",datalogger,,False,Guralp Systems,Guralp MINIMUS,CC62,False,,False,False,datalogger,1,WG,,WG,1,2,2024-09-03,2026-05-15,2024-09-03/2026-05-15,False,,10.7914/xagc-se62,Guralp MINIMUS
unattributed,"no ANSIR/AuScope record, not ANU-built",datalogger,,False,Guralp Systems,Guralp MINIMUS,CD62,False,,False,False,datalogger,1,WG,,WG,1,3,2022-11-15,2026-04-30,2022-11-15/2026-04-30,False,Australia,10.7914/xagc-se62,Guralp MINIMUS
unattributed,"no ANSIR/AuScope record, not ANU-built",datalogger,,False,Guralp Systems,Guralp MINIMUS,CE62,False,,False,False,datalogger,1,WG,,WG,1,3,2023-06-14,2026-05-15,2023-06-14/2026-05-15,False,Australia,10.7914/xagc-se62,Guralp MINIMUS
unattributed,"no ANSIR/AuScope record, not ANU-built",datalogger,,False,Guralp Systems,Guralp MINIMUS,FD62,False,,False,False,datalogger,1,WG,,WG,1,1,2024-01-29,2025-03-05,2024-01-29/2025-03-05,False,,10.7914/xagc-se62,Guralp MINIMUS
unattributed,"no ANSIR/AuScope record, not ANU-built",datalogger,,False,Guralp Systems,Guralp MINIMUS,c263,False,,False,False,datalogger,1,WG,,WG,1,1,2025-05-22,2025-10-30,2025-05-22/2025-10-30,False,,10.7914/xagc-se62,Guralp MINIMUS
unattributed,"no ANSIR/AuScope record, not ANU-built",datalogger,,False,Guralp Systems,Guralp MINIMUSL,6782,False,,False,False,datalogger,1,WG,,WG,1,1,2024-04-25,2024-12-19,2024-04-25/2024-12-19,False,,10.7914/xagc-se62,Guralp MINIMUSL
unattributed,"no ANSIR/AuScope record, not ANU-built",datalogger,,False,Guralp Systems,Guralp MINIMUSL,6F65,False,,False,False,datalogger,1,WG,,WG,1,1,2024-04-25,2025-03-09,2024-04-25/2025-03-09,False,,10.7914/xagc-se62,Guralp MINIMUSL
unattributed,"no ANSIR/AuScope record, not ANU-built",broadband,,False,Guralp Systems,Guralp certis,CTS-1101,False,,False,False,sensor,1,WG,,WG,1,1,2024-02-29,2025-03-03,2024-02-29/2025-03-03,False,,10.7914/xagc-se62,Guralp certis
unattributed,"no ANSIR/AuScope record, not ANU-built",broadband,,False,Guralp Systems,Guralp certis,CTS-1102,False,,False,False,sensor,1,WG,,WG,1,1,2024-03-03,2025-03-09,2024-03-03/2025-03-09,False,,10.7914/xagc-se62,Guralp certis
unattributed,"no ANSIR/AuScope record, not ANU-built",broadband,,False,Guralp Systems,Guralp certis,CTS-1103,False,,False,False,sensor,1,WG,,WG,1,1,2024-03-01,2025-03-06,2024-03-01/2025-03-06,False,,10.7914/xagc-se62,Guralp certis
unattributed,"no ANSIR/AuScope record, not ANU-built",broadband,,False,Guralp Systems,Guralp certis,CTS-1106,False,,False,False,sensor,1,WG,,WG,1,1,2024-01-29,2025-03-05,2024-01-29/2025-03-05,False,,10.7914/xagc-se62,Guralp certis
unattributed,"no ANSIR/AuScope record, not ANU-built",broadband,,False,Guralp Systems,Guralp certis,CTS-1107,False,,False,False,sensor,1,WG,,WG,1,1,2024-03-01,2025-03-06,2024-03-01/2025-03-06,False,,10.7914/xagc-se62,Guralp certis
unattributed,"no ANSIR/AuScope record, not ANU-built",broadband,,False,Guralp Systems,Guralp certis,CTS-1214,False,,False,False,sensor,1,WG,,WG,1,1,2024-04-25,2024-12-19,2024-04-25/2024-12-19,False,,10.7914/xagc-se62,Guralp certis
unattributed,"no ANSIR/AuScope record, not ANU-built",broadband,,False,Guralp Systems,Guralp certis,CTS-1218,False,,False,False,sensor,1,WG,,WG,1,1,2024-04-25,2025-03-09,2024-04-25/2025-03-09,False,,10.7914/xagc-se62,Guralp certis
unattributed,"no ANSIR/AuScope record, not ANU-built",broadband,,False,Guralp Systems,Guralp certis,CTS-1220,False,,False,False,sensor,1,WG,,WG,1,1,2024-06-07,2025-04-15,2024-06-07/2025-04-15,False,,10.7914/xagc-se62,Guralp certis
unattributed,"no ANSIR/AuScope record, not ANU-built",unclassified,,False,Lennartz Electronic,,E-Y10,False,,False,False,sensor,1,OZ,,OZ,1,1,2018-08-02,,2018-08-02/,True,,,
unattributed,"no ANSIR/AuScope record, not ANU-built",short-period,,True,Lennartz Electronic,Lennartz LE-3Dlite MkII,012,False,12,False,False,sensor,3,1Q; 7S; 7U,,1Q; 7S; 7U,3,3,2006-10-08,2017-10-23,2006-10-08/2017-10-23,False,Australia,10.1080/08120099.2010.481325; 10.7914/SN/1Q_2016; 10.7914/SN/7U_2007,LE-3Dlite MkII; Lennartz LE-3Dlite MkII; Lennartz LE-3Dlite MkII (400 v/m/s)
unattributed,"no ANSIR/AuScope record, not ANU-built",short-period,,True,Lennartz Electronic,Lennartz LE-3Dlite MkII,015,False,15,False,False,sensor,2,1Q; 7S,,1Q; 7S,2,2,2006-10-03,2017-10-13,2006-10-03/2017-10-13,False,Australia,10.1080/08120099.2010.481325; 10.7914/SN/1Q_2016,Lennartz LE-3Dlite MkII; Lennartz LE-3Dlite MkII (400 v/m/s)
unattributed,"no ANSIR/AuScope record, not ANU-built",short-period,,True,Lennartz Electronic,Lennartz LE-3Dlite MkII,019,False,19,False,False,sensor,2,1Q; 7S,,1Q; 7S,2,2,2006-10-05,2017-10-10,2006-10-05/2017-10-10,False,Australia,10.1080/08120099.2010.481325; 10.7914/SN/1Q_2016,Lennartz LE-3Dlite MkII; Lennartz LE-3Dlite MkII (400 v/m/s)
unattributed,"no ANSIR/AuScope record, not ANU-built",short-period,,False,Lennartz Electronic,Lennartz LE-3Dlite MkII,0194,False,194,False,False,sensor,2,7T; 7U,,7T; 7U,2,2,2007-02-14,2008-10-15,2007-02-14/2008-10-15,False,Australia,10.7914/SN/7T_2007; 10.7914/SN/7U_2007,LE-3Dlite MkII
unattributed,"no ANSIR/AuScope record, not ANU-built",short-period,,False,Lennartz Electronic,Lennartz LE-3Dlite MkII,021,False,,False,False,sensor,1,7S,,7S,1,1,2006-10-03,2007-04-17,2006-10-03/2007-04-17,False,Australia,10.1080/08120099.2010.481325,Lennartz LE-3Dlite MkII
unattributed,"no ANSIR/AuScope record, not ANU-built",short-period,,False,Lennartz Electronic,Lennartz LE-3Dlite MkII,028,False,,False,False,sensor,1,7U,,7U,1,1,2007-11-30,2009-01-24,2007-11-30/2009-01-24,False,Australia,10.7914/SN/7U_2007,LE-3Dlite MkII
unattributed,"no ANSIR/AuScope record, not ANU-built",short-period,,True,Lennartz Electronic,Lennartz LE-3Dlite MkII,030,False,30,False,False,sensor,2,1Q; 7S,,1Q; 7S,2,2,2006-10-07,2017-10-12,2006-10-07/2017-10-12,False,Australia,10.1080/08120099.2010.481325; 10.7914/SN/1Q_2016,Lennartz LE-3Dlite MkII; Lennartz LE-3Dlite MkII (400 v/m/s)
unattributed,"no ANSIR/AuScope record, not ANU-built",short-period,,False,Lennartz Electronic,Lennartz LE-3Dlite MkII,043,False,,False,False,sensor,1,1K,,1K,1,1,2014-10-15,2015-09-10,2014-10-15/2015-09-10,False,Australia,,Lennartz LE-3Dlite MkII (400 v/m/s)
unattributed,"no ANSIR/AuScope record, not ANU-built",short-period,,True,Lennartz Electronic,Lennartz LE-3Dlite MkII,053,False,53,False,False,sensor,2,1Q; 7S,,1Q; 7S,2,2,2006-10-04,2017-06-15,2006-10-04/2017-06-15,False,Australia,10.1080/08120099.2010.481325; 10.7914/SN/1Q_2016,Lennartz LE-3Dlite MkII; Lennartz LE-3Dlite MkII (400 v/m/s)
unattributed,"no ANSIR/AuScope record, not ANU-built",short-period,,True,Lennartz Electronic,Lennartz LE-3Dlite MkII,056,False,56,False,False,sensor,3,1Q; 7L; 7T,,1Q; 7L; 7T,3,3,2007-02-15,2017-10-24,2007-02-15/2017-10-24,False,Australia,10.7914/SN/1Q_2016; 10.7914/SN/7L_2011; 10.7914/SN/7T_2007,LE-3Dlite MkII; Lennartz LE-3Dlite MkII (400 v/m/s)
unattributed,"no ANSIR/AuScope record, not ANU-built",short-period,,False,Lennartz Electronic,Lennartz LE-3Dlite MkII,184,False,,False,False,sensor,2,1K; 7T,,1K; 7T,2,2,2007-02-12,2015-09-10,2007-02-12/2015-09-10,False,Australia,10.7914/SN/7T_2007,LE-3Dlite MkII; Lennartz LE-3Dlite MkII (400 v/m/s)
unattributed,"no ANSIR/AuScope record, not ANU-built",short-period,,True,Lennartz Electronic,Lennartz LE-3Dlite MkII,186,False,,False,False,sensor,1,1Q,,1Q,1,1,2016-05-17,2017-10-17,2016-05-17/2017-10-17,False,Australia,10.7914/SN/1Q_2016,Lennartz LE-3Dlite MkII (400 v/m/s)
unattributed,"no ANSIR/AuScope record, not ANU-built",short-period,,True,Lennartz Electronic,Lennartz LE-3Dlite MkII,188,False,,False,False,sensor,4,1K; 7L; 7T; 7U,,1K; 7L; 7T; 7U,4,4,2007-02-16,2014-06-19,2007-02-16/2014-06-19,False,Australia,10.7914/SN/7L_2011; 10.7914/SN/7T_2007; 10.7914/SN/7U_2007,LE-3Dlite MkII; Lennartz LE-3Dlite MkII (400 v/m/s)
unattributed,"no ANSIR/AuScope record, not ANU-built",short-period,,True,Lennartz Electronic,Lennartz LE-3Dlite MkII,189,False,,False,False,sensor,2,1Q; 7L,,1Q; 7L,2,2,2011-11-09,2017-07-26,2011-11-09/2017-07-26,False,Australia,10.7914/SN/1Q_2016; 10.7914/SN/7L_2011,LE-3Dlite MkII; Lennartz LE-3Dlite MkII (400 v/m/s)
unattributed,"no ANSIR/AuScope record, not ANU-built",short-period,,True,Lennartz Electronic,Lennartz LE-3Dlite MkII,202,False,,False,False,sensor,2,1Q; 7T,,1Q; 7T,2,2,2007-02-17,2017-10-13,2007-02-17/2017-10-13,False,Australia,10.7914/SN/1Q_2016; 10.7914/SN/7T_2007,LE-3Dlite MkII; Lennartz LE-3Dlite MkII (400 v/m/s)
unattributed,"no ANSIR/AuScope record, not ANU-built",short-period,,True,Lennartz Electronic,Lennartz LE-3Dlite MkII,206,False,,False,False,sensor,3,1Q; 7T; 7U,,1Q; 7T; 7U,3,3,2007-02-18,2017-10-11,2007-02-18/2017-10-11,False,Australia,10.7914/SN/1Q_2016; 10.7914/SN/7T_2007; 10.7914/SN/7U_2007,LE-3Dlite MkII; Lennartz LE-3Dlite MkII (400 v/m/s)
unattributed,"no ANSIR/AuScope record, not ANU-built",short-period,,True,Lennartz Electronic,Lennartz LE-3Dlite MkII,207,False,,False,False,sensor,3,1K; 1Q; 7T,,1K; 1Q; 7T,3,3,2007-02-20,2017-10-11,2007-02-20/2017-10-11,False,Australia,10.7914/SN/1Q_2016; 10.7914/SN/7T_2007,LE-3Dlite MkII; Lennartz LE-3Dlite MkII (400 v/m/s)
unattributed,"no ANSIR/AuScope record, not ANU-built",short-period,,True,Lennartz Electronic,Lennartz LE-3Dlite MkII,208,False,,False,False,sensor,2,7T; ZR,,7T; ZR,2,2,2007-02-15,2011-03-02,2007-02-15/2011-03-02,False,Australia,10.7914/SN/7T_2007; 10.7914/SN/ZR_2009,LE-3Dlite MkII
unattributed,"no ANSIR/AuScope record, not ANU-built",short-period,,False,Lennartz Electronic,Lennartz LE-3Dlite MkII,211,False,,False,False,sensor,1,7T,,7T,1,1,2007-02-18,2007-11-06,2007-02-18/2007-11-06,False,Australia,10.7914/SN/7T_2007,LE-3Dlite MkII
unattributed,"no ANSIR/AuScope record, not ANU-built",short-period,,False,Lennartz Electronic,Lennartz LE-3Dlite MkII,212,False,,False,False,sensor,1,7T,,7T,1,1,2007-02-20,2007-11-15,2007-02-20/2007-11-15,False,Australia,10.7914/SN/7T_2007,LE-3Dlite MkII
unattributed,"no ANSIR/AuScope record, not ANU-built",short-period,,True,Lennartz Electronic,Lennartz LE-3Dlite MkII,214,False,,False,True,sensor,1,1Q,,1Q,1,1,2016-05-22,2017-07-03,2016-05-22/2017-07-03,False,Australia,10.7914/SN/1Q_2016,Lennartz LE-3Dlite MkII (400 v/m/s)
unattributed,"no ANSIR/AuScope record, not ANU-built",short-period,,True,Lennartz Electronic,Lennartz LE-3Dlite MkII,344,False,,False,False,sensor,1,1Q,,1Q,1,1,2016-05-15,2017-09-05,2016-05-15/2017-09-05,False,Australia,10.7914/SN/1Q_2016,Lennartz LE-3Dlite MkII (400 v/m/s)
unattributed,"no ANSIR/AuScope record, not ANU-built",short-period,,True,Lennartz Electronic,Lennartz LE-3Dlite MkII,345,False,,False,False,sensor,1,1Q,,1Q,1,1,2016-05-21,2017-10-13,2016-05-21/2017-10-13,False,Australia,10.7914/SN/1Q_2016,Lennartz LE-3Dlite MkII (400 v/m/s)
unattributed,"no ANSIR/AuScope record, not ANU-built",short-period,,True,Lennartz Electronic,Lennartz LE-3Dlite MkII,350,False,,False,False,sensor,1,1Q,,1Q,1,1,2016-05-24,2017-07-26,2016-05-24/2017-07-26,False,Australia,10.7914/SN/1Q_2016,Lennartz LE-3Dlite MkII (400 v/m/s)
unattributed,"no ANSIR/AuScope record, not ANU-built",short-period,,True,Lennartz Electronic,Lennartz LE-3Dlite MkII,354,False,,False,False,sensor,1,1Q,,1Q,1,1,2016-03-11,2017-10-12,2016-03-11/2017-10-12,False,Australia,10.7914/SN/1Q_2016,Lennartz LE-3Dlite MkII (400 v/m/s)
unattributed,"no ANSIR/AuScope record, not ANU-built",short-period,,True,Lennartz Electronic,Lennartz LE-3Dlite MkII,357,False,,False,False,sensor,1,1Q,,1Q,1,1,2016-05-24,2017-07-08,2016-05-24/2017-07-08,False,Australia,10.7914/SN/1Q_2016,Lennartz LE-3Dlite MkII (400 v/m/s)
unattributed,"no ANSIR/AuScope record, not ANU-built",short-period,,True,Lennartz Electronic,Lennartz LE-3Dlite MkII,36,False,,False,False,sensor,1,1Q,,1Q,1,1,2016-05-16,2017-10-17,2016-05-16/2017-10-17,False,Australia,10.7914/SN/1Q_2016,Lennartz LE-3Dlite MkII (400 v/m/s)
unattributed,"no ANSIR/AuScope record, not ANU-built",short-period,,False,Lennartz Electronic,Lennartz LE-3Dlite MkII,366,False,,False,False,sensor,1,1K,,1K,1,1,2014-10-17,2015-09-09,2014-10-17/2015-09-09,False,Australia,,Lennartz LE-3Dlite MkII (400 v/m/s)
unattributed,"no ANSIR/AuScope record, not ANU-built",short-period,,True,Lennartz Electronic,Lennartz LE-3Dlite MkII,40,False,,False,False,sensor,1,1Q,,1Q,1,1,2016-03-16,2017-10-13,2016-03-16/2017-10-13,False,Australia,10.7914/SN/1Q_2016,Lennartz LE-3Dlite MkII (400 v/m/s)
unattributed,"no ANSIR/AuScope record, not ANU-built",short-period,,True,Lennartz Electronic,Lennartz LE-3Dlite MkII,44,False,,False,False,sensor,1,1Q,,1Q,1,1,2016-03-12,2017-09-15,2016-03-12/2017-09-15,False,Australia,10.7914/SN/1Q_2016,Lennartz LE-3Dlite MkII (400 v/m/s)
unattributed,"no ANSIR/AuScope record, not ANU-built",short-period,,True,Lennartz Electronic,Lennartz LE-3Dlite MkII,462,False,,False,False,sensor,1,1Q,,1Q,1,1,2016-05-15,2017-10-16,2016-05-15/2017-10-16,False,Australia,10.7914/SN/1Q_2016,Lennartz LE-3Dlite MkII (400 v/m/s)
unattributed,"no ANSIR/AuScope record, not ANU-built",short-period,,True,Lennartz Electronic,Lennartz LE-3Dlite MkII,464,False,,False,False,sensor,1,1Q,,1Q,1,1,2016-03-12,2017-10-11,2016-03-12/2017-10-11,False,Australia,10.7914/SN/1Q_2016,Lennartz LE-3Dlite MkII (400 v/m/s)
unattributed,"no ANSIR/AuScope record, not ANU-built",short-period,,True,Lennartz Electronic,Lennartz LE-3Dlite MkII,55,False,,False,False,sensor,1,1Q,,1Q,1,1,2016-03-18,2017-07-03,2016-03-18/2017-07-03,False,Australia,10.7914/SN/1Q_2016,Lennartz LE-3Dlite MkII (400 v/m/s)
unattributed,"no ANSIR/AuScope record, not ANU-built",short-period,,True,Lennartz Electronic,Lennartz LE-3Dlite MkII,58,False,,False,False,sensor,1,1Q,,1Q,1,1,2016-05-22,2017-10-10,2016-05-22/2017-10-10,False,Australia,10.7914/SN/1Q_2016,Lennartz LE-3Dlite MkII (400 v/m/s)
unattributed,"no ANSIR/AuScope record, not ANU-built",short-period,,True,Lennartz Electronic,Lennartz LE-3Dlite MkII,60,False,060,False,False,sensor,3,1K; 1Q; 7U,,1K; 1Q; 7U,3,3,2007-12-12,2017-10-14,2007-12-12/2017-10-14,False,Australia,10.7914/SN/1Q_2016; 10.7914/SN/7U_2007,LE-3Dlite MkII; Lennartz LE-3Dlite MkII (400 v/m/s)
unattributed,"no ANSIR/AuScope record, not ANU-built",short-period,,True,Lennartz Electronic,Lennartz LE-3Dlite MkII,88,False,,False,False,sensor,1,1Q,,1Q,1,1,2016-05-14,2017-07-03,2016-05-14/2017-07-03,False,Australia,10.7914/SN/1Q_2016,Lennartz LE-3Dlite MkII (400 v/m/s)
unattributed,"no ANSIR/AuScope record, not ANU-built",short-period,,False,Lennartz Electronic,Lennartz LE-3Dlite MkII,A-0011,False,,False,False,sensor,1,7S,,7S,1,1,2006-10-09,2007-08-26,2006-10-09/2007-08-26,False,Australia,10.1080/08120099.2010.481325,Lennartz LE-3Dlite MkII
unattributed,"no ANSIR/AuScope record, not ANU-built",short-period,,False,Lennartz Electronic,Lennartz LE-3Dlite MkII,A-0014,False,,False,False,sensor,1,7S,,7S,1,1,2006-10-03,2007-08-22,2006-10-03/2007-08-22,False,Australia,10.1080/08120099.2010.481325,Lennartz LE-3Dlite MkII
unattributed,"no ANSIR/AuScope record, not ANU-built",short-period,,False,Lennartz Electronic,Lennartz LE-3Dlite MkII,A-0018,False,,False,False,sensor,1,7S,,7S,1,1,2006-10-07,2007-08-25,2006-10-07/2007-08-25,False,Australia,10.1080/08120099.2010.481325,Lennartz LE-3Dlite MkII
unattributed,"no ANSIR/AuScope record, not ANU-built",short-period,,False,Lennartz Electronic,Lennartz LE-3Dlite MkII,A-0025,False,,False,False,sensor,1,7S,,7S,1,1,2006-10-09,2007-08-26,2006-10-09/2007-08-26,False,Australia,10.1080/08120099.2010.481325,Lennartz LE-3Dlite MkII
unattributed,"no ANSIR/AuScope record, not ANU-built",short-period,,False,Lennartz Electronic,Lennartz LE-3Dlite MkII,A-0045,False,,False,False,sensor,1,7S,,7S,1,1,2006-10-09,2007-08-01,2006-10-09/2007-08-01,False,Australia,10.1080/08120099.2010.481325,Lennartz LE-3Dlite MkII
unattributed,"no ANSIR/AuScope record, not ANU-built",short-period,,False,Lennartz Electronic,Lennartz LE-3Dlite MkII,A-0049,False,,False,False,sensor,1,7S,,7S,1,1,2006-10-04,2007-08-22,2006-10-04/2007-08-22,False,Australia,10.1080/08120099.2010.481325,Lennartz LE-3Dlite MkII
unattributed,"no ANSIR/AuScope record, not ANU-built",short-period,,False,Lennartz Electronic,Lennartz LE-3Dlite MkII,A-0051,False,,False,False,sensor,1,7S,,7S,1,1,2006-10-04,2007-07-09,2006-10-04/2007-07-09,False,Australia,10.1080/08120099.2010.481325,Lennartz LE-3Dlite MkII
unattributed,"no ANSIR/AuScope record, not ANU-built",short-period,,False,Lennartz Electronic,Lennartz LE-3Dlite MkII,A-0059,False,,False,False,sensor,1,7S,,7S,1,1,2006-10-02,2007-08-22,2006-10-02/2007-08-22,False,Australia,10.1080/08120099.2010.481325,Lennartz LE-3Dlite MkII
unattributed,"no ANSIR/AuScope record, not ANU-built",short-period,,False,Lennartz Electronic,Lennartz LE-3Dlite MkII,A-0063,False,,False,False,sensor,1,7S,,7S,1,1,2006-10-06,2007-07-13,2006-10-06/2007-07-13,False,Australia,10.1080/08120099.2010.481325,Lennartz LE-3Dlite MkII
unattributed,"no ANSIR/AuScope record, not ANU-built",short-period,,False,Lennartz Electronic,Lennartz LE-3Dlite MkII,A-015,False,,False,False,sensor,1,1K,,1K,1,1,2013-11-12,2015-09-13,2013-11-12/2015-09-13,False,Australia,,Lennartz LE-3Dlite MkII (400 v/m/s)
unattributed,"no ANSIR/AuScope record, not ANU-built",short-period,,False,Lennartz Electronic,Lennartz LE-3Dlite MkII,A-028,False,,False,False,sensor,1,1K,,1K,1,1,2013-11-08,2014-10-10,2013-11-08/2014-10-10,False,Australia,,Lennartz LE-3Dlite MkII (400 v/m/s)
unattributed,"no ANSIR/AuScope record, not ANU-built",short-period,,False,Lennartz Electronic,Lennartz LE-3Dlite MkII,A-035,False,,False,False,sensor,1,1K,,1K,1,1,2013-11-14,2014-09-24,2013-11-14/2014-09-24,False,Australia,,Lennartz LE-3Dlite MkII (400 v/m/s)
unattributed,"no ANSIR/AuScope record, not ANU-built",short-period,,False,Lennartz Electronic,Lennartz LE-3Dlite MkII,A-040,False,,False,False,sensor,1,1K,,1K,1,2,2013-11-16,2015-09-12,2013-11-16/2015-09-12,False,Australia,,Lennartz LE-3Dlite MkII (400 v/m/s)
unattributed,"no ANSIR/AuScope record, not ANU-built",short-period,,False,Lennartz Electronic,Lennartz LE-3Dlite MkII,A-058,False,,False,False,sensor,1,1K,,1K,1,1,2015-02-06,2015-05-25,2015-02-06/2015-05-25,False,Australia,,Lennartz LE-3Dlite MkII (400 v/m/s)
unattributed,"no ANSIR/AuScope record, not ANU-built",short-period,,False,Lennartz Electronic,Lennartz LE-3Dlite MkII,A-060,False,,False,False,sensor,1,1K,,1K,1,1,2013-11-15,2014-10-10,2013-11-15/2014-10-10,False,Australia,,Lennartz LE-3Dlite MkII (400 v/m/s)
unattributed,"no ANSIR/AuScope record, not ANU-built",short-period,,False,Lennartz Electronic,Lennartz LE-3Dlite MkII,A-064,False,,False,False,sensor,1,1K,,1K,1,1,2013-11-16,2014-10-09,2013-11-16/2014-10-09,False,Australia,,Lennartz LE-3Dlite MkII (400 v/m/s)
unattributed,"no ANSIR/AuScope record, not ANU-built",short-period,,False,Lennartz Electronic,Lennartz LE-3Dlite MkII,A062,False,,False,False,sensor,1,8M,,8M,1,1,2016-06-09,2016-09-17,2016-06-09/2016-09-17,False,Australia,10.7914/SN/8M_2016,Lennartz LE-3Dlite MkII (400 v/m/s)
unattributed,"no ANSIR/AuScope record, not ANU-built",short-period,,False,Lennartz Electronic,Lennartz LE-3Dlite MkII,C-184,False,,False,False,sensor,1,1K,,1K,1,1,2013-11-16,2014-06-26,2013-11-16/2014-06-26,False,Australia,,Lennartz LE-3Dlite MkII (400 v/m/s)
unattributed,"no ANSIR/AuScope record, not ANU-built",short-period,,False,Lennartz Electronic,Lennartz LE-3Dlite MkII,C-185,False,,False,False,sensor,1,1K,,1K,1,1,2015-02-07,2015-09-12,2015-02-07/2015-09-12,False,Australia,,Lennartz LE-3Dlite MkII (400 v/m/s)
unattributed,"no ANSIR/AuScope record, not ANU-built",short-period,,False,Lennartz Electronic,Lennartz LE-3Dlite MkII,C-196,False,,False,False,sensor,1,1K,,1K,1,1,2014-10-17,2015-08-31,2014-10-17/2015-08-31,False,Australia,,Lennartz LE-3Dlite MkII (400 v/m/s)
unattributed,"no ANSIR/AuScope record, not ANU-built",short-period,,True,Lennartz Electronic,Lennartz LE-3Dlite MkII,D-0191,False,,False,False,sensor,1,ZR,,ZR,1,1,2009-06-17,2011-02-14,2009-06-17/2011-02-14,False,Australia,10.7914/SN/ZR_2009,LE-3Dlite MkII
unattributed,"no ANSIR/AuScope record, not ANU-built",short-period,,False,Lennartz Electronic,Lennartz LE-3Dlite MkII,D-186,False,,False,False,sensor,1,1K,,1K,1,1,2015-02-04,2015-09-10,2015-02-04/2015-09-10,False,Australia,,Lennartz LE-3Dlite MkII (400 v/m/s)
unattributed,"no ANSIR/AuScope record, not ANU-built",short-period,,False,Lennartz Electronic,Lennartz LE-3Dlite MkII,D-187,False,,False,False,sensor,1,1K,,1K,1,1,2013-11-15,2014-10-11,2013-11-15/2014-10-11,False,Australia,,Lennartz LE-3Dlite MkII (400 v/m/s)
unattributed,"no ANSIR/AuScope record, not ANU-built",short-period,,False,Lennartz Electronic,Lennartz LE-3Dlite MkII,D-188,False,,False,False,sensor,1,1K,,1K,1,2,2013-11-08,2015-09-08,2013-11-08/2015-09-08,False,Australia,,Lennartz LE-3Dlite MkII (400 v/m/s)
unattributed,"no ANSIR/AuScope record, not ANU-built",short-period,,False,Lennartz Electronic,Lennartz LE-3Dlite MkII,D-194,False,,False,False,sensor,1,1K,,1K,1,1,2013-11-08,2014-06-20,2013-11-08/2014-06-20,False,Australia,,Lennartz LE-3Dlite MkII (400 v/m/s)
unattributed,"no ANSIR/AuScope record, not ANU-built",short-period,,False,Lennartz Electronic,Lennartz LE-3Dlite MkII,D-198,False,,False,False,sensor,1,1K,,1K,1,1,2015-02-06,2015-09-11,2015-02-06/2015-09-11,False,Australia,,Lennartz LE-3Dlite MkII (400 v/m/s)
unattributed,"no ANSIR/AuScope record, not ANU-built",short-period,,False,Lennartz Electronic,Lennartz LE-3Dlite MkII,D-207,False,,False,False,sensor,1,1K,,1K,1,1,2013-11-14,2014-10-11,2013-11-14/2014-10-11,False,Australia,,Lennartz LE-3Dlite MkII (400 v/m/s)
unattributed,"no ANSIR/AuScope record, not ANU-built",short-period,,True,Lennartz Electronic,Lennartz LE-3Dlite MkII,F-0432,False,,False,False,sensor,1,ZR,,ZR,1,1,2009-06-18,2011-02-19,2009-06-18/2011-02-19,False,Australia,10.7914/SN/ZR_2009,LE-3Dlite MkII
unattributed,"no ANSIR/AuScope record, not ANU-built",short-period,,False,Lennartz Electronic,Lennartz LE-3Dlite MkII,F-352,False,,False,False,sensor,1,1K,,1K,1,1,2013-11-09,2014-10-11,2013-11-09/2014-10-11,False,Australia,,Lennartz LE-3Dlite MkII (400 v/m/s)
unattributed,"no ANSIR/AuScope record, not ANU-built",short-period,,False,Lennartz Electronic,Lennartz LE-3Dlite MkII,F338,False,,False,False,sensor,1,8M,,8M,1,1,2016-06-09,2016-09-17,2016-06-09/2016-09-17,False,Australia,10.7914/SN/8M_2016,Lennartz LE-3Dlite MkII (400 v/m/s)
unattributed,"no ANSIR/AuScope record, not ANU-built",short-period,,False,Lennartz Electronic,Lennartz LE-3Dlite MkII,F341,False,,False,False,sensor,1,8M,,8M,1,1,2016-06-06,2016-09-18,2016-06-06/2016-09-18,False,Australia,10.7914/SN/8M_2016,Lennartz LE-3Dlite MkII (400 v/m/s)
unattributed,"no ANSIR/AuScope record, not ANU-built",short-period,,False,Lennartz Electronic,Lennartz LE-3Dlite MkII,F359,False,,False,False,sensor,1,8M,,8M,1,1,2016-06-08,2016-09-17,2016-06-08/2016-09-17,False,Australia,10.7914/SN/8M_2016,Lennartz LE-3Dlite MkII (400 v/m/s)
unattributed,"no ANSIR/AuScope record, not ANU-built",short-period,,False,Lennartz Electronic,Lennartz LE-3Dlite MkII,G-0465,False,,False,False,sensor,1,1L,,1L,1,1,2021-04-22,2021-06-09,2021-04-22/2021-06-09,False,Australia,10.7914/63mk-n625,Lennartz LE-3Dlite MkII (400 v/m/s)
unattributed,"no ANSIR/AuScope record, not ANU-built",short-period,,False,Lennartz Electronic,Lennartz LE-3Dlite MkII,G-464,False,,False,False,sensor,1,1K,,1K,1,2,2013-11-09,2015-09-08,2013-11-09/2015-09-08,False,Australia,,Lennartz LE-3Dlite MkII (400 v/m/s)
unattributed,"no ANSIR/AuScope record, not ANU-built",short-period,,False,Lennartz Electronic,Lennartz LE-3Dlite MkII,G461,False,,False,False,sensor,1,8M,,8M,1,1,2016-06-08,2016-09-17,2016-06-08/2016-09-17,False,Australia,10.7914/SN/8M_2016,Lennartz LE-3Dlite MkII (400 v/m/s)
unattributed,"no ANSIR/AuScope record, not ANU-built",unclassified,,False,Nanometrics,,3173,False,,False,False,sensor,1,OZ,,OZ,1,1,2018-07-20,,2018-07-20/,True,,,
unattributed,"no ANSIR/AuScope record, not ANU-built",datalogger,,False,Nanometrics,CENTAUR,106,False,,False,False,datalogger,1,9V,,9V,1,1,2016-11-30,2024-01-12,2016-11-30/2024-01-12,False,Antarctica,10.7914/nrw9-9825,CENTAUR
unattributed,"no ANSIR/AuScope record, not ANU-built",datalogger,,False,Nanometrics,Centaur,1653,False,,False,False,datalogger,1,Y2,,Y2,1,1,2025-08-27,2026-02-13,2025-08-27/2026-02-13,False,Australia,,Centaur
unattributed,"no ANSIR/AuScope record, not ANU-built",datalogger,,False,Nanometrics,Centaur,1708,False,,False,False,datalogger,1,Y2,,Y2,1,1,2025-08-27,2026-02-13,2025-08-27/2026-02-13,False,Australia,,Centaur
unattributed,"no ANSIR/AuScope record, not ANU-built",datalogger,,False,Nanometrics,Centaur,3085,False,,False,False,datalogger,1,Y2,,Y2,1,1,2025-08-27,2026-02-13,2025-08-27/2026-02-13,False,Australia,,Centaur
unattributed,"no ANSIR/AuScope record, not ANU-built",datalogger,,False,Nanometrics,Centaur,3137,False,,False,False,datalogger,1,YW,,YW,1,1,2025-04-24,2025-12-31,2025-04-24/2025-12-31,False,Australia,,Centaur
unattributed,"no ANSIR/AuScope record, not ANU-built",datalogger,,False,Nanometrics,Centaur,3940,False,,False,False,datalogger,1,WG,,WG,1,1,2024-05-21,2025-03-04,2024-05-21/2025-03-04,False,,10.7914/xagc-se62,Centaur
unattributed,"no ANSIR/AuScope record, not ANU-built",datalogger,,False,Nanometrics,Centaur,4122,False,,False,False,datalogger,2,Y2; YW,,Y2; YW,2,2,2021-05-23,2026-02-13,2021-05-23/2026-02-13,False,Australia,,Centaur
unattributed,"no ANSIR/AuScope record, not ANU-built",datalogger,,False,Nanometrics,Centaur,5665,False,,False,False,datalogger,1,YW,,YW,1,1,2025-04-27,2025-12-31,2025-04-27/2025-12-31,False,Australia,,Centaur
unattributed,"no ANSIR/AuScope record, not ANU-built",datalogger,,False,Nanometrics,Centaur,6090,False,,False,False,datalogger,1,Y2,,Y2,1,1,2025-08-27,2026-02-14,2025-08-27/2026-02-14,False,Australia,,Centaur
unattributed,"no ANSIR/AuScope record, not ANU-built",datalogger,,False,Nanometrics,Centaur,7341,False,,False,False,datalogger,2,3B; YW,,3B; YW,2,8,2024-08-25,2025-12-31,2024-08-25/2025-12-31,False,Australia,,Centaur
unattributed,"no ANSIR/AuScope record, not ANU-built",datalogger,,False,Nanometrics,Centaur,7342,False,,False,False,datalogger,1,YW,,YW,1,3,2024-08-26,2025-12-31,2024-08-26/2025-12-31,False,Australia,,Centaur
unattributed,"no ANSIR/AuScope record, not ANU-built",datalogger,,False,Nanometrics,Centaur,8153,False,,False,False,datalogger,1,YW,,YW,1,1,2025-04-27,2025-12-31,2025-04-27/2025-12-31,False,Australia,,Centaur
unattributed,"no ANSIR/AuScope record, not ANU-built",datalogger,,False,Nanometrics,Centaur,8155,False,,False,False,datalogger,1,YW,,YW,1,1,2025-04-27,2025-12-31,2025-04-27/2025-12-31,False,Australia,,Centaur
unattributed,"no ANSIR/AuScope record, not ANU-built",datalogger,,False,Nanometrics,Centaur,8255,False,,False,False,datalogger,1,YW,,YW,1,1,2025-04-27,2025-12-31,2025-04-27/2025-12-31,False,Australia,,Centaur
unattributed,"no ANSIR/AuScope record, not ANU-built",datalogger,,False,Nanometrics,Centaur,9337,False,,False,False,datalogger,1,YW,,YW,1,1,2024-09-17,2025-12-25,2024-09-17/2025-12-25,False,Australia,,Centaur
unattributed,"no ANSIR/AuScope record, not ANU-built",datalogger,,False,Nanometrics,Centaur,9341,False,,False,False,datalogger,1,YW,,YW,1,1,2021-05-23,2025-12-31,2021-05-23/2025-12-31,False,Australia,,Centaur
unattributed,"no ANSIR/AuScope record, not ANU-built",datalogger,,False,Nanometrics,Centaur,9342,False,,False,False,datalogger,1,Y2,,Y2,1,1,2025-08-27,2026-02-13,2025-08-27/2026-02-13,False,Australia,,Centaur
unattributed,"no ANSIR/AuScope record, not ANU-built",datalogger,,False,Nanometrics,Centaur,9343,False,,False,False,datalogger,1,YW,,YW,1,1,2024-09-18,2025-12-31,2024-09-18/2025-12-31,False,Australia,,Centaur
unattributed,"no ANSIR/AuScope record, not ANU-built",datalogger,,False,Nanometrics,Nanometrics Centaur,9312,False,,False,False,datalogger,1,1B,,1B,1,1,2026-07-09,2027-02-01,2026-07-09/2027-02-01,False,USA,10.7914/1wr3-b906,Nanometrics Centaur
unattributed,"no ANSIR/AuScope record, not ANU-built",datalogger,,False,Nanometrics,Nanometrics Centaur,9365,False,,False,False,datalogger,1,1B,,1B,1,1,2026-07-09,2027-02-01,2026-07-09/2027-02-01,False,USA,10.7914/1wr3-b906,Nanometrics Centaur
unattributed,"no ANSIR/AuScope record, not ANU-built",broadband,,False,Nanometrics,Nanometrics Meridian Compact Posthole 120s,0811,False,,False,True,sensor,1,S1,,S1,1,1,2015-08-19,,2015-08-19/,True,AUS,10.7914/SN/S1',Nanometrics Meridian Compact Posthole 120s (754 V/m/s)
unattributed,"no ANSIR/AuScope record, not ANU-built",broadband,,False,Nanometrics,Nanometrics Meridian Compact Posthole 120s,0814,False,,False,True,sensor,1,S1,,S1,1,1,2012-04-11,,2012-04-11/,True,AUS,10.7914/SN/S1',Nanometrics Meridian Compact Posthole 120s (754 V/m/s)
unattributed,"no ANSIR/AuScope record, not ANU-built",datalogger,,False,Nanometrics,Nanometrics Orion HRD-24,0115,False,,False,False,datalogger,1,X8,,X8,1,1,2005-12-10,2006-09-13,2005-12-10/2006-09-13,False,Australia,10.7914/xhzt-cq87,Nanometrics Orion HRD-24
unattributed,"no ANSIR/AuScope record, not ANU-built",datalogger,,False,Nanometrics,Nanometrics Orion HRD-24,0117,False,,False,False,datalogger,1,X8,,X8,1,1,2006-04-21,2006-09-12,2006-04-21/2006-09-12,False,Australia,10.7914/xhzt-cq87,Nanometrics Orion HRD-24
unattributed,"no ANSIR/AuScope record, not ANU-built",datalogger,,False,Nanometrics,Nanometrics Orion HRD-24,0121,False,,False,False,datalogger,1,X8,,X8,1,1,2005-12-07,2006-09-12,2005-12-07/2006-09-12,False,Australia,10.7914/xhzt-cq87,Nanometrics Orion HRD-24
unattributed,"no ANSIR/AuScope record, not ANU-built",datalogger,,False,Nanometrics,Nanometrics Orion HRD-24,0123,False,,False,False,datalogger,1,X8,,X8,1,1,2005-12-08,2006-09-11,2005-12-08/2006-09-11,False,Australia,10.7914/xhzt-cq87,Nanometrics Orion HRD-24
unattributed,"no ANSIR/AuScope record, not ANU-built",datalogger,,False,Nanometrics,Nanometrics Orion HRD-24,0124,False,,False,False,datalogger,1,X8,,X8,1,1,2005-12-12,2006-09-11,2005-12-12/2006-09-11,False,Australia,10.7914/xhzt-cq87,Nanometrics Orion HRD-24
unattributed,"no ANSIR/AuScope record, not ANU-built",datalogger,,False,Nanometrics,Nanometrics Orion HRD-24,0128,False,,False,False,datalogger,1,X8,,X8,1,1,2005-12-08,2006-05-07,2005-12-08/2006-05-07,False,Australia,10.7914/xhzt-cq87,Nanometrics Orion HRD-24
unattributed,"no ANSIR/AuScope record, not ANU-built",datalogger,,False,Nanometrics,Nanometrics Orion HRD-24,0144,False,,False,False,datalogger,1,7I,,7I,1,1,2003-06-02,2005-06-05,2003-06-02/2005-06-05,False,Australia,10.7914/SN/7I_2003,Nanometrics Orion HRD-24
unattributed,"no ANSIR/AuScope record, not ANU-built",datalogger,,False,Nanometrics,Nanometrics Orion HRD-24,0163,False,163,False,False,datalogger,2,7H; 7I,,7H; 7I,2,2,2001-10-08,2005-11-16,2001-10-08/2005-11-16,False,Australia,10.7914/SN/7I_2003,Nanometrics Orion HRD-24
unattributed,"no ANSIR/AuScope record, not ANU-built",datalogger,,False,Nanometrics,Nanometrics Orion HRD-24,0167,False,167,False,False,datalogger,2,7H; 7I,,7H; 7I,2,2,2001-10-07,2005-06-02,2001-10-07/2005-06-02,False,Australia,10.7914/SN/7I_2003,Nanometrics Orion HRD-24
unattributed,"no ANSIR/AuScope record, not ANU-built",datalogger,,False,Nanometrics,Nanometrics Orion HRD-24,0194,False,194,False,False,datalogger,2,7H; 7I,,7H; 7I,2,2,2001-10-06,2004-09-27,2001-10-06/2004-09-27,False,Australia,10.7914/SN/7I_2003,Nanometrics Orion HRD-24
unattributed,"no ANSIR/AuScope record, not ANU-built",datalogger,,False,Nanometrics,Nanometrics Orion HRD-24,1144,False,,False,False,datalogger,1,7H,,7H,1,1,2001-10-06,2002-08-10,2001-10-06/2002-08-10,False,Australia,,Nanometrics Orion HRD-24
unattributed,"no ANSIR/AuScope record, not ANU-built",datalogger,,False,Nanometrics,Nanometrics Orion HRD-24,145,False,,False,False,datalogger,2,7F; 7H,,7F; 7H,2,2,1999-05-14,2002-07-03,1999-05-14/2002-07-03,False,Australia,,Nanometrics Orion HRD-24
unattributed,"no ANSIR/AuScope record, not ANU-built",datalogger,,False,Nanometrics,Nanometrics Orion HRD-24,160,False,,False,False,datalogger,2,7F; 7H,,7F; 7H,2,3,1999-03-04,2002-08-16,1999-03-04/2002-08-16,False,Australia,,Nanometrics Orion HRD-24
unattributed,"no ANSIR/AuScope record, not ANU-built",datalogger,,False,Nanometrics,Nanometrics Orion HRD-24,164,False,,False,False,datalogger,2,7F; 7H,,7F; 7H,2,2,1999-04-14,2002-06-08,1999-04-14/2002-06-08,False,Australia,,Nanometrics Orion HRD-24
unattributed,"no ANSIR/AuScope record, not ANU-built",datalogger,,False,Nanometrics,Nanometrics Orion HRD-24,165,False,,False,False,datalogger,2,7F; 7H,,7F; 7H,2,2,1999-04-07,2002-08-16,1999-04-07/2002-08-16,False,Australia,,Nanometrics Orion HRD-24
unattributed,"no ANSIR/AuScope record, not ANU-built",datalogger,,False,Nanometrics,Nanometrics Orion HRD-24,168,False,,False,False,datalogger,2,7F; 7H,,7F; 7H,2,2,1999-04-13,2002-08-10,1999-04-13/2002-08-10,False,Australia,,Nanometrics Orion HRD-24
unattributed,"no ANSIR/AuScope record, not ANU-built",datalogger,,False,Nanometrics,Nanometrics Orion HRD-24,169,False,0169,False,False,datalogger,3,7F; 7H; 7I,,7F; 7H; 7I,3,4,1999-04-06,2005-05-23,1999-04-06/2005-05-23,False,Australia,10.7914/SN/7I_2003,Nanometrics Orion HRD-24
unattributed,"no ANSIR/AuScope record, not ANU-built",datalogger,,False,Nanometrics,Nanometrics Orion HRD-24,173,False,0173,False,False,datalogger,3,7F; 7H; 7I,,7F; 7H; 7I,3,4,1999-04-13,2004-10-11,1999-04-13/2004-10-11,False,Australia,10.7914/SN/7I_2003,Nanometrics Orion HRD-24
unattributed,"no ANSIR/AuScope record, not ANU-built",datalogger,,False,Nanometrics,Nanometrics Pegasus,494,False,,False,False,datalogger,1,Z9,,Z9,1,1,2022-01-10,2023-12-03,2022-01-10/2023-12-03,False,Antarctica,10.7914/SN/Z9_2021,Nanometrics Pegasus
unattributed,"no ANSIR/AuScope record, not ANU-built",datalogger,,False,Nanometrics,Nanometrics Pegasus,496,False,,False,False,datalogger,1,Z9,,Z9,1,2,2022-12-16,2023-11-27,2022-12-16/2023-11-27,False,Antarctica,10.7914/SN/Z9_2021,Nanometrics Pegasus
unattributed,"no ANSIR/AuScope record, not ANU-built",datalogger,,False,Nanometrics,Nanometrics Pegasus,498,False,,False,False,datalogger,1,Z9,,Z9,1,1,2022-01-22,2023-12-08,2022-01-22/2023-12-08,False,Antarctica,10.7914/SN/Z9_2021,Nanometrics Pegasus
unattributed,"no ANSIR/AuScope record, not ANU-built",datalogger,,False,Nanometrics,Nanometrics Pegasus,499,False,,False,False,datalogger,1,Z9,,Z9,1,2,2022-01-21,2023-11-23,2022-01-21/2023-11-23,False,Antarctica,10.7914/SN/Z9_2021,Nanometrics Pegasus
unattributed,"no ANSIR/AuScope record, not ANU-built",datalogger,,False,Nanometrics,Nanometrics Pegasus,500,False,,False,False,datalogger,1,Z9,,Z9,1,3,2022-01-21,2023-11-21,2022-01-21/2023-11-21,False,Antarctica,10.7914/SN/Z9_2021,Nanometrics Pegasus
unattributed,"no ANSIR/AuScope record, not ANU-built",datalogger,,False,Nanometrics,Nanometrics Pegasus,502,False,,False,False,datalogger,1,Z9,,Z9,1,1,2022-01-21,2023-12-02,2022-01-21/2023-12-02,False,Antarctica,10.7914/SN/Z9_2021,Nanometrics Pegasus
unattributed,"no ANSIR/AuScope record, not ANU-built",datalogger,,False,Nanometrics,Nanometrics Pegasus,503,False,,False,False,datalogger,1,Z9,,Z9,1,2,2022-12-15,2023-11-28,2022-12-15/2023-11-28,False,Antarctica,10.7914/SN/Z9_2021,Nanometrics Pegasus
unattributed,"no ANSIR/AuScope record, not ANU-built",datalogger,,False,Nanometrics,Nanometrics Pegasus,505,False,,False,False,datalogger,1,Z9,,Z9,1,1,2022-01-21,2023-11-25,2022-01-21/2023-11-25,False,Antarctica,10.7914/SN/Z9_2021,Nanometrics Pegasus
unattributed,"no ANSIR/AuScope record, not ANU-built",datalogger,,False,Nanometrics,Nanometrics Pegasus,506,False,,False,False,datalogger,1,Z9,,Z9,1,3,2022-01-21,2023-11-25,2022-01-21/2023-11-25,False,Antarctica,10.7914/SN/Z9_2021,Nanometrics Pegasus
unattributed,"no ANSIR/AuScope record, not ANU-built",datalogger,,False,Nanometrics,Nanometrics Pegasus,508,False,,False,False,datalogger,1,Z9,,Z9,1,2,2022-12-16,2023-06-15,2022-12-16/2023-06-15,False,Antarctica,10.7914/SN/Z9_2021,Nanometrics Pegasus
unattributed,"no ANSIR/AuScope record, not ANU-built",datalogger,,False,Nanometrics,Nanometrics Pegasus,517,False,,False,False,datalogger,1,Z9,,Z9,1,2,2022-12-16,2023-05-13,2022-12-16/2023-05-13,False,Antarctica,10.7914/SN/Z9_2021,Nanometrics Pegasus
unattributed,"no ANSIR/AuScope record, not ANU-built",datalogger,,False,Nanometrics,Nanometrics Pegasus,518,False,,False,False,datalogger,1,Z9,,Z9,1,1,2022-01-10,2023-12-08,2022-01-10/2023-12-08,False,Antarctica,10.7914/SN/Z9_2021,Nanometrics Pegasus
unattributed,"no ANSIR/AuScope record, not ANU-built",datalogger,,False,Nanometrics,Nanometrics Pegasus,519,False,,False,False,datalogger,1,Z9,,Z9,1,1,2022-01-22,2023-12-01,2022-01-22/2023-12-01,False,Antarctica,10.7914/SN/Z9_2021,Nanometrics Pegasus
unattributed,"no ANSIR/AuScope record, not ANU-built",datalogger,,False,Nanometrics,Nanometrics Pegasus,520,False,,False,False,datalogger,1,Z9,,Z9,1,1,2022-01-22,2023-01-30,2022-01-22/2023-01-30,False,Antarctica,10.7914/SN/Z9_2021,Nanometrics Pegasus
unattributed,"no ANSIR/AuScope record, not ANU-built",datalogger,,False,Nanometrics,Nanometrics Pegasus,521,False,,False,False,datalogger,1,Z9,,Z9,1,1,2022-12-14,2023-11-30,2022-12-14/2023-11-30,False,Antarctica,10.7914/SN/Z9_2021,Nanometrics Pegasus
unattributed,"no ANSIR/AuScope record, not ANU-built",datalogger,,False,Nanometrics,Nanometrics Pegasus,550,False,,False,False,datalogger,1,Z9,,Z9,1,2,2022-12-16,2023-11-29,2022-12-16/2023-11-29,False,Antarctica,10.7914/SN/Z9_2021,Nanometrics Pegasus
unattributed,"no ANSIR/AuScope record, not ANU-built",datalogger,,False,Nanometrics,Nanometrics Pegasus,563,False,,False,False,datalogger,1,Z9,,Z9,1,2,2022-12-15,2023-11-28,2022-12-15/2023-11-28,False,Antarctica,10.7914/SN/Z9_2021,Nanometrics Pegasus
unattributed,"no ANSIR/AuScope record, not ANU-built",datalogger,,False,Nanometrics,Nanometrics Taurus,3219,False,,False,False,datalogger,1,WG,,WG,1,1,2025-05-24,2025-09-13,2025-05-24/2025-09-13,False,,10.7914/xagc-se62,Nanometrics Taurus
unattributed,"no ANSIR/AuScope record, not ANU-built",broadband,,False,Nanometrics,Nanometrics Trillium 40s,N0090,False,,False,False,sensor,1,7I,,7I,1,1,2003-05-23,2005-05-27,2003-05-23/2005-05-27,False,Australia,10.7914/SN/7I_2003,Nanometrics Trillium 40s (1553 V/m/s)
unattributed,"no ANSIR/AuScope record, not ANU-built",broadband,,False,Nanometrics,Nanometrics Trillium 40s,N0091,False,,False,False,sensor,1,7I,,7I,1,1,2003-05-22,2005-11-17,2003-05-22/2005-11-17,False,Australia,10.7914/SN/7I_2003,Nanometrics Trillium 40s (1553 V/m/s)
unattributed,"no ANSIR/AuScope record, not ANU-built",broadband,,False,Nanometrics,Nanometrics Trillium Compact 120s,14477,False,,False,False,sensor,1,5C,,5C,1,1,2017-03-16,2017-10-27,2017-03-16/2017-10-27,False,AUS,10.7914/nx28-a367,Nanometrics Trillium Compact 120s (754 V/m/s)
unattributed,"no ANSIR/AuScope record, not ANU-built",broadband,,False,Nanometrics,Nanometrics Trillium Compact 120s,14668,False,,False,False,sensor,1,5C,,5C,1,1,2017-03-17,2017-06-06,2017-03-17/2017-06-06,False,AUS,10.7914/nx28-a367,Nanometrics Trillium Compact 120s (754 V/m/s)
unattributed,"no ANSIR/AuScope record, not ANU-built",broadband,,True,Nanometrics,Nanometrics Trillium Compact 120s,1710,False,,False,False,sensor,3,1E; 1Q; 6C,,1E; 1Q; 6C,3,3,2013-11-12,2017-05-07,2013-11-12/2017-05-07,False,Australia,10.7914/SN/1E_2013; 10.7914/SN/1Q_2016; 10.7914/SN/6C_2015,Nanometrics Trillium Compact 120s (754 V/m/s)
unattributed,"no ANSIR/AuScope record, not ANU-built",broadband,,False,Nanometrics,Nanometrics Trillium Compact 120s,1735,False,,False,False,sensor,1,1K,,1K,1,1,2014-02-23,2015-06-21,2014-02-23/2015-06-21,False,Australia,,Nanometrics Trillium Compact 120s (754 V/m/s)
unattributed,"no ANSIR/AuScope record, not ANU-built",broadband,,False,Nanometrics,Nanometrics Trillium Compact 120s,1739,False,,False,False,sensor,1,1K,,1K,1,1,2013-11-12,2015-09-09,2013-11-12/2015-09-09,False,Australia,,Nanometrics Trillium Compact 120s (754 V/m/s)
unattributed,"no ANSIR/AuScope record, not ANU-built",broadband,,False,Nanometrics,Nanometrics Trillium Compact 120s,1745,False,,False,False,sensor,1,1K,,1K,1,1,2013-11-15,2015-09-08,2013-11-15/2015-09-08,False,Australia,,Nanometrics Trillium Compact 120s (754 V/m/s)
unattributed,"no ANSIR/AuScope record, not ANU-built",broadband,,False,Nanometrics,Nanometrics Trillium Compact 120s,1747,False,,False,False,sensor,1,1E,,1E,1,1,2013-11-15,2014-11-12,2013-11-15/2014-11-12,False,Australia,10.7914/SN/1E_2013,Nanometrics Trillium Compact 120s (754 V/m/s)
unattributed,"no ANSIR/AuScope record, not ANU-built",broadband,,False,Nanometrics,Nanometrics Trillium Compact 120s,1749,False,,False,False,sensor,1,1K,,1K,1,1,2014-10-15,2015-09-01,2014-10-15/2015-09-01,False,Australia,,Nanometrics Trillium Compact 120s (754 V/m/s)
unattributed,"no ANSIR/AuScope record, not ANU-built",broadband,,False,Nanometrics,Nanometrics Trillium Compact 120s,1756,False,,False,False,sensor,2,1E; 6C,,1E; 6C,2,2,2013-11-13,2015-12-25,2013-11-13/2015-12-25,False,Australia,10.7914/SN/1E_2013; 10.7914/SN/6C_2015,Nanometrics Trillium Compact 120s (754 V/m/s)
unattributed,"no ANSIR/AuScope record, not ANU-built",broadband,,False,Nanometrics,Nanometrics Trillium Compact 120s,1757,False,,False,False,sensor,1,1E,,1E,1,1,2013-11-13,2014-10-23,2013-11-13/2014-10-23,False,Australia,10.7914/SN/1E_2013,Nanometrics Trillium Compact 120s (754 V/m/s)
unattributed,"no ANSIR/AuScope record, not ANU-built",broadband,,False,Nanometrics,Nanometrics Trillium Compact 120s,1765,False,,False,False,sensor,2,1K; 9V,,1K; 9V,2,2,2013-11-12,2019-02-09,2013-11-12/2019-02-09,False,Antarctica; Australia,10.7914/nrw9-9825,Nanometrics Trillium Compact 120s (754 V/m/s)
unattributed,"no ANSIR/AuScope record, not ANU-built",broadband,,True,Nanometrics,Nanometrics Trillium Compact 120s,1769,False,,False,False,sensor,2,1K; 1Q,,1K; 1Q,2,2,2013-11-10,2017-04-19,2013-11-10/2017-04-19,False,Australia,10.7914/SN/1Q_2016,Nanometrics Trillium Compact 120s (754 V/m/s)
unattributed,"no ANSIR/AuScope record, not ANU-built",broadband,,False,Nanometrics,Nanometrics Trillium Compact 120s,1774,False,,False,False,sensor,1,9V,,9V,1,1,2017-01-14,2019-11-09,2017-01-14/2019-11-09,False,Antarctica,10.7914/nrw9-9825,Nanometrics Trillium Compact 120s (754 V/m/s)
unattributed,"no ANSIR/AuScope record, not ANU-built",broadband,,True,Nanometrics,Nanometrics Trillium Compact 120s,1779,False,,False,False,sensor,2,1K; 1Q,,1K; 1Q,2,2,2013-11-13,2017-10-10,2013-11-13/2017-10-10,False,Australia,10.7914/SN/1Q_2016,Nanometrics Trillium Compact 120s (754 V/m/s)
unattributed,"no ANSIR/AuScope record, not ANU-built",broadband,,False,Nanometrics,Nanometrics Trillium Compact 120s,1786,False,,False,False,sensor,1,9V,,9V,1,1,2016-11-25,2019-01-09,2016-11-25/2019-01-09,False,Antarctica,10.7914/nrw9-9825,Nanometrics Trillium Compact 120s (754 V/m/s)
unattributed,"no ANSIR/AuScope record, not ANU-built",broadband,,True,Nanometrics,Nanometrics Trillium Compact 120s,1787,False,,False,False,sensor,3,1E; 1Q; 6C,,1E; 1Q; 6C,3,3,2013-11-14,2017-10-07,2013-11-14/2017-10-07,False,Australia,10.7914/SN/1E_2013; 10.7914/SN/1Q_2016; 10.7914/SN/6C_2015,Nanometrics Trillium Compact 120s (754 V/m/s)
unattributed,"no ANSIR/AuScope record, not ANU-built",broadband,,False,Nanometrics,Nanometrics Trillium Compact 120s,19109,False,,False,False,sensor,1,YS,,YS,1,1,2014-10-20,2018-12-13,2014-10-20/2018-12-13,False,Indonesia,,Nanometrics Trillium Compact 120s (754 V/m/s)
unattributed,"no ANSIR/AuScope record, not ANU-built",broadband,,False,Nanometrics,Nanometrics Trillium Compact 120s,69204,False,,False,False,sensor,1,YS,,YS,1,1,2014-10-21,2017-05-19,2014-10-21/2017-05-19,False,Indonesia,,Nanometrics Trillium Compact 120s (754 V/m/s)
unattributed,"no ANSIR/AuScope record, not ANU-built",broadband,,False,Nanometrics,Nanometrics Trillium Compact 120s,9915,False,,False,False,sensor,1,1B,,1B,1,1,2026-07-09,2027-02-01,2026-07-09/2027-02-01,False,USA,10.7914/1wr3-b906,Nanometrics Trillium Compact 120s (754 V/m/s)
unattributed,"no ANSIR/AuScope record, not ANU-built",broadband,,False,Nanometrics,Nanometrics Trillium Compact 120s,9916,False,,False,False,sensor,1,1B,,1B,1,1,2026-07-09,2027-02-01,2026-07-09/2027-02-01,False,USA,10.7914/1wr3-b906,Nanometrics Trillium Compact 120s (754 V/m/s)
unattributed,"no ANSIR/AuScope record, not ANU-built",broadband,,False,Nanometrics,Nanometrics Trillium Compact 120s,T4T82,False,,False,False,sensor,1,5C,,5C,1,11,2017-01-25,2017-11-27,2017-01-25/2017-11-27,False,AUS,10.7914/nx28-a367,Nanometrics Trillium Compact 120s (754 V/m/s)
unattributed,"no ANSIR/AuScope record, not ANU-built",broadband,,False,Nanometrics,Nanometrics Trillium Compact 20s,3303,False,,False,False,sensor,1,5C,,5C,1,1,2017-01-23,2017-11-14,2017-01-23/2017-11-14,False,AUS,10.7914/nx28-a367,Nanometrics Trillium Compact 20s (753 V/m/s)
unattributed,"no ANSIR/AuScope record, not ANU-built",broadband,,False,Nanometrics,Nanometrics Trillium Compact 20s,3661,False,,False,False,sensor,1,5C,,5C,1,1,2017-01-25,2017-03-16,2017-01-25/2017-03-16,False,AUS,10.7914/nx28-a367,Nanometrics Trillium Compact 20s (753 V/m/s)
unattributed,"no ANSIR/AuScope record, not ANU-built",broadband,,False,Nanometrics,Nanometrics Trillium Compact 20s,T4T82,False,,False,False,sensor,1,5C,,5C,1,10,2017-01-23,2017-06-20,2017-01-23/2017-06-20,False,AUS,10.7914/nx28-a367,Nanometrics Trillium Compact 20s (753 V/m/s)
unattributed,"no ANSIR/AuScope record, not ANU-built",broadband,,False,Nanometrics,Nanometrics Trillium Compact PostHole 120s,7000,False,,False,False,sensor,1,6T,,6T,1,1,2018-10-10,,2018-10-10/,True,AUS,10.7914/4e87-j738,Nanometrics Trillium Compact PostHole 120s (754 V/m/s)
unattributed,"no ANSIR/AuScope record, not ANU-built",broadband,,False,Nanometrics,Nanometrics Trillium Compact PostHole 120s,7009,False,,False,False,sensor,1,6T,,6T,1,1,2018-10-09,,2018-10-09/,True,AUS,10.7914/4e87-j738,Nanometrics Trillium Compact PostHole 120s (754 V/m/s)
unattributed,"no ANSIR/AuScope record, not ANU-built",broadband,,False,Nanometrics,Nanometrics Trillium Compact PostHole 120s,7010,False,,False,False,sensor,1,6T,,6T,1,1,2018-10-10,,2018-10-10/,True,AUS,10.7914/4e87-j738,Nanometrics Trillium Compact PostHole 120s (754 V/m/s)
unattributed,"no ANSIR/AuScope record, not ANU-built",broadband,,False,Nanometrics,Nanometrics Trillium Compact PostHole 120s,7011,False,,False,False,sensor,1,6T,,6T,1,1,2018-10-22,,2018-10-22/,True,AUS,10.7914/4e87-j738,Nanometrics Trillium Compact PostHole 120s (754 V/m/s)
unattributed,"no ANSIR/AuScope record, not ANU-built",broadband,,False,Nanometrics,Nanometrics Trillium Compact PostHole 120s,7012,False,,False,False,sensor,1,6T,,6T,1,1,2018-10-16,,2018-10-16/,True,AUS,10.7914/4e87-j738,Nanometrics Trillium Compact PostHole 120s (754 V/m/s)
unattributed,"no ANSIR/AuScope record, not ANU-built",broadband,,False,Nanometrics,Nanometrics Trillium Compact PostHole 120s,7020,False,,False,False,sensor,1,6T,,6T,1,1,2018-10-10,,2018-10-10/,True,AUS,10.7914/4e87-j738,Nanometrics Trillium Compact PostHole 120s (754 V/m/s)
unattributed,"no ANSIR/AuScope record, not ANU-built",broadband,,False,Nanometrics,Nanometrics Trillium Compact PostHole 120s,7023,False,,False,False,sensor,1,6T,,6T,1,1,2018-10-10,,2018-10-10/,True,AUS,10.7914/4e87-j738,Nanometrics Trillium Compact PostHole 120s (754 V/m/s)
unattributed,"no ANSIR/AuScope record, not ANU-built",broadband,,False,Nanometrics,Nanometrics Trillium Compact PostHole 120s,7045,False,,False,False,sensor,1,6T,,6T,1,1,2018-10-19,,2018-10-19/,True,AUS,10.7914/4e87-j738,Nanometrics Trillium Compact PostHole 120s (754 V/m/s)
unattributed,"no ANSIR/AuScope record, not ANU-built",broadband,,False,Nanometrics,Nanometrics Trillium Compact PostHole 120s,7046,False,,False,False,sensor,1,6T,,6T,1,1,2018-10-22,,2018-10-22/,True,AUS,10.7914/4e87-j738,Nanometrics Trillium Compact PostHole 120s (754 V/m/s)
unattributed,"no ANSIR/AuScope record, not ANU-built",broadband,,False,Nanometrics,Nanometrics Trillium Compact PostHole 120s,7047,False,,False,False,sensor,1,6T,,6T,1,1,2018-10-12,,2018-10-12/,True,AUS,10.7914/4e87-j738,Nanometrics Trillium Compact PostHole 120s (754 V/m/s)
unattributed,"no ANSIR/AuScope record, not ANU-built",broadband,,False,Nanometrics,Nanometrics Trillium Compact PostHole 120s,7048,False,,False,False,sensor,1,6T,,6T,1,1,2018-10-18,,2018-10-18/,True,AUS,10.7914/4e87-j738,Nanometrics Trillium Compact PostHole 120s (754 V/m/s)
unattributed,"no ANSIR/AuScope record, not ANU-built",broadband,,False,Nanometrics,Nanometrics Trillium Compact PostHole 120s,7090,False,,False,False,sensor,1,6T,,6T,1,1,2018-10-09,,2018-10-09/,True,AUS,10.7914/4e87-j738,Nanometrics Trillium Compact PostHole 120s (754 V/m/s)
unattributed,"no ANSIR/AuScope record, not ANU-built",broadband,,False,Nanometrics,Nanometrics Trillium Compact PostHole 120s,7719,False,,False,False,sensor,1,Z9,,Z9,1,1,2023-01-11,2023-11-28,2023-01-11/2023-11-28,False,Antarctica,10.7914/SN/Z9_2021,Nanometrics Trillium 120s PostHole (754 V/m/s)
unattributed,"no ANSIR/AuScope record, not ANU-built",broadband,,False,Nanometrics,Nanometrics Trillium Compact PostHole 120s,8390,False,,False,False,sensor,1,6T,,6T,1,1,2018-10-10,,2018-10-10/,True,AUS,10.7914/4e87-j738,Nanometrics Trillium Compact PostHole 120s (754 V/m/s)
unattributed,"no ANSIR/AuScope record, not ANU-built",broadband,,False,Nanometrics,Nanometrics Trillium Compact PostHole 120s,8391,False,,False,False,sensor,1,6T,,6T,1,1,2018-10-10,,2018-10-10/,True,AUS,10.7914/4e87-j738,Nanometrics Trillium Compact PostHole 120s (754 V/m/s)
unattributed,"no ANSIR/AuScope record, not ANU-built",broadband,,False,Nanometrics,Nanometrics Trillium Compact PostHole 120s,8413,False,,False,False,sensor,1,6T,,6T,1,1,2018-10-11,,2018-10-11/,True,AUS,10.7914/4e87-j738,Nanometrics Trillium Compact PostHole 120s (754 V/m/s)
unattributed,"no ANSIR/AuScope record, not ANU-built",broadband,,False,Nanometrics,Nanometrics Trillium Compact PostHole 120s,8491,False,,False,False,sensor,1,Z9,,Z9,1,1,2022-01-21,2023-12-02,2022-01-21/2023-12-02,False,Antarctica,10.7914/SN/Z9_2021,Nanometrics Trillium 120s PostHole (754 V/m/s)
unattributed,"no ANSIR/AuScope record, not ANU-built",broadband,,False,Nanometrics,Nanometrics Trillium Compact PostHole 120s,8492,False,,False,False,sensor,1,Z9,,Z9,1,2,2022-01-21,2023-11-23,2022-01-21/2023-11-23,False,Antarctica,10.7914/SN/Z9_2021,Nanometrics Trillium 120s PostHole (754 V/m/s)
unattributed,"no ANSIR/AuScope record, not ANU-built",broadband,,False,Nanometrics,Nanometrics Trillium Compact PostHole 120s,8493,False,,False,False,sensor,1,Z9,,Z9,1,1,2022-01-22,2023-01-30,2022-01-22/2023-01-30,False,Antarctica,10.7914/SN/Z9_2021,Nanometrics Trillium 120s PostHole (754 V/m/s)
unattributed,"no ANSIR/AuScope record, not ANU-built",broadband,,False,Nanometrics,Nanometrics Trillium Compact PostHole 120s,8494,False,,False,False,sensor,1,Z9,,Z9,1,1,2022-01-10,2023-12-03,2022-01-10/2023-12-03,False,Antarctica,10.7914/SN/Z9_2021,Nanometrics Trillium 120s PostHole (754 V/m/s)
unattributed,"no ANSIR/AuScope record, not ANU-built",broadband,,False,Nanometrics,Nanometrics Trillium Compact PostHole 120s,8495,False,,False,False,sensor,1,Z9,,Z9,1,1,2022-01-22,2023-12-08,2022-01-22/2023-12-08,False,Antarctica,10.7914/SN/Z9_2021,Nanometrics Trillium 120s PostHole (754 V/m/s)
unattributed,"no ANSIR/AuScope record, not ANU-built",broadband,,False,Nanometrics,Nanometrics Trillium Compact PostHole 120s,8510,False,,False,False,sensor,1,Z9,,Z9,1,1,2022-01-21,2023-11-25,2022-01-21/2023-11-25,False,Antarctica,10.7914/SN/Z9_2021,Nanometrics Trillium 120s PostHole (754 V/m/s)
unattributed,"no ANSIR/AuScope record, not ANU-built",broadband,,False,Nanometrics,Nanometrics Trillium Compact PostHole 120s,8511,False,,False,False,sensor,1,Z9,,Z9,1,1,2022-12-14,2023-11-30,2022-12-14/2023-11-30,False,Antarctica,10.7914/SN/Z9_2021,Nanometrics Trillium 120s PostHole (754 V/m/s)
unattributed,"no ANSIR/AuScope record, not ANU-built",broadband,,False,Nanometrics,Nanometrics Trillium Compact PostHole 120s,8605,False,,False,False,sensor,1,Z9,,Z9,1,1,2022-01-10,2023-12-08,2022-01-10/2023-12-08,False,Antarctica,10.7914/SN/Z9_2021,Nanometrics Trillium 120s PostHole (754 V/m/s)
unattributed,"no ANSIR/AuScope record, not ANU-built",broadband,,False,Nanometrics,Nanometrics Trillium Compact PostHole 120s,8606,False,,False,False,sensor,1,Z9,,Z9,1,1,2022-01-22,2023-12-01,2022-01-22/2023-12-01,False,Antarctica,10.7914/SN/Z9_2021,Nanometrics Trillium 120s PostHole (754 V/m/s)
unattributed,"no ANSIR/AuScope record, not ANU-built",broadband,,False,Nanometrics,Nanometrics Trillium Compact PostHole 120s,8607,False,,False,False,sensor,1,Z9,,Z9,1,3,2022-01-21,2023-11-21,2022-01-21/2023-11-21,False,Antarctica,10.7914/SN/Z9_2021,Nanometrics Trillium 120s PostHole (754 V/m/s)
unattributed,"no ANSIR/AuScope record, not ANU-built",broadband,,False,Nanometrics,Nanometrics Trillium Compact PostHole 120s,8608,False,,False,False,sensor,1,Z9,,Z9,1,2,2022-12-16,2023-05-13,2022-12-16/2023-05-13,False,Antarctica,10.7914/SN/Z9_2021,Nanometrics Trillium 120s PostHole (754 V/m/s)
unattributed,"no ANSIR/AuScope record, not ANU-built",broadband,,False,Nanometrics,Nanometrics Trillium Compact PostHole 120s,8609,False,,False,False,sensor,1,Z9,,Z9,1,3,2022-01-21,2023-11-27,2022-01-21/2023-11-27,False,Antarctica,10.7914/SN/Z9_2021,Nanometrics Trillium 120s PostHole (754 V/m/s)
unattributed,"no ANSIR/AuScope record, not ANU-built",broadband,,False,Nanometrics,Nanometrics Trillium Compact PostHole 120s,8898,False,,False,False,sensor,1,Z9,,Z9,1,1,2023-01-24,2023-11-25,2023-01-24/2023-11-25,False,Antarctica,10.7914/SN/Z9_2021,Nanometrics Trillium 120s PostHole (754 V/m/s)
unattributed,"no ANSIR/AuScope record, not ANU-built",broadband,,False,Nanometrics,Nanometrics Trillium Compact PostHole 120s,8997,False,,False,False,sensor,1,Z9,,Z9,1,2,2022-12-16,2023-06-15,2022-12-16/2023-06-15,False,Antarctica,10.7914/SN/Z9_2021,Nanometrics Trillium 120s PostHole (754 V/m/s)
unattributed,"no ANSIR/AuScope record, not ANU-built",broadband,,False,Nanometrics,Nanometrics Trillium Compact PostHole 120s,8998,False,,False,False,sensor,1,Z9,,Z9,1,1,2022-12-15,2023-01-24,2022-12-15/2023-01-24,False,Antarctica,10.7914/SN/Z9_2021,Nanometrics Trillium 120s PostHole (754 V/m/s)
unattributed,"no ANSIR/AuScope record, not ANU-built",broadband,,False,Nanometrics,Nanometrics Trillium Compact PostHole 120s,8999,False,,False,False,sensor,1,Z9,,Z9,1,2,2022-12-15,2023-11-28,2022-12-15/2023-11-28,False,Antarctica,10.7914/SN/Z9_2021,Nanometrics Trillium 120s PostHole (754 V/m/s)
unattributed,"no ANSIR/AuScope record, not ANU-built",broadband,,False,Nanometrics,Nanometrics Trillium Compact PostHole 120s,9340,False,,False,False,sensor,1,Z9,,Z9,1,2,2022-12-16,2023-11-29,2022-12-16/2023-11-29,False,Antarctica,10.7914/SN/Z9_2021,Nanometrics Trillium 120s PostHole (754 V/m/s)
unattributed,"no ANSIR/AuScope record, not ANU-built",broadband,,False,Nanometrics,Nanometrics Trillium PostHole 120s,8331,False,,False,False,sensor,1,9X,,9X,1,1,2021-12-15,2022-01-11,2021-12-15/2022-01-11,False,Antarctica,10.7914/b1k3-3c71,Nanometrics Trillium PostHole 120s (754 V/m/s)
unattributed,"no ANSIR/AuScope record, not ANU-built",broadband,,False,Nanometrics,Nanometrics Trillium PostHole 120s,8391,False,,False,False,sensor,1,9X,,9X,1,1,2021-12-15,2022-01-11,2021-12-15/2022-01-11,False,Antarctica,10.7914/b1k3-3c71,Nanometrics Trillium PostHole 120s (754 V/m/s)
unattributed,"no ANSIR/AuScope record, not ANU-built",broadband,,False,Nanometrics,Nanometrics Trillium PostHole 120s,8412,False,,False,False,sensor,1,9X,,9X,1,1,2021-12-14,2022-01-11,2021-12-14/2022-01-11,False,Antarctica,10.7914/b1k3-3c71,Nanometrics Trillium PostHole 120s (754 V/m/s)
unattributed,"no ANSIR/AuScope record, not ANU-built",broadband,,False,Nanometrics,Nanometrics Trillium PostHole 120s,8413,False,,False,False,sensor,1,9X,,9X,1,1,2021-12-14,2022-01-11,2021-12-14/2022-01-11,False,Antarctica,10.7914/b1k3-3c71,Nanometrics Trillium PostHole 120s (754 V/m/s)
unattributed,"no ANSIR/AuScope record, not ANU-built",datalogger,,False,Nanometrics,Orion,0114,False,,False,False,datalogger,1,7K,,7K,1,1,2007-07-27,2008-06-17,2007-07-27/2008-06-17,False,Australia,10.7914/SN/7K_2007,Orion
unattributed,"no ANSIR/AuScope record, not ANU-built",datalogger,,False,Nanometrics,Orion,0115,False,,False,False,datalogger,1,7K,,7K,1,1,2007-07-27,2008-06-17,2007-07-27/2008-06-17,False,Australia,10.7914/SN/7K_2007,Orion
unattributed,"no ANSIR/AuScope record, not ANU-built",datalogger,,False,Nanometrics,Orion,0117,False,,False,False,datalogger,1,7K,,7K,1,1,2007-02-20,2008-03-07,2007-02-20/2008-03-07,False,Australia,10.7914/SN/7K_2007,Orion
unattributed,"no ANSIR/AuScope record, not ANU-built",datalogger,,False,Nanometrics,Orion,0123,False,,False,False,datalogger,1,7K,,7K,1,1,2007-02-19,2008-04-29,2007-02-19/2008-04-29,False,Australia,10.7914/SN/7K_2007,Orion
unattributed,"no ANSIR/AuScope record, not ANU-built",datalogger,,False,Nanometrics,Orion,0128,False,,False,False,datalogger,1,7K,,7K,1,1,2007-02-21,2008-02-06,2007-02-21/2008-02-06,False,Australia,10.7914/SN/7K_2007,Orion
unattributed,"no ANSIR/AuScope record, not ANU-built",datalogger,,False,Nanometrics,Orion,0163,False,,False,False,datalogger,1,7K,,7K,1,1,2007-02-14,2007-11-17,2007-02-14/2007-11-17,False,Australia,10.7914/SN/7K_2007,Orion
unattributed,"no ANSIR/AuScope record, not ANU-built",datalogger,,False,Nanometrics,Orion,0164,False,,False,False,datalogger,1,7K,,7K,1,1,2007-07-25,2008-06-16,2007-07-25/2008-06-16,False,Australia,10.7914/SN/7K_2007,Orion
unattributed,"no ANSIR/AuScope record, not ANU-built",datalogger,,False,Nanometrics,Orion,0167,False,,False,False,datalogger,1,7K,,7K,1,1,2007-02-14,2007-11-17,2007-02-14/2007-11-17,False,Australia,10.7914/SN/7K_2007,Orion
unattributed,"no ANSIR/AuScope record, not ANU-built",broadband,,False,Nanometrics,TRILLIUM 120 BOREHOLE,1015,False,,False,False,sensor,1,IU,,IU,1,1,2001-08-25,,2001-08-25/,True,,,TRILLIUM 120 BOREHOLE
unattributed,"no ANSIR/AuScope record, not ANU-built",broadband,,False,Nanometrics,TRILLIUM 120 BOREHOLE,1052,False,,False,False,sensor,1,IU,,IU,1,1,2001-08-25,,2001-08-25/,True,,,TRILLIUM 120 BOREHOLE
unattributed,"no ANSIR/AuScope record, not ANU-built",datalogger,,False,Nanometrics,Taurus,1587,False,,False,False,datalogger,1,WG,,WG,1,1,2022-12-21,2023-11-30,2022-12-21/2023-11-30,False,Australia,10.7914/xagc-se62,Taurus
unattributed,"no ANSIR/AuScope record, not ANU-built",datalogger,,False,Nanometrics,Taurus,3023,False,,False,False,datalogger,1,WG,,WG,1,1,2022-11-15,2023-11-30,2022-11-15/2023-11-30,False,Australia,10.7914/xagc-se62,Taurus
unattributed,"no ANSIR/AuScope record, not ANU-built",datalogger,,False,Nanometrics,Taurus,3024,False,,False,False,datalogger,1,WG,,WG,1,1,2022-11-30,2023-12-05,2022-11-30/2023-12-05,False,Australia,10.7914/xagc-se62,Taurus
unattributed,"no ANSIR/AuScope record, not ANU-built",datalogger,,False,Nanometrics,Taurus,3029,False,,False,False,datalogger,1,WG,,WG,1,1,2022-11-29,2023-11-28,2022-11-29/2023-11-28,False,Australia,10.7914/xagc-se62,Taurus
unattributed,"no ANSIR/AuScope record, not ANU-built",datalogger,,False,Nanometrics,Taurus,3154,False,,False,False,datalogger,1,WG,,WG,1,1,2022-12-01,2023-11-28,2022-12-01/2023-11-28,False,Australia,10.7914/xagc-se62,Taurus
unattributed,"no ANSIR/AuScope record, not ANU-built",datalogger,,False,Nanometrics,Taurus,3182,False,,False,False,datalogger,1,WG,,WG,1,1,2022-12-04,2023-11-27,2022-12-04/2023-11-27,False,Australia,10.7914/xagc-se62,Taurus
unattributed,"no ANSIR/AuScope record, not ANU-built",datalogger,,False,Nanometrics,Taurus,3219,False,,False,False,datalogger,1,WG,,WG,1,2,2022-11-16,2025-03-07,2022-11-16/2025-03-07,False,Australia,10.7914/xagc-se62,Taurus
unattributed,"no ANSIR/AuScope record, not ANU-built",datalogger,,False,Nanometrics,Taurus,3475,False,,False,False,datalogger,1,WG,,WG,1,1,2022-11-17,2023-11-27,2022-11-17/2023-11-27,False,Australia,10.7914/xagc-se62,Taurus
unattributed,"no ANSIR/AuScope record, not ANU-built",datalogger,,False,Nanometrics,Taurus,3480,False,,False,False,datalogger,1,WG,,WG,1,1,2022-11-29,2023-11-30,2022-11-29/2023-11-30,False,Australia,10.7914/xagc-se62,Taurus
unattributed,"no ANSIR/AuScope record, not ANU-built",datalogger,,False,Nanometrics,Taurus,3495,False,,False,False,datalogger,1,WG,,WG,1,1,2022-12-01,2023-06-17,2022-12-01/2023-06-17,False,Australia,10.7914/xagc-se62,Taurus
unattributed,"no ANSIR/AuScope record, not ANU-built",datalogger,,False,Nanometrics,Taurus,3508,False,,False,False,datalogger,1,WG,,WG,1,1,2022-12-02,2023-12-04,2022-12-02/2023-12-04,False,Australia,10.7914/xagc-se62,Taurus
unattributed,"no ANSIR/AuScope record, not ANU-built",datalogger,,False,Nanometrics,Taurus,3510,False,,False,False,datalogger,1,WG,,WG,1,1,2022-11-30,2023-12-05,2022-11-30/2023-12-05,False,Australia,10.7914/xagc-se62,Taurus
unattributed,"no ANSIR/AuScope record, not ANU-built",accelerometer,,False,Nanometrics,Titan,1339,False,,False,False,sensor,1,YW,,YW,1,1,2025-04-24,2025-12-31,2025-04-24/2025-12-31,False,Australia,,Titan
unattributed,"no ANSIR/AuScope record, not ANU-built",accelerometer,,False,Nanometrics,Titan,1399,False,,False,False,sensor,1,YW,,YW,1,1,2025-04-24,2025-12-31,2025-04-24/2025-12-31,False,Australia,,Titan
unattributed,"no ANSIR/AuScope record, not ANU-built",accelerometer,,False,Nanometrics,Titan,2298,False,,False,False,sensor,1,YW,,YW,1,1,2025-04-27,2025-12-31,2025-04-27/2025-12-31,False,Australia,,Titan
unattributed,"no ANSIR/AuScope record, not ANU-built",accelerometer,,False,Nanometrics,Titan,2887,False,,False,False,sensor,1,YW,,YW,1,1,2025-04-27,2025-12-31,2025-04-27/2025-12-31,False,Australia,,Titan
unattributed,"no ANSIR/AuScope record, not ANU-built",accelerometer,,False,Nanometrics,Titan,2893,False,,False,True,sensor,1,YW,,YW,1,1,2025-04-27,2025-12-31,2025-04-27/2025-12-31,False,Australia,,Titan
unattributed,"no ANSIR/AuScope record, not ANU-built",broadband,,False,Nanometrics,Trillium All-Terrain,7817,False,,False,False,sensor,1,YW,,YW,1,1,2021-05-23,2025-12-31,2021-05-23/2025-12-31,False,Australia,,Trillium All-Terrain
unattributed,"no ANSIR/AuScope record, not ANU-built",broadband,,False,Nanometrics,Trillium All-Terrain,7864,False,,False,False,sensor,2,3B; YW,,3B; YW,2,8,2024-08-25,2025-12-31,2024-08-25/2025-12-31,False,Australia,,Trillium All-Terrain
unattributed,"no ANSIR/AuScope record, not ANU-built",broadband,,False,Nanometrics,Trillium All-Terrain,9230,False,,False,False,sensor,1,YW,,YW,1,1,2024-09-17,2025-12-25,2024-09-17/2025-12-25,False,Australia,,Trillium All-Terrain
unattributed,"no ANSIR/AuScope record, not ANU-built",broadband,,False,Nanometrics,Trillium All-Terrain,9827,False,,False,False,sensor,1,YW,,YW,1,1,2024-09-18,2025-12-31,2024-09-18/2025-12-31,False,Australia,,Trillium All-Terrain
unattributed,"no ANSIR/AuScope record, not ANU-built",broadband,,False,Nanometrics,Trillium All-Terrain,9829,False,,False,False,sensor,1,YW,,YW,1,1,2021-05-23,2025-12-31,2021-05-23/2025-12-31,False,Australia,,Trillium All-Terrain
unattributed,"no ANSIR/AuScope record, not ANU-built",broadband,,False,Nanometrics,Trillium Compact 120,1706,False,,False,False,sensor,1,WG,,WG,1,1,2022-11-29,2023-12-06,2022-11-29/2023-12-06,False,Australia,10.7914/xagc-se62,Trillium Compact 120
unattributed,"no ANSIR/AuScope record, not ANU-built",broadband,,False,Nanometrics,Trillium Compact 120,1710,False,,False,False,sensor,1,WG,,WG,1,3,2022-12-01,2025-10-21,2022-12-01/2025-10-21,False,Australia,10.7914/xagc-se62,Trillium Compact 120
unattributed,"no ANSIR/AuScope record, not ANU-built",broadband,,False,Nanometrics,Trillium Compact 120,1749,False,,False,False,sensor,1,WG,,WG,1,2,2022-12-04,2024-09-20,2022-12-04/2024-09-20,False,Australia,10.7914/xagc-se62,Trillium Compact 120
unattributed,"no ANSIR/AuScope record, not ANU-built",broadband,,False,Nanometrics,Trillium Compact 120,1764,False,,False,False,sensor,1,WG,,WG,1,3,2022-11-29,2026-04-24,2022-11-29/2026-04-24,False,Australia,10.7914/xagc-se62,Trillium Compact 120
unattributed,"no ANSIR/AuScope record, not ANU-built",broadband,,False,Nanometrics,Trillium Compact 120,1769,False,,False,False,sensor,1,WG,,WG,1,2,2022-12-06,2023-12-01,2022-12-06/2023-12-01,False,Australia,10.7914/xagc-se62,Trillium Compact 120
unattributed,"no ANSIR/AuScope record, not ANU-built",broadband,,False,Nanometrics,Trillium Compact 120,1776,False,,False,False,sensor,1,WG,,WG,1,3,2023-02-26,2026-04-23,2023-02-26/2026-04-23,False,Australia,10.7914/xagc-se62,Trillium Compact 120
unattributed,"no ANSIR/AuScope record, not ANU-built",broadband,,False,Nanometrics,Trillium Compact 120,3329,False,,False,False,sensor,1,WG,,WG,1,1,2022-12-05,2023-11-27,2022-12-05/2023-11-27,False,Australia,10.7914/xagc-se62,Trillium Compact 120
unattributed,"no ANSIR/AuScope record, not ANU-built",broadband,,False,Nanometrics,Trillium Compact 120,4851,False,,False,False,sensor,1,WG,,WG,1,3,2022-12-07,2025-08-18,2022-12-07/2025-08-18,False,Australia,10.7914/xagc-se62,Trillium Compact 120
unattributed,"no ANSIR/AuScope record, not ANU-built",broadband,,False,Nanometrics,Trillium Compact 120,4852,False,,False,False,sensor,1,WG,,WG,1,3,2022-12-07,2026-04-26,2022-12-07/2026-04-26,False,Australia,10.7914/xagc-se62,Trillium Compact 120
unattributed,"no ANSIR/AuScope record, not ANU-built",broadband,,False,Nanometrics,Trillium Compact 120,4863,False,,False,False,sensor,1,WG,,WG,1,3,2022-11-28,2026-03-18,2022-11-28/2026-03-18,False,Australia,10.7914/xagc-se62,Trillium Compact 120
unattributed,"no ANSIR/AuScope record, not ANU-built",broadband,,False,Nanometrics,Trillium Compact 120,4864,False,,False,False,sensor,1,WG,,WG,1,1,2022-12-01,2023-02-23,2022-12-01/2023-02-23,False,Australia,10.7914/xagc-se62,Trillium Compact 120
unattributed,"no ANSIR/AuScope record, not ANU-built",broadband,,False,Nanometrics,Trillium Compact 120,4870,False,,False,False,sensor,1,WG,,WG,1,2,2022-11-16,2024-06-04,2022-11-16/2024-06-04,False,Australia,10.7914/xagc-se62,Trillium Compact 120
unattributed,"no ANSIR/AuScope record, not ANU-built",broadband,,False,Nanometrics,Trillium Compact 120,4876,False,,False,False,sensor,1,WG,,WG,1,3,2022-12-05,2026-04-25,2022-12-05/2026-04-25,False,Australia,10.7914/xagc-se62,Trillium Compact 120
unattributed,"no ANSIR/AuScope record, not ANU-built",broadband,,False,Nanometrics,Trillium Compact 120,4893,False,,False,False,sensor,1,WG,,WG,1,1,2022-12-07,2023-11-27,2022-12-07/2023-11-27,False,Australia,10.7914/xagc-se62,Trillium Compact 120
unattributed,"no ANSIR/AuScope record, not ANU-built",broadband,,False,Nanometrics,Trillium Compact 120,6251,False,,False,False,sensor,1,WG,,WG,1,3,2022-11-30,2026-03-29,2022-11-30/2026-03-29,False,Australia,10.7914/xagc-se62,Trillium Compact 120
unattributed,"no ANSIR/AuScope record, not ANU-built",broadband,,False,Nanometrics,Trillium Compact 120,6252,False,,False,False,sensor,1,WG,,WG,1,3,2022-12-08,2025-11-01,2022-12-08/2025-11-01,False,Australia,10.7914/xagc-se62,Trillium Compact 120
unattributed,"no ANSIR/AuScope record, not ANU-built",broadband,,False,Nanometrics,Trillium Compact 120,6261,False,,False,False,sensor,1,WG,,WG,1,2,2024-02-26,2025-12-10,2024-02-26/2025-12-10,False,,10.7914/xagc-se62,Trillium Compact 120
unattributed,"no ANSIR/AuScope record, not ANU-built",broadband,,False,Nanometrics,Trillium Compact 120,6262,False,,False,False,sensor,1,WG,,WG,1,1,2022-12-03,2023-11-27,2022-12-03/2023-11-27,False,Australia,10.7914/xagc-se62,Trillium Compact 120
unattributed,"no ANSIR/AuScope record, not ANU-built",broadband,,False,Nanometrics,Trillium Compact 120,6318,False,,False,False,sensor,1,WG,,WG,1,2,2024-02-27,2026-03-17,2024-02-27/2026-03-17,False,,10.7914/xagc-se62,Trillium Compact 120
unattributed,"no ANSIR/AuScope record, not ANU-built",broadband,,False,Nanometrics,Trillium Compact 120,6321,False,,False,False,sensor,1,WG,,WG,1,3,2023-02-20,2026-05-11,2023-02-20/2026-05-11,False,Australia,10.7914/xagc-se62,Trillium Compact 120
unattributed,"no ANSIR/AuScope record, not ANU-built",broadband,,False,Nanometrics,Trillium Compact 120,6323,False,,False,False,sensor,1,WG,,WG,1,3,2022-11-30,2025-10-16,2022-11-30/2025-10-16,False,Australia,10.7914/xagc-se62,Trillium Compact 120
unattributed,"no ANSIR/AuScope record, not ANU-built",broadband,,False,Nanometrics,Trillium Compact 120,6337,False,,False,False,sensor,1,WG,,WG,1,3,2022-11-28,2026-05-11,2022-11-28/2026-05-11,False,Australia,10.7914/xagc-se62,Trillium Compact 120
unattributed,"no ANSIR/AuScope record, not ANU-built",broadband,,False,Nanometrics,Trillium Compact 120,6339,False,,False,False,sensor,1,WG,,WG,1,1,2022-11-20,2023-12-06,2022-11-20/2023-12-06,False,Australia,10.7914/xagc-se62,Trillium Compact 120
unattributed,"no ANSIR/AuScope record, not ANU-built",broadband,,False,Nanometrics,Trillium Compact 120,6341,False,,False,False,sensor,1,WG,,WG,1,3,2022-12-06,2026-05-11,2022-12-06/2026-05-11,False,Australia,10.7914/xagc-se62,Trillium Compact 120
unattributed,"no ANSIR/AuScope record, not ANU-built",broadband,,False,Nanometrics,Trillium Compact 120,6666,False,,False,False,sensor,1,WG,,WG,1,1,2025-05-23,2026-05-14,2025-05-23/2026-05-14,False,,10.7914/xagc-se62,Trillium Compact 120
unattributed,"no ANSIR/AuScope record, not ANU-built",broadband,,False,Nanometrics,Trillium Compact 120 Posthole,5817,False,,False,False,sensor,1,WG,,WG,1,2,2024-05-21,2026-05-10,2024-05-21/2026-05-10,False,,10.7914/xagc-se62,Trillium Compact 120 Posthole
unattributed,"no ANSIR/AuScope record, not ANU-built",broadband,,False,Nanometrics,Trillium Dome 120PA,1517,False,,False,False,sensor,1,WG,,WG,1,1,2022-12-01,2023-06-17,2022-12-01/2023-06-17,False,Australia,10.7914/xagc-se62,Trillium Dome 120PA
unattributed,"no ANSIR/AuScope record, not ANU-built",broadband,,False,Nanometrics,Trillium Dome 120PA,1518,False,,False,False,sensor,1,WG,,WG,1,1,2022-12-01,2023-11-28,2022-12-01/2023-11-28,False,Australia,10.7914/xagc-se62,Trillium Dome 120PA
unattributed,"no ANSIR/AuScope record, not ANU-built",broadband,,False,Nanometrics,Trillium Dome 120PA,1526,False,,False,False,sensor,1,WG,,WG,1,1,2022-11-29,2023-11-28,2022-11-29/2023-11-28,False,Australia,10.7914/xagc-se62,Trillium Dome 120PA
unattributed,"no ANSIR/AuScope record, not ANU-built",broadband,,False,Nanometrics,Trillium Dome 120PA,1527,False,,False,False,sensor,1,WG,,WG,1,1,2022-12-07,2023-11-29,2022-12-07/2023-11-29,False,Australia,10.7914/xagc-se62,Trillium Dome 120PA
unattributed,"no ANSIR/AuScope record, not ANU-built",broadband,,False,Nanometrics,Trillium Dome 120PA,1532,False,,False,False,sensor,1,WG,,WG,1,1,2022-11-30,2023-12-05,2022-11-30/2023-12-05,False,Australia,10.7914/xagc-se62,Trillium Dome 120PA
unattributed,"no ANSIR/AuScope record, not ANU-built",broadband,,False,Nanometrics,Trillium Dome 120PA,1539,False,,False,False,sensor,1,WG,,WG,1,1,2022-12-08,2023-11-21,2022-12-08/2023-11-21,False,Australia,10.7914/xagc-se62,Trillium Dome 120PA
unattributed,"no ANSIR/AuScope record, not ANU-built",broadband,,False,Nanometrics,Trillium Dome 120PA,1543,False,,False,False,sensor,1,WG,,WG,1,1,2022-11-29,2023-11-30,2022-11-29/2023-11-30,False,Australia,10.7914/xagc-se62,Trillium Dome 120PA
unattributed,"no ANSIR/AuScope record, not ANU-built",broadband,,False,Nanometrics,Trillium Dome 120PA,1553,False,,False,False,sensor,1,WG,,WG,1,1,2022-12-04,2023-11-27,2022-12-04/2023-11-27,False,Australia,10.7914/xagc-se62,Trillium Dome 120PA
unattributed,"no ANSIR/AuScope record, not ANU-built",broadband,,False,Nanometrics,Trillium Dome 120PA,1587,False,,False,False,sensor,1,WG,,WG,1,1,2025-05-24,2025-09-13,2025-05-24/2025-09-13,False,,10.7914/xagc-se62,Trillium Dome 120PA
unattributed,"no ANSIR/AuScope record, not ANU-built",broadband,,False,Nanometrics,Trillium Dome 120PA,1813,False,,False,False,sensor,1,WG,,WG,1,2,2022-11-16,2025-03-07,2022-11-16/2025-03-07,False,Australia,10.7914/xagc-se62,Trillium Dome 120PA
unattributed,"no ANSIR/AuScope record, not ANU-built",broadband,,False,Nanometrics,Trillium Dome 120PA,1819,False,,False,False,sensor,1,WG,,WG,1,1,2022-12-02,2023-12-04,2022-12-02/2023-12-04,False,Australia,10.7914/xagc-se62,Trillium Dome 120PA
unattributed,"no ANSIR/AuScope record, not ANU-built",broadband,,False,Nanometrics,Trillium Dome 120PA,1821,False,,False,False,sensor,1,WG,,WG,1,1,2022-11-17,2023-11-27,2022-11-17/2023-11-27,False,Australia,10.7914/xagc-se62,Trillium Dome 120PA
unattributed,"no ANSIR/AuScope record, not ANU-built",broadband,,False,Nanometrics,Trillium Dome 120PA,1844,False,,False,False,sensor,1,WG,,WG,1,1,2022-11-15,2023-11-30,2022-11-15/2023-11-30,False,Australia,10.7914/xagc-se62,Trillium Dome 120PA
unattributed,"no ANSIR/AuScope record, not ANU-built",broadband,,False,Nanometrics,Trillium Dome 120PA,1861,False,,False,False,sensor,1,WG,,WG,1,1,2022-11-30,2023-12-05,2022-11-30/2023-12-05,False,Australia,10.7914/xagc-se62,Trillium Dome 120PA
unattributed,"no ANSIR/AuScope record, not ANU-built",broadband,,False,Nanometrics,Trillium Dome 120PA,2056,False,,False,False,sensor,1,WG,,WG,1,1,2022-12-03,2023-11-28,2022-12-03/2023-11-28,False,Australia,10.7914/xagc-se62,Trillium Dome 120PA
unattributed,"no ANSIR/AuScope record, not ANU-built",broadband,,False,Nanometrics,Trillium Dome 120PA,2092,False,,False,False,sensor,1,WG,,WG,1,1,2022-12-03,2023-11-28,2022-12-03/2023-11-28,False,Australia,10.7914/xagc-se62,Trillium Dome 120PA
unattributed,"no ANSIR/AuScope record, not ANU-built",broadband,,False,Nanometrics,Trillium Dome 120PA,2100,False,,False,False,sensor,1,WG,,WG,1,1,2022-12-04,2023-11-28,2022-12-04/2023-11-28,False,Australia,10.7914/xagc-se62,Trillium Dome 120PA
unattributed,"no ANSIR/AuScope record, not ANU-built",broadband,,False,Nanometrics,Trillium Dome 120PA,2102,False,,False,False,sensor,1,WG,,WG,1,1,2022-12-07,2023-11-29,2022-12-07/2023-11-29,False,Australia,10.7914/xagc-se62,Trillium Dome 120PA
unattributed,"no ANSIR/AuScope record, not ANU-built",broadband,,False,Nanometrics,Trillium Dome 120PA,2107,False,,False,False,sensor,1,WG,,WG,1,1,2022-12-06,2023-06-27,2022-12-06/2023-06-27,False,Australia,10.7914/xagc-se62,Trillium Dome 120PA
unattributed,"no ANSIR/AuScope record, not ANU-built",broadband,,False,Nanometrics,Trillium Dome 120PA,2115,False,,False,False,sensor,1,WG,,WG,1,1,2022-12-13,2023-11-29,2022-12-13/2023-11-29,False,Australia,10.7914/xagc-se62,Trillium Dome 120PA
unattributed,"no ANSIR/AuScope record, not ANU-built",broadband,,False,Nanometrics,Trillium Dome 120PA,2118,False,,False,False,sensor,1,WG,,WG,1,1,2022-12-14,2023-12-05,2022-12-14/2023-12-05,False,Australia,10.7914/xagc-se62,Trillium Dome 120PA
unattributed,"no ANSIR/AuScope record, not ANU-built",broadband,,False,Nanometrics,Trillium Dome 120PA,2119,False,,False,False,sensor,1,WG,,WG,1,1,2022-12-09,2023-11-27,2022-12-09/2023-11-27,False,Australia,10.7914/xagc-se62,Trillium Dome 120PA
unattributed,"no ANSIR/AuScope record, not ANU-built",broadband,,False,Nanometrics,Trillium Dome 120PA,2121,False,,False,False,sensor,1,WG,,WG,1,1,2022-11-28,2023-11-30,2022-11-28/2023-11-30,False,Australia,10.7914/xagc-se62,Trillium Dome 120PA
unattributed,"no ANSIR/AuScope record, not ANU-built",broadband,,False,Nanometrics,Trillium Dome 120PA,2122,False,,False,False,sensor,1,WG,,WG,1,1,2022-12-12,2023-11-29,2022-12-12/2023-11-29,False,Australia,10.7914/xagc-se62,Trillium Dome 120PA
unattributed,"no ANSIR/AuScope record, not ANU-built",broadband,,False,Nanometrics,Trillium Dome 120PA,2123,False,,False,False,sensor,1,WG,,WG,1,1,2022-12-03,2023-11-28,2022-12-03/2023-11-28,False,Australia,10.7914/xagc-se62,Trillium Dome 120PA
unattributed,"no ANSIR/AuScope record, not ANU-built",broadband,,False,Nanometrics,Trillium Dome 120PA,2129,False,,False,False,sensor,1,WG,,WG,1,1,2022-12-15,2023-11-28,2022-12-15/2023-11-28,False,Australia,10.7914/xagc-se62,Trillium Dome 120PA
unattributed,"no ANSIR/AuScope record, not ANU-built",broadband,,False,Nanometrics,Trillium Dome 120PA,2131,False,,False,False,sensor,1,WG,,WG,1,1,2022-12-13,2023-10-18,2022-12-13/2023-10-18,False,Australia,10.7914/xagc-se62,Trillium Dome 120PA
unattributed,"no ANSIR/AuScope record, not ANU-built",broadband,,False,Nanometrics,Trillium Dome 120PA,2136,False,,False,False,sensor,1,WG,,WG,1,1,2023-06-12,2023-11-29,2023-06-12/2023-11-29,False,Australia,10.7914/xagc-se62,Trillium Dome 120PA
unattributed,"no ANSIR/AuScope record, not ANU-built",broadband,,False,Nanometrics,Trillium Dome 120PA,2138,False,,False,False,sensor,1,WG,,WG,1,1,2022-12-08,2023-11-27,2022-12-08/2023-11-27,False,Australia,10.7914/xagc-se62,Trillium Dome 120PA
unattributed,"no ANSIR/AuScope record, not ANU-built",broadband,,False,Nanometrics,Trillium Dome 120PA,2144,False,,False,False,sensor,1,WG,,WG,1,1,2022-12-13,2023-11-30,2022-12-13/2023-11-30,False,Australia,10.7914/xagc-se62,Trillium Dome 120PA
unattributed,"no ANSIR/AuScope record, not ANU-built",broadband,,False,Nanometrics,Trillium Dome 120PA,3238,False,,False,False,sensor,1,WG,,WG,1,1,2022-12-21,2023-11-30,2022-12-21/2023-11-30,False,Australia,10.7914/xagc-se62,Trillium Dome 120PA
unattributed,"no ANSIR/AuScope record, not ANU-built",broadband,,False,Nanometrics,Trillium Dome 120PA,453002101,False,,False,False,sensor,1,WG,,WG,1,1,2022-12-06,2023-11-29,2022-12-06/2023-11-29,False,Australia,10.7914/xagc-se62,Trillium Dome 120PA
unattributed,"no ANSIR/AuScope record, not ANU-built",broadband,,False,Nanometrics,Trillium Dome 120PA,453002126,False,,False,False,sensor,1,WG,,WG,1,1,2022-12-14,2023-11-29,2022-12-14/2023-11-29,False,Australia,10.7914/xagc-se62,Trillium Dome 120PA
unattributed,"no ANSIR/AuScope record, not ANU-built",broadband,,False,Nanometrics,TrilliumCompact120PH,7817,False,,False,False,sensor,1,Y2,,Y2,1,1,2025-08-27,2026-02-13,2025-08-27/2026-02-13,False,Australia,,TrilliumCompact120PH
unattributed,"no ANSIR/AuScope record, not ANU-built",broadband,,False,Nanometrics,TrilliumCompact120PH,7989,False,,False,False,sensor,1,YW,,YW,1,1,2025-04-24,2025-12-31,2025-04-24/2025-12-31,False,Australia,,TrilliumCompact120PH
unattributed,"no ANSIR/AuScope record, not ANU-built",broadband,,False,Nanometrics,TrilliumCompact120PH,8714,False,,False,False,sensor,1,Y2,,Y2,1,1,2025-08-27,2026-02-13,2025-08-27/2026-02-13,False,Australia,,TrilliumCompact120PH
unattributed,"no ANSIR/AuScope record, not ANU-built",broadband,,False,Nanometrics,TrilliumCompact120PH,9230,False,,False,False,sensor,1,Y2,,Y2,1,1,2025-08-27,2026-02-13,2025-08-27/2026-02-13,False,Australia,,TrilliumCompact120PH
unattributed,"no ANSIR/AuScope record, not ANU-built",broadband,,False,Nanometrics,TrilliumCompact120PH,9836,False,,False,False,sensor,1,Y2,,Y2,1,1,2025-08-27,2026-02-13,2025-08-27/2026-02-13,False,Australia,,TrilliumCompact120PH
unattributed,"no ANSIR/AuScope record, not ANU-built",broadband,,False,Nanometrics,TrilliumCompact120PH,9837,False,,False,False,sensor,1,YW,,YW,1,1,2025-04-27,2025-12-31,2025-04-27/2025-12-31,False,Australia,,TrilliumCompact120PH
unattributed,"no ANSIR/AuScope record, not ANU-built",broadband,,False,Nanometrics,TrilliumCompact120PH,9850,False,,False,False,sensor,1,Y2,,Y2,1,1,2025-08-27,2026-02-14,2025-08-27/2026-02-14,False,Australia,,TrilliumCompact120PH
unattributed,"no ANSIR/AuScope record, not ANU-built",broadband,,False,Nanometrics,TrilliumCompact120PH,9853,False,,False,False,sensor,1,YW,,YW,1,1,2025-04-27,2025-12-31,2025-04-27/2025-12-31,False,Australia,,TrilliumCompact120PH
unattributed,"no ANSIR/AuScope record, not ANU-built",broadband,,False,Nanometrics,TrilliumCompact120PH,9867,False,,False,False,sensor,1,YW,,YW,1,1,2025-04-27,2025-12-31,2025-04-27/2025-12-31,False,Australia,,TrilliumCompact120PH
unattributed,"no ANSIR/AuScope record, not ANU-built",broadband,,False,Nanometrics,TrilliumCompact120PH,9874,False,,False,False,sensor,1,Y2,,Y2,1,1,2025-08-27,2026-02-13,2025-08-27/2026-02-13,False,Australia,,TrilliumCompact120PH
unattributed,"no ANSIR/AuScope record, not ANU-built",broadband,,False,REF TEK / Trimble,COLT120,117400,False,,False,False,sensor,1,WG,,WG,1,1,2022-11-18,2023-09-23,2022-11-18/2023-09-23,False,Australia,10.7914/xagc-se62,COLT120
unattributed,"no ANSIR/AuScope record, not ANU-built",broadband,,False,REF TEK / Trimble,COLT120,182001,False,,False,False,sensor,1,WG,,WG,1,1,2024-01-29,2025-03-09,2024-01-29/2025-03-09,False,,10.7914/xagc-se62,COLT120
unattributed,"no ANSIR/AuScope record, not ANU-built",broadband,,False,REF TEK / Trimble,COLT120,193018,False,,False,False,sensor,1,WG,,WG,1,3,2022-11-14,2026-05-18,2022-11-14/2026-05-18,False,Australia,10.7914/xagc-se62,COLT120
unattributed,"no ANSIR/AuScope record, not ANU-built",broadband,,False,REF TEK / Trimble,COLT120,193033,False,,False,False,sensor,1,WG,,WG,1,3,2022-11-16,2026-05-12,2022-11-16/2026-05-12,False,Australia,10.7914/xagc-se62,COLT120
unattributed,"no ANSIR/AuScope record, not ANU-built",broadband,,False,REF TEK / Trimble,COLT120,212005,False,,False,False,sensor,1,WG,,WG,1,1,2022-12-06,2023-11-27,2022-12-06/2023-11-27,False,Australia,10.7914/xagc-se62,COLT120
unattributed,"no ANSIR/AuScope record, not ANU-built",broadband,,False,REF TEK / Trimble,COLT120,212006,False,,False,False,sensor,1,WG,,WG,1,1,2022-12-06,2023-07-13,2022-12-06/2023-07-13,False,Australia,10.7914/xagc-se62,COLT120
unattributed,"no ANSIR/AuScope record, not ANU-built",broadband,,False,REF TEK / Trimble,COLT120,212007,False,,False,False,sensor,1,WG,,WG,1,1,2022-12-05,2023-11-27,2022-12-05/2023-11-27,False,Australia,10.7914/xagc-se62,COLT120
unattributed,"no ANSIR/AuScope record, not ANU-built",broadband,,False,REF TEK / Trimble,COLT120,212015,False,,False,False,sensor,1,WG,,WG,1,1,2022-12-06,2023-11-27,2022-12-06/2023-11-27,False,Australia,10.7914/xagc-se62,COLT120
unattributed,"no ANSIR/AuScope record, not ANU-built",broadband,,False,REF TEK / Trimble,COLT120,212020,False,,False,False,sensor,1,WG,,WG,1,2,2022-12-05,2025-03-08,2022-12-05/2025-03-08,False,Australia,10.7914/xagc-se62,COLT120
unattributed,"no ANSIR/AuScope record, not ANU-built",broadband,,False,REF TEK / Trimble,COLT120,213007,False,,False,False,sensor,1,WG,,WG,1,3,2022-11-16,2026-01-04,2022-11-16/2026-01-04,False,Australia,10.7914/xagc-se62,COLT120
unattributed,"no ANSIR/AuScope record, not ANU-built",broadband,,False,REF TEK / Trimble,COLT120,213013,False,,False,False,sensor,1,WG,,WG,1,3,2022-11-17,2026-05-15,2022-11-17/2026-05-15,False,Australia,10.7914/xagc-se62,COLT120
unattributed,"no ANSIR/AuScope record, not ANU-built",broadband,,False,REF TEK / Trimble,COLT120,213015,False,,False,False,sensor,1,WG,,WG,1,3,2022-11-15,2026-01-03,2022-11-15/2026-01-03,False,Australia,10.7914/xagc-se62,COLT120
unattributed,"no ANSIR/AuScope record, not ANU-built",broadband,,False,REF TEK / Trimble,COLT120,213018,False,,False,False,sensor,1,WG,,WG,1,2,2022-11-17,2024-08-31,2022-11-17/2024-08-31,False,Australia,10.7914/xagc-se62,COLT120
unattributed,"no ANSIR/AuScope record, not ANU-built",broadband,,False,REF TEK / Trimble,COLT120,213019,False,,False,False,sensor,1,WG,,WG,1,3,2022-11-15,2026-03-27,2022-11-15/2026-03-27,False,Australia,10.7914/xagc-se62,COLT120
unattributed,"no ANSIR/AuScope record, not ANU-built",broadband,,False,REF TEK / Trimble,COLT120,213021,False,,False,False,sensor,1,WG,,WG,1,3,2022-11-17,2026-05-17,2022-11-17/2026-05-17,False,Australia,10.7914/xagc-se62,COLT120
unattributed,"no ANSIR/AuScope record, not ANU-built",broadband,,False,REF TEK / Trimble,COLT120,213022,False,,False,False,sensor,1,WG,,WG,1,3,2022-11-20,2026-05-02,2022-11-20/2026-05-02,False,Australia,10.7914/xagc-se62,COLT120
unattributed,"no ANSIR/AuScope record, not ANU-built",broadband,,False,REF TEK / Trimble,COLT120,213023,False,,False,False,sensor,1,WG,,WG,1,3,2022-11-15,2026-05-13,2022-11-15/2026-05-13,False,Australia,10.7914/xagc-se62,COLT120
unattributed,"no ANSIR/AuScope record, not ANU-built",broadband,,False,REF TEK / Trimble,COLT120,213024,False,,False,False,sensor,1,WG,,WG,1,3,2022-11-30,2026-05-13,2022-11-30/2026-05-13,False,Australia,10.7914/xagc-se62,COLT120
unattributed,"no ANSIR/AuScope record, not ANU-built",broadband,,False,REF TEK / Trimble,COLT120,213025,False,,False,False,sensor,1,WG,,WG,1,3,2022-11-20,2026-05-07,2022-11-20/2026-05-07,False,Australia,10.7914/xagc-se62,COLT120
unattributed,"no ANSIR/AuScope record, not ANU-built",broadband,,False,REF TEK / Trimble,COLT120,213027,False,,False,False,sensor,1,WG,,WG,1,3,2022-11-15,2026-05-12,2022-11-15/2026-05-12,False,Australia,10.7914/xagc-se62,COLT120
unattributed,"no ANSIR/AuScope record, not ANU-built",broadband,,False,REF TEK / Trimble,COLT120,213029,False,,False,False,sensor,1,WG,,WG,1,3,2022-11-18,2026-05-15,2022-11-18/2026-05-15,False,Australia,10.7914/xagc-se62,COLT120
unattributed,"no ANSIR/AuScope record, not ANU-built",broadband,,False,REF TEK / Trimble,COLT120,213030,False,,False,False,sensor,1,WG,,WG,1,3,2022-11-16,2026-05-14,2022-11-16/2026-05-14,False,Australia,10.7914/xagc-se62,COLT120
unattributed,"no ANSIR/AuScope record, not ANU-built",broadband,,False,REF TEK / Trimble,COLT120,213031,False,,False,False,sensor,1,WG,,WG,1,3,2022-12-02,2026-05-17,2022-12-02/2026-05-17,False,Australia,10.7914/xagc-se62,COLT120
unattributed,"no ANSIR/AuScope record, not ANU-built",broadband,,False,REF TEK / Trimble,COLT120,213032,False,,False,False,sensor,1,WG,,WG,1,3,2022-11-16,2026-05-08,2022-11-16/2026-05-08,False,Australia,10.7914/xagc-se62,COLT120
unattributed,"no ANSIR/AuScope record, not ANU-built",broadband,,False,REF TEK / Trimble,COLT120,213033,False,,False,False,sensor,1,WG,,WG,1,3,2022-11-16,2026-05-02,2022-11-16/2026-05-02,False,Australia,10.7914/xagc-se62,COLT120
unattributed,"no ANSIR/AuScope record, not ANU-built",broadband,,False,REF TEK / Trimble,COLT120,213034,False,,False,False,sensor,1,WG,,WG,1,2,2024-08-26,2026-05-08,2024-08-26/2026-05-08,False,,10.7914/xagc-se62,COLT120
unattributed,"no ANSIR/AuScope record, not ANU-built",broadband,,False,REF TEK / Trimble,COLT120,213035,False,,False,False,sensor,1,WG,,WG,1,4,2022-11-15,2026-05-15,2022-11-15/2026-05-15,False,Australia,10.7914/xagc-se62,COLT120
unattributed,"no ANSIR/AuScope record, not ANU-built",broadband,,False,REF TEK / Trimble,COLT120,213036,False,,False,False,sensor,1,WG,,WG,1,3,2022-11-17,2026-05-17,2022-11-17/2026-05-17,False,Australia,10.7914/xagc-se62,COLT120
unattributed,"no ANSIR/AuScope record, not ANU-built",broadband,,False,REF TEK / Trimble,COLT120,213037,False,,False,False,sensor,1,WG,,WG,1,2,2024-04-24,2026-03-02,2024-04-24/2026-03-02,False,,10.7914/xagc-se62,COLT120
unattributed,"no ANSIR/AuScope record, not ANU-built",broadband,,False,REF TEK / Trimble,COLT120,213038,False,,False,False,sensor,1,WG,,WG,1,3,2022-11-18,2026-04-14,2022-11-18/2026-04-14,False,Australia,10.7914/xagc-se62,COLT120
unattributed,"no ANSIR/AuScope record, not ANU-built",broadband,,False,REF TEK / Trimble,COLT120,213039,False,,False,False,sensor,1,WG,,WG,1,3,2022-12-13,2025-11-24,2022-12-13/2025-11-24,False,Australia,10.7914/xagc-se62,COLT120
unattributed,"no ANSIR/AuScope record, not ANU-built",broadband,,False,REF TEK / Trimble,COLT120,213040,False,,False,False,sensor,1,WG,,WG,1,3,2022-11-17,2026-05-12,2022-11-17/2026-05-12,False,Australia,10.7914/xagc-se62,COLT120
unattributed,"no ANSIR/AuScope record, not ANU-built",broadband,,False,REF TEK / Trimble,COLT120,213043,False,,False,False,sensor,1,WG,,WG,1,3,2024-04-12,2026-05-15,2024-04-12/2026-05-15,False,,10.7914/xagc-se62,COLT120
unattributed,"no ANSIR/AuScope record, not ANU-built",broadband,,False,REF TEK / Trimble,COLT120,213047,False,,False,False,sensor,1,WG,,WG,1,2,2024-01-29,2026-05-09,2024-01-29/2026-05-09,False,,10.7914/xagc-se62,COLT120
unattributed,"no ANSIR/AuScope record, not ANU-built",broadband,,False,REF TEK / Trimble,COLT120,213048,False,,False,False,sensor,1,WG,,WG,1,2,2024-08-28,2026-05-15,2024-08-28/2026-05-15,False,,10.7914/xagc-se62,COLT120
unattributed,"no ANSIR/AuScope record, not ANU-built",broadband,,False,REF TEK / Trimble,COLT120,213052,False,,False,False,sensor,1,WG,,WG,1,2,2024-04-23,2026-04-06,2024-04-23/2026-04-06,False,,10.7914/xagc-se62,COLT120
unattributed,"no ANSIR/AuScope record, not ANU-built",broadband,,False,REF TEK / Trimble,COLT120,213053,False,,False,False,sensor,1,WG,,WG,1,2,2024-03-18,2026-02-05,2024-03-18/2026-02-05,False,,10.7914/xagc-se62,COLT120
unattributed,"no ANSIR/AuScope record, not ANU-built",broadband,,False,REF TEK / Trimble,COLT120,213054,False,,False,False,sensor,1,WG,,WG,1,2,2024-04-20,2026-05-07,2024-04-20/2026-05-07,False,,10.7914/xagc-se62,COLT120
unattributed,"no ANSIR/AuScope record, not ANU-built",broadband,,False,REF TEK / Trimble,COLT120,213055,False,,False,False,sensor,1,WG,,WG,1,1,2024-03-11,2024-08-30,2024-03-11/2024-08-30,False,,10.7914/xagc-se62,COLT120
unattributed,"no ANSIR/AuScope record, not ANU-built",broadband,,False,REF TEK / Trimble,COLT120,213056,False,,False,False,sensor,1,WG,,WG,1,2,2024-02-28,2026-05-07,2024-02-28/2026-05-07,False,,10.7914/xagc-se62,COLT120
unattributed,"no ANSIR/AuScope record, not ANU-built",broadband,,False,REF TEK / Trimble,COLT120,213057,False,,False,False,sensor,1,WG,,WG,1,2,2024-04-23,2026-05-08,2024-04-23/2026-05-08,False,,10.7914/xagc-se62,COLT120
unattributed,"no ANSIR/AuScope record, not ANU-built",broadband,,False,REF TEK / Trimble,COLT120,213058,False,,False,False,sensor,1,WG,,WG,1,2,2024-02-12,2026-05-11,2024-02-12/2026-05-11,False,,10.7914/xagc-se62,COLT120
unattributed,"no ANSIR/AuScope record, not ANU-built",broadband,,False,REF TEK / Trimble,COLT120,213059,False,,False,False,sensor,1,WG,,WG,1,2,2024-04-18,2026-04-24,2024-04-18/2026-04-24,False,,10.7914/xagc-se62,COLT120
unattributed,"no ANSIR/AuScope record, not ANU-built",broadband,,False,REF TEK / Trimble,COLT120,213060,False,,False,False,sensor,1,WG,,WG,1,2,2024-02-12,2026-05-15,2024-02-12/2026-05-15,False,,10.7914/xagc-se62,COLT120
unattributed,"no ANSIR/AuScope record, not ANU-built",broadband,,False,REF TEK / Trimble,COLT120,213061,False,,False,False,sensor,1,WG,,WG,1,2,2024-04-18,2026-05-17,2024-04-18/2026-05-17,False,,10.7914/xagc-se62,COLT120
unattributed,"no ANSIR/AuScope record, not ANU-built",broadband,,False,REF TEK / Trimble,COLT120,213062,False,,False,False,sensor,1,WG,,WG,1,2,2024-08-30,2026-05-15,2024-08-30/2026-05-15,False,,10.7914/xagc-se62,COLT120
unattributed,"no ANSIR/AuScope record, not ANU-built",broadband,,False,REF TEK / Trimble,COLT120,213063,False,,False,False,sensor,1,WG,,WG,1,2,2024-01-30,2026-04-24,2024-01-30/2026-04-24,False,,10.7914/xagc-se62,COLT120
unattributed,"no ANSIR/AuScope record, not ANU-built",broadband,,False,REF TEK / Trimble,COLT120,213064,False,,False,False,sensor,1,WG,,WG,1,2,2024-02-12,2026-05-17,2024-02-12/2026-05-17,False,,10.7914/xagc-se62,COLT120
unattributed,"no ANSIR/AuScope record, not ANU-built",broadband,,False,REF TEK / Trimble,COLT120,213065,False,,False,False,sensor,1,WG,,WG,1,2,2024-03-02,2026-02-19,2024-03-02/2026-02-19,False,,10.7914/xagc-se62,COLT120
unattributed,"no ANSIR/AuScope record, not ANU-built",broadband,,False,REF TEK / Trimble,COLT120,213066,False,,False,False,sensor,1,WG,,WG,1,2,2024-02-27,2026-05-18,2024-02-27/2026-05-18,False,,10.7914/xagc-se62,COLT120
unattributed,"no ANSIR/AuScope record, not ANU-built",broadband,,False,REF TEK / Trimble,COLT120,213067,False,,False,False,sensor,1,WG,,WG,1,2,2024-04-19,2026-04-16,2024-04-19/2026-04-16,False,,10.7914/xagc-se62,COLT120
unattributed,"no ANSIR/AuScope record, not ANU-built",broadband,,False,REF TEK / Trimble,COLT120,213071,False,,False,False,sensor,1,WG,,WG,1,2,2024-09-16,2026-05-08,2024-09-16/2026-05-08,False,,10.7914/xagc-se62,COLT120
unattributed,"no ANSIR/AuScope record, not ANU-built",broadband,,False,REF TEK / Trimble,COLT120,213072,False,,False,False,sensor,1,WG,,WG,1,2,2024-04-23,2026-05-13,2024-04-23/2026-05-13,False,,10.7914/xagc-se62,COLT120
unattributed,"no ANSIR/AuScope record, not ANU-built",broadband,,False,REF TEK / Trimble,COLT120,213073,False,,False,False,sensor,1,WG,,WG,1,2,2024-03-08,2026-05-10,2024-03-08/2026-05-10,False,,10.7914/xagc-se62,COLT120
unattributed,"no ANSIR/AuScope record, not ANU-built",broadband,,False,REF TEK / Trimble,COLT120,213074,False,,False,False,sensor,1,WG,,WG,1,2,2024-01-29,2026-05-15,2024-01-29/2026-05-15,False,,10.7914/xagc-se62,COLT120
unattributed,"no ANSIR/AuScope record, not ANU-built",broadband,,False,REF TEK / Trimble,COLT120,213075,False,,False,False,sensor,1,WG,,WG,1,2,2024-04-18,2026-05-17,2024-04-18/2026-05-17,False,,10.7914/xagc-se62,COLT120
unattributed,"no ANSIR/AuScope record, not ANU-built",broadband,,False,REF TEK / Trimble,COLT120,213076,False,,False,False,sensor,1,WG,,WG,1,1,2024-04-11,2025-03-11,2024-04-11/2025-03-11,False,,10.7914/xagc-se62,COLT120
unattributed,"no ANSIR/AuScope record, not ANU-built",broadband,,False,REF TEK / Trimble,COLT120,213078,False,,False,False,sensor,1,WG,,WG,1,2,2024-04-22,2026-05-13,2024-04-22/2026-05-13,False,,10.7914/xagc-se62,COLT120
unattributed,"no ANSIR/AuScope record, not ANU-built",broadband,,False,REF TEK / Trimble,COLT120,213079,False,,False,False,sensor,1,WG,,WG,1,2,2024-09-10,2026-05-14,2024-09-10/2026-05-14,False,,10.7914/xagc-se62,COLT120
unattributed,"no ANSIR/AuScope record, not ANU-built",broadband,,False,REF TEK / Trimble,COLT120,213080,False,,False,False,sensor,1,WG,,WG,1,2,2024-02-27,2026-05-12,2024-02-27/2026-05-12,False,,10.7914/xagc-se62,COLT120
unattributed,"no ANSIR/AuScope record, not ANU-built",broadband,,False,REF TEK / Trimble,COLT120,213081,False,,False,False,sensor,1,WG,,WG,1,2,2024-03-05,2026-05-09,2024-03-05/2026-05-09,False,,10.7914/xagc-se62,COLT120
unattributed,"no ANSIR/AuScope record, not ANU-built",broadband,,False,REF TEK / Trimble,COLT120,213082,False,,False,False,sensor,1,WG,,WG,1,2,2024-02-29,2026-05-03,2024-02-29/2026-05-03,False,,10.7914/xagc-se62,COLT120
unattributed,"no ANSIR/AuScope record, not ANU-built",broadband,,False,REF TEK / Trimble,COLT120,213083,False,,False,False,sensor,1,WG,,WG,1,2,2024-04-11,2026-05-07,2024-04-11/2026-05-07,False,,10.7914/xagc-se62,COLT120
unattributed,"no ANSIR/AuScope record, not ANU-built",broadband,,False,REF TEK / Trimble,COLT120,213084,False,,False,False,sensor,1,WG,,WG,1,2,2024-04-11,2026-05-13,2024-04-11/2026-05-13,False,,10.7914/xagc-se62,COLT120
unattributed,"no ANSIR/AuScope record, not ANU-built",broadband,,False,REF TEK / Trimble,COLT120,213085,False,,False,False,sensor,1,WG,,WG,1,2,2024-02-28,2026-05-14,2024-02-28/2026-05-14,False,,10.7914/xagc-se62,COLT120
unattributed,"no ANSIR/AuScope record, not ANU-built",broadband,,False,REF TEK / Trimble,COLT120,213086,False,,False,False,sensor,1,WG,,WG,1,1,2025-05-14,2026-05-16,2025-05-14/2026-05-16,False,,10.7914/xagc-se62,COLT120
unattributed,"no ANSIR/AuScope record, not ANU-built",broadband,,False,REF TEK / Trimble,COLT120,213087,False,,False,False,sensor,1,WG,,WG,1,2,2024-02-12,2026-05-14,2024-02-12/2026-05-14,False,,10.7914/xagc-se62,COLT120
unattributed,"no ANSIR/AuScope record, not ANU-built",broadband,,False,REF TEK / Trimble,COLT120,213088,False,,False,False,sensor,1,WG,,WG,1,2,2024-03-05,2026-05-13,2024-03-05/2026-05-13,False,,10.7914/xagc-se62,COLT120
unattributed,"no ANSIR/AuScope record, not ANU-built",broadband,,False,REF TEK / Trimble,COLT120,213089,False,,False,False,sensor,1,WG,,WG,1,2,2024-02-29,2025-12-31,2024-02-29/2025-12-31,False,,10.7914/xagc-se62,COLT120
unattributed,"no ANSIR/AuScope record, not ANU-built",broadband,,False,REF TEK / Trimble,COLT120,213090,False,,False,False,sensor,1,WG,,WG,1,2,2024-02-27,2026-05-14,2024-02-27/2026-05-14,False,,10.7914/xagc-se62,COLT120
unattributed,"no ANSIR/AuScope record, not ANU-built",broadband,,False,REF TEK / Trimble,COLT120,213091,False,,False,False,sensor,1,WG,,WG,1,2,2024-03-03,2026-05-07,2024-03-03/2026-05-07,False,,10.7914/xagc-se62,COLT120
unattributed,"no ANSIR/AuScope record, not ANU-built",broadband,,False,REF TEK / Trimble,COLT120,213092,False,,False,False,sensor,1,WG,,WG,1,2,2024-04-10,2026-05-14,2024-04-10/2026-05-14,False,,10.7914/xagc-se62,COLT120
unattributed,"no ANSIR/AuScope record, not ANU-built",broadband,,False,REF TEK / Trimble,COLT120,213094,False,,False,False,sensor,1,WG,,WG,1,2,2024-04-22,2026-04-23,2024-04-22/2026-04-23,False,,10.7914/xagc-se62,COLT120
unattributed,"no ANSIR/AuScope record, not ANU-built",broadband,,False,REF TEK / Trimble,COLT120,213095,False,,False,False,sensor,1,WG,,WG,1,2,2024-04-10,2026-05-14,2024-04-10/2026-05-14,False,,10.7914/xagc-se62,COLT120
unattributed,"no ANSIR/AuScope record, not ANU-built",broadband,,False,REF TEK / Trimble,COLT120,213096,False,,False,False,sensor,1,WG,,WG,1,2,2024-04-22,2026-05-17,2024-04-22/2026-05-17,False,,10.7914/xagc-se62,COLT120
unattributed,"no ANSIR/AuScope record, not ANU-built",broadband,,False,REF TEK / Trimble,COLT120,213097,False,,False,False,sensor,1,WG,,WG,1,2,2024-09-04,2026-01-30,2024-09-04/2026-01-30,False,,10.7914/xagc-se62,COLT120
unattributed,"no ANSIR/AuScope record, not ANU-built",broadband,,False,REF TEK / Trimble,COLT120,213100,False,,False,False,sensor,1,WG,,WG,1,2,2024-04-26,2026-05-12,2024-04-26/2026-05-12,False,,10.7914/xagc-se62,COLT120
unattributed,"no ANSIR/AuScope record, not ANU-built",broadband,,False,REF TEK / Trimble,COLT120,213101,False,,False,False,sensor,1,WG,,WG,1,2,2024-09-12,2026-01-08,2024-09-12/2026-01-08,False,,10.7914/xagc-se62,COLT120
unattributed,"no ANSIR/AuScope record, not ANU-built",broadband,,False,REF TEK / Trimble,COLT120,213102,False,,False,False,sensor,1,WG,,WG,1,1,2025-05-19,2026-05-01,2025-05-19/2026-05-01,False,,10.7914/xagc-se62,COLT120
unattributed,"no ANSIR/AuScope record, not ANU-built",broadband,,False,REF TEK / Trimble,COLT120,213103,False,,False,False,sensor,1,WG,,WG,1,1,2025-05-24,2026-05-15,2025-05-24/2026-05-15,False,,10.7914/xagc-se62,COLT120
unattributed,"no ANSIR/AuScope record, not ANU-built",broadband,,False,REF TEK / Trimble,COLT120,213104,False,,False,False,sensor,1,WG,,WG,1,2,2024-09-12,2026-05-18,2024-09-12/2026-05-18,False,,10.7914/xagc-se62,COLT120
unattributed,"no ANSIR/AuScope record, not ANU-built",broadband,,False,REF TEK / Trimble,COLT120,213106,False,,False,False,sensor,1,WG,,WG,1,1,2025-05-18,2026-05-16,2025-05-18/2026-05-16,False,,10.7914/xagc-se62,COLT120
unattributed,"no ANSIR/AuScope record, not ANU-built",broadband,,False,REF TEK / Trimble,COLT120,213107,False,,False,False,sensor,1,WG,,WG,1,1,2025-05-16,2026-05-16,2025-05-16/2026-05-16,False,,10.7914/xagc-se62,COLT120
unattributed,"no ANSIR/AuScope record, not ANU-built",broadband,,False,REF TEK / Trimble,COLT120,213108,False,,False,False,sensor,1,WG,,WG,1,1,2025-05-30,2026-05-03,2025-05-30/2026-05-03,False,,10.7914/xagc-se62,COLT120
unattributed,"no ANSIR/AuScope record, not ANU-built",broadband,,False,REF TEK / Trimble,COLT120,213109,False,,False,False,sensor,1,WG,,WG,1,1,2025-05-21,2026-05-01,2025-05-21/2026-05-01,False,,10.7914/xagc-se62,COLT120
unattributed,"no ANSIR/AuScope record, not ANU-built",broadband,,False,REF TEK / Trimble,COLT120,2133093,False,,False,False,sensor,1,WG,,WG,1,1,2025-11-03,2026-03-29,2025-11-03/2026-03-29,False,,10.7914/xagc-se62,COLT120
unattributed,"no ANSIR/AuScope record, not ANU-built",broadband,,False,REF TEK / Trimble,COLT120,243005,False,,False,False,sensor,1,WG,,WG,1,1,2025-05-25,2026-01-23,2025-05-25/2026-01-23,False,,10.7914/xagc-se62,COLT120
unattributed,"no ANSIR/AuScope record, not ANU-built",broadband,,False,REF TEK / Trimble,COLT120,243006,False,,False,False,sensor,1,WG,,WG,1,1,2025-05-08,2026-05-17,2025-05-08/2026-05-17,False,,10.7914/xagc-se62,COLT120
unattributed,"no ANSIR/AuScope record, not ANU-built",broadband,,False,REF TEK / Trimble,COLT120,243009,False,,False,False,sensor,1,WG,,WG,1,2,2025-05-08,2026-05-23,2025-05-08/2026-05-23,False,,10.7914/xagc-se62,COLT120
unattributed,"no ANSIR/AuScope record, not ANU-built",broadband,,False,REF TEK / Trimble,COLT120,243010,False,,False,False,sensor,1,WG,,WG,1,1,2025-05-15,2026-05-13,2025-05-15/2026-05-13,False,,10.7914/xagc-se62,COLT120
unattributed,"no ANSIR/AuScope record, not ANU-built",broadband,,False,REF TEK / Trimble,COLT120,243026,False,,False,False,sensor,1,WG,,WG,1,1,2025-05-14,2026-05-04,2025-05-14/2026-05-04,False,,10.7914/xagc-se62,COLT120
unattributed,"no ANSIR/AuScope record, not ANU-built",broadband,,False,REF TEK / Trimble,COLT120,243027,False,,False,False,sensor,1,WG,,WG,1,2,2025-05-08,2026-05-09,2025-05-08/2026-05-09,False,,10.7914/xagc-se62,COLT120
unattributed,"no ANSIR/AuScope record, not ANU-built",broadband,,False,REF TEK / Trimble,COLT120,243028,False,,False,False,sensor,1,WG,,WG,1,1,2025-05-16,2025-12-04,2025-05-16/2025-12-04,False,,10.7914/xagc-se62,COLT120
unattributed,"no ANSIR/AuScope record, not ANU-built",broadband,,False,REF TEK / Trimble,COLT120,243029,False,,False,False,sensor,1,WG,,WG,1,1,2025-05-25,2026-05-08,2025-05-25/2026-05-08,False,,10.7914/xagc-se62,COLT120
unattributed,"no ANSIR/AuScope record, not ANU-built",broadband,,False,REF TEK / Trimble,COLT120,253005,False,,False,False,sensor,1,WG,,WG,1,1,2025-07-05,2026-05-23,2025-07-05/2026-05-23,False,,10.7914/xagc-se62,COLT120
unattributed,"no ANSIR/AuScope record, not ANU-built",broadband,,False,REF TEK / Trimble,COLT120,253006,False,,False,False,sensor,1,WG,,WG,1,1,2025-05-08,2026-05-23,2025-05-08/2026-05-23,False,,10.7914/xagc-se62,COLT120
unattributed,"no ANSIR/AuScope record, not ANU-built",broadband,,False,REF TEK / Trimble,COLT120,253009,False,,False,False,sensor,1,WG,,WG,1,1,2025-07-05,2026-05-08,2025-07-05/2026-05-08,False,,10.7914/xagc-se62,COLT120
unattributed,"no ANSIR/AuScope record, not ANU-built",broadband,,False,REF TEK / Trimble,COLT60,162002,False,,False,False,sensor,1,WG,,WG,1,1,2024-02-12,2025-03-08,2024-02-12/2025-03-08,False,,10.7914/xagc-se62,COLT60
unattributed,"no ANSIR/AuScope record, not ANU-built",broadband,,False,REF TEK / Trimble,COLT60,182001,False,,False,False,sensor,1,WG,,WG,1,2,2022-11-30,2026-04-25,2022-11-30/2026-04-25,False,Australia,10.7914/xagc-se62,COLT60
unattributed,"no ANSIR/AuScope record, not ANU-built",broadband,,False,REF TEK / Trimble,COLT60,182002,False,,False,False,sensor,1,WG,,WG,1,1,2022-12-01,2023-11-28,2022-12-01/2023-11-28,False,Australia,10.7914/xagc-se62,COLT60
unattributed,"no ANSIR/AuScope record, not ANU-built",broadband,,False,REF TEK / Trimble,COLT60,192003,False,,False,False,sensor,1,WG,,WG,1,3,2022-11-30,2026-05-03,2022-11-30/2026-05-03,False,Australia,10.7914/xagc-se62,COLT60
unattributed,"no ANSIR/AuScope record, not ANU-built",broadband,,False,REF TEK / Trimble,COLT60,192008,False,,False,False,sensor,1,WG,,WG,1,3,2022-12-12,2026-05-10,2022-12-12/2026-05-10,False,Australia,10.7914/xagc-se62,COLT60
unattributed,"no ANSIR/AuScope record, not ANU-built",broadband,,False,REF TEK / Trimble,COLT60,192015,False,,False,False,sensor,1,WG,,WG,1,2,2022-12-01,2025-03-19,2022-12-01/2025-03-19,False,Australia,10.7914/xagc-se62,COLT60
unattributed,"no ANSIR/AuScope record, not ANU-built",broadband,,False,REF TEK / Trimble,COLT60,212002,False,,False,False,sensor,1,WG,,WG,1,3,2022-12-12,2025-10-24,2022-12-12/2025-10-24,False,Australia,10.7914/xagc-se62,COLT60
unattributed,"no ANSIR/AuScope record, not ANU-built",broadband,,False,REF TEK / Trimble,COLT60,212005,False,,False,False,sensor,1,WG,,WG,1,2,2024-03-02,2026-05-13,2024-03-02/2026-05-13,False,,10.7914/xagc-se62,COLT60
unattributed,"no ANSIR/AuScope record, not ANU-built",broadband,,False,REF TEK / Trimble,COLT60,212006,False,,False,False,sensor,1,WG,,WG,1,1,2025-05-22,2026-02-09,2025-05-22/2026-02-09,False,,10.7914/xagc-se62,COLT60
unattributed,"no ANSIR/AuScope record, not ANU-built",broadband,,False,REF TEK / Trimble,COLT60,212007,False,,False,False,sensor,1,WG,,WG,1,2,2024-09-16,2026-01-08,2024-09-16/2026-01-08,False,,10.7914/xagc-se62,COLT60
unattributed,"no ANSIR/AuScope record, not ANU-built",broadband,,False,REF TEK / Trimble,COLT60,212009,False,,False,False,sensor,1,WG,,WG,1,2,2024-04-20,2026-05-10,2024-04-20/2026-05-10,False,,10.7914/xagc-se62,COLT60
unattributed,"no ANSIR/AuScope record, not ANU-built",broadband,,False,REF TEK / Trimble,COLT60,212015,False,,False,False,sensor,1,WG,,WG,1,2,2024-01-24,2026-05-07,2024-01-24/2026-05-07,False,,10.7914/xagc-se62,COLT60
unattributed,"no ANSIR/AuScope record, not ANU-built",broadband,,False,REF TEK / Trimble,COLT60,212019,False,,False,False,sensor,1,WG,,WG,1,2,2024-02-28,2026-05-14,2024-02-28/2026-05-14,False,,10.7914/xagc-se62,COLT60
unattributed,"no ANSIR/AuScope record, not ANU-built",broadband,,False,REF TEK / Trimble,COLT60,212020,False,,False,False,sensor,1,WG,,WG,1,1,2025-05-17,2026-03-01,2025-05-17/2026-03-01,False,,10.7914/xagc-se62,COLT60
unattributed,"no ANSIR/AuScope record, not ANU-built",broadband,,False,REF TEK / Trimble,COLT60,212021,False,,False,False,sensor,1,WG,,WG,1,2,2024-03-04,2026-05-13,2024-03-04/2026-05-13,False,,10.7914/xagc-se62,COLT60
unattributed,"no ANSIR/AuScope record, not ANU-built",broadband,,False,REF TEK / Trimble,COLT60,212026,False,,False,False,sensor,1,WG,,WG,1,2,2024-03-08,2026-05-13,2024-03-08/2026-05-13,False,,10.7914/xagc-se62,COLT60
unattributed,"no ANSIR/AuScope record, not ANU-built",broadband,,False,REF TEK / Trimble,COLT60,212028,False,,False,False,sensor,1,WG,,WG,1,2,2024-03-06,2026-05-05,2024-03-06/2026-05-05,False,,10.7914/xagc-se62,COLT60
unattributed,"no ANSIR/AuScope record, not ANU-built",datalogger,,False,REF TEK / Trimble,RefTek RT-72A05,7017,False,,False,False,datalogger,1,7F,,7F,1,1,1999-03-26,1999-10-03,1999-03-26/1999-10-03,False,Australia,,RefTek RT-72A05
unattributed,"no ANSIR/AuScope record, not ANU-built",datalogger,,False,REF TEK / Trimble,RefTek RT-72A05,7018,False,,False,False,datalogger,1,7F,,7F,1,1,1999-03-22,1999-06-12,1999-03-22/1999-06-12,False,Australia,,RefTek RT-72A05
unattributed,"no ANSIR/AuScope record, not ANU-built",datalogger,,False,REF TEK / Trimble,RefTek RT-72A05,7019,False,,False,False,datalogger,2,7F; 7H,,7F; 7H,2,2,1999-03-24,2002-07-18,1999-03-24/2002-07-18,False,Australia,,RefTek RT-72A05
unattributed,"no ANSIR/AuScope record, not ANU-built",datalogger,,False,REF TEK / Trimble,RefTek RT-72A05,7020,False,,False,False,datalogger,2,7F; 7H,,7F; 7H,2,2,1999-05-14,2002-05-15,1999-05-14/2002-05-15,False,Australia,,RefTek RT-72A05
unattributed,"no ANSIR/AuScope record, not ANU-built",datalogger,,False,REF TEK / Trimble,RefTek RT-72A05,7021,False,,False,False,datalogger,1,7F,,7F,1,1,1999-03-25,1999-10-28,1999-03-25/1999-10-28,False,Australia,,RefTek RT-72A05
unattributed,"no ANSIR/AuScope record, not ANU-built",datalogger,,False,REF TEK / Trimble,RefTek RT-72A05,7022,False,,False,False,datalogger,2,7F; 7H,,7F; 7H,2,2,1999-05-12,2002-05-15,1999-05-12/2002-05-15,False,Australia,,RefTek RT-72A05
unattributed,"no ANSIR/AuScope record, not ANU-built",datalogger,,False,REF TEK / Trimble,RefTek RT-72A05,7023,False,,False,False,datalogger,2,7F; 7H,,7F; 7H,2,2,1999-04-21,2002-05-19,1999-04-21/2002-05-19,False,Australia,,RefTek RT-72A05
unattributed,"no ANSIR/AuScope record, not ANU-built",datalogger,,False,REF TEK / Trimble,RefTek RT-72A05,7169,False,,False,False,datalogger,2,7F; 7H,,7F; 7H,2,2,1999-03-24,2002-05-14,1999-03-24/2002-05-14,False,Australia,,RefTek RT-72A05
unattributed,"no ANSIR/AuScope record, not ANU-built",datalogger,,False,REF TEK / Trimble,RefTek RT-72A05,7170,False,,False,False,datalogger,2,7F; 7H,,7F; 7H,2,2,1999-03-22,2002-05-15,1999-03-22/2002-05-15,False,Australia,,RefTek RT-72A05
unattributed,"no ANSIR/AuScope record, not ANU-built",datalogger,,False,REF TEK / Trimble,RefTek RT-72A07,7071,False,,False,False,datalogger,1,7I,,7I,1,1,2003-05-06,2004-03-13,2003-05-06/2004-03-13,False,Australia,10.7914/SN/7I_2003,RefTek RT-72A07
unattributed,"no ANSIR/AuScope record, not ANU-built",datalogger,,False,REF TEK / Trimble,RefTek RT-72A07,7169,False,,False,False,datalogger,1,7I,,7I,1,1,2003-05-04,2005-08-17,2003-05-04/2005-08-17,False,Australia,10.7914/SN/7I_2003,RefTek RT-72A07
unattributed,"no ANSIR/AuScope record, not ANU-built",datalogger,,False,REF TEK / Trimble,Reftek WRANGLER,3032B,False,,False,False,datalogger,1,WG,,WG,1,2,2022-11-30,2024-08-31,2022-11-30/2024-08-31,False,Australia,10.7914/xagc-se62,Reftek WRANGLER
unattributed,"no ANSIR/AuScope record, not ANU-built",datalogger,,False,REF TEK / Trimble,Reftek WRANGLER,30400,False,,False,False,datalogger,1,WG,,WG,1,1,2024-09-10,2025-03-06,2024-09-10/2025-03-06,False,,10.7914/xagc-se62,Reftek WRANGLER
unattributed,"no ANSIR/AuScope record, not ANU-built",datalogger,,False,REF TEK / Trimble,Reftek WRANGLER,30430,False,,False,False,datalogger,1,WG,,WG,1,2,2024-04-19,2026-02-05,2024-04-19/2026-02-05,False,,10.7914/xagc-se62,Reftek WRANGLER
unattributed,"no ANSIR/AuScope record, not ANU-built",datalogger,,False,REF TEK / Trimble,Reftek WRANGLER,30433,False,,False,False,datalogger,1,WG,,WG,1,3,2022-11-15,2026-05-15,2022-11-15/2026-05-15,False,Australia,10.7914/xagc-se62,Reftek WRANGLER
unattributed,"no ANSIR/AuScope record, not ANU-built",datalogger,,False,REF TEK / Trimble,Reftek WRANGLER,30435,False,,False,False,datalogger,1,WG,,WG,1,3,2022-11-18,2026-05-18,2022-11-18/2026-05-18,False,Australia,10.7914/xagc-se62,Reftek WRANGLER
unattributed,"no ANSIR/AuScope record, not ANU-built",datalogger,,False,REF TEK / Trimble,Reftek WRANGLER,3044E,False,,False,False,datalogger,1,WG,,WG,1,3,2022-12-13,2026-05-12,2022-12-13/2026-05-12,False,Australia,10.7914/xagc-se62,Reftek WRANGLER
unattributed,"no ANSIR/AuScope record, not ANU-built",datalogger,,False,REF TEK / Trimble,Reftek WRANGLER,3047A,False,,False,False,datalogger,1,WG,,WG,1,1,2025-05-15,2026-05-13,2025-05-15/2026-05-13,False,,10.7914/xagc-se62,Reftek WRANGLER
unattributed,"no ANSIR/AuScope record, not ANU-built",datalogger,,False,REF TEK / Trimble,Reftek WRANGLER,3047B,False,,False,False,datalogger,1,WG,,WG,1,3,2022-12-12,2026-05-07,2022-12-12/2026-05-07,False,Australia,10.7914/xagc-se62,Reftek WRANGLER
unattributed,"no ANSIR/AuScope record, not ANU-built",datalogger,,False,REF TEK / Trimble,Reftek WRANGLER,30490,False,,False,False,datalogger,1,WG,,WG,1,2,2024-04-22,2026-01-08,2024-04-22/2026-01-08,False,,10.7914/xagc-se62,Reftek WRANGLER
unattributed,"no ANSIR/AuScope record, not ANU-built",datalogger,,False,REF TEK / Trimble,Reftek WRANGLER,30492,False,,False,False,datalogger,1,WG,,WG,1,3,2022-11-17,2026-05-09,2022-11-17/2026-05-09,False,Australia,10.7914/xagc-se62,Reftek WRANGLER
unattributed,"no ANSIR/AuScope record, not ANU-built",datalogger,,False,REF TEK / Trimble,Reftek WRANGLER,30494,False,,False,False,datalogger,1,WG,,WG,1,2,2024-03-01,2026-01-30,2024-03-01/2026-01-30,False,,10.7914/xagc-se62,Reftek WRANGLER
unattributed,"no ANSIR/AuScope record, not ANU-built",datalogger,,False,REF TEK / Trimble,Reftek WRANGLER,30496,False,,False,False,datalogger,1,WG,,WG,1,3,2022-11-16,2026-05-17,2022-11-16/2026-05-17,False,Australia,10.7914/xagc-se62,Reftek WRANGLER
unattributed,"no ANSIR/AuScope record, not ANU-built",datalogger,,False,REF TEK / Trimble,Reftek WRANGLER,304B7,False,,False,False,datalogger,1,WG,,WG,1,3,2022-11-17,2025-11-24,2022-11-17/2025-11-24,False,Australia,10.7914/xagc-se62,Reftek WRANGLER
unattributed,"no ANSIR/AuScope record, not ANU-built",datalogger,,False,REF TEK / Trimble,Reftek WRANGLER,304C5,False,,False,False,datalogger,1,WG,,WG,1,3,2022-11-30,2026-05-12,2022-11-30/2026-05-12,False,Australia,10.7914/xagc-se62,Reftek WRANGLER
unattributed,"no ANSIR/AuScope record, not ANU-built",datalogger,,False,REF TEK / Trimble,Reftek WRANGLER,304C6,False,,False,False,datalogger,1,WG,,WG,1,3,2022-11-17,2026-05-10,2022-11-17/2026-05-10,False,Australia,10.7914/xagc-se62,Reftek WRANGLER
unattributed,"no ANSIR/AuScope record, not ANU-built",datalogger,,False,REF TEK / Trimble,Reftek WRANGLER,304C7,False,,False,False,datalogger,1,WG,,WG,1,2,2022-11-14,2026-05-17,2022-11-14/2026-05-17,False,Australia,10.7914/xagc-se62,Reftek WRANGLER
unattributed,"no ANSIR/AuScope record, not ANU-built",datalogger,,False,REF TEK / Trimble,Reftek WRANGLER,304C8,False,,False,False,datalogger,1,WG,,WG,1,3,2022-11-17,2026-01-23,2022-11-17/2026-01-23,False,Australia,10.7914/xagc-se62,Reftek WRANGLER
unattributed,"no ANSIR/AuScope record, not ANU-built",datalogger,,False,REF TEK / Trimble,Reftek WRANGLER,304C9,False,,False,False,datalogger,1,WG,,WG,1,3,2022-12-05,2026-05-17,2022-12-05/2026-05-17,False,Australia,10.7914/xagc-se62,Reftek WRANGLER
unattributed,"no ANSIR/AuScope record, not ANU-built",datalogger,,False,REF TEK / Trimble,Reftek WRANGLER,304CA,False,,False,False,datalogger,1,WG,,WG,1,3,2022-12-01,2026-05-03,2022-12-01/2026-05-03,False,Australia,10.7914/xagc-se62,Reftek WRANGLER
unattributed,"no ANSIR/AuScope record, not ANU-built",datalogger,,False,REF TEK / Trimble,Reftek WRANGLER,304CB,False,,False,False,datalogger,1,WG,,WG,1,3,2022-11-15,2026-05-15,2022-11-15/2026-05-15,False,Australia,10.7914/xagc-se62,Reftek WRANGLER
unattributed,"no ANSIR/AuScope record, not ANU-built",datalogger,,False,REF TEK / Trimble,Reftek WRANGLER,304CF,False,,False,False,datalogger,1,WG,,WG,1,3,2022-11-15,2026-05-08,2022-11-15/2026-05-08,False,Australia,10.7914/xagc-se62,Reftek WRANGLER
unattributed,"no ANSIR/AuScope record, not ANU-built",datalogger,,False,REF TEK / Trimble,Reftek WRANGLER,304D0,False,,False,False,datalogger,1,WG,,WG,1,3,2022-11-16,2026-05-17,2022-11-16/2026-05-17,False,Australia,10.7914/xagc-se62,Reftek WRANGLER
unattributed,"no ANSIR/AuScope record, not ANU-built",datalogger,,False,REF TEK / Trimble,Reftek WRANGLER,304D1,False,,False,False,datalogger,1,WG,,WG,1,3,2022-12-06,2026-05-07,2022-12-06/2026-05-07,False,Australia,10.7914/xagc-se62,Reftek WRANGLER
unattributed,"no ANSIR/AuScope record, not ANU-built",datalogger,,False,REF TEK / Trimble,Reftek WRANGLER,304D2,False,,False,False,datalogger,1,WG,,WG,1,3,2022-11-16,2026-05-03,2022-11-16/2026-05-03,False,Australia,10.7914/xagc-se62,Reftek WRANGLER
unattributed,"no ANSIR/AuScope record, not ANU-built",datalogger,,False,REF TEK / Trimble,Reftek WRANGLER,304D3,False,,False,False,datalogger,1,WG,,WG,1,1,2022-11-20,2023-11-27,2022-11-20/2023-11-27,False,Australia,10.7914/xagc-se62,Reftek WRANGLER
unattributed,"no ANSIR/AuScope record, not ANU-built",datalogger,,False,REF TEK / Trimble,Reftek WRANGLER,304D7,False,,False,False,datalogger,1,WG,,WG,1,3,2022-12-12,2026-05-13,2022-12-12/2026-05-13,False,Australia,10.7914/xagc-se62,Reftek WRANGLER
unattributed,"no ANSIR/AuScope record, not ANU-built",datalogger,,False,REF TEK / Trimble,Reftek WRANGLER,304D8,False,,False,False,datalogger,1,WG,,WG,1,3,2022-12-06,2026-05-13,2022-12-06/2026-05-13,False,Australia,10.7914/xagc-se62,Reftek WRANGLER
unattributed,"no ANSIR/AuScope record, not ANU-built",datalogger,,False,REF TEK / Trimble,Reftek WRANGLER,304DE,False,,False,False,datalogger,1,WG,,WG,1,3,2022-12-01,2026-01-04,2022-12-01/2026-01-04,False,Australia,10.7914/xagc-se62,Reftek WRANGLER
unattributed,"no ANSIR/AuScope record, not ANU-built",datalogger,,False,REF TEK / Trimble,Reftek WRANGLER,304DF,False,,False,False,datalogger,1,WG,,WG,1,3,2022-11-15,2026-05-12,2022-11-15/2026-05-12,False,Australia,10.7914/xagc-se62,Reftek WRANGLER
unattributed,"no ANSIR/AuScope record, not ANU-built",datalogger,,False,REF TEK / Trimble,Reftek WRANGLER,304DS3,False,,False,False,datalogger,1,WG,,WG,1,1,2024-03-02,2025-03-07,2024-03-02/2025-03-07,False,,10.7914/xagc-se62,Reftek WRANGLER
unattributed,"no ANSIR/AuScope record, not ANU-built",datalogger,,False,REF TEK / Trimble,Reftek WRANGLER,304E0,False,,False,False,datalogger,1,WG,,WG,1,3,2022-12-02,2026-02-19,2022-12-02/2026-02-19,False,Australia,10.7914/xagc-se62,Reftek WRANGLER
unattributed,"no ANSIR/AuScope record, not ANU-built",datalogger,,False,REF TEK / Trimble,Reftek WRANGLER,304E1,False,,False,False,datalogger,1,WG,,WG,1,3,2022-11-16,2026-04-24,2022-11-16/2026-04-24,False,Australia,10.7914/xagc-se62,Reftek WRANGLER
unattributed,"no ANSIR/AuScope record, not ANU-built",datalogger,,False,REF TEK / Trimble,Reftek WRANGLER,304E2,False,,False,False,datalogger,1,WG,,WG,1,2,2022-11-30,2026-05-01,2022-11-30/2026-05-01,False,Australia,10.7914/xagc-se62,Reftek WRANGLER
unattributed,"no ANSIR/AuScope record, not ANU-built",datalogger,,False,REF TEK / Trimble,Reftek WRANGLER,304E3,False,,False,False,datalogger,1,WG,,WG,1,3,2022-11-17,2026-05-23,2022-11-17/2026-05-23,False,Australia,10.7914/xagc-se62,Reftek WRANGLER
unattributed,"no ANSIR/AuScope record, not ANU-built",datalogger,,False,REF TEK / Trimble,Reftek WRANGLER,304EA,False,,False,False,datalogger,1,WG,,WG,1,3,2022-12-06,2026-05-12,2022-12-06/2026-05-12,False,Australia,10.7914/xagc-se62,Reftek WRANGLER
unattributed,"no ANSIR/AuScope record, not ANU-built",datalogger,,False,REF TEK / Trimble,Reftek WRANGLER,304EC,False,,False,False,datalogger,1,WG,,WG,1,3,2022-12-05,2026-05-10,2022-12-05/2026-05-10,False,Australia,10.7914/xagc-se62,Reftek WRANGLER
unattributed,"no ANSIR/AuScope record, not ANU-built",datalogger,,False,REF TEK / Trimble,Reftek WRANGLER,304F1,False,,False,False,datalogger,1,WG,,WG,1,2,2024-04-20,2026-05-15,2024-04-20/2026-05-15,False,,10.7914/xagc-se62,Reftek WRANGLER
unattributed,"no ANSIR/AuScope record, not ANU-built",datalogger,,False,REF TEK / Trimble,Reftek WRANGLER,3050C,False,,False,False,datalogger,1,WG,,WG,1,3,2022-11-16,2026-03-27,2022-11-16/2026-03-27,False,Australia,10.7914/xagc-se62,Reftek WRANGLER
unattributed,"no ANSIR/AuScope record, not ANU-built",datalogger,,False,REF TEK / Trimble,Reftek WRANGLER,3050D,False,,False,False,datalogger,1,WG,,WG,1,3,2022-11-18,2026-05-13,2022-11-18/2026-05-13,False,Australia,10.7914/xagc-se62,Reftek WRANGLER
unattributed,"no ANSIR/AuScope record, not ANU-built",datalogger,,False,REF TEK / Trimble,Reftek WRANGLER,30511,False,,False,False,datalogger,1,WG,,WG,1,2,2024-04-20,2026-03-02,2024-04-20/2026-03-02,False,,10.7914/xagc-se62,Reftek WRANGLER
unattributed,"no ANSIR/AuScope record, not ANU-built",datalogger,,False,REF TEK / Trimble,Reftek WRANGLER,30514,False,,False,False,datalogger,1,WG,,WG,1,4,2022-11-20,2026-05-15,2022-11-20/2026-05-15,False,Australia,10.7914/xagc-se62,Reftek WRANGLER
unattributed,"no ANSIR/AuScope record, not ANU-built",datalogger,,False,REF TEK / Trimble,Reftek WRANGLER,30515,False,,False,False,datalogger,1,WG,,WG,1,2,2022-11-15,2026-05-15,2022-11-15/2026-05-15,False,Australia,10.7914/xagc-se62,Reftek WRANGLER
unattributed,"no ANSIR/AuScope record, not ANU-built",datalogger,,False,REF TEK / Trimble,Reftek WRANGLER,30516,False,,False,False,datalogger,1,WG,,WG,1,3,2022-11-18,2026-05-12,2022-11-18/2026-05-12,False,Australia,10.7914/xagc-se62,Reftek WRANGLER
unattributed,"no ANSIR/AuScope record, not ANU-built",datalogger,,False,REF TEK / Trimble,Reftek WRANGLER,305B2,False,,False,False,datalogger,1,WG,,WG,1,2,2024-01-24,2026-05-16,2024-01-24/2026-05-16,False,,10.7914/xagc-se62,Reftek WRANGLER
unattributed,"no ANSIR/AuScope record, not ANU-built",datalogger,,False,REF TEK / Trimble,Reftek WRANGLER,305C1,False,,False,False,datalogger,1,WG,,WG,1,2,2024-04-10,2026-05-08,2024-04-10/2026-05-08,False,,10.7914/xagc-se62,Reftek WRANGLER
unattributed,"no ANSIR/AuScope record, not ANU-built",datalogger,,False,REF TEK / Trimble,Reftek WRANGLER,305C3,False,,False,False,datalogger,1,WG,,WG,1,2,2024-04-17,2026-04-14,2024-04-17/2026-04-14,False,,10.7914/xagc-se62,Reftek WRANGLER
unattributed,"no ANSIR/AuScope record, not ANU-built",datalogger,,False,REF TEK / Trimble,Reftek WRANGLER,305EC,False,,False,False,datalogger,1,WG,,WG,1,2,2024-03-18,2026-04-16,2024-03-18/2026-04-16,False,,10.7914/xagc-se62,Reftek WRANGLER
unattributed,"no ANSIR/AuScope record, not ANU-built",datalogger,,False,REF TEK / Trimble,Reftek WRANGLER,305FD,False,,False,False,datalogger,1,WG,,WG,1,2,2024-04-18,2026-05-05,2024-04-18/2026-05-05,False,,10.7914/xagc-se62,Reftek WRANGLER
unattributed,"no ANSIR/AuScope record, not ANU-built",datalogger,,False,REF TEK / Trimble,Reftek WRANGLER,305FE,False,,False,False,datalogger,1,WG,,WG,1,2,2024-04-18,2026-05-17,2024-04-18/2026-05-17,False,,10.7914/xagc-se62,Reftek WRANGLER
unattributed,"no ANSIR/AuScope record, not ANU-built",datalogger,,False,REF TEK / Trimble,Reftek WRANGLER,3060A,False,,False,False,datalogger,1,WG,,WG,1,2,2024-02-12,2026-05-13,2024-02-12/2026-05-13,False,,10.7914/xagc-se62,Reftek WRANGLER
unattributed,"no ANSIR/AuScope record, not ANU-built",datalogger,,False,REF TEK / Trimble,Reftek WRANGLER,30613,False,,False,False,datalogger,1,WG,,WG,1,2,2024-03-18,2025-12-04,2024-03-18/2025-12-04,False,,10.7914/xagc-se62,Reftek WRANGLER
unattributed,"no ANSIR/AuScope record, not ANU-built",datalogger,,False,REF TEK / Trimble,Reftek WRANGLER,30615,False,,False,False,datalogger,1,WG,,WG,1,2,2024-01-30,2025-12-31,2024-01-30/2025-12-31,False,,10.7914/xagc-se62,Reftek WRANGLER
unattributed,"no ANSIR/AuScope record, not ANU-built",datalogger,,False,REF TEK / Trimble,Reftek WRANGLER,30618,False,,False,False,datalogger,1,WG,,WG,1,2,2024-08-30,2026-05-15,2024-08-30/2026-05-15,False,,10.7914/xagc-se62,Reftek WRANGLER
unattributed,"no ANSIR/AuScope record, not ANU-built",datalogger,,False,REF TEK / Trimble,Reftek WRANGLER,30619,False,,False,False,datalogger,1,WG,,WG,1,2,2024-09-04,2026-02-09,2024-09-04/2026-02-09,False,,10.7914/xagc-se62,Reftek WRANGLER
unattributed,"no ANSIR/AuScope record, not ANU-built",datalogger,,False,REF TEK / Trimble,Reftek WRANGLER,30622,False,,False,False,datalogger,1,WG,,WG,1,2,2024-04-23,2026-05-14,2024-04-23/2026-05-14,False,,10.7914/xagc-se62,Reftek WRANGLER
unattributed,"no ANSIR/AuScope record, not ANU-built",datalogger,,False,REF TEK / Trimble,Reftek WRANGLER,30623,False,,False,False,datalogger,1,WG,,WG,1,2,2024-04-11,2026-05-08,2024-04-11/2026-05-08,False,,10.7914/xagc-se62,Reftek WRANGLER
unattributed,"no ANSIR/AuScope record, not ANU-built",datalogger,,False,REF TEK / Trimble,Reftek WRANGLER,30625,False,,False,False,datalogger,1,WG,,WG,1,2,2024-02-28,2026-05-14,2024-02-28/2026-05-14,False,,10.7914/xagc-se62,Reftek WRANGLER
unattributed,"no ANSIR/AuScope record, not ANU-built",datalogger,,False,REF TEK / Trimble,Reftek WRANGLER,30626,False,,False,False,datalogger,1,WG,,WG,1,2,2024-01-29,2026-05-02,2024-01-29/2026-05-02,False,,10.7914/xagc-se62,Reftek WRANGLER
unattributed,"no ANSIR/AuScope record, not ANU-built",datalogger,,False,REF TEK / Trimble,Reftek WRANGLER,30627,False,,False,False,datalogger,1,WG,,WG,1,2,2024-01-29,2026-05-01,2024-01-29/2026-05-01,False,,10.7914/xagc-se62,Reftek WRANGLER
unattributed,"no ANSIR/AuScope record, not ANU-built",datalogger,,False,REF TEK / Trimble,Reftek WRANGLER,30628,False,,False,False,datalogger,1,WG,,WG,1,2,2024-04-12,2026-05-09,2024-04-12/2026-05-09,False,,10.7914/xagc-se62,Reftek WRANGLER
unattributed,"no ANSIR/AuScope record, not ANU-built",datalogger,,False,REF TEK / Trimble,Reftek WRANGLER,3062A,False,,False,False,datalogger,1,WG,,WG,1,2,2024-04-23,2026-05-17,2024-04-23/2026-05-17,False,,10.7914/xagc-se62,Reftek WRANGLER
unattributed,"no ANSIR/AuScope record, not ANU-built",datalogger,,False,REF TEK / Trimble,Reftek WRANGLER,3062B,False,,False,False,datalogger,1,WG,,WG,1,2,2024-01-30,2026-05-23,2024-01-30/2026-05-23,False,,10.7914/xagc-se62,Reftek WRANGLER
unattributed,"no ANSIR/AuScope record, not ANU-built",datalogger,,False,REF TEK / Trimble,Reftek WRANGLER,3062D,False,,False,False,datalogger,1,WG,,WG,1,2,2024-04-10,2026-05-14,2024-04-10/2026-05-14,False,,10.7914/xagc-se62,Reftek WRANGLER
unattributed,"no ANSIR/AuScope record, not ANU-built",datalogger,,False,REF TEK / Trimble,Reftek WRANGLER,3062E,False,,False,False,datalogger,1,WG,,WG,1,2,2024-01-29,2026-05-13,2024-01-29/2026-05-13,False,,10.7914/xagc-se62,Reftek WRANGLER
unattributed,"no ANSIR/AuScope record, not ANU-built",datalogger,,False,REF TEK / Trimble,Reftek WRANGLER,30632,False,,False,False,datalogger,1,WG,,WG,1,2,2024-08-28,2025-10-24,2024-08-28/2025-10-24,False,,10.7914/xagc-se62,Reftek WRANGLER
unattributed,"no ANSIR/AuScope record, not ANU-built",datalogger,,False,REF TEK / Trimble,Reftek WRANGLER,30633,False,,False,False,datalogger,1,WG,,WG,1,2,2024-01-29,2026-05-10,2024-01-29/2026-05-10,False,,10.7914/xagc-se62,Reftek WRANGLER
unattributed,"no ANSIR/AuScope record, not ANU-built",datalogger,,False,REF TEK / Trimble,Reftek WRANGLER,30635,False,,False,False,datalogger,1,WG,,WG,1,2,2024-04-23,2026-05-09,2024-04-23/2026-05-09,False,,10.7914/xagc-se62,Reftek WRANGLER
unattributed,"no ANSIR/AuScope record, not ANU-built",datalogger,,False,REF TEK / Trimble,Reftek WRANGLER,30638,False,,False,False,datalogger,1,WG,,WG,1,2,2024-02-12,2026-05-07,2024-02-12/2026-05-07,False,,10.7914/xagc-se62,Reftek WRANGLER
unattributed,"no ANSIR/AuScope record, not ANU-built",datalogger,,False,REF TEK / Trimble,Reftek WRANGLER,3063D,False,,False,False,datalogger,1,WG,,WG,1,2,2024-02-12,2026-05-04,2024-02-12/2026-05-04,False,,10.7914/xagc-se62,Reftek WRANGLER
unattributed,"no ANSIR/AuScope record, not ANU-built",datalogger,,False,REF TEK / Trimble,Reftek WRANGLER,3063E,False,,False,False,datalogger,1,WG,,WG,1,2,2024-04-18,2026-05-13,2024-04-18/2026-05-13,False,,10.7914/xagc-se62,Reftek WRANGLER
unattributed,"no ANSIR/AuScope record, not ANU-built",datalogger,,False,REF TEK / Trimble,Reftek WRANGLER,30640,False,,False,False,datalogger,1,WG,,WG,1,1,2025-05-23,2026-04-06,2025-05-23/2026-04-06,False,,10.7914/xagc-se62,Reftek WRANGLER
unattributed,"no ANSIR/AuScope record, not ANU-built",datalogger,,False,REF TEK / Trimble,Reftek WRANGLER,30647,False,,False,False,datalogger,1,WG,,WG,1,2,2024-04-23,2026-05-17,2024-04-23/2026-05-17,False,,10.7914/xagc-se62,Reftek WRANGLER
unattributed,"no ANSIR/AuScope record, not ANU-built",datalogger,,False,REF TEK / Trimble,Reftek WRANGLER,30649,False,,False,False,datalogger,1,WG,,WG,1,2,2024-02-12,2026-05-16,2024-02-12/2026-05-16,False,,10.7914/xagc-se62,Reftek WRANGLER
unattributed,"no ANSIR/AuScope record, not ANU-built",datalogger,,False,REF TEK / Trimble,Reftek WRANGLER,30650,False,,False,False,datalogger,1,WG,,WG,1,2,2024-04-26,2026-05-13,2024-04-26/2026-05-13,False,,10.7914/xagc-se62,Reftek WRANGLER
unattributed,"no ANSIR/AuScope record, not ANU-built",datalogger,,False,REF TEK / Trimble,Reftek WRANGLER,30656,False,,False,False,datalogger,1,WG,,WG,1,2,2024-02-12,2026-05-14,2024-02-12/2026-05-14,False,,10.7914/xagc-se62,Reftek WRANGLER
unattributed,"no ANSIR/AuScope record, not ANU-built",datalogger,,False,REF TEK / Trimble,Reftek WRANGLER,30657,False,,False,False,datalogger,1,WG,,WG,1,2,2024-02-12,2026-05-07,2024-02-12/2026-05-07,False,,10.7914/xagc-se62,Reftek WRANGLER
unattributed,"no ANSIR/AuScope record, not ANU-built",datalogger,,False,REF TEK / Trimble,Reftek WRANGLER,30658,False,,False,False,datalogger,1,WG,,WG,1,2,2024-04-22,2026-05-08,2024-04-22/2026-05-08,False,,10.7914/xagc-se62,Reftek WRANGLER
unattributed,"no ANSIR/AuScope record, not ANU-built",datalogger,,False,REF TEK / Trimble,Reftek WRANGLER,3065A,False,,False,False,datalogger,1,WG,,WG,1,2,2024-04-22,2026-05-08,2024-04-22/2026-05-08,False,,10.7914/xagc-se62,Reftek WRANGLER
unattributed,"no ANSIR/AuScope record, not ANU-built",datalogger,,False,REF TEK / Trimble,Reftek WRANGLER,3065C,False,,False,False,datalogger,1,WG,,WG,1,1,2025-10-18,2026-05-15,2025-10-18/2026-05-15,False,,10.7914/xagc-se62,Reftek WRANGLER
unattributed,"no ANSIR/AuScope record, not ANU-built",datalogger,,False,REF TEK / Trimble,Reftek WRANGLER,3065D,False,,False,False,datalogger,1,WG,,WG,1,2,2024-04-19,2026-05-17,2024-04-19/2026-05-17,False,,10.7914/xagc-se62,Reftek WRANGLER
unattributed,"no ANSIR/AuScope record, not ANU-built",datalogger,,False,REF TEK / Trimble,Reftek WRANGLER,3065F,False,,False,False,datalogger,1,WG,,WG,1,2,2024-04-24,2026-04-23,2024-04-24/2026-04-23,False,,10.7914/xagc-se62,Reftek WRANGLER
unattributed,"no ANSIR/AuScope record, not ANU-built",datalogger,,False,REF TEK / Trimble,Reftek WRANGLER,30665,False,,False,False,datalogger,1,WG,,WG,1,2,2024-03-08,2026-05-16,2024-03-08/2026-05-16,False,,10.7914/xagc-se62,Reftek WRANGLER
unattributed,"no ANSIR/AuScope record, not ANU-built",datalogger,,False,REF TEK / Trimble,Reftek WRANGLER,30685,False,,False,False,datalogger,1,WG,,WG,1,2,2024-03-19,2026-05-12,2024-03-19/2026-05-12,False,,10.7914/xagc-se62,Reftek WRANGLER
unattributed,"no ANSIR/AuScope record, not ANU-built",datalogger,,False,REF TEK / Trimble,Reftek WRANGLER,30687,False,,False,False,datalogger,1,WG,,WG,1,2,2024-04-23,2026-05-03,2024-04-23/2026-05-03,False,,10.7914/xagc-se62,Reftek WRANGLER
unattributed,"no ANSIR/AuScope record, not ANU-built",datalogger,,False,REF TEK / Trimble,Reftek WRANGLER,30688,False,,False,False,datalogger,1,WG,,WG,1,2,2024-04-22,2026-03-01,2024-04-22/2026-03-01,False,,10.7914/xagc-se62,Reftek WRANGLER
unattributed,"no ANSIR/AuScope record, not ANU-built",datalogger,,False,REF TEK / Trimble,Reftek WRANGLER,30689,False,,False,False,datalogger,1,WG,,WG,1,2,2024-08-26,2026-05-02,2024-08-26/2026-05-02,False,,10.7914/xagc-se62,Reftek WRANGLER
unattributed,"no ANSIR/AuScope record, not ANU-built",datalogger,,False,REF TEK / Trimble,Reftek WRANGLER,30699,False,,False,False,datalogger,1,WG,,WG,1,2,2024-04-11,2026-05-07,2024-04-11/2026-05-07,False,,10.7914/xagc-se62,Reftek WRANGLER
unattributed,"no ANSIR/AuScope record, not ANU-built",datalogger,,False,REF TEK / Trimble,Reftek WRANGLER,306AA,False,,False,False,datalogger,1,WG,,WG,1,2,2024-04-20,2026-05-17,2024-04-20/2026-05-17,False,,10.7914/xagc-se62,Reftek WRANGLER
unattributed,"no ANSIR/AuScope record, not ANU-built",datalogger,,False,REF TEK / Trimble,Reftek WRANGLER,306AB,False,,False,False,datalogger,1,WG,,WG,1,1,2024-04-24,2025-03-13,2024-04-24/2025-03-13,False,,10.7914/xagc-se62,Reftek WRANGLER
unattributed,"no ANSIR/AuScope record, not ANU-built",datalogger,,False,REF TEK / Trimble,Reftek WRANGLER,306AE,False,,False,False,datalogger,1,WG,,WG,1,2,2024-01-29,2026-05-13,2024-01-29/2026-05-13,False,,10.7914/xagc-se62,Reftek WRANGLER
unattributed,"no ANSIR/AuScope record, not ANU-built",datalogger,,False,REF TEK / Trimble,Reftek WRANGLER,306CB,False,,False,False,datalogger,1,WG,,WG,1,1,2025-07-05,2026-05-23,2025-07-05/2026-05-23,False,,10.7914/xagc-se62,Reftek WRANGLER
unattributed,"no ANSIR/AuScope record, not ANU-built",datalogger,,False,REF TEK / Trimble,Reftek WRANGLER,306D4,False,,False,False,datalogger,1,WG,,WG,1,1,2025-05-08,2025-10-16,2025-05-08/2025-10-16,False,,10.7914/xagc-se62,Reftek WRANGLER
unattributed,"no ANSIR/AuScope record, not ANU-built",datalogger,,False,REF TEK / Trimble,Reftek WRANGLER,306DD,False,,False,False,datalogger,1,WG,,WG,1,1,2025-05-24,2026-05-14,2025-05-24/2026-05-14,False,,10.7914/xagc-se62,Reftek WRANGLER
unattributed,"no ANSIR/AuScope record, not ANU-built",datalogger,,False,REF TEK / Trimble,Reftek WRANGLER,306E7,False,,False,False,datalogger,1,WG,,WG,1,1,2025-10-22,2026-05-13,2025-10-22/2026-05-13,False,,10.7914/xagc-se62,Reftek WRANGLER
unattributed,"no ANSIR/AuScope record, not ANU-built",datalogger,,False,REF TEK / Trimble,Reftek WRANGLER,30722,False,,False,False,datalogger,1,WG,,WG,1,1,2025-05-24,2026-05-15,2025-05-24/2026-05-15,False,,10.7914/xagc-se62,Reftek WRANGLER
unattributed,"no ANSIR/AuScope record, not ANU-built",datalogger,,False,REF TEK / Trimble,Reftek WRANGLER,3072C,False,,False,False,datalogger,1,WG,,WG,1,2,2024-09-12,2026-05-11,2024-09-12/2026-05-11,False,,10.7914/xagc-se62,Reftek WRANGLER
unattributed,"no ANSIR/AuScope record, not ANU-built",datalogger,,False,REF TEK / Trimble,Reftek WRANGLER,3072F,False,,False,False,datalogger,1,WG,,WG,1,2,2024-09-12,2026-05-18,2024-09-12/2026-05-18,False,,10.7914/xagc-se62,Reftek WRANGLER
unattributed,"no ANSIR/AuScope record, not ANU-built",datalogger,,False,REF TEK / Trimble,Reftek WRANGLER,307D1,False,,False,False,datalogger,1,WG,,WG,1,1,2025-05-08,2026-05-07,2025-05-08/2026-05-07,False,,10.7914/xagc-se62,Reftek WRANGLER
unattributed,"no ANSIR/AuScope record, not ANU-built",datalogger,,False,REF TEK / Trimble,Reftek WRANGLER,307D2,False,,False,False,datalogger,1,WG,,WG,1,1,2025-05-22,2026-05-15,2025-05-22/2026-05-15,False,,10.7914/xagc-se62,Reftek WRANGLER
unattributed,"no ANSIR/AuScope record, not ANU-built",datalogger,,False,REF TEK / Trimble,Reftek WRANGLER,307D3,False,,False,False,datalogger,1,WG,,WG,1,1,2025-05-29,2026-04-24,2025-05-29/2026-04-24,False,,10.7914/xagc-se62,Reftek WRANGLER
unattributed,"no ANSIR/AuScope record, not ANU-built",datalogger,,False,REF TEK / Trimble,Reftek WRANGLER,307D4,False,,False,False,datalogger,1,WG,,WG,1,1,2025-06-02,2026-05-14,2025-06-02/2026-05-14,False,,10.7914/xagc-se62,Reftek WRANGLER
unattributed,"no ANSIR/AuScope record, not ANU-built",datalogger,,False,REF TEK / Trimble,Reftek WRANGLER,307D5,False,,False,False,datalogger,1,WG,,WG,1,1,2025-06-03,2026-04-25,2025-06-03/2026-04-25,False,,10.7914/xagc-se62,Reftek WRANGLER
unattributed,"no ANSIR/AuScope record, not ANU-built",datalogger,,False,REF TEK / Trimble,Reftek WRANGLER,307D7,False,,False,False,datalogger,1,WG,,WG,1,1,2025-11-03,2026-03-29,2025-11-03/2026-03-29,False,,10.7914/xagc-se62,Reftek WRANGLER
unattributed,"no ANSIR/AuScope record, not ANU-built",datalogger,,False,REF TEK / Trimble,Reftek WRANGLER,307D8,False,,False,False,datalogger,1,WG,,WG,1,1,2025-05-08,2026-01-03,2025-05-08/2026-01-03,False,,10.7914/xagc-se62,Reftek WRANGLER
unattributed,"no ANSIR/AuScope record, not ANU-built",datalogger,,False,REF TEK / Trimble,Reftek WRANGLER,307DA,False,,False,False,datalogger,1,WG,,WG,1,1,2025-05-25,2026-05-14,2025-05-25/2026-05-14,False,,10.7914/xagc-se62,Reftek WRANGLER
unattributed,"no ANSIR/AuScope record, not ANU-built",datalogger,,False,REF TEK / Trimble,Reftek WRANGLER,307DB,False,,False,False,datalogger,1,WG,,WG,1,1,2025-05-25,2026-05-14,2025-05-25/2026-05-14,False,,10.7914/xagc-se62,Reftek WRANGLER
unattributed,"no ANSIR/AuScope record, not ANU-built",datalogger,,False,REF TEK / Trimble,Reftek WRANGLER,307DD,False,,False,False,datalogger,1,WG,,WG,1,1,2025-06-05,2026-05-18,2025-06-05/2026-05-18,False,,10.7914/xagc-se62,Reftek WRANGLER
unattributed,"no ANSIR/AuScope record, not ANU-built",datalogger,,False,REF TEK / Trimble,Reftek WRANGLER,30851,False,,False,False,datalogger,1,WG,,WG,1,1,2025-05-22,2026-01-08,2025-05-22/2026-01-08,False,,10.7914/xagc-se62,Reftek WRANGLER
unattributed,"no ANSIR/AuScope record, not ANU-built",datalogger,,False,REF TEK / Trimble,Reftek WRANGLER,30853,False,,False,False,datalogger,1,WG,,WG,1,1,2025-05-23,2026-05-08,2025-05-23/2026-05-08,False,,10.7914/xagc-se62,Reftek WRANGLER
unattributed,"no ANSIR/AuScope record, not ANU-built",datalogger,,False,REF TEK / Trimble,Reftek WRANGLER,370E2,False,,False,False,datalogger,1,WG,,WG,1,1,2025-06-02,2026-05-17,2025-06-02/2026-05-17,False,,10.7914/xagc-se62,Reftek WRANGLER
unattributed,"no ANSIR/AuScope record, not ANU-built",datalogger,,False,REF TEK / Trimble,Reftek130,D4AC,False,,False,False,datalogger,1,WG,,WG,1,1,2022-12-14,2023-11-29,2022-12-14/2023-11-29,False,Australia,10.7914/xagc-se62,Reftek130
unattributed,"no ANSIR/AuScope record, not ANU-built",datalogger,,False,REF TEK / Trimble,Reftek130,D4AE,False,,False,False,datalogger,1,WG,,WG,1,1,2022-12-14,2023-11-29,2022-12-14/2023-11-29,False,Australia,10.7914/xagc-se62,Reftek130
unattributed,"no ANSIR/AuScope record, not ANU-built",datalogger,,False,REF TEK / Trimble,Reftek130,D4B2,False,,False,False,datalogger,1,WG,,WG,1,1,2022-12-13,2023-03-01,2022-12-13/2023-03-01,False,Australia,10.7914/xagc-se62,Reftek130
unattributed,"no ANSIR/AuScope record, not ANU-built",datalogger,,False,REF TEK / Trimble,Reftek130,D4B7,False,,False,False,datalogger,1,WG,,WG,1,1,2022-12-07,2023-11-29,2022-12-07/2023-11-29,False,Australia,10.7914/xagc-se62,Reftek130
unattributed,"no ANSIR/AuScope record, not ANU-built",datalogger,,False,REF TEK / Trimble,Reftek130,D4B8,False,,False,False,datalogger,1,WG,,WG,1,1,2022-12-03,2023-11-28,2022-12-03/2023-11-28,False,Australia,10.7914/xagc-se62,Reftek130
unattributed,"no ANSIR/AuScope record, not ANU-built",datalogger,,False,REF TEK / Trimble,Reftek130,D4B9,False,,False,False,datalogger,1,WG,,WG,1,1,2022-12-14,2023-11-29,2022-12-14/2023-11-29,False,Australia,10.7914/xagc-se62,Reftek130
unattributed,"no ANSIR/AuScope record, not ANU-built",datalogger,,False,REF TEK / Trimble,Reftek130,D4BE,False,,False,False,datalogger,1,WG,,WG,1,1,2022-12-03,2023-11-28,2022-12-03/2023-11-28,False,Australia,10.7914/xagc-se62,Reftek130
unattributed,"no ANSIR/AuScope record, not ANU-built",datalogger,,False,REF TEK / Trimble,Reftek130,D4C0,False,,False,False,datalogger,1,WG,,WG,1,1,2022-12-03,2023-11-28,2022-12-03/2023-11-28,False,Australia,10.7914/xagc-se62,Reftek130
unattributed,"no ANSIR/AuScope record, not ANU-built",datalogger,,False,REF TEK / Trimble,Reftek130,D4C3,False,,False,False,datalogger,1,WG,,WG,1,1,2022-12-12,2023-11-29,2022-12-12/2023-11-29,False,Australia,10.7914/xagc-se62,Reftek130
unattributed,"no ANSIR/AuScope record, not ANU-built",datalogger,,False,REF TEK / Trimble,Reftek130,D4CA,False,,False,False,datalogger,1,WG,,WG,1,1,2022-12-14,2023-12-05,2022-12-14/2023-12-05,False,Australia,10.7914/xagc-se62,Reftek130
unattributed,"no ANSIR/AuScope record, not ANU-built",datalogger,,False,REF TEK / Trimble,Reftek130,D4CD,False,,False,False,datalogger,1,WG,,WG,1,1,2022-12-04,2023-11-28,2022-12-04/2023-11-28,False,Australia,10.7914/xagc-se62,Reftek130
unattributed,"no ANSIR/AuScope record, not ANU-built",datalogger,,False,REF TEK / Trimble,Reftek130,D4CO,False,,False,False,datalogger,1,WG,,WG,1,1,2022-12-06,2023-06-27,2022-12-06/2023-06-27,False,Australia,10.7914/xagc-se62,Reftek130
unattributed,"no ANSIR/AuScope record, not ANU-built",datalogger,,False,REF TEK / Trimble,Reftek130,D4D3,False,,False,False,datalogger,1,WG,,WG,1,1,2022-12-15,2023-11-28,2022-12-15/2023-11-28,False,Australia,10.7914/xagc-se62,Reftek130
unattributed,"no ANSIR/AuScope record, not ANU-built",datalogger,,False,REF TEK / Trimble,Reftek130,D4D7,False,,False,False,datalogger,1,WG,,WG,1,1,2022-12-13,2023-10-18,2022-12-13/2023-10-18,False,Australia,10.7914/xagc-se62,Reftek130
unattributed,"no ANSIR/AuScope record, not ANU-built",datalogger,,False,REF TEK / Trimble,Reftek130,D4DA,False,,False,False,datalogger,1,WG,,WG,1,1,2022-12-12,2023-11-28,2022-12-12/2023-11-28,False,Australia,10.7914/xagc-se62,Reftek130
unattributed,"no ANSIR/AuScope record, not ANU-built",datalogger,,False,REF TEK / Trimble,Reftek130,D4DC,False,,False,False,datalogger,1,WG,,WG,1,1,2022-12-06,2023-11-29,2022-12-06/2023-11-29,False,Australia,10.7914/xagc-se62,Reftek130
unattributed,"no ANSIR/AuScope record, not ANU-built",datalogger,,False,REF TEK / Trimble,Reftek130,D4DD,False,,False,False,datalogger,1,WG,,WG,1,1,2022-12-13,2023-11-30,2022-12-13/2023-11-30,False,Australia,10.7914/xagc-se62,Reftek130
unattributed,"no ANSIR/AuScope record, not ANU-built",datalogger,,False,REF TEK / Trimble,Reftek130,D4DF,False,,False,False,datalogger,1,WG,,WG,1,1,2023-06-12,2023-11-29,2023-06-12/2023-11-29,False,Australia,10.7914/xagc-se62,Reftek130
unattributed,"no ANSIR/AuScope record, not ANU-built",datalogger,,False,REF TEK / Trimble,Reftek130,D4E2,False,,False,False,datalogger,1,WG,,WG,1,1,2022-12-13,2023-11-30,2022-12-13/2023-11-30,False,Australia,10.7914/xagc-se62,Reftek130
unattributed,"no ANSIR/AuScope record, not ANU-built",datalogger,,False,REF TEK / Trimble,Reftek130,D4E9,False,,False,False,datalogger,1,WG,,WG,1,1,2022-11-28,2023-11-30,2022-11-28/2023-11-30,False,Australia,10.7914/xagc-se62,Reftek130
unattributed,"no ANSIR/AuScope record, not ANU-built",datalogger,,False,REF TEK / Trimble,Reftek130,D4F0,False,,False,False,datalogger,1,WG,,WG,1,1,2022-12-09,2023-11-27,2022-12-09/2023-11-27,False,Australia,10.7914/xagc-se62,Reftek130
unattributed,"no ANSIR/AuScope record, not ANU-built",datalogger,,False,REF TEK / Trimble,Reftek130,D4F1,False,,False,False,datalogger,1,WG,,WG,1,1,2022-12-13,2023-11-29,2022-12-13/2023-11-29,False,Australia,10.7914/xagc-se62,Reftek130
unattributed,"no ANSIR/AuScope record, not ANU-built",datalogger,,False,REF TEK / Trimble,Reftek130,D4F2,False,,False,False,datalogger,1,WG,,WG,1,1,2022-12-08,2023-11-27,2022-12-08/2023-11-27,False,Australia,10.7914/xagc-se62,Reftek130
unattributed,"no ANSIR/AuScope record, not ANU-built",datalogger,,False,REF TEK / Trimble,Reftek130,D4F7,False,,False,False,datalogger,1,WG,,WG,1,1,2022-12-07,2023-11-29,2022-12-07/2023-11-29,False,Australia,10.7914/xagc-se62,Reftek130
unattributed,"no ANSIR/AuScope record, not ANU-built",datalogger,,False,REF TEK / Trimble,Reftek130,D511,False,,False,False,datalogger,1,WG,,WG,1,1,2022-12-08,2023-11-21,2022-12-08/2023-11-21,False,Australia,10.7914/xagc-se62,Reftek130
unattributed,"no ANSIR/AuScope record, not ANU-built",datalogger,,False,Seismology Research Centre,SRC GECKO,2000366,False,,False,False,datalogger,1,WG,,WG,1,1,2022-11-30,2023-06-23,2022-11-30/2023-06-23,False,Australia,10.7914/xagc-se62,SRC GECKO
unattributed,"no ANSIR/AuScope record, not ANU-built",datalogger,,False,Seismology Research Centre,SRC GECKO,2000840,False,,False,False,datalogger,1,WG,,WG,1,2,2022-12-04,2025-03-08,2022-12-04/2025-03-08,False,Australia,10.7914/xagc-se62,SRC GECKO
unattributed,"no ANSIR/AuScope record, not ANU-built",datalogger,,False,Seismology Research Centre,SRC GECKO,2000841,False,,False,False,datalogger,1,WG,,WG,1,3,2022-11-29,2026-05-11,2022-11-29/2026-05-11,False,Australia,10.7914/xagc-se62,SRC GECKO
unattributed,"no ANSIR/AuScope record, not ANU-built",datalogger,,False,Seismology Research Centre,SRC GECKO,2000842,False,,False,False,datalogger,1,WG,,WG,1,3,2022-12-01,2026-05-06,2022-12-01/2026-05-06,False,Australia,10.7914/xagc-se62,SRC GECKO
unattributed,"no ANSIR/AuScope record, not ANU-built",datalogger,,False,Seismology Research Centre,SRC GECKO,2000843,False,,False,False,datalogger,1,WG,,WG,1,3,2022-12-01,2026-05-10,2022-12-01/2026-05-10,False,Australia,10.7914/xagc-se62,SRC GECKO
unattributed,"no ANSIR/AuScope record, not ANU-built",datalogger,,False,Seismology Research Centre,SRC GECKO,2000844,False,,False,False,datalogger,1,WG,,WG,1,3,2022-12-03,2025-07-22,2022-12-03/2025-07-22,False,Australia,10.7914/xagc-se62,SRC GECKO
unattributed,"no ANSIR/AuScope record, not ANU-built",datalogger,,False,Seismology Research Centre,SRC GECKO,2000845,False,,False,False,datalogger,1,WG,,WG,1,2,2022-12-04,2026-05-10,2022-12-04/2026-05-10,False,Australia,10.7914/xagc-se62,SRC GECKO
unattributed,"no ANSIR/AuScope record, not ANU-built",datalogger,,False,Seismology Research Centre,SRC GECKO,2000846,False,,False,False,datalogger,1,WG,,WG,1,3,2022-12-01,2026-05-10,2022-12-01/2026-05-10,False,Australia,10.7914/xagc-se62,SRC GECKO
unattributed,"no ANSIR/AuScope record, not ANU-built",datalogger,,False,Seismology Research Centre,SRC GECKO,2000847,False,,False,False,datalogger,1,WG,,WG,1,2,2022-12-09,2025-03-09,2022-12-09/2025-03-09,False,Australia,10.7914/xagc-se62,SRC GECKO
unattributed,"no ANSIR/AuScope record, not ANU-built",datalogger,,False,Seismology Research Centre,SRC GECKO,2000848,False,,False,False,datalogger,1,WG,,WG,1,3,2022-12-01,2026-04-13,2022-12-01/2026-04-13,False,Australia,10.7914/xagc-se62,SRC GECKO
unattributed,"no ANSIR/AuScope record, not ANU-built",datalogger,,False,Seismology Research Centre,SRC GECKO,2000849,False,,False,False,datalogger,1,WG,,WG,1,2,2022-12-03,2025-03-07,2022-12-03/2025-03-07,False,Australia,10.7914/xagc-se62,SRC GECKO
unattributed,"no ANSIR/AuScope record, not ANU-built",datalogger,,False,Seismology Research Centre,SRC GECKO,2000850,False,,False,False,datalogger,1,WG,,WG,1,2,2022-11-28,2025-03-08,2022-11-28/2025-03-08,False,Australia,10.7914/xagc-se62,SRC GECKO
unattributed,"no ANSIR/AuScope record, not ANU-built",datalogger,,False,Seismology Research Centre,SRC GECKO,2000851,False,,False,False,datalogger,1,WG,,WG,1,2,2022-12-08,2025-03-14,2022-12-08/2025-03-14,False,Australia,10.7914/xagc-se62,SRC GECKO
unattributed,"no ANSIR/AuScope record, not ANU-built",datalogger,,False,Seismology Research Centre,SRC GECKO,2000852,False,,False,False,datalogger,1,WG,,WG,1,3,2022-11-29,2026-05-15,2022-11-29/2026-05-15,False,Australia,10.7914/xagc-se62,SRC GECKO
unattributed,"no ANSIR/AuScope record, not ANU-built",datalogger,,False,Seismology Research Centre,SRC GECKO,2000853,False,,False,False,datalogger,1,WG,,WG,1,3,2022-12-10,2026-05-15,2022-12-10/2026-05-15,False,Australia,10.7914/xagc-se62,SRC GECKO
unattributed,"no ANSIR/AuScope record, not ANU-built",datalogger,,False,Seismology Research Centre,SRC GECKO,2000854,False,,False,False,datalogger,1,WG,,WG,1,4,2022-12-09,2025-11-12,2022-12-09/2025-11-12,False,Australia,10.7914/xagc-se62,SRC GECKO
unattributed,"no ANSIR/AuScope record, not ANU-built",datalogger,,False,Seismology Research Centre,SRC GECKO,2000855,False,,False,False,datalogger,1,WG,,WG,1,1,2022-11-21,2023-11-30,2022-11-21/2023-11-30,False,Australia,10.7914/xagc-se62,SRC GECKO
unattributed,"no ANSIR/AuScope record, not ANU-built",datalogger,,False,Seismology Research Centre,SRC GECKO,2000856,False,,False,False,datalogger,1,WG,,WG,1,3,2023-02-23,2026-05-12,2023-02-23/2026-05-12,False,Australia,10.7914/xagc-se62,SRC GECKO
unattributed,"no ANSIR/AuScope record, not ANU-built",datalogger,,False,Seismology Research Centre,SRC GECKO,2000857,False,,False,False,datalogger,1,WG,,WG,1,2,2022-12-01,2025-03-14,2022-12-01/2025-03-14,False,Australia,10.7914/xagc-se62,SRC GECKO
unattributed,"no ANSIR/AuScope record, not ANU-built",datalogger,,False,Seismology Research Centre,SRC GECKO,2000858,False,,False,False,datalogger,1,WG,,WG,1,2,2022-11-30,2025-03-06,2022-11-30/2025-03-06,False,Australia,10.7914/xagc-se62,SRC GECKO
unattributed,"no ANSIR/AuScope record, not ANU-built",datalogger,,False,Seismology Research Centre,SRC GECKO,2000859,False,,False,False,datalogger,1,WG,,WG,1,3,2022-12-04,2026-05-12,2022-12-04/2026-05-12,False,Australia,10.7914/xagc-se62,SRC GECKO
unattributed,"no ANSIR/AuScope record, not ANU-built",datalogger,,False,Seismology Research Centre,SRC GECKO,2000860,False,,False,False,datalogger,1,WG,,WG,1,3,2022-12-15,2026-05-18,2022-12-15/2026-05-18,False,Australia,10.7914/xagc-se62,SRC GECKO
unattributed,"no ANSIR/AuScope record, not ANU-built",datalogger,,False,Seismology Research Centre,SRC GECKO,2000861,False,,False,False,datalogger,1,WG,,WG,1,2,2022-11-29,2025-03-12,2022-11-29/2025-03-12,False,Australia,10.7914/xagc-se62,SRC GECKO
unattributed,"no ANSIR/AuScope record, not ANU-built",datalogger,,False,Seismology Research Centre,SRC GECKO,2000862,False,,False,False,datalogger,1,WG,,WG,1,3,2022-11-29,2025-11-05,2022-11-29/2025-11-05,False,Australia,10.7914/xagc-se62,SRC GECKO
unattributed,"no ANSIR/AuScope record, not ANU-built",datalogger,,False,Seismology Research Centre,SRC GECKO,2000863,False,,False,False,datalogger,1,WG,,WG,1,3,2022-12-17,2025-09-18,2022-12-17/2025-09-18,False,Australia,10.7914/xagc-se62,SRC GECKO
unattributed,"no ANSIR/AuScope record, not ANU-built",datalogger,,False,Seismology Research Centre,SRC GECKO,2000864,False,,False,False,datalogger,1,WG,,WG,1,2,2022-12-01,2025-03-10,2022-12-01/2025-03-10,False,Australia,10.7914/xagc-se62,SRC GECKO
unattributed,"no ANSIR/AuScope record, not ANU-built",datalogger,,False,Seismology Research Centre,SRC GECKO,2000865,False,,False,False,datalogger,1,WG,,WG,1,3,2022-12-04,2025-09-29,2022-12-04/2025-09-29,False,Australia,10.7914/xagc-se62,SRC GECKO
unattributed,"no ANSIR/AuScope record, not ANU-built",datalogger,,False,Seismology Research Centre,SRC GECKO,2000866,False,,False,False,datalogger,1,WG,,WG,1,1,2024-02-12,2025-03-07,2024-02-12/2025-03-07,False,,10.7914/xagc-se62,SRC GECKO
unattributed,"no ANSIR/AuScope record, not ANU-built",datalogger,,False,Seismology Research Centre,SRC GECKO,2000867,False,,False,False,datalogger,1,WG,,WG,1,2,2024-02-03,2026-05-12,2024-02-03/2026-05-12,False,,10.7914/xagc-se62,SRC GECKO
unattributed,"no ANSIR/AuScope record, not ANU-built",datalogger,,False,Seismology Research Centre,SRC GECKO,20008670,False,,False,False,datalogger,1,WG,,WG,1,1,2025-07-02,2026-05-08,2025-07-02/2026-05-08,False,,10.7914/xagc-se62,SRC GECKO
unattributed,"no ANSIR/AuScope record, not ANU-built",datalogger,,False,Seismology Research Centre,SRC GECKO,2000870,False,,False,False,datalogger,1,WG,,WG,1,2,2022-12-02,2025-03-06,2022-12-02/2025-03-06,False,Australia,10.7914/xagc-se62,SRC GECKO
unattributed,"no ANSIR/AuScope record, not ANU-built",datalogger,,False,Seismology Research Centre,SRC GECKO,2000871,False,,False,False,datalogger,1,WG,,WG,1,3,2023-02-21,2026-05-15,2023-02-21/2026-05-15,False,Australia,10.7914/xagc-se62,SRC GECKO
unattributed,"no ANSIR/AuScope record, not ANU-built",datalogger,,False,Seismology Research Centre,SRC GECKO,2001265,False,,False,False,datalogger,1,WG,,WG,1,1,2025-07-04,2026-05-09,2025-07-04/2026-05-09,False,,10.7914/xagc-se62,SRC GECKO
unattributed,"no ANSIR/AuScope record, not ANU-built",datalogger,,False,Seismology Research Centre,SRC GECKO,2001280,False,,False,False,datalogger,1,WG,,WG,1,1,2024-03-17,2025-03-12,2024-03-17/2025-03-12,False,,10.7914/xagc-se62,SRC GECKO
unattributed,"no ANSIR/AuScope record, not ANU-built",datalogger,,False,Seismology Research Centre,SRC GECKO (Modified V60),2001263,False,,False,False,datalogger,1,WG,,WG,1,1,2024-03-19,2025-03-14,2024-03-19/2025-03-14,False,,10.7914/xagc-se62,SRC GECKO (Modified V60)
unattributed,"no ANSIR/AuScope record, not ANU-built",datalogger,,False,Seismology Research Centre,SRC GECKO (Modified V60),2001265,False,,False,False,datalogger,1,WG,,WG,1,1,2024-03-18,2025-03-14,2024-03-18/2025-03-14,False,,10.7914/xagc-se62,SRC GECKO (Modified V60)
unattributed,"no ANSIR/AuScope record, not ANU-built",datalogger,,False,Seismology Research Centre,SRC GECKO (Modified V60),2001277,False,,False,False,datalogger,1,WG,,WG,1,1,2024-03-18,2025-10-07,2024-03-18/2025-10-07,False,,10.7914/xagc-se62,SRC GECKO (Modified V60)
unattributed,"no ANSIR/AuScope record, not ANU-built",datalogger,,False,Seismology Research Centre,SRC GECKO (Modified V60),2001278,False,,False,False,datalogger,1,WG,,WG,1,1,2024-03-18,2025-03-12,2024-03-18/2025-03-12,False,,10.7914/xagc-se62,SRC GECKO (Modified V60)
unattributed,"no ANSIR/AuScope record, not ANU-built",short-period,,False,Sensonics (Willmore),Willmore/Sensonics MKIIIA (DS1245),113,False,,False,False,sensor,1,7P,,7P,1,1,2002-03-20,2002-06-22,2002-03-20/2002-06-22,False,Australia,,Willmore/Sensonics MKIIIA (DS1245)
unattributed,"no ANSIR/AuScope record, not ANU-built",short-period,,False,Sensonics (Willmore),Willmore/Sensonics MKIIIA (DS1245),114,False,,False,False,sensor,1,7P,,7P,1,1,2002-03-20,2002-07-01,2002-03-20/2002-07-01,False,Australia,,Willmore/Sensonics MKIIIA (DS1245)
unattributed,"no ANSIR/AuScope record, not ANU-built",short-period,,False,Sensonics (Willmore),Willmore/Sensonics MKIIIA (DS1245),115,False,,False,False,sensor,1,7P,,7P,1,1,2002-03-19,2002-08-13,2002-03-19/2002-08-13,False,Australia,,Willmore/Sensonics MKIIIA (DS1245)
unattributed,"no ANSIR/AuScope record, not ANU-built",short-period,,False,Sensonics (Willmore),Willmore/Sensonics MKIIIA (DS1245),116,False,,False,False,sensor,1,7P,,7P,1,1,2002-03-16,2002-06-30,2002-03-16/2002-06-30,False,Australia,,Willmore/Sensonics MKIIIA (DS1245)
unattributed,"no ANSIR/AuScope record, not ANU-built",short-period,,False,Sensonics (Willmore),Willmore/Sensonics MKIIIA (DS1245),215,False,,False,False,sensor,1,7P,,7P,1,1,2002-03-17,2002-08-13,2002-03-17/2002-08-13,False,Australia,,Willmore/Sensonics MKIIIA (DS1245)
unattributed,"no ANSIR/AuScope record, not ANU-built",short-period,,False,Sensonics (Willmore),Willmore/Sensonics MKIIIA (DS1245),216,False,,False,False,sensor,1,7P,,7P,1,1,2002-03-18,2002-08-14,2002-03-18/2002-08-14,False,Australia,,Willmore/Sensonics MKIIIA (DS1245)
unattributed,"no ANSIR/AuScope record, not ANU-built",short-period,,False,Sensonics (Willmore),Willmore/Sensonics MKIIIA (DS1245),217,False,,False,False,sensor,1,7P,,7P,1,1,2002-03-18,2002-08-14,2002-03-18/2002-08-14,False,Australia,,Willmore/Sensonics MKIIIA (DS1245)
unattributed,"no ANSIR/AuScope record, not ANU-built",short-period,,False,Sensonics (Willmore),Willmore/Sensonics MKIIIA (DS1245),218,False,,False,False,sensor,1,7P,,7P,1,1,2002-03-19,2002-08-04,2002-03-19/2002-08-04,False,Australia,,Willmore/Sensonics MKIIIA (DS1245)
unattributed,"no ANSIR/AuScope record, not ANU-built",short-period,,False,Sensonics (Willmore),Willmore/Sensonics MKIIIA (DS1245),516,False,,False,False,sensor,1,7P,,7P,1,1,2002-03-20,2002-07-01,2002-03-20/2002-07-01,False,Australia,,Willmore/Sensonics MKIIIA (DS1245)
unattributed,"no ANSIR/AuScope record, not ANU-built",short-period,,False,Sensonics (Willmore),Willmore/Sensonics MKIIIA (DS1245),536,False,,False,False,sensor,1,7P,,7P,1,1,2002-03-17,2002-06-08,2002-03-17/2002-06-08,False,Australia,,Willmore/Sensonics MKIIIA (DS1245)
unattributed,"no ANSIR/AuScope record, not ANU-built",short-period,,False,Sensonics (Willmore),Willmore/Sensonics MKIIIA (DS1245),537,False,,False,False,sensor,1,7P,,7P,1,1,2002-03-19,2002-08-14,2002-03-19/2002-08-14,False,Australia,,Willmore/Sensonics MKIIIA (DS1245)
unattributed,"no ANSIR/AuScope record, not ANU-built",short-period,,False,Sensonics (Willmore),Willmore/Sensonics MKIIIA (DS1245),887,False,,False,False,sensor,1,7P,,7P,1,1,2002-03-20,2002-08-14,2002-03-20/2002-08-14,False,Australia,,Willmore/Sensonics MKIIIA (DS1245)
unattributed,"no ANSIR/AuScope record, not ANU-built",short-period,,False,Sensonics (Willmore),Willmore/Sensonics MKIIIA (DS1245),890,False,,False,False,sensor,1,7P,,7P,1,1,2002-03-18,2002-08-13,2002-03-18/2002-08-13,False,Australia,,Willmore/Sensonics MKIIIA (DS1245)
unattributed,"no ANSIR/AuScope record, not ANU-built",short-period,,False,Sensonics (Willmore),Willmore/Sensonics MKIIIA (DS1245),891,False,,False,False,sensor,1,7P,,7P,1,1,2002-03-18,2002-08-13,2002-03-18/2002-08-13,False,Australia,,Willmore/Sensonics MKIIIA (DS1245)
unattributed,"no ANSIR/AuScope record, not ANU-built",short-period,,False,Sensonics (Willmore),Willmore/Sensonics MKIIIA (DS1245),892,False,,False,False,sensor,1,7P,,7P,1,1,2002-03-19,2002-08-13,2002-03-19/2002-08-13,False,Australia,,Willmore/Sensonics MKIIIA (DS1245)
unattributed,"no ANSIR/AuScope record, not ANU-built",short-period,,False,Sensonics (Willmore),Willmore/Sensonics MKIIIA (DS1245),894,False,,False,False,sensor,1,7P,,7P,1,1,2002-03-17,2002-08-14,2002-03-17/2002-08-14,False,Australia,,Willmore/Sensonics MKIIIA (DS1245)
unattributed,"no ANSIR/AuScope record, not ANU-built",short-period,,False,Sensonics (Willmore),Willmore/Sensonics MKIIIA (DS1245),895,False,,False,False,sensor,1,7P,,7P,1,1,2002-03-19,2002-08-13,2002-03-19/2002-08-13,False,Australia,,Willmore/Sensonics MKIIIA (DS1245)
unattributed,"no ANSIR/AuScope record, not ANU-built",short-period,,False,Sensonics (Willmore),Willmore/Sensonics MKIIIC (DSL022),300,False,,False,False,sensor,1,7P,,7P,1,1,2002-03-18,2002-08-09,2002-03-18/2002-08-09,False,Australia,,Willmore/Sensonics MKIIIC (DSL022)
unattributed,"no ANSIR/AuScope record, not ANU-built",short-period,,False,Sensonics (Willmore),Willmore/Sensonics MKIIIC (DSL022),301,False,,False,False,sensor,1,7P,,7P,1,1,2002-03-18,2002-07-21,2002-03-18/2002-07-21,False,Australia,,Willmore/Sensonics MKIIIC (DSL022)
unattributed,"no ANSIR/AuScope record, not ANU-built",short-period,,False,Sensonics (Willmore),Willmore/Sensonics MKIIIC (DSL022),302,False,,False,False,sensor,1,7P,,7P,1,1,2002-03-10,2002-08-09,2002-03-10/2002-08-09,False,Australia,,Willmore/Sensonics MKIIIC (DSL022)
unattributed,"no ANSIR/AuScope record, not ANU-built",short-period,,False,Sensonics (Willmore),Willmore/Sensonics MKIIIC (DSL022),303,False,,False,False,sensor,1,7P,,7P,1,1,2002-03-11,2002-08-09,2002-03-11/2002-08-09,False,Australia,,Willmore/Sensonics MKIIIC (DSL022)
unattributed,"no ANSIR/AuScope record, not ANU-built",short-period,,False,Sensonics (Willmore),Willmore/Sensonics MKIIIC (DSL022),304,False,,False,False,sensor,1,7P,,7P,1,1,2002-03-11,2002-07-17,2002-03-11/2002-07-17,False,Australia,,Willmore/Sensonics MKIIIC (DSL022)
unattributed,"no ANSIR/AuScope record, not ANU-built",short-period,,False,Sensonics (Willmore),Willmore/Sensonics MKIIIC (DSL022),305,False,,False,False,sensor,1,7P,,7P,1,1,2002-03-11,2002-07-16,2002-03-11/2002-07-16,False,Australia,,Willmore/Sensonics MKIIIC (DSL022)
unattributed,"no ANSIR/AuScope record, not ANU-built",short-period,,False,Sensonics (Willmore),Willmore/Sensonics MKIIIC (DSL022),306,False,,False,False,sensor,1,7P,,7P,1,1,2002-03-12,2002-08-09,2002-03-12/2002-08-09,False,Australia,,Willmore/Sensonics MKIIIC (DSL022)
unattributed,"no ANSIR/AuScope record, not ANU-built",short-period,,False,Sensonics (Willmore),Willmore/Sensonics MKIIIC (DSL022),307,False,,False,False,sensor,1,7P,,7P,1,1,2002-03-13,2002-07-29,2002-03-13/2002-07-29,False,Australia,,Willmore/Sensonics MKIIIC (DSL022)
unattributed,"no ANSIR/AuScope record, not ANU-built",short-period,,False,Sensonics (Willmore),Willmore/Sensonics MKIIIC (DSL022),308,False,,False,False,sensor,1,7P,,7P,1,1,2002-04-05,2002-07-31,2002-04-05/2002-07-31,False,Australia,,Willmore/Sensonics MKIIIC (DSL022)
unattributed,"no ANSIR/AuScope record, not ANU-built",short-period,,False,Sensonics (Willmore),Willmore/Sensonics MKIIIC (DSL022),309,False,,False,False,sensor,1,7P,,7P,1,1,2002-04-05,2002-06-28,2002-04-05/2002-06-28,False,Australia,,Willmore/Sensonics MKIIIC (DSL022)
unattributed,"no ANSIR/AuScope record, not ANU-built",short-period,,False,Sensonics (Willmore),Willmore/Sensonics MKIIIC (DSL022),310,False,,False,False,sensor,1,7P,,7P,1,1,2002-03-13,2002-06-28,2002-03-13/2002-06-28,False,Australia,,Willmore/Sensonics MKIIIC (DSL022)
unattributed,"no ANSIR/AuScope record, not ANU-built",short-period,,False,Sensonics (Willmore),Willmore/Sensonics MKIIIC (DSL022),311,False,,False,False,sensor,1,7P,,7P,1,1,2002-03-14,2002-08-12,2002-03-14/2002-08-12,False,Australia,,Willmore/Sensonics MKIIIC (DSL022)
unattributed,"no ANSIR/AuScope record, not ANU-built",short-period,,False,Sensonics (Willmore),Willmore/Sensonics MKIIIC (DSL022),313,False,,False,False,sensor,1,7P,,7P,1,1,2002-03-14,2002-08-12,2002-03-14/2002-08-12,False,Australia,,Willmore/Sensonics MKIIIC (DSL022)
unattributed,"no ANSIR/AuScope record, not ANU-built",short-period,,False,Sensonics (Willmore),Willmore/Sensonics MKIIIC (DSL022),314,False,,False,False,sensor,1,7P,,7P,1,1,2002-03-19,2002-08-14,2002-03-19/2002-08-14,False,Australia,,Willmore/Sensonics MKIIIC (DSL022)
unattributed,"no ANSIR/AuScope record, not ANU-built",short-period,,False,Sensonics (Willmore),Willmore/Sensonics MKIIIC (DSL022),315,False,,False,False,sensor,1,7P,,7P,1,1,2002-03-18,2002-08-14,2002-03-18/2002-08-14,False,Australia,,Willmore/Sensonics MKIIIC (DSL022)
unattributed,"no ANSIR/AuScope record, not ANU-built",short-period,,False,Sensonics (Willmore),Willmore/Sensonics MKIIIC (DSL022),316,False,,False,False,sensor,1,7P,,7P,1,1,2002-03-19,2002-07-27,2002-03-19/2002-07-27,False,Australia,,Willmore/Sensonics MKIIIC (DSL022)
unattributed,"no ANSIR/AuScope record, not ANU-built",short-period,,False,Sensonics (Willmore),Willmore/Sensonics MKIIIC (DSL022),317,False,,False,False,sensor,1,7P,,7P,1,1,2002-03-18,2002-08-14,2002-03-18/2002-08-14,False,Australia,,Willmore/Sensonics MKIIIC (DSL022)
unattributed,"no ANSIR/AuScope record, not ANU-built",unclassified,,False,Sercel,,1759,False,,False,False,sensor,1,OZ,,OZ,1,1,2014-08-26,,2014-08-26/,True,,,
unattributed,"no ANSIR/AuScope record, not ANU-built",unclassified,,False,Sercel,,646,False,,False,False,sensor,1,OZ,,OZ,1,1,2018-11-22,,2018-11-22/,True,,,
unattributed,"no ANSIR/AuScope record, not ANU-built",unclassified,,False,Sercel,,695,False,,False,False,sensor,1,OZ,,OZ,1,1,1989-05-02,,1989-05-02/,True,,,
unattributed,"no ANSIR/AuScope record, not ANU-built",short-period,,False,Sercel,Sercel L-28 4.5Hz,318,False,,False,False,sensor,1,1L,,1L,1,1,2021-04-22,2021-06-10,2021-04-22/2021-06-10,False,Australia,10.7914/63mk-n625,Sercel L-28 4.5Hz (30.4 V/m/s)
unattributed,"no ANSIR/AuScope record, not ANU-built",short-period,,False,Sercel,Sercel L-4A 2Hz,351,False,,False,False,sensor,1,7P,,7P,1,1,2002-03-15,2002-08-01,2002-03-15/2002-08-01,False,Australia,,Sercel L-4A 2Hz (171 V/m/s)
unattributed,"no ANSIR/AuScope record, not ANU-built",short-period,,False,Sercel,Sercel L-4A 2Hz,352,False,,False,False,sensor,1,7P,,7P,1,1,2002-03-12,2002-08-09,2002-03-12/2002-08-09,False,Australia,,Sercel L-4A 2Hz (171 V/m/s)
unattributed,"no ANSIR/AuScope record, not ANU-built",short-period,,False,Sercel,Sercel L-4A 2Hz,353,False,,False,False,sensor,1,7P,,7P,1,1,2002-03-14,2002-08-13,2002-03-14/2002-08-13,False,Australia,,Sercel L-4A 2Hz (171 V/m/s)
unattributed,"no ANSIR/AuScope record, not ANU-built",short-period,,False,Sercel,Sercel L-4A 2Hz,355,False,,False,False,sensor,1,7P,,7P,1,1,2002-03-15,2002-07-20,2002-03-15/2002-07-20,False,Australia,,Sercel L-4A 2Hz (171 V/m/s)
unattributed,"no ANSIR/AuScope record, not ANU-built",short-period,,False,Sercel,Sercel L-4A 2Hz,358,False,,False,False,sensor,1,7P,,7P,1,1,2002-03-12,2002-08-09,2002-03-12/2002-08-09,False,Australia,,Sercel L-4A 2Hz (171 V/m/s)
unattributed,"no ANSIR/AuScope record, not ANU-built",short-period,,False,Sercel,Sercel L-4A 2Hz,359,False,,False,False,sensor,1,7P,,7P,1,1,2002-03-12,2002-07-17,2002-03-12/2002-07-17,False,Australia,,Sercel L-4A 2Hz (171 V/m/s)
unattributed,"no ANSIR/AuScope record, not ANU-built",short-period,,False,Sercel,Sercel L-4A 2Hz,360,False,,False,False,sensor,1,7P,,7P,1,1,2002-03-14,2002-08-13,2002-03-14/2002-08-13,False,Australia,,Sercel L-4A 2Hz (171 V/m/s)
unattributed,"no ANSIR/AuScope record, not ANU-built",short-period,,False,Sercel,Sercel L-4A 2Hz,361,False,,False,False,sensor,1,7P,,7P,1,1,2002-03-11,2002-07-17,2002-03-11/2002-07-17,False,Australia,,Sercel L-4A 2Hz (171 V/m/s)
unattributed,"no ANSIR/AuScope record, not ANU-built",short-period,,False,Sercel,Sercel L-4C 1Hz,104,False,,False,False,sensor,1,7P,,7P,1,1,2002-07-03,2002-07-30,2002-07-03/2002-07-30,False,Australia,,Sercel L-4C 1Hz (171 V/m/s)
unattributed,"no ANSIR/AuScope record, not ANU-built",short-period,,False,Sercel,Sercel L-4C 1Hz,1274,False,,False,False,sensor,1,7R,,7R,1,1,2005-11-01,2006-05-21,2005-11-01/2006-05-21,False,Australia,,Sercel L-4C 1Hz (171 V/m/s)
unattributed,"no ANSIR/AuScope record, not ANU-built",short-period,,False,Sercel,Sercel L-4C 1Hz,146,False,,False,False,sensor,1,7R,,7R,1,1,2005-07-21,2006-05-21,2005-07-21/2006-05-21,False,Australia,,Sercel L-4C 1Hz (171 V/m/s)
unattributed,"no ANSIR/AuScope record, not ANU-built",short-period,,False,Sercel,Sercel L-4C 1Hz,1609,False,,False,False,sensor,1,7R,,7R,1,1,2005-08-22,2006-05-22,2005-08-22/2006-05-22,False,Australia,,Sercel L-4C 1Hz (171 V/m/s)
unattributed,"no ANSIR/AuScope record, not ANU-built",short-period,,False,Sercel,Sercel L-4C 1Hz,1613,False,,False,False,sensor,1,7R,,7R,1,1,2005-08-23,2006-02-13,2005-08-23/2006-02-13,False,Australia,,Sercel L-4C 1Hz (171 V/m/s)
unattributed,"no ANSIR/AuScope record, not ANU-built",short-period,,False,Sercel,Sercel L-4C 1Hz,207,False,,False,False,sensor,1,7R,,7R,1,1,2005-09-26,2005-11-10,2005-09-26/2005-11-10,False,Australia,,Sercel L-4C 1Hz (171 V/m/s)
unattributed,"no ANSIR/AuScope record, not ANU-built",short-period,,False,Sercel,Sercel L-4C 1Hz,209,False,,False,False,sensor,1,7R,,7R,1,1,2005-07-21,2006-05-21,2005-07-21/2006-05-21,False,Australia,,Sercel L-4C 1Hz (171 V/m/s)
unattributed,"no ANSIR/AuScope record, not ANU-built",short-period,,False,Sercel,Sercel L-4C 1Hz,211,False,,False,False,sensor,1,7R,,7R,1,1,2005-08-24,2006-05-21,2005-08-24/2006-05-21,False,Australia,,Sercel L-4C 1Hz (171 V/m/s)
unattributed,"no ANSIR/AuScope record, not ANU-built",short-period,,False,Sercel,Sercel L-4C 1Hz,212,False,,False,False,sensor,1,7R,,7R,1,1,2005-10-01,2006-05-21,2005-10-01/2006-05-21,False,Australia,,Sercel L-4C 1Hz (171 V/m/s)
unattributed,"no ANSIR/AuScope record, not ANU-built",short-period,,False,Sercel,Sercel L-4C 1Hz,213,False,,False,False,sensor,2,7P; 7R,,7P; 7R,2,2,2002-03-12,2006-05-18,2002-03-12/2006-05-18,False,Australia,,Sercel L-4C 1Hz (171 V/m/s)
unattributed,"no ANSIR/AuScope record, not ANU-built",short-period,,False,Sercel,Sercel L-4C 1Hz,217,False,,False,False,sensor,1,7R,,7R,1,1,2005-07-19,2006-05-21,2005-07-19/2006-05-21,False,Australia,,Sercel L-4C 1Hz (171 V/m/s)
unattributed,"no ANSIR/AuScope record, not ANU-built",short-period,,False,Sercel,Sercel L-4C 1Hz,218,False,,False,False,sensor,1,7R,,7R,1,1,2005-11-08,2006-05-16,2005-11-08/2006-05-16,False,Australia,,Sercel L-4C 1Hz (171 V/m/s)
unattributed,"no ANSIR/AuScope record, not ANU-built",short-period,,False,Sercel,Sercel L-4C 1Hz,265,False,,False,False,sensor,1,7P,,7P,1,2,2002-03-12,2002-08-13,2002-03-12/2002-08-13,False,Australia,,Sercel L-4C 1Hz (171 V/m/s)
unattributed,"no ANSIR/AuScope record, not ANU-built",short-period,,False,Sercel,Sercel L-4C 1Hz,267,False,,False,False,sensor,1,7P,,7P,1,1,2002-03-10,2002-08-08,2002-03-10/2002-08-08,False,Australia,,Sercel L-4C 1Hz (171 V/m/s)
unattributed,"no ANSIR/AuScope record, not ANU-built",short-period,,False,Sercel,Sercel L-4C 1Hz,268,False,,False,False,sensor,1,7P,,7P,1,1,2002-03-16,2002-07-28,2002-03-16/2002-07-28,False,Australia,,Sercel L-4C 1Hz (171 V/m/s)
unattributed,"no ANSIR/AuScope record, not ANU-built",short-period,,False,Sercel,Sercel L-4C 1Hz,269,False,,False,False,sensor,1,7P,,7P,1,1,2002-03-10,2002-08-08,2002-03-10/2002-08-08,False,Australia,,Sercel L-4C 1Hz (171 V/m/s)
unattributed,"no ANSIR/AuScope record, not ANU-built",short-period,,False,Sercel,Sercel L-4C 1Hz,270,False,,False,False,sensor,1,7P,,7P,1,1,2002-03-13,2002-08-12,2002-03-13/2002-08-12,False,Australia,,Sercel L-4C 1Hz (171 V/m/s)
unattributed,"no ANSIR/AuScope record, not ANU-built",short-period,,False,Sercel,Sercel L-4C 1Hz,271,False,,False,False,sensor,1,7P,,7P,1,1,2002-03-11,2002-08-08,2002-03-11/2002-08-08,False,Australia,,Sercel L-4C 1Hz (171 V/m/s)
unattributed,"no ANSIR/AuScope record, not ANU-built",short-period,,False,Sercel,Sercel L-4C 1Hz,272,False,,False,False,sensor,1,7P,,7P,1,1,2002-03-11,2002-08-08,2002-03-11/2002-08-08,False,Australia,,Sercel L-4C 1Hz (171 V/m/s)
unattributed,"no ANSIR/AuScope record, not ANU-built",short-period,,False,Sercel,Sercel L-4C 1Hz,273,False,,False,False,sensor,1,7R,,7R,1,1,2005-11-05,2006-05-19,2005-11-05/2006-05-19,False,Australia,,Sercel L-4C 1Hz (171 V/m/s)
unattributed,"no ANSIR/AuScope record, not ANU-built",short-period,,False,Sercel,Sercel L-4C 1Hz,276,False,,False,False,sensor,1,7P,,7P,1,1,2002-03-12,2002-07-31,2002-03-12/2002-07-31,False,Australia,,Sercel L-4C 1Hz (171 V/m/s)
unattributed,"no ANSIR/AuScope record, not ANU-built",short-period,,False,Sercel,Sercel L-4C 1Hz,592,False,,False,False,sensor,3,7P; 7Q; 7R,,7P; 7Q; 7R,3,3,2002-03-13,2006-05-18,2002-03-13/2006-05-18,False,Australia,,Sercel L-4C 1Hz (171 V/m/s)
unattributed,"no ANSIR/AuScope record, not ANU-built",short-period,,False,Sercel,Sercel L-4C 1Hz,593,False,,False,False,sensor,1,7R,,7R,1,1,2005-11-04,2006-05-18,2005-11-04/2006-05-18,False,Australia,,Sercel L-4C 1Hz (171 V/m/s)
unattributed,"no ANSIR/AuScope record, not ANU-built",short-period,,False,Sercel,Sercel L-4C 1Hz,595,False,,False,False,sensor,2,7Q; 7R,,7Q; 7R,2,2,2004-11-05,2005-11-23,2004-11-05/2005-11-23,False,Australia,,Sercel L-4C 1Hz (171 V/m/s)
unattributed,"no ANSIR/AuScope record, not ANU-built",short-period,,False,Sercel,Sercel L-4C 1Hz,596,False,,False,False,sensor,3,7P; 7Q; 7R,,7P; 7Q; 7R,3,3,2002-03-16,2006-05-18,2002-03-16/2006-05-18,False,Australia,,Sercel L-4C 1Hz (171 V/m/s)
unattributed,"no ANSIR/AuScope record, not ANU-built",short-period,,False,Sercel,Sercel L-4C 1Hz,597,False,,False,False,sensor,2,7Q; 7R,,7Q; 7R,2,2,2004-11-03,2006-05-19,2004-11-03/2006-05-19,False,Australia,,Sercel L-4C 1Hz (171 V/m/s)
unattributed,"no ANSIR/AuScope record, not ANU-built",short-period,,False,Sercel,Sercel L-4C 1Hz,598,False,,False,False,sensor,1,7R,,7R,1,1,2005-11-05,2006-05-20,2005-11-05/2006-05-20,False,Australia,,Sercel L-4C 1Hz (171 V/m/s)
unattributed,"no ANSIR/AuScope record, not ANU-built",short-period,,False,Sercel,Sercel L-4C 1Hz,599,False,,False,False,sensor,2,7P; 7R,,7P; 7R,2,2,2002-03-14,2006-05-23,2002-03-14/2006-05-23,False,Australia,,Sercel L-4C 1Hz (171 V/m/s)
unattributed,"no ANSIR/AuScope record, not ANU-built",short-period,,False,Sercel,Sercel L-4C 1Hz,600,False,,False,False,sensor,2,7Q; 7R,,7Q; 7R,2,2,2004-11-06,2006-05-18,2004-11-06/2006-05-18,False,Australia,,Sercel L-4C 1Hz (171 V/m/s)
unattributed,"no ANSIR/AuScope record, not ANU-built",short-period,,False,Sercel,Sercel L-4C 1Hz,608,False,,False,False,sensor,2,7Q; 7R,,7Q; 7R,2,2,2004-11-05,2006-04-04,2004-11-05/2006-04-04,False,Australia,,Sercel L-4C 1Hz (171 V/m/s)
unattributed,"no ANSIR/AuScope record, not ANU-built",short-period,,False,Sercel,Sercel L-4C 1Hz,609,False,,False,False,sensor,1,7P,,7P,1,1,2002-03-15,2002-08-13,2002-03-15/2002-08-13,False,Australia,,Sercel L-4C 1Hz (171 V/m/s)
unattributed,"no ANSIR/AuScope record, not ANU-built",short-period,,False,Sercel,Sercel L-4C 1Hz,611,False,,False,False,sensor,2,7Q; 7R,,7Q; 7R,2,2,2004-11-08,2006-05-16,2004-11-08/2006-05-16,False,Australia,,Sercel L-4C 1Hz (171 V/m/s)
unattributed,"no ANSIR/AuScope record, not ANU-built",short-period,,False,Sercel,Sercel L-4C 1Hz,614,False,,False,False,sensor,2,7Q; 7R,,7Q; 7R,2,2,2004-11-06,2006-05-23,2004-11-06/2006-05-23,False,Australia,,Sercel L-4C 1Hz (171 V/m/s)
unattributed,"no ANSIR/AuScope record, not ANU-built",short-period,,False,Sercel,Sercel L-4C 1Hz,615,False,,False,False,sensor,2,7P; 7Q,,7P; 7Q,2,2,2002-04-05,2005-04-09,2002-04-05/2005-04-09,False,Australia,,Sercel L-4C 1Hz (171 V/m/s)
unattributed,"no ANSIR/AuScope record, not ANU-built",short-period,,False,Sercel,Sercel L-4C 1Hz,616,False,,False,False,sensor,1,7R,,7R,1,1,2005-09-30,2006-05-20,2005-09-30/2006-05-20,False,Australia,,Sercel L-4C 1Hz (171 V/m/s)
unattributed,"no ANSIR/AuScope record, not ANU-built",short-period,,False,Sercel,Sercel L-4C 1Hz,617,False,,False,False,sensor,3,7P; 7Q; 7R,,7P; 7Q; 7R,3,3,2002-03-14,2006-05-22,2002-03-14/2006-05-22,False,Australia,,Sercel L-4C 1Hz (171 V/m/s)
unattributed,"no ANSIR/AuScope record, not ANU-built",short-period,,False,Sercel,Sercel L-4C 1Hz,618,False,,False,False,sensor,3,7P; 7Q; 7R,,7P; 7Q; 7R,3,3,2002-03-11,2006-05-19,2002-03-11/2006-05-19,False,Australia,,Sercel L-4C 1Hz (171 V/m/s)
unattributed,"no ANSIR/AuScope record, not ANU-built",short-period,,False,Sercel,Sercel L-4C 1Hz,620,False,,False,False,sensor,1,7R,,7R,1,1,2006-01-09,2006-03-25,2006-01-09/2006-03-25,False,Australia,,Sercel L-4C 1Hz (171 V/m/s)
unattributed,"no ANSIR/AuScope record, not ANU-built",short-period,,False,Sercel,Sercel L-4C 1Hz,621,False,,False,False,sensor,3,7P; 7Q; 7R,,7P; 7Q; 7R,3,3,2002-03-13,2006-01-08,2002-03-13/2006-01-08,False,Australia,,Sercel L-4C 1Hz (171 V/m/s)
unattributed,"no ANSIR/AuScope record, not ANU-built",short-period,,False,Sercel,Sercel L-4C 1Hz,622,False,,False,False,sensor,2,7Q; 7R,,7Q; 7R,2,2,2004-11-08,2006-04-09,2004-11-08/2006-04-09,False,Australia,,Sercel L-4C 1Hz (171 V/m/s)
unattributed,"no ANSIR/AuScope record, not ANU-built",short-period,,False,Sercel,Sercel L-4C 1Hz,623,False,,False,False,sensor,2,7Q; 7R,,7Q; 7R,2,2,2004-11-07,2006-05-15,2004-11-07/2006-05-15,False,Australia,,Sercel L-4C 1Hz (171 V/m/s)
unattributed,"no ANSIR/AuScope record, not ANU-built",short-period,,False,Sercel,Sercel L-4C 1Hz,625,False,,False,False,sensor,3,7P; 7Q; 7R,,7P; 7Q; 7R,3,3,2002-03-15,2006-05-19,2002-03-15/2006-05-19,False,Australia,,Sercel L-4C 1Hz (171 V/m/s)
unattributed,"no ANSIR/AuScope record, not ANU-built",short-period,,False,Sercel,Sercel L-4C 1Hz,626,False,,False,False,sensor,1,7R,,7R,1,1,2005-11-04,2006-05-05,2005-11-04/2006-05-05,False,Australia,,Sercel L-4C 1Hz (171 V/m/s)
unattributed,"no ANSIR/AuScope record, not ANU-built",short-period,,False,Sercel,Sercel L-4C 1Hz,627,False,,False,False,sensor,1,7R,,7R,1,1,2005-09-26,2006-03-28,2005-09-26/2006-03-28,False,Australia,,Sercel L-4C 1Hz (171 V/m/s)
unattributed,"no ANSIR/AuScope record, not ANU-built",short-period,,False,Sercel,Sercel L-4C 1Hz,631,False,,False,False,sensor,1,7R,,7R,1,1,2005-11-04,2006-01-07,2005-11-04/2006-01-07,False,Australia,,Sercel L-4C 1Hz (171 V/m/s)
unattributed,"no ANSIR/AuScope record, not ANU-built",short-period,,False,Sercel,Sercel L-4C 1Hz,632,False,,False,False,sensor,2,7P; 7Q,,7P; 7Q,2,2,2002-03-13,2005-04-08,2002-03-13/2005-04-08,False,Australia,,Sercel L-4C 1Hz (171 V/m/s)
unattributed,"no ANSIR/AuScope record, not ANU-built",short-period,,False,Sercel,Sercel L-4C 1Hz,634,False,,False,False,sensor,2,7Q; 7R,,7Q; 7R,2,2,2004-11-05,2006-05-18,2004-11-05/2006-05-18,False,Australia,,Sercel L-4C 1Hz (171 V/m/s)
unattributed,"no ANSIR/AuScope record, not ANU-built",short-period,,False,Sercel,Sercel L-4C 1Hz,635,False,,False,False,sensor,1,7P,,7P,1,1,2002-03-14,2002-08-12,2002-03-14/2002-08-12,False,Australia,,Sercel L-4C 1Hz (171 V/m/s)
unattributed,"no ANSIR/AuScope record, not ANU-built",short-period,,False,Sercel,Sercel L-4C 1Hz,636,False,,False,False,sensor,1,7Q,,7Q,1,1,2004-11-07,2005-04-07,2004-11-07/2005-04-07,False,Australia,,Sercel L-4C 1Hz (171 V/m/s)
unattributed,"no ANSIR/AuScope record, not ANU-built",short-period,,False,Sercel,Sercel L-4C 1Hz,637,False,,False,False,sensor,1,7Q,,7Q,1,1,2004-11-06,2005-04-06,2004-11-06/2005-04-06,False,Australia,,Sercel L-4C 1Hz (171 V/m/s)
unattributed,"no ANSIR/AuScope record, not ANU-built",short-period,,False,Sercel,Sercel L-4C 1Hz,639,False,,False,False,sensor,1,7Q,,7Q,1,1,2004-11-07,2005-04-07,2004-11-07/2005-04-07,False,Australia,,Sercel L-4C 1Hz (171 V/m/s)
unattributed,"no ANSIR/AuScope record, not ANU-built",short-period,,False,Sercel,Sercel L-4C 1Hz,640,False,,False,False,sensor,1,7R,,7R,1,1,2005-11-05,2006-05-19,2005-11-05/2006-05-19,False,Australia,,Sercel L-4C 1Hz (171 V/m/s)
unattributed,"no ANSIR/AuScope record, not ANU-built",short-period,,False,Sercel,Sercel L-4C 1Hz,669,False,,False,False,sensor,1,7P,,7P,1,1,2002-03-12,2002-08-10,2002-03-12/2002-08-10,False,Australia,,Sercel L-4C 1Hz (171 V/m/s)
unattributed,"no ANSIR/AuScope record, not ANU-built",short-period,,False,Sercel,Sercel L-4C 1Hz,670,False,,False,False,sensor,1,7R,,7R,1,1,2005-09-27,2006-05-16,2005-09-27/2006-05-16,False,Australia,,Sercel L-4C 1Hz (171 V/m/s)
unattributed,"no ANSIR/AuScope record, not ANU-built",short-period,,False,Sercel,Sercel L-4C 1Hz,672,False,,False,False,sensor,1,7R,,7R,1,1,2005-11-07,2006-05-17,2005-11-07/2006-05-17,False,Australia,,Sercel L-4C 1Hz (171 V/m/s)
unattributed,"no ANSIR/AuScope record, not ANU-built",short-period,,False,Sercel,Sercel L-4C 1Hz,673,False,,False,False,sensor,1,7R,,7R,1,1,2005-09-30,2006-05-20,2005-09-30/2006-05-20,False,Australia,,Sercel L-4C 1Hz (171 V/m/s)
unattributed,"no ANSIR/AuScope record, not ANU-built",short-period,,False,Sercel,Sercel L-4C 1Hz,676,False,,False,False,sensor,1,7R,,7R,1,1,2005-09-28,2006-05-17,2005-09-28/2006-05-17,False,Australia,,Sercel L-4C 1Hz (171 V/m/s)
unattributed,"no ANSIR/AuScope record, not ANU-built",short-period,,False,Sercel,Sercel L-4C 1Hz,677,False,,False,False,sensor,1,7R,,7R,1,1,2005-09-27,2006-05-16,2005-09-27/2006-05-16,False,Australia,,Sercel L-4C 1Hz (171 V/m/s)
unattributed,"no ANSIR/AuScope record, not ANU-built",short-period,,False,Sercel,Sercel L-4C 1Hz,8208,False,,False,False,sensor,1,7R,,7R,1,1,2005-08-22,2006-05-20,2005-08-22/2006-05-20,False,Australia,,Sercel L-4C 1Hz (171 V/m/s)
unattributed,"no ANSIR/AuScope record, not ANU-built",short-period,,False,Sercel,Sercel L-4C 1Hz,8210,False,,False,False,sensor,1,7R,,7R,1,1,2005-08-25,2006-05-20,2005-08-25/2006-05-20,False,Australia,,Sercel L-4C 1Hz (171 V/m/s)
unattributed,"no ANSIR/AuScope record, not ANU-built",short-period,,False,Sercel,Sercel L-4C 1Hz,8215,False,,False,False,sensor,1,7R,,7R,1,1,2005-11-01,2006-05-23,2005-11-01/2006-05-23,False,Australia,,Sercel L-4C 1Hz (171 V/m/s)
unattributed,"no ANSIR/AuScope record, not ANU-built",short-period,,False,Sercel,Sercel L-4C 1Hz,8216,False,,False,False,sensor,1,7R,,7R,1,1,2006-01-10,2006-05-16,2006-01-10/2006-05-16,False,Australia,,Sercel L-4C 1Hz (171 V/m/s)
unattributed,"no ANSIR/AuScope record, not ANU-built",short-period,,False,Sercel,Sercel L-4C 1Hz,8674,False,,False,False,sensor,1,7R,,7R,1,1,2005-09-26,2006-05-15,2005-09-26/2006-05-15,False,Australia,,Sercel L-4C 1Hz (171 V/m/s)
unattributed,"no ANSIR/AuScope record, not ANU-built",short-period,,False,Sercel,Sercel L-4C 1Hz,8675,False,,False,False,sensor,1,7R,,7R,1,1,2005-08-24,2006-05-21,2005-08-24/2006-05-21,False,Australia,,Sercel L-4C 1Hz (171 V/m/s)
unattributed,"no ANSIR/AuScope record, not ANU-built",short-period,,False,Sercel,Sercel L-4C 1Hz,8678,False,,False,False,sensor,1,7R,,7R,1,1,2006-01-12,2006-05-15,2006-01-12/2006-05-15,False,Australia,,Sercel L-4C 1Hz (171 V/m/s)
unattributed,"no ANSIR/AuScope record, not ANU-built",broadband,,False,Silicon Audio,Silicon Audio 213-120PA,A0280,False,,False,False,sensor,1,WG,,WG,1,1,2025-06-02,2026-05-17,2025-06-02/2026-05-17,False,,10.7914/xagc-se62,Silicon Audio 213-120PA
unattributed,"no ANSIR/AuScope record, not ANU-built",broadband,,False,Silicon Audio,Silicon Audio 213-120PA,A0377,False,,False,False,sensor,1,WG,,WG,1,1,2024-03-17,2025-03-12,2024-03-17/2025-03-12,False,,10.7914/xagc-se62,Silicon Audio 213-120PA
unattributed,"no ANSIR/AuScope record, not ANU-built",broadband,,False,Silicon Audio,Silicon Audio 213-120PA,A0380,False,,False,False,sensor,1,WG,,WG,1,2,2022-12-01,2025-03-10,2022-12-01/2025-03-10,False,Australia,10.7914/xagc-se62,Silicon Audio 213-120PA; Silicone Audio 213-120PA
unattributed,"no ANSIR/AuScope record, not ANU-built",broadband,,False,Silicon Audio,Silicon Audio 213-120PA,A0381,False,,False,False,sensor,1,WG,,WG,1,3,2022-11-29,2025-11-12,2022-11-29/2025-11-12,False,Australia,10.7914/xagc-se62,Silicon Audio 213-120PA; Silicone Audio 213-120PA
unattributed,"no ANSIR/AuScope record, not ANU-built",broadband,,False,Silicon Audio,Silicon Audio 213-120PA,A0382,False,,False,False,sensor,1,WG,,WG,1,3,2022-11-21,2026-05-08,2022-11-21/2026-05-08,False,Australia,10.7914/xagc-se62,Silicon Audio 213-120PA; Silicone Audio 213-120PA
unattributed,"no ANSIR/AuScope record, not ANU-built",broadband,,False,Silicon Audio,Silicon Audio 213-120PA,A0383,False,,False,False,sensor,1,WG,,WG,1,3,2022-11-30,2026-05-18,2022-11-30/2026-05-18,False,Australia,10.7914/xagc-se62,Silicon Audio 213-120PA; Silicone Audio 213-120PA
unattributed,"no ANSIR/AuScope record, not ANU-built",broadband,,False,Silicon Audio,Silicon Audio 213-120PA,A0384,False,,False,False,sensor,1,WG,,WG,1,3,2022-12-10,2025-09-29,2022-12-10/2025-09-29,False,Australia,10.7914/xagc-se62,Silicon Audio 213-120PA; Silicone Audio 213-120PA
unattributed,"no ANSIR/AuScope record, not ANU-built",broadband,,False,Silicon Audio,Silicon Audio 213-120PA,A0385,False,,False,False,sensor,1,WG,,WG,1,3,2022-12-17,2026-05-15,2022-12-17/2026-05-15,False,Australia,10.7914/xagc-se62,Silicon Audio 213-120PA; Silicone Audio 213-120PA
unattributed,"no ANSIR/AuScope record, not ANU-built",broadband,,False,Silicon Audio,Silicon Audio 213-120PA,A0386,False,,False,False,sensor,1,WG,,WG,1,3,2022-11-30,2026-05-06,2022-11-30/2026-05-06,False,Australia,10.7914/xagc-se62,Silicon Audio 213-120PA; Silicone Audio 213-120PA
unattributed,"no ANSIR/AuScope record, not ANU-built",broadband,,False,Silicon Audio,Silicon Audio 213-120PA,A0387,False,,False,False,sensor,1,WG,,WG,1,3,2022-12-01,2026-05-06,2022-12-01/2026-05-06,False,Australia,10.7914/xagc-se62,Silicon Audio 213-120PA; Silicone Audio 213-120PA
unattributed,"no ANSIR/AuScope record, not ANU-built",broadband,,False,Silicon Audio,Silicon Audio 213-120PA,A0388,False,,False,False,sensor,1,WG,,WG,1,4,2022-11-29,2026-05-19,2022-11-29/2026-05-19,False,Australia,10.7914/xagc-se62,Silicon Audio 213-120PA; Silicone Audio 213-120PA
unattributed,"no ANSIR/AuScope record, not ANU-built",broadband,,False,Silicon Audio,Silicon Audio 213-120PA,A0389,False,,False,False,sensor,1,WG,,WG,1,3,2022-12-04,2025-07-22,2022-12-04/2025-07-22,False,Australia,10.7914/xagc-se62,Silicon Audio 213-120PA; Silicone Audio 213-120PA
unattributed,"no ANSIR/AuScope record, not ANU-built",broadband,,False,Silicon Audio,Silicon Audio 213-120PA,A0390,False,,False,False,sensor,1,WG,,WG,1,3,2022-11-28,2026-04-24,2022-11-28/2026-04-24,False,Australia,10.7914/xagc-se62,Silicon Audio 213-120PA; Silicone Audio 213-120PA
unattributed,"no ANSIR/AuScope record, not ANU-built",broadband,,False,Silicon Audio,Silicon Audio 213-120PA,A0391,False,,False,False,sensor,1,WG,,WG,1,2,2024-02-14,2025-11-05,2024-02-14/2025-11-05,False,,10.7914/xagc-se62,Silicon Audio 213-120PA
unattributed,"no ANSIR/AuScope record, not ANU-built",broadband,,False,Silicon Audio,Silicon Audio 213-120PA,A0392,False,,False,False,sensor,1,WG,,WG,1,3,2022-11-29,2026-05-11,2022-11-29/2026-05-11,False,Australia,10.7914/xagc-se62,Silicon Audio 213-120PA; Silicone Audio 213-120PA
unattributed,"no ANSIR/AuScope record, not ANU-built",broadband,,False,Silicon Audio,Silicon Audio 213-120PA,A0393,False,,False,False,sensor,1,WG,,WG,1,4,2022-12-01,2026-05-10,2022-12-01/2026-05-10,False,Australia,10.7914/xagc-se62,Silicon Audio 213-120PA; Silicone Audio 213-120PA
unattributed,"no ANSIR/AuScope record, not ANU-built",broadband,,False,Silicon Audio,Silicon Audio 213-120PA,A0394,False,,False,False,sensor,1,WG,,WG,1,2,2023-02-21,2026-05-15,2023-02-21/2026-05-15,False,Australia,10.7914/xagc-se62,Silicon Audio 213-120PA; Silicone Audio 213-120PA
unattributed,"no ANSIR/AuScope record, not ANU-built",broadband,,False,Silicon Audio,Silicon Audio 213-120PA,A0395,False,,False,False,sensor,1,WG,,WG,1,2,2022-12-09,2025-03-09,2022-12-09/2025-03-09,False,Australia,10.7914/xagc-se62,Silicon Audio 213-120PA; Silicone Audio 213-120PA
unattributed,"no ANSIR/AuScope record, not ANU-built",broadband,,False,Silicon Audio,Silicon Audio 213-120PA,A0396,False,,False,False,sensor,1,WG,,WG,1,2,2022-12-04,2026-05-10,2022-12-04/2026-05-10,False,Australia,10.7914/xagc-se62,Silicon Audio 213-120PA; Silicone Audio 213-120PA
unattributed,"no ANSIR/AuScope record, not ANU-built",broadband,,False,Silicon Audio,Silicon Audio 213-120PA,A0397,False,,False,False,sensor,1,WG,,WG,1,2,2022-12-03,2025-07-16,2022-12-03/2025-07-16,False,Australia,10.7914/xagc-se62,Silicon Audio 213-120PA; Silicone Audio 213-120PA
unattributed,"no ANSIR/AuScope record, not ANU-built",broadband,,False,Silicon Audio,Silicon Audio 213-120PA,A0398,False,,False,False,sensor,1,WG,,WG,1,3,2022-12-09,2026-05-12,2022-12-09/2026-05-12,False,Australia,10.7914/xagc-se62,Silicon Audio 213-120PA; Silicone Audio 213-120PA
unattributed,"no ANSIR/AuScope record, not ANU-built",broadband,,False,Silicon Audio,Silicon Audio 213-120PA,A0399,False,,False,False,sensor,1,WG,,WG,1,1,2022-12-08,2023-11-27,2022-12-08/2023-11-27,False,Australia,10.7914/xagc-se62,Silicone Audio 213-120PA
unattributed,"no ANSIR/AuScope record, not ANU-built",broadband,,False,Silicon Audio,Silicon Audio 213-120PA,A0400,False,,False,False,sensor,1,WG,,WG,1,3,2022-12-01,2026-05-15,2022-12-01/2026-05-15,False,Australia,10.7914/xagc-se62,Silicon Audio 213-120PA; Silicone Audio 213-120PA
unattributed,"no ANSIR/AuScope record, not ANU-built",broadband,,False,Silicon Audio,Silicon Audio 213-120PA,A0401,False,,False,False,sensor,1,WG,,WG,1,2,2022-12-04,2025-03-08,2022-12-04/2025-03-08,False,Australia,10.7914/xagc-se62,Silicon Audio 213-120PA; Silicone Audio 213-120PA
unattributed,"no ANSIR/AuScope record, not ANU-built",broadband,,False,Silicon Audio,Silicon Audio 213-120PA,A0402,False,,False,False,sensor,1,WG,,WG,1,2,2023-02-23,2025-03-11,2023-02-23/2025-03-11,False,Australia,10.7914/xagc-se62,Silicon Audio 213-120PA; Silicone Audio 213-120PA
unattributed,"no ANSIR/AuScope record, not ANU-built",broadband,,False,Silicon Audio,Silicon Audio 213-120PA,A0403,False,,False,False,sensor,1,WG,,WG,1,2,2022-12-15,2025-03-11,2022-12-15/2025-03-11,False,Australia,10.7914/xagc-se62,Silicon Audio 213-120PA; Silicone Audio 213-120PA
unattributed,"no ANSIR/AuScope record, not ANU-built",broadband,,False,Silicon Audio,Silicon Audio 213-120PA,A0404,False,,False,False,sensor,1,WG,,WG,1,2,2022-12-02,2025-03-12,2022-12-02/2025-03-12,False,Australia,10.7914/xagc-se62,Silicon Audio 213-120PA; Silicone Audio 213-120PA
unattributed,"no ANSIR/AuScope record, not ANU-built",broadband,,False,Silicon Audio,Silicon Audio 213-120PA,A0405,False,,False,False,sensor,1,WG,,WG,1,2,2022-12-04,2025-03-14,2022-12-04/2025-03-14,False,Australia,10.7914/xagc-se62,Silicon Audio 213-120PA; Silicone Audio 213-120PA
unattributed,"no ANSIR/AuScope record, not ANU-built",broadband,,False,Silicon Audio,Silicon Audio 213-120PA,A0406,False,,False,False,sensor,1,WG,,WG,1,2,2022-12-01,2025-03-08,2022-12-01/2025-03-08,False,Australia,10.7914/xagc-se62,Silicon Audio 213-120PA; Silicone Audio 213-120PA
unattributed,"no ANSIR/AuScope record, not ANU-built",broadband,,False,Silicon Audio,Silicon Audio 213-120PA,A0407,False,,False,False,sensor,1,WG,,WG,1,2,2022-11-29,2025-03-12,2022-11-29/2025-03-12,False,Australia,10.7914/xagc-se62,Silicon Audio 213-120PA; Silicone Audio 213-120PA
unattributed,"no ANSIR/AuScope record, not ANU-built",broadband,,False,Silicon Audio,Silicon Audio 213-120PA,A0408,False,,False,False,sensor,1,WG,,WG,1,2,2022-12-01,2025-03-14,2022-12-01/2025-03-14,False,Australia,10.7914/xagc-se62,Silicon Audio 213-120PA; Silicone Audio 213-120PA
unattributed,"no ANSIR/AuScope record, not ANU-built",broadband,,False,Silicon Audio,Silicon Audio 213-120PA,A0409,False,,False,False,sensor,1,WG,,WG,1,3,2022-12-03,2026-05-12,2022-12-03/2026-05-12,False,Australia,10.7914/xagc-se62,Silicon Audio 213-120PA; Silicone Audio 213-120PA
unattributed,"no ANSIR/AuScope record, not ANU-built",broadband,,False,Silicon Audio,Silicon Audio 213-120PA,C0645,False,,False,False,sensor,1,WG,,WG,1,1,2025-07-04,2026-05-10,2025-07-04/2026-05-10,False,,10.7914/xagc-se62,Silicon Audio 213-120PA
unattributed,"no ANSIR/AuScope record, not ANU-built",broadband,,False,Silicon Audio,Silicon Audio 213-120PA,C0646,False,,False,False,sensor,1,WG,,WG,1,1,2025-07-04,2026-05-09,2025-07-04/2026-05-09,False,,10.7914/xagc-se62,Silicon Audio 213-120PA
unattributed,"no ANSIR/AuScope record, not ANU-built",broadband,,False,Silicon Audio,Silicon Audio 213-120PA,C0647,False,,False,False,sensor,1,WG,,WG,1,1,2025-07-03,2026-04-13,2025-07-03/2026-04-13,False,,10.7914/xagc-se62,Silicon Audio 213-120PA
unattributed,"no ANSIR/AuScope record, not ANU-built",broadband,,False,Silicon Audio,Silicon Audio 213-120PA,C0648,False,,False,False,sensor,1,WG,,WG,1,1,2025-07-03,2025-09-18,2025-07-03/2025-09-18,False,,10.7914/xagc-se62,Silicon Audio 213-120PA
unattributed,"no ANSIR/AuScope record, not ANU-built",unclassified,,False,Streckeisen,,99712,False,,False,False,sensor,1,OZ,,OZ,1,1,2018-04-28,,2018-04-28/,True,,,
unattributed,"no ANSIR/AuScope record, not ANU-built",broadband,,False,Streckeisen,STS-2,120614,False,,False,False,sensor,1,IU,,IU,1,1,1991-11-25,,1991-11-25/,True,,,STS-2
unattributed,"no ANSIR/AuScope record, not ANU-built",broadband,,False,Streckeisen,STS-2,89307,False,,False,False,sensor,1,IU,,IU,1,1,1991-11-25,,1991-11-25/,True,,,STS-2
unattributed,"no ANSIR/AuScope record, not ANU-built",broadband,,False,Streckeisen,STS-2,nan,False,,False,False,sensor,1,7J,,7J,1,1,2006-11-17,2007-02-06,2006-11-17/2007-02-06,False,Australia,10.7914/SN/7J_2005,STS-2
unattributed,"no ANSIR/AuScope record, not ANU-built",broadband,,False,Streckeisen,STS-2.5,110241,False,,False,False,sensor,1,IU,,IU,1,1,2001-08-25,,2001-08-25/,True,,,STS-2.5
unattributed,"no ANSIR/AuScope record, not ANU-built",broadband,,False,Streckeisen,STS-2.5,90907,False,,False,False,sensor,1,IU,,IU,1,1,2001-08-25,,2001-08-25/,True,,,STS-2.5
unattributed,"no ANSIR/AuScope record, not ANU-built",broadband,,False,Streckeisen,Streckeisen STS-2 Gen3,30215,False,,False,False,sensor,1,2J,,2J,1,1,2009-06-25,2010-03-17,2009-06-25/2010-03-17,False,Australia,10.7914/64n9-ft63,Streckeisen STS-2 Gen3 (1500 V/m/s)
unattributed,"no ANSIR/AuScope record, not ANU-built",broadband,,False,Streckeisen,Streckeisen STS-2 Gen3,50230,False,,False,False,sensor,1,2J,,2J,1,1,2009-06-23,2010-03-18,2009-06-23/2010-03-18,False,Australia,10.7914/64n9-ft63,Streckeisen STS-2 Gen3 (1500 V/m/s)
unattributed,"no ANSIR/AuScope record, not ANU-built",broadband,,False,Streckeisen,Streckeisen STS-2 Gen3,90047,False,,False,False,sensor,2,2J; 7H,,2J; 7H,2,2,2001-10-11,2010-03-18,2001-10-11/2010-03-18,False,Australia,10.7914/64n9-ft63,Streckeisen STS-2 Gen3 (1500 V/m/s)
unattributed,"no ANSIR/AuScope record, not ANU-built",broadband,,False,Streckeisen,Streckeisen STS-2 Gen3,90048,False,,False,False,sensor,2,2J; 7H,,2J; 7H,2,2,2001-10-11,2009-12-26,2001-10-11/2009-12-26,False,Australia,10.7914/64n9-ft63,Streckeisen STS-2 Gen3 (1500 V/m/s)
unattributed,"no ANSIR/AuScope record, not ANU-built",broadband,,False,Streckeisen,Streckeisen STS-2 Gen3,99712,False,,False,False,sensor,1,2J,,2J,1,1,2009-06-22,2009-12-31,2009-06-22/2009-12-31,False,Australia,10.7914/64n9-ft63,Streckeisen STS-2 Gen3 (1500 V/m/s)
unattributed,"no ANSIR/AuScope record, not ANU-built",broadband,,False,Streckeisen,Streckeisen STS-2 Gen3,S30275,False,,False,False,sensor,1,7I,,7I,1,1,2003-05-21,2005-08-18,2003-05-21/2005-08-18,False,Australia,10.7914/SN/7I_2003,Streckeisen STS-2 Gen3 (1500 V/m/s)
unattributed,"no ANSIR/AuScope record, not ANU-built",broadband,,False,Streckeisen,Streckeisen STS-2 Gen3,S50230,False,,False,False,sensor,1,7I,,7I,1,1,2003-05-25,2005-03-14,2003-05-25/2005-03-14,False,Australia,10.7914/SN/7I_2003,Streckeisen STS-2 Gen3 (1500 V/m/s)
unattributed,"no ANSIR/AuScope record, not ANU-built",broadband,,False,Streckeisen,Streckeisen STS-2 Gen3,S90047,False,,False,False,sensor,1,7I,,7I,1,1,2003-05-27,2004-01-01,2003-05-27/2004-01-01,False,Australia,10.7914/SN/7I_2003,Streckeisen STS-2 Gen3 (1500 V/m/s)
unattributed,"no ANSIR/AuScope record, not ANU-built",broadband,,False,Streckeisen,Streckeisen STS-2 Gen3,S90048,False,,False,False,sensor,1,7I,,7I,1,1,2003-06-01,2005-06-04,2003-06-01/2005-06-04,False,Australia,10.7914/SN/7I_2003,Streckeisen STS-2 Gen3 (1500 V/m/s)
unattributed,"no ANSIR/AuScope record, not ANU-built",unclassified,,False,UNRESOLVED,,10446,False,,False,False,sensor,1,OZ,,OZ,1,1,1996-04-01,,1996-04-01/,True,,,
unattributed,"no ANSIR/AuScope record, not ANU-built",unclassified,,False,UNRESOLVED,,10447,False,,False,False,sensor,1,OZ,,OZ,1,1,2003-01-25,,2003-01-25/,True,,,
unattributed,"no ANSIR/AuScope record, not ANU-built",unclassified,,False,UNRESOLVED,,10462,False,,False,False,sensor,1,OZ,,OZ,1,1,2009-03-15,,2009-03-15/,True,,,
unattributed,"no ANSIR/AuScope record, not ANU-built",unclassified,,False,UNRESOLVED,,8276,False,,False,False,sensor,1,OZ,,OZ,1,1,1990-12-12,,1990-12-12/,True,,,
unattributed,"no ANSIR/AuScope record, not ANU-built",unclassified,,False,UNRESOLVED,,T4741,False,,False,False,sensor,1,OZ,,OZ,1,1,1996-01-01,,1996-01-01/,True,,,
unattributed,"no ANSIR/AuScope record, not ANU-built",unclassified,,False,UNRESOLVED,,T6C09,False,,False,False,sensor,1,OZ,,OZ,1,1,2003-01-01,,2003-01-01/,True,,,
unattributed,"no ANSIR/AuScope record, not ANU-built",hydrophone,,True,UNRESOLVED,HTI-94-SSQ Hydrophone,T6K69,False,,False,False,sensor,1,3F,,3F,1,1,2020-10-29,2021-02-22,2020-10-29/2021-02-22,False,Australia,10.7914/SN/3F_2020,HTI-94-SSQ Hydrophone
unattributed,"no ANSIR/AuScope record, not ANU-built",unclassified,,True,UNRESOLVED,IGG CAS,AU002,False,,False,False,sensor,1,3F,,3F,1,1,2020-10-26,2021-11-26,2020-10-26/2021-11-26,False,Australia,10.7914/SN/3F_2020,IGG CAS
unattributed,"no ANSIR/AuScope record, not ANU-built",unclassified,,True,UNRESOLVED,IGG CAS,AU003,False,,False,False,sensor,1,3F,,3F,1,1,2020-10-22,2021-11-16,2020-10-22/2021-11-16,False,Australia,10.7914/SN/3F_2020,IGG CAS
unattributed,"no ANSIR/AuScope record, not ANU-built",unclassified,,True,UNRESOLVED,IGG CAS,AU004,False,,False,False,sensor,1,3F,,3F,1,1,2020-10-18,2021-11-17,2020-10-18/2021-11-17,False,Australia,10.7914/SN/3F_2020,IGG CAS
unattributed,"no ANSIR/AuScope record, not ANU-built",unclassified,,True,UNRESOLVED,IGG CAS,AU005,False,,False,False,sensor,1,3F,,3F,1,1,2020-10-18,2021-11-16,2020-10-18/2021-11-16,False,Australia,10.7914/SN/3F_2020,IGG CAS
unattributed,"no ANSIR/AuScope record, not ANU-built",unclassified,,True,UNRESOLVED,IGG CAS,AU006,False,,False,False,sensor,1,3F,,3F,1,1,2020-10-26,2021-11-16,2020-10-26/2021-11-16,False,Australia,10.7914/SN/3F_2020,IGG CAS
unattributed,"no ANSIR/AuScope record, not ANU-built",unclassified,,True,UNRESOLVED,IGG CAS,AU007,False,,False,False,sensor,1,3F,,3F,1,1,2020-10-29,2021-11-17,2020-10-29/2021-11-17,False,Australia,10.7914/SN/3F_2020,IGG CAS
unattributed,"no ANSIR/AuScope record, not ANU-built",unclassified,,True,UNRESOLVED,IGG CAS,AU009,False,,False,False,sensor,1,3F,,3F,1,1,2020-10-29,2021-11-17,2020-10-29/2021-11-17,False,Australia,10.7914/SN/3F_2020,IGG CAS
unattributed,"no ANSIR/AuScope record, not ANU-built",unclassified,,True,UNRESOLVED,IGG CAS,AU011,False,,False,False,sensor,1,3F,,3F,1,1,2020-10-30,2021-02-27,2020-10-30/2021-02-27,False,Australia,10.7914/SN/3F_2020,IGG CAS
unattributed,"no ANSIR/AuScope record, not ANU-built",unclassified,,True,UNRESOLVED,IGG CAS,AU012,False,,False,False,sensor,1,3F,,3F,1,1,2020-10-20,2021-11-26,2020-10-20/2021-11-26,False,Australia,10.7914/SN/3F_2020,IGG CAS
unattributed,"no ANSIR/AuScope record, not ANU-built",unclassified,,True,UNRESOLVED,IGG CAS,AU013,False,,False,False,sensor,1,3F,,3F,1,1,2020-10-16,2021-11-17,2020-10-16/2021-11-17,False,Australia,10.7914/SN/3F_2020,IGG CAS
unattributed,"no ANSIR/AuScope record, not ANU-built",datalogger,,True,UNRESOLVED,IGG CAS 50hz logger,DF080,False,,False,False,datalogger,1,3F,,3F,1,1,2020-10-29,2021-11-17,2020-10-29/2021-11-17,False,Australia,10.7914/SN/3F_2020,IGG CAS 50hz logger
unattributed,"no ANSIR/AuScope record, not ANU-built",datalogger,,True,UNRESOLVED,IGG CAS 50hz logger,DF081,False,,False,False,datalogger,1,3F,,3F,1,1,2020-10-22,2021-11-16,2020-10-22/2021-11-16,False,Australia,10.7914/SN/3F_2020,IGG CAS 50hz logger
unattributed,"no ANSIR/AuScope record, not ANU-built",datalogger,,True,UNRESOLVED,IGG CAS 50hz logger,DF082,False,,False,False,datalogger,1,3F,,3F,1,1,2020-10-26,2021-11-26,2020-10-26/2021-11-26,False,Australia,10.7914/SN/3F_2020,IGG CAS 50hz logger
unattributed,"no ANSIR/AuScope record, not ANU-built",datalogger,,True,UNRESOLVED,IGG CAS 50hz logger,DF083,False,,False,False,datalogger,1,3F,,3F,1,1,2020-10-20,2021-11-26,2020-10-20/2021-11-26,False,Australia,10.7914/SN/3F_2020,IGG CAS 50hz logger
unattributed,"no ANSIR/AuScope record, not ANU-built",datalogger,,True,UNRESOLVED,IGG CAS 50hz logger,DF084,False,,False,False,datalogger,1,3F,,3F,1,1,2020-10-29,2021-11-17,2020-10-29/2021-11-17,False,Australia,10.7914/SN/3F_2020,IGG CAS 50hz logger
unattributed,"no ANSIR/AuScope record, not ANU-built",datalogger,,True,UNRESOLVED,IGG CAS 50hz logger,DF085,False,,False,False,datalogger,1,3F,,3F,1,1,2020-10-30,2021-02-27,2020-10-30/2021-02-27,False,Australia,10.7914/SN/3F_2020,IGG CAS 50hz logger
unattributed,"no ANSIR/AuScope record, not ANU-built",datalogger,,True,UNRESOLVED,IGG CAS 50hz logger,DF087,False,,False,False,datalogger,1,3F,,3F,1,1,2020-10-18,2021-11-16,2020-10-18/2021-11-16,False,Australia,10.7914/SN/3F_2020,IGG CAS 50hz logger
unattributed,"no ANSIR/AuScope record, not ANU-built",datalogger,,True,UNRESOLVED,IGG CAS 50hz logger,DF088,False,,False,False,datalogger,1,3F,,3F,1,1,2020-10-16,2021-11-17,2020-10-16/2021-11-17,False,Australia,10.7914/SN/3F_2020,IGG CAS 50hz logger
unattributed,"no ANSIR/AuScope record, not ANU-built",datalogger,,True,UNRESOLVED,IGG CAS 50hz logger,DF089,False,,False,False,datalogger,1,3F,,3F,1,1,2020-10-26,2021-11-16,2020-10-26/2021-11-16,False,Australia,10.7914/SN/3F_2020,IGG CAS 50hz logger
unattributed,"no ANSIR/AuScope record, not ANU-built",datalogger,,True,UNRESOLVED,IGG CAS 50hz logger,DF091,False,,False,False,datalogger,1,3F,,3F,1,1,2020-10-18,2021-11-17,2020-10-18/2021-11-17,False,Australia,10.7914/SN/3F_2020,IGG CAS 50hz logger
unattributed,"no ANSIR/AuScope record, not ANU-built",broadband,,False,UNRESOLVED,KS-54000,113,False,,False,False,sensor,1,IU,,IU,1,1,1991-11-25,,1991-11-25/,True,,,KS-54000
unattributed,"no ANSIR/AuScope record, not ANU-built",broadband,,False,UNRESOLVED,KS-54000,187,False,,False,False,sensor,1,IU,,IU,1,1,2001-08-25,,2001-08-25/,True,,,KS-54000
unattributed,"no ANSIR/AuScope record, not ANU-built",datalogger,,False,UNRESOLVED,Q330HR,3751,False,,False,False,datalogger,1,IU,,IU,1,1,1991-11-25,,1991-11-25/,True,,,Q330HR
unattributed,"no ANSIR/AuScope record, not ANU-built",datalogger,,False,UNRESOLVED,Q330HR,4147,False,,False,False,datalogger,1,IU,,IU,1,1,2001-08-25,,2001-08-25/,True,,,Q330HR
unattributed,"no ANSIR/AuScope record, not ANU-built",datalogger,,False,UNRESOLVED,Q330HR,4251,False,,False,False,datalogger,1,IU,,IU,1,1,2001-08-25,,2001-08-25/,True,,,Q330HR
unattributed,"no ANSIR/AuScope record, not ANU-built",datalogger,,False,UNRESOLVED,Q330HR,4275,False,,False,False,datalogger,1,IU,,IU,1,1,2001-08-25,,2001-08-25/,True,,,Q330HR
unattributed,"no ANSIR/AuScope record, not ANU-built",datalogger,,False,UNRESOLVED,Q330HR,4408,False,,False,False,datalogger,1,IU,,IU,1,1,1991-11-25,,1991-11-25/,True,,,Q330HR
unattributed,"no ANSIR/AuScope record, not ANU-built",broadband,,False,UNRESOLVED,STS-6A,176210,False,,False,False,sensor,1,IU,,IU,1,1,1991-11-25,,1991-11-25/,True,,,STS-6A
unattributed,"no ANSIR/AuScope record, not ANU-built",broadband,,False,UNRESOLVED,STS-6A,176229,False,,False,False,sensor,1,IU,,IU,1,1,2001-08-25,,2001-08-25/,True,,,STS-6A
unattributed,"no ANSIR/AuScope record, not ANU-built",broadband,,False,UNRESOLVED,STS-6A,176233,False,,False,False,sensor,1,IU,,IU,1,1,2001-08-25,,2001-08-25/,True,,,STS-6A
unattributed,"no ANSIR/AuScope record, not ANU-built",broadband,,False,UNRESOLVED,STS-6A,176234,False,,False,False,sensor,1,IU,,IU,1,1,1991-11-25,,1991-11-25/,True,,,STS-6A
unattributed,"no ANSIR/AuScope record, not ANU-built",accelerometer,,False,UNRESOLVED,Titan Accelerometer,1667,False,,False,False,sensor,1,YW,,YW,1,3,2024-08-26,2025-12-31,2024-08-26/2025-12-31,False,Australia,,Titan Accelerometer
unattributed,"no ANSIR/AuScope record, not ANU-built",accelerometer,,False,UNRESOLVED,Titan Accelerometer,2889,False,,False,False,sensor,1,YW,,YW,1,1,2024-09-17,2025-12-25,2024-09-17/2025-12-25,False,Australia,,Titan Accelerometer
unattributed,"no ANSIR/AuScope record, not ANU-built",accelerometer,,False,UNRESOLVED,Titan Accelerometer,2891,False,,False,False,sensor,1,YW,,YW,1,1,2024-09-18,2025-12-31,2024-09-18/2025-12-31,False,Australia,,Titan Accelerometer
unattributed,"no ANSIR/AuScope record, not ANU-built",accelerometer,,False,UNRESOLVED,Titan Accelerometer,2892,False,,False,False,sensor,1,YW,,YW,1,1,2021-05-23,2025-12-31,2021-05-23/2025-12-31,False,Australia,,Titan Accelerometer
