doi,year,title,searchTerms,authors,journal
10.26443/seismica.v5i1.1720,2026,"Designing small-aperture seismic arrays to enhance earthquake monitoring on ocean islands: Application to Antikythera island, Greece",AuScope | Characterisation AuScope,Konstantinos Lentas; Christos Evangelidis; Vassilios Karastathis,Seismica
10.1038/s43247-025-03105-3,2026,Detrital zircon–apatite fingerprinting challenges glacial transport of Stonehenge’s megaliths,AuScope | Characterisation AuScope,Anthony J. I. Clarke; Christopher L. Kirkland,Communications Earth & Environment
10.1038/s43247-025-03097-0,2026,Carbon emissions along divergent plate boundaries modulate icehouse-greenhouse climates,AuScope | GPlates | Characterisation AuScope | Simulation Analysis Modelling AuScope,Ben R. Mather; R. Dietmar Müller; Adriana Dutkiewicz; Sabin Zahirovic,Communications Earth & Environment
10.1038/s43247-025-03005-6,2025,"Deciphering mantle, tectonic and climatic drivers of exhumation",AuScope | GPlates | AusGeochem | Characterisation AuScope | Simulation Analysis Modelling AuScope,Samuel Boone; Stijn Glorie; Sabin Zahirovic; Angus Nixon; Fun Meeuws; Fabian Kohlmann,Communications Earth & Environment
10.1130/g53895.1,2025,Microstructural and geochemical response of muscovite to impact metamorphism,AuScope | Characterisation AuScope,Bruno Vieira Ribeiro; Vidar Jakobsson; Christopher L. Kirkland; Richard Spikings; Andreas Zametzer; William D.A. Rickard; Stephen Centrella; Nicholas E. Timms; Aaron J. Cavosie,Geology
10.1038/s41467-025-65824-7,2025,Bridging the gap between subduction dynamics and the long-term strength of the Sunda megathrust.,AuScope | Underworld2 | Characterisation AuScope | Simulation Analysis Modelling AuScope,Fabio A Capitanio; Thyagarajulu Gollapalli; Radhakrishna Munukutla; Juan Carlos Graciosa; Zuhair Mohd; Adam Beall; Luca Dal Zilio,Nature Communications
10.22541/essoar.176336906.60096223/v1,2025,"Three-dimensional High-resolution Crustal Structure of Mount Isa Province, Northwest Queensland, revealed by Ambient Noise Tomography",AuScope | AusPass | Simulation Analysis Modelling AuScope,Ao Chang; Craig O’Neill; Chengxin Jiang,
10.1002/gdj3.70040,2025,Global Copper Deposit Dataset: A New Open‐Source Database for Advanced Data Analysis and Exploration Targeting,AuScope | Characterisation AuScope,Bin Wang; Renguang Zuo; Oliver P. Kreuzer,Geoscience Data Journal
10.1186/s40562-025-00432-3,2025,"Eruptive history of Mt Huangzuei, Eastern Tatun Volcano Group, Taiwan, resolved by 40Ar/39Ar and zircon double-dating of lava flows",AuScope,Jingbo Pi; Yuan Hsi Lee; Karl D. Jabagat; Daniel P. Miggins; Martin Danišík; Axel K. Schmitt; Mei‐Fei Chu; Yu Ming Lai; Yu‐Chieh Lo; Po Tsun Lee; Cheng Horng Lin,Geoscience Letters
10.7306/2025.103,2025,Informacja geologiczna w Australii – wyzwania i perspektywy,AuScope | Hylogger CSIRO | National Virtual Core Library,Wiktoria Brzezińska-Paciorek; Aleksandra Czul; Anna Dąbrowska; Joanna Roszkowska-Remin; Agata Fudała,Przegląd Geologiczny
10.1111/ggr.70021,2025,Exploration of a Combined LIBS and LA ‐ ICP ‐ MS Approach for Apatite Characterisation,AuScope | Characterisation AuScope,C. Derrick Quarles; Benjamin T. Manard; N. Alex Zirakparvar; Joe Petrus; Bence Paul; David N. Douglas; Andrew Gleadow; Barry Kohn; Samuel Boone; Ling Chung; Malcolm McMillan; Gökçe Üstünışık; F. M. McCubbin,Geostandards and Geoanalytical Research
10.1111/ggr.70016,2025,Grey Hill Zircon – A Natural High 176 Yb / 177 Hf Zircon Reference Material for LA ‐ MC ‐ ICP ‐ MS Hf Isotope Measurement,AuScope | Geoscience Atom Probe | Characterisation AuScope,Piero Azevedo Berquó de Sampaio; Hugo K.H. Olierook; Denis Fougerouse; Bradley J. McDonald; Ninna K. Jensen; James N. Connelly; William D.A. Rickard; David W. Saxey; Noreen J. Evans; Martin Bizzarro; Nicholas J. Gardiner; Joshua M. Garber; Luc S. Doucet; Zheng‐Xiang Li,Geostandards and Geoanalytical Research
10.22541/au.175856991.11941871/v1,2025,PREPRINT: AI-based approach for constraining the thermal evolution of Earth’s upper crust through automated digital fission-track analysis,AuScope,Samuel Boone; Ling Chung; Noel Faux; Usha Nattala; Thomas M. Church; Chenghao Jiang; Malcolm McMillan; Sean Jones; David Liu; Han Jiang; Kris Ehinger; Tom Drummond; Barry P. Kohn; Andrew Gleadow,
10.22541/essoar.175853067.79457057/v1,2025,Plate-plume interaction driving microcontinent formation in the South Atlantic: Evidence from the Rio Grande Rise and Valdivia Bank,AuScope | Characterisation AuScope,Caesar Augusto Rigoti; Sabin Zahirovic; Nolan Maia Dehler; Maria Seton,
10.1073/pnas.2424142122,2025,"High-resolution tephrochronology resolves stratigraphic complexities in archaeologically significant Nariokotome tuffs, Turkana Basin.",AuScope | AusGeochem,Saini Samim; Hayden Dalton; David Phillips; Janet Hergt,Proceedings of the National Academy of Sciences
10.2138/am-2025-9886,2025,Synthesis of zircon-hafnon to determine oxygen isotope matrix effects in secondary ionization mass spectrometry,AuScope | Characterisation AuScope,Axel K. Schmitt; L. Ya. Aranovich; Ilya N. Bindeman,American Mineralogist
10.26686/wgtn.29546222,2025,Characterising Seismicity at Wairakei-Tauhara Geothermal Field Using a Dense Nodal Array,AuScope | Characterisation AuScope,Baker Hughes,
10.3390/rs17132319,2025,VGOS Dual Linear Polarization Data Processing Techniques Applied to Differential Observation of Satellites,AuScope | AuScope VLBI | Simulation Analysis Modelling AuScope,Jiangying Gan; Fengchun Shu; Xuan He; Yidan Huang; Fengxian Tong; Yan Sun,Remote Sensing
10.1038/s43247-025-02485-w,2025,Polar wander leads to large differences in past climate reconstructions,AuScope | Simulation Analysis Modelling AuScope,Jonathon Leonard; Sabin Zahirovic; Philip B. Holden; Tristan Salles; Neil R. Edwards; Claire Mallard,Communications Earth & Environment
10.1002/esp.70124,2025,"The origin, evolution and life cycle of rock art shelters in the Kimberley Basin of NW Australia",AuScope,Andrew Gleadow; Helen Green; Damien Finch; Samuel Boone; David Fink; ‪Réka-Hajnalka Fülöp‬; Alexandru T. Codilean; Augustine Unghango,Earth Surface Processes and Landforms
10.1111/ggr.70003,2025,Three Spodumene Reference Materials for Oxygen Isotope Measurement by Ion Microprobe,AuScope | Characterisation AuScope,A. T. Hertwig; Johannes Chischi; Axel K. Schmitt; Hans C. Oskierski; Kai Rankenburg; Martin Wells; Benita Putlitz; Zakaria Quadir,Geostandards and Geoanalytical Research
10.1038/s43247-025-02370-6,2025,A tectonically driven 60 million-year biogeochemical redox cycle paces marine biodiversity,AuScope | Simulation Analysis Modelling AuScope,Slah Boulila; Shanan E. Peters; R. Dietmar Müller; Andrew Zaffos; Juraj Farkaš; Bilal U. Haq,Communications Earth & Environment
10.1038/s41467-025-59075-9,2025,Incipient continent formation by shallow melting of an altered mafic protocrust.,AuScope | SHRIMP II Curtin,Michael I H Hartnady; Simon Schorn; Tim E Johnson; Andreas Zametzer; Axel K Schmitt; Bruno V Ribeiro; R Hugh Smithies; Milo Barham; Christopher L Kirkland,Nature Communications
10.1186/s40623-025-02182-0,2025,Investigating a continental Australian VGOS VLBI intensive for UT1-UTC determination,AuScope | AuScope VLBI | Yarragadee VLBI | Katherine VLBI | Simulation Analysis Modelling AuScope,Tiege McCarthy; Lucia McCallum; Matthias Schartner,"Earth, Planets and Space"
10.1130/g53121.1,2025,A one-billion-year-old Scottish meteorite impact,AuScope,Christopher L. Kirkland; Timmons M. Erickson; Tim Johnson; Anthony R. Prave; R.A. Strachan; Matthew L. Daggitt; Michael Hartnady; Steven M. Reddy; Richard Taylor; Bruno Vieira Ribeiro; Kai Rankenburg; Uwe Kirscher; Sebastian Fischer,Geology
10.1029/2024gc011881,2025,"An Assessment of Monazite Fission‐Track Thermochronology as a Proxy for Low‐Magnitude Cooling, Catalina‐Rincon Metamorphic Core Complex, AZ, USA",AuScope,Gilby Jepson; Bárbara Carrapa; Sean Jones; Barry P. Kohn; Andrew Gleadow; Sarah George; Caden Howlett; Kerry Gallagher; Alex N. Frickenstein; George E. Gehrels; Antoine Triantafyllou,Geochemistry Geophysics Geosystems
10.26443/seismica.v4i1.1537,2025,"DOI, licence and citation uptake for seismological waveform data after 10 years of implementation effort",AuScope | Outreach Engagement AuScope,Helle Pedersen; Jonathan Schaeffer; Florian Haslinger; R. E. Casey; Javier Quinteros; Lesley Wyborn; E. D’Anastasio; J. B. Hanson; Jerry A. Carter,Seismica
10.1029/2024wr037256,2025,How Alluvial Storage Controls Spatiotemporal Water Balance Partitioning in Intermittent and Ephemeral Stream Systems,AuScope | Characterisation AuScope | Simulation Analysis Modelling AuScope,E. Zarate; Martin S. Andersen; Gabriel C. Rau; R. I. Acworth; Helen Rutlidge; Alan MacDonald; Mark Cuthbert,Water Resources Research
10.5194/gchron-7-45-2025,2025,The need for fission-track data transparency and sharing,AuScope | AusGeochem,Murat Taner Tamer; Ling Chung; Richard A. Ketcham; Andrew Gleadow,Geochronology
10.1186/s40623-024-02110-8,2025,Innovative approach for modelling gravity-induced signal path variations of VLBI radio telescopes,AuScope | AuScope VLBI | Characterisation AuScope | Simulation Analysis Modelling AuScope,Michael Lösler; Cornelia Eschelbach; Ansgar Greiwe; Boye Zhou; Lucia McCallum,Earth Planets and Space
10.3390/rs17030352,2025,Development of Radar and Optical Tracking of Near-Earth Asteroids at the University of Tasmania,AuScope | Yarragadee VLBI | Katherine VLBI | Characterisation AuScope,O. R. White; Guifre Molera Calvés; S. Horiuchi; P. G. Edwards; Ed Kruzins; Jon D. Giorgini; N.J.S. Stacy; Andrew A. Cole; Chris Phillips; Jamie Stevens; L. A. M. Benner; Edwin G. W. Peters,Remote Sensing
10.1130/g52782.1,2025,A slab origin for low-δ18O arc magmas,AuScope,David R. Mole; Christopher J. Lewis; S. Bodorkos; James L. Crowley; A. Schofield; Stacey Curtis; Noreen J. Evans,Geology
10.1007/1345_2025_293,2025,Height Anomaly Determination Using a Tile-Based LSC Approach: Program Development and Case Study,AuScope,Neda Darbeheshti; J. C. McCubbine,International Association of Geodesy symposia
10.46620/ursiaprasc25/ycfm9894,2025,The Long Baseline Array - Preparing for SKA-VLBI in the Southern Hemisphere,AuScope,Cormac Reynolds; Chris Phillips; P. G. Edwards; Lucas J. Hyland; Tessa Vernstrom,Proceedings of the 7th URSI Asia-Pacific RadioScience Conference – AP-RASC 2025
10.25911/a6hy-4b56,2025,CORE Legacy Report: Celebrating Oceanic Rediscoveries &amp; Exploration of Legacy scientific drilling collections,AuScope | Outreach Engagement AuScope | International Collaboration AuScope,"Lawler, Kelly-Anne; Kachovich, Sarah; Kennard, Janelle; Hackney, Ron; ANZIC Science Committee",ANU Open Research (Australian National University)
10.1017/pasa.2025.36,2025,Estimating the noise budget and system noise levels in closed-loop Doppler tracking of ESA’s Mars Express with VLBI radio telescopes,AuScope | AuScope VLBI | Yarragadee VLBI | Characterisation AuScope,Pradyumna Kummamuru; Guifré Molera Calvés; Dominic Dirkx; Giuseppe Cimò; Jasper Edwards; Tatiana Bocanegra-Bahamón; M. D. Md Said; Sergei Pogrebenko; M. Ma; J. F. H. Quick; A. Neidhardt; P. de Vicente; Rüdiger Haas; J. Kallunki; G. Maccaferri; G. Colucci; Stuart Weston; M. A. Kharinov; A. G. Mikhailov; Tae Hyun Jung,Publications of the Astronomical Society of Australia
10.46620/25-0025,2025,Ground-Based Radar Tracking of Near-Earth Objects With VLBI Radio Telescopes: 2024 MK Test Case,AuScope | Yarragadee VLBI | Katherine VLBI,O. R. White; Guifre Molera Calvés; S. Horiuchi; Ed Kruzins; Edwin G. W. Peters; N.J.S. Stacy,URSI Radio Science Letters
10.1017/pasa.2025.23,2025,Probing interplanetary scintillation using broadband VLBI,AuScope | AuScope VLBI | Yarragadee VLBI | Katherine VLBI | Characterisation AuScope,A.A. Jaradat; Guifre Molera Calvés; Jasper Edwards; S. P. Ellingsen; T. K. McCarthy; John Morgan,Publications of the Astronomical Society of Australia
10.5194/gchron-2024-26-ac2,2024,Reply on RC2,AuScope | AusGeochem,Murat Taner Tamer,
10.48550/arxiv.2412.07020,2024,An experiment to observe GNSS signals with the Australian VGOS array,AuScope | AuScope VLBI | Yarragadee VLBI | Katherine VLBI | Simulation Analysis Modelling AuScope,Lucia McCallum; David Schunck; Jamie McCallum; Tiege McCarthy,arXiv (Cornell University)
10.1371/journal.pone.0308756,2024,Subsurface microbial community structure shifts along the geological features of the Central American Volcanic Arc.,AuScope | GPlates,Marco Basili; Timothy J. Rogers; Mayuko Nakagawa; Mustafa Yücel; J. Maarten de Moor; Peter H. Barry; Matthew O. Schrenk; Gerdhard L Jessen; Ricardo Sánchez‐Murillo; Sabin Zahirovic; David V. Bekaert; C. J. Ramírez; Deborah Bastoni; Angelina Cordone; Karen G. Lloyd; Donato Giovannelli,PLoS ONE
10.1029/2024gc011577,2024,Matrix Corrected SIMS In Situ Oxygen Isotope Analyses of Marine Shell Aragonite for High Resolution Seawater Temperature Reconstructions,AuScope | Characterisation AuScope,Oliver M. Medd; Laura M. Otter; Ian S. Williams; Richard A. Stern; Michael W. Förster; Stephen M. Eggins; Laura Rodríguez‐Sanz; Nerilie J. Abram; Miaohong He; Michael J. Ellwood; Jessica A. Hargreaves; Stewart Fallon; Brett Knowles,Geochemistry Geophysics Geosystems
10.1038/s41467-024-53397-w,2024,Spreading ridge migration enabled by plume-ridge de-anchoring.,AuScope | EarthByte | GPlates | Characterisation AuScope | Simulation Analysis Modelling AuScope,Ben Mather; Maria Seton; Simon Williams; Joanne M. Whittaker; Rebecca Carey; Maëlis Arnould; Nicolas Coltice; Bob Duncan,Nature Communications
10.1029/2023ea003398,2024,Optimizing ExoMars Rover Remote Sensing Multispectral Science II: Choosing and Using Multispectral Filters for Dynamic Planetary Surface Exploration With Linear Discriminant Analysis,AuScope | National Virtual Core Library | Simulation Analysis Modelling AuScope,Roger Stabbins; P. M. Grindrod; S. Motaghian; E. J. Allender; C. R. Cousins,Earth and Space Science
10.1002/eqe.4231,2024,The Built Environment Data platform for experimental test data in earthquake engineering,AuScope | Characterisation AuScope | Simulation Analysis Modelling AuScope,Davit Shahnazaryan; Rui Pinho; Helen Crowley; Gerard J. O’Reilly,Earthquake Engineering & Structural Dynamics
10.1029/2024ea003680,2024,2D Magnetotelluric Inversion Using Linear Finite Element Methods and a Discretize‐Last Strategy With First and Second–Order Anisotropic Regularization,AuScope,Andrea Codd; Lutz Gross; Janelle Kerr,Earth and Space Science
10.3390/rs16173234,2024,On the Integration of VLBI Observations to GENESIS into Global VGOS Operations,AuScope | AuScope VLBI | Katherine VLBI | Simulation Analysis Modelling AuScope,David Schunck; Lucia McCallum; Guifre Molera Calvés,Remote Sensing
10.1038/s41586-024-07652-1,2024,A Scottish provenance for the Altar Stone of Stonehenge.,AuScope | Characterisation AuScope,Anthony J. I. Clarke; Christopher L. Kirkland; R. E. Bevins; Nicholas J.G. Pearce; Stijn Glorie; Rob Ixer,Nature
10.1111/ggr.12579,2024,Garnet Reference Materials for In Situ Lu‐Hf Geochronology,AuScope | Characterisation AuScope,Bruno Vieira Ribeiro; Christopher L. Kirkland; Matthijs A. Smit; Kira Musiyachenko; Fawna J. Korhonen; Noreen J. Evans; Kai Rankenburg; Bradley J. McDonald; Stijn Glorie; Sarah Gilbert; Karsten Goemann; I Belousov; Jeffrey Oalmann; Chris Clark; Sean Makin,Geostandards and Geoanalytical Research
10.1073/pnas.2405741121,2024,A billion-year shift in the formation of Earth's largest ore deposits.,AuScope,Liam Courtney‐Davies; Marco L. Fiorentini; H. J. Dalstra; Steffen G. Hagemann; Erick Ramanaïdou; Martin Danišík; Noreen J. Evans; Kai Rankenburg; Brent McInnes,Proceedings of the National Academy of Sciences
10.1016/j.gr.2024.06.012,2024,"Using U-Pb detrital zircon systematics to constrain the architecture and provenance of the Ronda peridotites’ crustal hanging wall, S Spain",AuScope | Simulation Analysis Modelling AuScope,António Azor; Antonio Acosta‐Vigil; Cristina Accotto; Noreen J. Evans,Gondwana Research
10.1007/s00190-024-01837-2,2024,Mitigating the effect of source structure in geodetic VLBI by re-weighting observations using closure delays and baseline-to-jet orientation,AuScope | Yarragadee VLBI | Katherine VLBI | Geospatial Geodesy AuScope | Simulation Analysis Modelling AuScope,Niko Kareinen; Nataliya Zubko; T. Savolainen; Minghui Xu; Markku Poutanen,Journal of Geodesy
10.1007/s00531-024-02390-1,2024,"Age, origin and tectonic controls on rapid recent exhumation of the Sibela Mountains, Bacan, Indonesia",AuScope,Juliane Hennig-Breitfeld; Robert Hall; Lloyd T. White; H. Tim Breitfeld; Marnie Forster; Richard Armstrong; Barry P. Kohn,International Journal of Earth Sciences
10.1130/g51884.1,2024,Submarine volcanism along shallow ridges did not drive Cryogenian cap carbonate formation,AuScope | EarthByte,Adriana Dutkiewicz; R. Dietmar Müller,Geology
10.1130/g51669.1,2024,Duration of Sturtian “Snowball Earth” glaciation linked to exceptionally low mid-ocean ridge outgassing,AuScope,Adriana Dutkiewicz; Andrew Merdith; Alan S. Collins; Ben Mather; Lauren Ilano; Sabin Zahirovic; R. Dietmar Müller,Geology
10.1007/1345_2024_240,2024,Opportunities with VLBI Transmitters on Satellites,AuScope | AuScope VLBI | Simulation Analysis Modelling AuScope,Johannes Böhm; Helene Wolf,International Association of Geodesy symposia
10.59277/roaj.2023.1-2.01,2023,Development of artificial Earth satellite simulation software for future radio telescopes in Indonesia,AuScope | AuScope VLBI | Simulation Analysis Modelling AuScope,"Stevry Yushady Ch Bissa; Ibnu Nurul Huda; M B Saputra; Sofian Rizal; R. W. Wibowo; Atmospheric and Planetary Sciences Study Program, Institut Teknologi Sumatera, Lampung, Indonesia; Farahhati Mumtahana; Atmospheric and Planetary Sciences Study Program, Institut Teknologi Sumatera, Lampung,",Romanian Astronomical Journal
10.22541/essoar.170136192.22275715/v1,2023,Reconstructing the Mesozoic evolution of the Gulf of Mexico Basin: A new model incorporating optimised and focused lithospheric deformation,AuScope | Characterisation AuScope,Satyam Pratap Singh; Sabin Zahirovic; Maria Seton; Nicky M. Wright; Nicholas Atwood; Catherine Belgarde; Claire Mallard,
10.1186/s40623-023-01921-5,2023,"Thermochronology of hydrothermal alteration zones in the Kii Peninsula, southwest Japan: an attempt for detecting the thermal anomalies and implications to the regional exhumation history",AuScope | Simulation Analysis Modelling AuScope,Shigeru Sueoka; Hideki Iwano; Tohru Danhara; Masakazu Niwa; Mizuho Kanno; Barry P. Kohn; Makoto Kawamura; T. Yokoyama; Saya Kagami; Yasuhiro Ogita; Takafumi Hirata,Earth Planets and Space
10.1007/s11214-023-01026-1,2023,Planetary Radio Interferometry and Doppler Experiment (PRIDE) of the JUICE Mission,AuScope | Characterisation AuScope | Simulation Analysis Modelling AuScope,Leonid Gurvits; Giuseppe Cimò; Dominic Dirkx; Vidhya Pallichadath; Alex Akins; N. Altobelli; Tatiana Bocanegra-Bahamón; S. Cazaux; P. Charlot; Dmitry A. Duev; Marie Fayolle; Judit Fogasy; S. Frey; V. Lainey; Guifre Molera Calvés; Krisztina Perger; S. V. Pogrebenko; N. M. M. Said; C. Vallat; Bert Vermeersen; Pieter Visser; Kuo-Nung Wang; Konrad Willner,Space Science Reviews
10.1186/s40623-023-01927-z,2023,"First report of geo- and thermochronological results from the Cordillera Central, Luzon, Philippines",AuScope,Toru Nakajima; Shigeru Sueoka; Mitsuhiro Nagata; Barry P. Kohn; Noelynna T. Ramos; Hiroyuki Tsutsumi; Takahiro Tagami,Earth Planets and Space
10.1186/s40623-023-01926-0,2023,Optimal distribution of VLBI transmitters in the Galileo space segment for frame ties.,AuScope | AuScope VLBI | Simulation Analysis Modelling AuScope,Helene Wolf; Johannes Böhm,Earth Planets and Space
10.1130/g51507.1,2023,Origin of Archean Pb isotope variability through open-system Paleoarchean crustal anatexis,AuScope,Michael Hartnady; C.L. Kirkand; Simon P. Johnson; R.H. Smithies; Luc S. Doucet; David R. Mole,Geology
10.22541/essoar.170000347.73900494/v1,2023,India-Asia slowing convergence rate controls on the Cenozoic Himalaya-Tibetan tectonics,AuScope | Underworld2,Ben Knight; Fabio A. Capitanio; Roberto F. Weinberg; Luca Dal Zilio,
10.1080/14432471.2023.2286682,2023,Data trends,AuScope,Tim Keeping,Preview
10.1080/14432471.2023.2289209,2023,"Update on geophysical survey progress from Geoscience Australia and the Geological Surveys of Western Australia, South Australia, Northern Territory, Queensland, New South Wales, Victoria and Tasmania (information current 13 September 2023)",AuScope | Characterisation AuScope,,Preview
10.1080/14432471.2023.2289213,2023,CAGE 2023: A practical geophysics experience,AuScope,,Preview
10.3390/biology12111371,2023,Stable Isotope Provenance of Unidentified Deceased Migrants-A Pilot Study.,AuScope | Australian Geophysical Observing System,Zuzana Obertová; Grzegorz Skrzypek; Martin Danišík; Kai Rankenburg; Marco Cummaudo; Lara Olivieri; Debora Mazzarelli; Annalisa Cappella; Noreen J. Evans; Douglas H. Ubelaker; Cristina Cattaneo,Biology
10.22541/essoar.169602310.04636939/v1,2023,Flare-up in Cordilleran arcs controlled by fluxes in subduction water budgets,AuScope,Timothy Chapman; Luke Milan; Sabin Zahirovic; Andrew Merdith; G. L. Clarke; Ming-Dao Sun; Nathan R. Daczko,
10.1038/s41467-023-40904-8,2023,Emplacement of the Argyle diamond deposit into an ancient rift zone triggered by supercontinent breakup.,AuScope | GPlates,Hugo K H Olierook; Denis Fougerouse; Luc S Doucet; Yebo Liu; Murray J Rayner; Martin Danišík; Daniel J Condon; Brent I A McInnes; A Lynton Jaques; Noreen J Evans; Bradley J McDonald; Zheng-Xiang Li; Christopher L Kirkland; Celia Mayers; Michael T D Wingate,Nature Communications
10.1080/14432471.2023.2263927,2023,Executive brief,AuScope,Xihao Gu; Muhammad Hossain; Wanting Hou; Muhammad Rio; Junjun Jiao; Hyunwook Jo; Student Defina; Jiabin Student; Liang; David Lyonga; Matthew Mcauliffe; Student Cir; Haroon Rasheed; Sahala Siahaan; Alicia Strother; Gusti Agung; Aditya Surya; Bradley Waterson; Christopher Yule; ; ; ; ; ; ; ; ; ; ; ; ; ; ; ; ,Preview
10.1080/14432471.2023.2263929,2023,Welcome to new Members,AuScope,Riley Elstermann; Xihao Gu; Muhammad Hossain; Wanting Hou; Muhammad Rio; Junjun Jiao; Hyunwook Jo; Student Defina; Jiabin Student; Liang; David Lyonga; Matthew Mcauliffe; Student Cir; Haroon Rasheed; Sahala Siahaan; Alicia Strother; Gusti Agung; Aditya Surya; Bradley Waterson; Christopher Yule; ; ; ; ; ; ; ; ; ; ; ; ; ; ; ; ,Preview
10.1016/j.gexplo.2023.107293,2023,Modelling geochemical indices from hyperspectral drill core data from the Eucla Basin basement,AuScope | Hylogger CSIRO | National Virtual Core Library | Characterisation AuScope,Carsten Laukamp; Emma Beattie; Monica LeGras,Journal of Geochemical Exploration
10.21203/rs.3.rs-3133855/v1,2023,"Detecting thermal anomalies using thermochronometry around hydrothermal alteration zones in the Kii Peninsula, southwest Japan – An attempt",AuScope | Simulation Analysis Modelling AuScope,Shigeru Sueoka; Hideki Iwano; Tohru Danhara; Masakazu Niwa; Mizuho Kanno; Barry P. Kohn; Makoto Kawamura; T. Yokoyama; Saya Kagami; Yasuhiro Ogita; Takafumi Hirata,Research Square (Research Square)
10.1038/s41586-023-06193-3,2023,Rift-induced disruption of cratonic keels drives kimberlite volcanism.,AuScope | GPlates | Simulation Analysis Modelling AuScope,Thomas M Gernon; Stephen M Jones; Sascha Brune; Thea K Hincks; Martin R Palmer; John C Schumacher; Rebecca M Primiceri; Matthew Field; William L Griffin; Suzanne Y O'Reilly; Derek Keir; Christopher J Spencer; Andrew S Merdith; Anne Glerum,Nature
10.3390/su151410885,2023,Citizen Science and The University of Queensland Seismograph Stations (UQSS)—A Study of Seismic T Waves in S-W Pacific Ocean,AuScope | Australian Seismometers in Schools | Australian Geophysical Observing System,Colin Lynam; Asanka Karunaratne,Sustainability
10.1016/j.chemgeo.2023.121623,2023,A grain-by-grain comparison of apatite fission-track analysis by LA-ICP-MS and the External Detector Method,AuScope | Characterisation AuScope,Christian Seiler; Samuel Boone; Barry P. Kohn; Andrew Gleadow,Chemical Geology
10.24425/agg.2022.141925,2023,Global Geodetic Observing System in Poland 2019–2022,AuScope | AuScope VLBI | Simulation Analysis Modelling AuScope,Krzysztof Sośnica; Radosław Zajdel; Jarosław Bosy,Advances in Geodesy and Geoinformation
10.5281/zenodo.8057904,2023,2022 Vocabulary Symposium and Workshop Report,AuScope,"Megan Wong; Rowan Brownlee; Lesley Wyborn; Melanie Barlow; Kheeran Dharmawardena; Natalia Atkins; Cox, Simon J. D.",Zenodo (CERN European Organization for Nuclear Research)
10.5281/zenodo.8093201,2023,ENVRI-FAIR D2.4: Report on science community sessions promoting ENVRI-FAIR,AuScope,Jacco Konijn,Zenodo (CERN European Organization for Nuclear Research)
10.48550/arxiv.2306.06830,2023,On More than Two Decades of Celestial Reference Frame VLBI Observations in the Deep South: IVS-CRDS (1995-2021),AuScope | Yarragadee VLBI | Katherine VLBI,"Stuart Weston; Aletha de Witt; Hana Krásná; K. Le Bail; Sara Hardon; David J. Gordon; Fengchun, Shu; A. L. Fey; Matthias Schartner; Sayan Basu; Oleg Titov; Dirk Behrend; C. S. Jacobs; W. Hankey; Febreico Salguero; J. E. Reynolds",arXiv (Cornell University)
10.22541/essoar.168652300.05966907/v1,2023,A push in the right direction: exploring the role of Zealandia collision in Eocene Pacific-Australia plate motion changes,AuScope | EarthByte,Dan Sandiford; Peter Betts; Joanne M. Whittaker; Louis Moresi,
10.1038/s43247-023-00861-y,2023,Fault systems impede incision of the Yarlung river into the Tibetan plateau,AuScope,Dongxu Cai; Xianyan Wang; Guangwei Li; Ruohong Jiao; Barry P. Kohn; Wenbin Zhu; Johan De Grave; Huayu Lu,Communications Earth & Environment
10.1130/g51178.1,2023,Older than they look: Cryptic recycled xenotime on detrital zircon,AuScope | Characterisation AuScope,Maximilian Dröllner; Milo Barham; Christopher L. Kirkland; Malcolm P. Roberts,Geology
10.1016/j.gr.2023.05.010,2023,Mapping the 4D lithospheric architecture of Zealandia using zircon O and Hf isotopes in plutonic rocks,AuScope,Rose Turnbull; Joshua Schwartz; Marco L. Fiorentini; Keith A. Klepeis; Richard Jongens; Elena A. Miranda; Noreen J. Evans; Thomas Ludwig; Tod Waight; Kevin Faure; B.J. McDonald,Gondwana Research
10.1038/s41598-023-35776-3,2023,A geospatial platform for the tectonic interpretation of low-temperature thermochronology Big Data.,AuScope | EarthByte | GPlates | AusGeochem | AuScope Geochemistry Network | Characterisation AuScope,Samuel Boone; Fabian Kohlmann; Wayne Noble; Moritz Theile; Romain Beucher; Barry P. Kohn; Stijn Glorie; Martin Danišík; Renjie Zhou; Malcolm McMillan; Angus Nixon; Andrew Gleadow; Xiaodong Qin; R. Dietmar Müller; Brent McInnes,Scientific Reports
10.20944/preprints202305.1765.v1,2023,Citizen Science and the University of Queensland Seis-Mo-Graph Stations (UQSS) – A Study of Seismic T Waves in S-W Pacific Ocean,AuScope | Australian Seismometers in Schools | Australian Geophysical Observing System,Colin Lynam; Steve Hearn; Asanka Karunaratne,Preprints.org
10.1144/jgs2021-150,2023,Formation–exhumation history of the Carboniferous Axi epithermal gold deposit in the Chinese Western Tianshan based on zircon U–Pb and pyrite Re–Os geochronology and (U–Th)/He zircon–apatite thermochronometry,AuScope,Nuo Li; Bo Zhang; Martin Danišík; Yanjing Chen; David Selby; Wenjiao Xiao,Journal of the Geological Society
10.1093/gji/ggad176,2023,3-D shallow shear velocity structure of the Jakarta Basin from transdimensional ambient noise tomography.,AuScope | Simulation Analysis Modelling AuScope,Rexha Verdhora Ry; Phil R. Cummins; Babak Hejrani; Sri Widiyantoro,Geophysical Journal International
10.1038/s43247-023-00786-6,2023,Thermochronometry constraints on south West Greenland passive continental margin development,AuScope,Martin Danišík; Christopher L. Kirkland,Communications Earth & Environment
10.5281/zenodo.7955926,2023,Understanding space weather hazard in the Australian high-voltage power transmission lines using geomagnetic and magnetotelluric data,AuScope | AusLAMP,Liejun Wang; Andrew Lewis; Bill Jones; Matthew Gard; Jingming Duan; Adrian Hitchman,Zenodo (CERN European Organization for Nuclear Research)
10.5281/zenodo.7980741,2023,Whole rock geochemistry and hyperspectral mineralogy of Western Australian LCT pegmatites,AuScope | National Virtual Core Library | Characterisation AuScope,Carsten Laukamp; Monica LeGras,Zenodo (CERN European Organization for Nuclear Research)
10.5281/zenodo.7956001,2023,"Increasing the prospectivity of northern Australia; impacts from the recent Exploring for the Future seismic acquisition and regional geology studies in the South Nicholson Region, Northern Territory.",AuScope | Characterisation AuScope,Lidena Carr; Chris Southby; Chris Carson; E. Grosjean; Adam Bailey; J. Anderson; Paul Henson,Zenodo (CERN European Organization for Nuclear Research)
10.5281/zenodo.7988937,2023,New magnetotelluric data across the Delamerian and Lachlan orogens,AuScope | AusLAMP,Stephan Thiel; Suzanne Haydon; Tom Wise; Kate Brand,Zenodo (CERN European Organization for Nuclear Research)
10.5281/zenodo.7988891,2023,Improving predictive modelling of magnetite and gangue mineral content for IOCG and BIF deposits using hyperspectral data and controlled mixtures,AuScope | Hylogger CSIRO | National Virtual Core Library | Characterisation AuScope,Heta Lampinen; Carsten Laukamp; Bobby Pejcic; Michael Verrall; Ian Lau; J. Stromberg; Neil Francis,Zenodo (CERN European Organization for Nuclear Research)
10.1002/gdj3.185,2023,Deep time spatio‐temporal data analysis using pyGPlates with PlateTectonicTools and GPlately,AuScope,Ben Mather; R. Dietmar Müller; Sabin Zahirovic; John Cannon; Michael Chin; Lauren Ilano; Nicky M. Wright; Christopher Alfonso; Simon Williams; Michael G. Tetley; Andrew Merdith,Geoscience Data Journal
10.1080/14432471.2023.2198067,2023,Geoscience Australia: News,AuScope,,Preview
10.1038/s41467-023-36514-z,2023,Next-generation seismic model of the Australian crust from synchronous and asynchronous ambient noise imaging.,AuScope | AusPass | Simulation Analysis Modelling AuScope,Yunfeng Chen; Erdinc Saygin; B. L. N. Kennett; Mehdi Tork Qashqai; Juerg Hauser; David Lumley; Mike Sandiford,Nature Communications
10.1080/14498596.2023.2184429,2023,Geocentric Datum of Australia 2020: the first Australian datum developed from a rigorous continental-scale adjustment,AuScope | Geospatial Geodesy AuScope,Craig S. Harrison; Nicholas Brown; John Dawson; Roger W. Fraser,Journal of Spatial Science
10.21203/rs.3.rs-2545094/v1,2023,"Detecting thermal anomalies using thermochronometry around hydrothermal veins in the Kii Peninsula, southwest Japan – An attempt",AuScope,Shigeru Sueoka; Hideki Iwano; Tohru Danhara; Masakazu Niwa; Mizuho Kanno; Barry P. Kohn; Makoto Kawamura; T. Yokoyama; Saya Kagami; Yasuhiro Ogita; Takafumi Hirata,Research Square (Research Square)
10.1038/s43017-022-00384-8,2023,Deconstructing plate tectonic reconstructions,AuScope | Geospatial Geodesy AuScope | Characterisation AuScope | Simulation Analysis Modelling AuScope | Outreach Engagement AuScope,Maria Seton; Simon Williams; Mathew Domeier; Alan S. Collins; Karin Sigloch,Nature Reviews Earth & Environment
10.1093/gji/ggad082,2023,Crustal velocity images of northwestern Türkiye along the North Anatolian Fault Zone from transdimensional Bayesian ambient seismic noise tomography,AuScope | Simulation Analysis Modelling AuScope,Buse Turunçtur; Tuna Eken; Yunfeng Chen; Tuncay Taymaz; G. A. Houseman; Erdinc Saygin,Geophysical Journal International
10.1007/s12273-023-0985-5,2023,Development and validation of a transient simulation model of a full-scale PCM embedded radiant chilled ceiling,AuScope | Simulation Analysis Modelling AuScope,Seyedmostafa Mousavi; Behzad Rismanchi; Stefan Brey; Lu Aye,Building Simulation
10.1007/s00190-023-01706-4,2023,"Bridging astronomical, astrometric and geodetic scheduling for VGOS",AuScope | Simulation Analysis Modelling AuScope,Matthias Schartner; A. Collioud; P. Charlot; Minghui Xu; Benedikt Soja,Journal of Geodesy
10.1016/j.chemgeo.2023.121327,2023,"Archean Pb isotope variability tracks crust-mantle fractionation, granite production, and ore deposit formation",AuScope | Australian Geophysical Observing System | Earth Imaging Sounding AuScope | Characterisation AuScope,Andreas Zametzer; Christopher L. Kirkland; Milo Barham; R.H. Smithies; David L. Huston; D.C. Champion,Chemical Geology
10.1111/ggr.12480,2023,"New Reference Materials, Analytical Procedures and Data Reduction Strategies for Sr Isotope Measurements in Geological Materials by LA‐MC‐ICP‐MS",AuScope,Jacob A. Mulder; Graham Hagen‐Peter; Teresa Ubide; Rasmus Andreasen; Ellen Kooijman; Melanie Kielman‐Schmitt; Yuexing Feng; Bence Paul; Andreas Karlsson; Christian Tegner; Charles E. Lesher; Fidel Costa,Geostandards and Geoanalytical Research
10.1186/s40623-022-01752-w,2023,GENESIS: co-location of geodetic techniques in space,AuScope | AuScope VLBI | Geospatial Geodesy AuScope | Simulation Analysis Modelling AuScope | International Collaboration AuScope,Pacôme Delva; Z. Altamimi; Alejandro Blazquez; M Bloßfeld; Johannes Böhm; Pascal Bonnefond; Jean‐Paul Boy; Sean Bruinsma; Grzegorz Bury; Miltiadis Chatzinikos; Alexandre Couhert; Clément Courde; Rolf Dach; V. Dehant; S. Dell’Agnello; Gunnar Elgered; Werner Enderle; P. Exertier; Susanne Glaser; Rüdiger Haas; Wen Huang; Urs Hugentobler; Adrian Jäggi; Özgür Karatekin; F. G. Lemoine; C. Le Poncin-Lafitte; Susanne Lunz; Benjamin Männel; Flavien Mercier; Laurent Métivier; Benoît Meyssignac; Jürgen Müller; A. Nothnagel; F. Pérosanz; Roelof Rietbroek; Markus Rothacher; Harald Schuh; Hakan Sert; Krzysztof Sośnica; Paride Testani; Javier Ventura‐Traveset; Gilles Wautelet; Radosław Zajdel,Earth Planets and Space
10.1144/sp527-2022-58,2023,Unlocking national treasures: the core scanning approach,AuScope | National Virtual Core Library | Characterisation AuScope | Simulation Analysis Modelling AuScope | Outreach Engagement AuScope,Magret Damaschke; Mark Fellgett; Michael P. A. Howe; Carl Watson,Geological Society London Special Publications
10.1130/g50833.1,2023,The role of surface processes in basin inversion and breakup unconformity,AuScope,Luke Mondy; Patrice Rey; Guillaume Duclaux,Geology
10.1080/14432471.2023.2169291,2023,"Update on geophysical survey progress from Geoscience Australia and the Geological Surveys of Western Australia, South Australia, Northern Territory, Queensland, New South Wales, Victoria and Tasmania (information current 27 January 2022)",AuScope,,Preview
10.1080/14432471.2023.2175588,2023,AEGC 2023: Short abstracts,AuScope | Hylogger CSIRO | Geospatial Geodesy AuScope | Characterisation AuScope | Simulation Analysis Modelling AuScope | International Collaboration AuScope,"Li, Zhen; Wells, Martin; Rankenburg, Kai; Evans, Noreen; McInnes, Brent",Preview
10.1017/pasa.2023.33,2023,On more than two decades of Celestial Reference Frame VLBI observations in the deep south: IVS-CRDS (1995–2021),AuScope | Yarragadee VLBI,Stuart Weston; Aletha de Witt; Hana Krásná; K. Le Bail; Sara Hardin; David Gordon; Fengchun Shu; A. L. Fey; Matthias Schartner; Sayan Basu; Oleg Titov; Dirk Behrend; C. S. Jacobs; W. Hankey; Federico Salguero; J. E. Reynolds,Publications of the Astronomical Society of Australia
10.46620/ursigass.2023.1487.drlv2122,2023,The southern hemisphere Long Baseline Array,AuScope,P. G. Edwards; Chris Phillips; Cormac Reynolds; G. Heald,Proceedings of the XXXVth URSI General Assembly and Scientific Symposium – GASS 2023
10.1007/1345_2023_217,2023,Assessing the Potential of VLBI Transmitters on Next Generation GNSS Satellites for Geodetic Products,AuScope | AuScope VLBI | Simulation Analysis Modelling AuScope,Shrishail Raut; Susanne Glaser; Nijat Mammadaliyev; Patrick Schreiner; Karl Hans Neumayer; Harald Schuh,International Association of Geodesy symposia
10.26464/epp2023048,2023,Three-dimensional magnetotelluric modeling in the spherical and Cartesian coordinate systems: A comparative study,AuScope | Simulation Analysis Modelling AuScope,Qi Han; Xiangyun Hu,Earth and Planetary Physics
10.1017/pasa.2023.12,2023,A monitoring campaign (2013–2020) of ESA’s Mars Express to study interplanetary plasma scintillation,AuScope | AuScope VLBI | Yarragadee VLBI | Characterisation AuScope,Pradyumna Kummamuru; Guifre Molera Calvés; Giuseppe Cimò; S. V. Pogrebenko; Tatiana Bocanegra-Bahamón; Dmitry A. Duev; M. D. Md Said; Jasper Edwards; M. Ma; J. Quick; A. Neidhardt; P. de Vicente; Rüdiger Haas; J. Kallunki; G. Maccaferri; G. Colucci; Wenjun Yang; Longfei Hao; S. Weston; M. A. Kharinov; A. G. Mikhailov; T. Jung,Publications of the Astronomical Society of Australia
10.25959/23238410,2023,Scheduling for next era operations of geodetic VLBI : simulations with the AuScope array,AuScope | AuScope VLBI | Yarragadee VLBI | Geospatial Geodesy AuScope | Simulation Analysis Modelling AuScope,Ejl Iles,UTAS Research Repository
10.7185/gold2023.20761,2023,Basis for geochemistry data science applications; data standardisation through the OneGeochemistry initiative,AuScope | AusGeochem,Alexander Prent; Dominik C. Hezel; Lesley Wyborn; Geertje ter Maat; Kerstin Lehnert; Marthe Klöcking; Kirsten Elger; Rebecca Farrington; Lucy Profeta; Tim Rawling,Goldschmidt2023 abstracts
10.47749/t/unicamp.2022.1259854,2022,Evaluation of machine learning methods for prospectivity modeling and vectoring of IOCG mineralization,AuScope | Hylogger CSIRO | National Virtual Core Library | Characterisation AuScope,Elias Martins Guerra Prado,
10.1038/s41467-022-35559-w,2022,Passive margins in accreting Archaean archipelagos signal continental stability promoting early atmospheric oxygen rise.,AuScope,Yaying Peng; Timothy Kusky; Lu Wang; Zhikang Luan; Chuanhai Wang; Xuanyu Liu; Yating Zhong; Noreen J. Evans,Nature Communications
10.21203/rs.3.rs-2096959/v1,2022,Do fault systems impede fluvial incision in active orogens?,AuScope,Dongxu Cai; Xianyan Wang; Guangwei Li; Ruohong Jiao; Barry P. Kohn; Wenbin Zhu; Johan De Grave; Huayu Lu,Research Square
10.1111/ggr.12473,2022,"Sulfur Mass Fractions in Thirty‐Seven Geological Reference Materials by Titration, XRF and Elemental Analyser",AuScope | Characterisation AuScope,Olivier Alard; Halimulati Ananuer; Lauren Gorojovsky; Peter Wieland,Geostandards and Geoanalytical Research
10.1017/s1743921323002545,2022,Galactic Astrometry with VLBI,AuScope,K. L. J. Rygl,Proceedings of the International Astronomical Union
10.1017/s174392132300306x,2022,Galactic Maser Astrometry with VERA,AuScope,Mareki Honma; Tomoya Hirota; Kazuya Hachisuka; Hiroshi Imai; Hideyuki Kobayashi; Takaaki Jike; Akiharu Nakagawa; Tomoaki Oyama; Kazuyoshi Sunada; Daisuke Sakai; Nobuyuki Sakai; Aya Yamauchi,Proceedings of the International Astronomical Union
10.3390/min12111463,2022,"A Combined Re-Os and Pt-Os Isotope and HSE Abundance Study of Ru-Os-Ir Alloys from the Kunar and Unga Placer Deposits, the Taimyr Peninsula, Polar Siberia",AuScope,К. N. Malitch; Igor S. Puchtel; Елена Белоусова; I. Yu. Badanina,Minerals
10.31223/x5h07q,2022,"Community recommendations for geochemical data, services and analytical capabilities in the 21st century",AuScope | AusGeochem | AuScope Geochemistry Network | Outreach Engagement AuScope | International Collaboration AuScope,Marthe Klöcking; Lesley Wyborn; Kerstin Lehnert; Bryant Ware; Alexander Prent; Lucia Profeta; Fabian Kohlmann; Wayne Noble; Ian Bruno; Sarah Lambart; Halimulati Ananuer; Nicholas Barber; Harry Becker; Maurice Brodbeck; Hang Deng; Kai Deng; Kirsten Elger; Gabriel de Souza Franco; Yajie Gao; Khalid Mohammed Ghasera; Dominik C. Hezel; Jingyi Huang; Buchanan Kerswell; Hilde Koch; Anthony Lanati; Geertje ter Maat; Nadia Martínez‐Villegas; Lucien Nana Yobo; Ahmad Redaa; Wiebke Schäfer; Megan Swing; Richard J. K. Taylor; Marie Katrine Traun; Jo Whelan; Tengfei Zhou,
10.1016/j.epsl.2022.117895,2022,"A linked evolution for granite-greenstone terranes of the Pilbara Craton from Nd and Hf isotopes, with implications for Archean continental growth",AuScope,Anthony I.S. Kemp; Jeffrey D. Vervoort; Andreas Petersson; R.H. Smithies; Yongjun Lu,Earth and Planetary Science Letters
10.31223/x5sh3v,2022,PREPRINT: A global platform solution for Big Data in low-temperature thermochronology,AuScope | AusGeochem | AuScope Geochemistry Network | Characterisation AuScope,Samuel Boone; Fabian Kohlmann; Wayne Noble; Moritz Theile; Romain Beucher; Barry P. Kohn; Stijn Glorie; Martin Danišík; Renjie Zhou; Malcolm McMillan; Brent McInnes; Andrew Gleadow; Angus Nixon,
10.31223/x5364x,2022,"New reference materials, analytical procedures, and data reduction strategies for Sr isotope measurements in geological materials by LA-MC-ICP-MS",AuScope | Characterisation AuScope,Jacob A. Mulder; Graham Hagen‐Peter; Teresa Ubide; Rasmus Andreasen; Ellen Kooijman; Melanie Schmitt; Yuxing Feng; Bence Paul; Andréas Karlsson; Christian Tegner; Charles E. Lesher; Fidel Costa,
10.22541/au.166549195.57268331/v1,2022,Oligo-Miocene colonisation and radiation within South-West Pacific arc terranes underpinned repeated upstream continental colonisations in pigeons (Columbiformes).,AuScope,Paul M. Oliver; Andrew F. Hugall; Audrey Prasetya; Alex Slavenko; Sabin Zahirovic,
10.22541/au.166516581.17720849/v1,2022,The Victorian Earthquake Hazard Map,AuScope | Australian Geophysical Observing System | Characterisation AuScope,Dan Sandiford; Tim Rawling; Gary A. P. Gibson,
10.1007/s00190-022-01657-2,2022,The Australian mixed-mode observing program.,AuScope | AuScope VLBI | Yarragadee VLBI | Katherine VLBI | Mt Pleasant VLBI | Simulation Analysis Modelling AuScope,Lucia McCallum; Lim Chin Chuan; Hana Krásná; Jamie McCallum; Johannes Böhm; Tiege McCarthy; Jakob Gruber; Matthias Schartner; J. F. H. Quick; Axl Rogers,Journal of Geodesy
10.1038/s41467-022-33361-2,2022,The role of gravitational body forces in the development of metamorphic core complexes.,AuScope | Simulation Analysis Modelling AuScope,Alireza Bahadori; William E Holt; Jacqueline Austermann; Lajhon Campbell; E Troy Rasbury; Daniel M Davis; Christopher M Calvelage; Lucy M Flesch,Nature Communications
10.1111/bre.12715,2022,Reorganization of continent‐scale sediment routing based on detrital zircon and rutile multi‐proxy analysis,AuScope,Maximilian Dröllner; Milo Barham; Christopher L. Kirkland,Basin Research
10.1016/j.palaeo.2022.111212,2022,Insights on the Cenozoic climatic history of Southeast Australia from kaolinite dating,AuScope | Characterisation AuScope,Maximilien Mathian; Mathieu Chassé; Georges Calas; William L. Griffin; Suzanne Y. O’Reilly; Thibault Buisson; Thierry Allard,Palaeogeography Palaeoclimatology Palaeoecology
10.1038/s41467-022-31903-2,2022,"Coupled influence of tectonics, climate, and surface processes on landscape evolution in southwestern North America.",AuScope | Simulation Analysis Modelling AuScope,Alireza Bahadori; W. E. Holt; Ran Feng; Jacqueline Austermann; Katharine M. Loughney; Tristan Salles; Louis Moresi; Romain Beucher; Neng Lu; L. M. Flesch; Christopher M. Calvelage; E. Troy Rasbury; Daniel M. Davis; Andre R. Potochnik; W. Bruce Ward; Kevin W. Hatton; Saad S.B. Haq; Tara M. Smiley; Kathleen M. Wooton; Catherine Badgley,Nature Communications
10.1186/s40623-022-01671-w,2022,Probing a southern hemisphere VLBI Intensive baseline configuration for UT1 determination.,AuScope | AuScope VLBI | Yarragadee VLBI | Katherine VLBI | Simulation Analysis Modelling AuScope,Sigrid Böhm; Johannes Böhm; Jakob Gruber; Lisa Kern; Jamie McCallum; Lucia McCallum; Tiege McCarthy; J. F. H. Quick; Matthias Schartner,Earth Planets and Space
10.4401/ag-8790,2022,The EPOS Multi-Scale Laboratories: A FAIR Framework for stimulating Open Science practice across European Earth Sciences Laboratories,AuScope | International Collaboration AuScope,Kirsten Elger; Geertje ter Maat; Rita Caldeira; Corrado Cimarelli; Fabio Corbi; Stéphane Dominguez; Martin Drury; Francesca Funiciello; Otto Lange; Audrey Ougier‐Simonin; Matthias Rosenau; Richard Wessels; Ernst Willingshofer; Aldo Winkler,Annals of Geophysics
10.21203/rs.3.rs-1655703/v1,2022,New source flux density and antenna sensitivity monitoring in AUSTRAL VLBI sessions for improved feedback and results,AuScope | AuScope VLBI | Yarragadee VLBI | Simulation Analysis Modelling AuScope,Chin Chuan Lim; Lucia McCallum; Jamie McCallum; Guifre Molera Calvés; Tiege McCarthy,Research Square (Research Square)
10.3389/feart.2022.850078,2022,The Conjugated Ionospheric Anomalies Preceding the 2011 Tohoku-Oki Earthquake,AuScope,Liming He; Lixin Wu; Kosuke Heki; Cong Guo,Frontiers in Earth Science
10.1007/s13563-022-00317-3,2022,Breakthrough technologies for mineral exploration,AuScope | Hylogger CSIRO | National Virtual Core Library,Kazuya Okada,Mineral Economics
10.4401/ag-8756,2022,The EPOS Research Infrastructure: a federated approach to integrate solid Earth science data and services,AuScope,M. Cocco; C. Freda; Kuvvet Atakan; Daniele Bailo; Kauzar Saleh-Contell; Otto Lange; Jan Michálek,Annals of Geophysics
10.7906/indecs.20.2.11,2022,Open Access on GNSS Permanent Networks Data in Case of Disaster,AuScope | Geospatial Geodesy AuScope,Andrea Latinčić; Željko Bačíć; Zvonimir Nevistić,Interdisciplinary Description of Complex Systems
10.1007/s00190-022-01610-3,2022,Comparison and integration of CONT17 networks,AuScope | Yarragadee VLBI | Geospatial Geodesy AuScope,Younghee Kwak; Matthias Glomsda; D Angermann; M Gerstl,Journal of Geodesy
10.1111/maps.13816,2022,"Geochemical and mineralogical classification of four new shergottites: NWA 10441, NWA 10818, NWA 11043, and NWA 12335",AuScope,K. J. Orr; L. V. Forman; Kai Rankenburg; Noreen J. Evans; Bradley J. McDonald; Bélinda Godel; G. K. Benedix,Meteoritics and Planetary Science
10.3390/s22072740,2022,"Inter-Comparison of UT1-UTC from 24-Hour, Intensives, and VGOS Sessions during CONT17.",AuScope | Yarragadee VLBI | Katherine VLBI | Geospatial Geodesy AuScope,Shrishail Raut; Robert Heinkelmann; Sadegh Modiri; Santiago Belda; Kyriakos Balidakis; Harald Schuh,Sensors
10.1007/s00190-022-01621-0,2022,Improvements and comparison of VLBI INT2 and INT3 session performance,AuScope | Simulation Analysis Modelling AuScope,Matthias Schartner; Christian Plötz; Benedikt Soja,Journal of Geodesy
10.31223/x5ss6r,2022,Stratigraphic architecture of the world’s oldest shale gas play: The 1400-1200 Ma Velkerri and Kyalla formations in the Beetaloo Sub-Basin,AuScope | Hylogger CSIRO,Vincent Crombez; Marcus Kunzmann; Mohinudeen Faiz; Claudio Delle Piane; Stuart Munday; Anne Forbes,
10.1029/2021jb023540,2022,A New Probe Into the Innermost Inner Core Anisotropy via the Global Coda‐Correlation Wavefield,AuScope | Simulation Analysis Modelling AuScope,Thuany Costa de Lima; ‪Hrvoje Tkalčić; Lauren Waszek,Journal of Geophysical Research Solid Earth
10.1038/s41598-022-08384-w,2022,Constraining the response of continental-scale groundwater flow to climate change.,AuScope | EarthByte | Underworld2 | Simulation Analysis Modelling AuScope,Ben Mather; R Dietmar Müller; Craig O'Neill; Adam Beall; R Willem Vervoort; Louis Moresi,Scientific Reports
10.1371/journal.pone.0264914,2022,How research data deliver non-academic impacts: A secondary analysis of UK Research Excellence Framework impact case studies.,AuScope,Eric A Jensen; Paul Wong; Mark S Reed,PLoS ONE
10.1029/2021gc010214,2022,"Multitechnique Geochronology of Intrusive and Explosive Activity on Piton des Neiges Volcano, Réunion Island",AuScope,Vincent Famin; Camille Paquez; Martin Danišík; Nicholas J. Gardiner; Laurent Michon; Christopher L. Kirkland; Carole Berthod; Bjarne Friedrichs; Axel K. Schmitt; Patrick Monié,Geochemistry Geophysics Geosystems
10.3390/app12031547,2022,A Qualitative Examination of the Iron Boomerang and Trends in Spectral Metrics across Iron Ore Deposits in Western Australia,AuScope | Hylogger CSIRO | National Virtual Core Library,Andrew Rodger; Erick Ramanaïdou; Carsten Laukamp; Ian Lau,Applied Sciences
10.5281/zenodo.5907179,2022,RI-VIS D3.4 Summary report and roadmap for future activities,AuScope | Outreach Engagement AuScope | International Collaboration AuScope,Bahne Stechmann; Viridiana Beltrán,Zenodo (CERN European Organization for Nuclear Research)
10.1016/j.lithos.2021.106591,2022,"Geochemical variability among stratiform chromitites and ultramafic rocks from Western Makran, South Iran",AuScope,Hadi Shafaii Moghadam; Shoji Arai; William L. Griffin; Mohamed Zaki Khedr; Emilio Saccani; Hadrien Henry; Suzanne Y. O’Reilly; Ghasem Ghorbani,Lithos
10.46427/gold2022.12957,2022,Cataloguing and organisation of geochemistry laboratories capabilities through the AuScope Geochemistry Network Laboratory Finder,AuScope | AuScope Virtual Research Environment | AuScope Geochemistry Network | AVRE AuScope,Pavel Golodoniuc; Alexander Prent; Vincent Fazio; YunLong Li; Jens Klump; Guillaume Florin; Sally‐Ann Hodgekiss,Goldschmidt2022 abstracts
10.46427/gold2022.10945,2022,"A Digital end-to-end solution for FAIR Geochemistry Data, from Field Collection to Publication",AuScope | AusGeochem,Fabian Kohlmann; Wayne Noble; Samuel Boone; Yoann Gréau; Hayden Dalton; Bryant Ware; Romain Beucher; Malcolm McMillan; Barry P. Kohn; Alexander Prent; Brent McInnes; Alejandra Bedoya Mejia; Moritz Theile,Goldschmidt2022 abstracts
10.1007/1345_2022_165,2022,Dilution of Precision (DOP) Factors for Evaluating Observations to Galileo Satellites with VLBI,AuScope | AuScope VLBI,Helene Wolf; Johannes Böhm; Matthias Schartner; Urs Hugentobler; Benedikt Soja; A. Nothnagel,International Association of Geodesy symposia
10.46427/gold2022.11728,2022,Opening the full Potential of Geochemical Big Data utilising AusGeochem,AuScope | AusGeochem | AuScope Geochemistry Network,Wayne Noble; Barry P. Kohn; Samuel Boone; Fabian Kohlmann; Yoann Gréau; Hayden Dalton; Bryant Ware; Alexander Prent; Romain Beucher; Malcolm McMillan; Brent McInnes; Alejandra Bedoya Mejia; Moritz Theile,Goldschmidt2022 abstracts
10.46427/gold2022.10816,2022,The OneGeochemistry Initiative,AuScope | AuScope Geochemistry Network,Alexander Prent; Marthe Klöcking; Lucy Profeta; Kerstin Lehnert; Kirsten Elger; Dominik C. Hezel; Geertje ter Maat; Lesley Wyborn,Goldschmidt2022 abstracts
10.1016/j.epsl.2021.117346,2021,Gaining from loss: Detrital zircon source-normalized α-dose discriminates first- versus multi-cycle grain histories,AuScope,Maximilian Dröllner; Milo Barham; Christopher L. Kirkland,Earth and Planetary Science Letters
10.1146/annurev-earth-071521-063942,2021,Shear Properties of Earth's Inner Core,AuScope | AusPass | Earth Imaging Sounding AuScope,‪Hrvoje Tkalčić; Sheng Wang; Thanh‐Son Phạm,Annual Review of Earth and Planetary Sciences
10.5281/zenodo.5761762,2021,RI-VIS D3.3 Third outreach and partnering event,AuScope | Outreach Engagement AuScope | International Collaboration AuScope,Bahne Stechmann; Viridiana Beltrán,Zenodo (CERN European Organization for Nuclear Research)
10.1038/s41467-021-26957-7,2021,The shallow structure of Mars at the InSight landing site from inversion of ambient vibrations.,AuScope,Manuel Hobiger; Miroslav Hallò; Cédric Schmelzbach; Simon C. Stähler; Donat Fäh; Domenico Giardini; M. P. Golombek; John Clinton; Nikolaj Dahmen; Géraldine Zenhäusern; Brigitte Knapmeyer‐Endrun; Sebastián Carrasco; Constantinos Charalambous; K. Hurst; S. Kedar; W. B. Banerdt,Nature Communications
10.1007/s00190-021-01579-5,2021,Baseline-dependent clock offsets in VLBI data analysis.,AuScope | Yarragadee VLBI | Katherine VLBI | Geospatial Geodesy AuScope,Hana Krásná; Frédéric Jaron; Jakob Gruber; Johannes Böhm; Axel Nothnagel,Journal of Geodesy
10.5281/zenodo.5637353,2021,Report: Data is Only Half the Battle,AuScope,Paula Andrea Martinez; Vanessa Crosby; Tom Honeyman; Ove Gustafsson; Stéphane Guillou; Louis Moresi,Zenodo (CERN European Organization for Nuclear Research)
10.1038/s43017-021-00237-w,2021,Time to change the data culture in geochemistry,AuScope | AuScope Geochemistry Network,Katy J. Chamberlain; Kerstin Lehnert; Iona M. McIntosh; D. J. Morgan; Gerhard Wörner,Nature Reviews Earth & Environment
10.5281/zenodo.5575275,2021,The Global Open Science Cloud Landscape,AuScope | Outreach Engagement AuScope | International Collaboration AuScope,Yin Chen; Jianhui Li; Simon Hodson; Mark Dietrich; Tiziana Ferrari; Lili Zhang; Ane Persic; Geoffrey Boulton; Hussein Sherief; Sarah Jones; Corina Pascu; I. Häggström; Xinna Yue; Junyi Wang; Eric Yen; Chenzhou Cui; Guido Lemoine; Kerstin Lehnert; Happy Sithole; Rosie Hicks; Natalia Manola; Erik Huizer; Yan Zhuang; Kostas Glinos; Manish Parashar,Zenodo (CERN European Organization for Nuclear Research)
10.3390/rs13183718,2021,Evaluation of SWIR Crop Residue Bands for the Landsat Next Mission,AuScope | AuScope Discovery Portal,W. Dean Hively; Brian T. Lamb; Craig S. T. Daughtry; Guy Serbin; Philip E. Dennison; Raymond F. Kokaly; Zhuoting Wu; Jeffery G. Masek,Remote Sensing
10.5281/zenodo.7694084,2021,"Lithospheric-scale magnetotellurics over the Eastern Goldfields Superterrane, Yilgarn Craton",AuScope | AusLAMP,Kate Selway; Mike Dentith; Klaus Gessner,Zenodo (CERN European Organization for Nuclear Research)
10.5281/zenodo.7686638,2021,"Examples of integrating hyperspectral, geochemical and petrophysical drill core data using Australia's National Virtual Core Library infrastructure",AuScope | National Virtual Core Library,Carsten Laukamp; J. Stromberg; Neil Francis; Shane Mulè; Monica LeGras; Juerg Hauser; Ian Lau,Zenodo (CERN European Organization for Nuclear Research)
10.5281/zenodo.7694082,2021,Next-generation velocity model of the Australian crust from synchronous and asynchronous ambient noise imaging,AuScope | AusPass,Yunfeng Chen; Erdinc Saygin,Zenodo (CERN European Organization for Nuclear Research)
10.5281/zenodo.7690838,2021,AusArray: uncovering major crustal features using passive seismic data,AuScope,A. Gorbatov; Andrew Medlin; Michael P. Doublier; Karol Czarnota; T. Fomin; Paul Henson; B. L. N. Kennett,Zenodo (CERN European Organization for Nuclear Research)
10.5281/zenodo.7687176,2021,Australian geomagnetic observatory network monitors space weather hazard - 180 years on,AuScope | AusLAMP,Liejun Wang; Andrew Lewis; Bill Jones; Jingming Duan; Adrian Hitchman; Matthew Gard,Zenodo (CERN European Organization for Nuclear Research)
10.5281/zenodo.7687598,2021,Seismic network modelling and design in an interactive web-based environment,AuScope | AuScope Virtual Research Environment | AVRE AuScope,Pavel Golodoniuc; Januka Attanayake; Abraham Jones; Samuel Bradley,Zenodo (CERN European Organization for Nuclear Research)
10.1002/gea.21882,2021,"Micro‐stromatolitic laminations and the origins of engraved, oxalate‐rich accretions from Australian rock art shelters",AuScope,Helen Green; Andrew Gleadow; Damien Finch; Cecilia Myers; Jenna McGovern,Geoarchaeology
10.1038/s43247-021-00260-1,2021,"Resurgence initiation and subsolidus eruption of cold carapace of warm magma at Toba Caldera, Sumatra",AuScope,Adonara E. Mucek; Martin Danišík; Shanaka L. de Silva; Daniel P. Miggins; Axel K. Schmitt; Indyo Pratomo; Anthony Koppers; Jack Gillespie,Communications Earth & Environment
10.1002/essoar.10507861.1,2021,"Probing the southern African lithosphere with magnetotellurics, Part II, linking electrical conductivity, composition and tectono-magmatic evolution.",AuScope,Sinan Özaydın; Kate Selway; William L. Griffin; Max Moorkamp,
10.31223/x5t91b,2021,The role of surface processes in basin inversion and breakup unconformity,AuScope,Luke Mondy; Patrice Rey; Guillaume Duclaux,
10.3389/feart.2021.713448,2021,Tectono-Thermal Evolution of the Red Sea Rift,AuScope,Samuel Boone; Maria‐Laura Balestrieri; Barry P. Kohn,Frontiers in Earth Science
10.1038/s43247-021-00205-8,2021,The largest plagiogranite on Earth formed by re-melting of juvenile proto-continental crust,AuScope | SHRIMP II Curtin,Hamed Gamal El Dien; Zheng‐Xiang Li; Mohamed Abu Anbar; Luc S. Doucet; J. Brendan Murphy; Noreen J. Evans; Xiaoping Xia; Jiangyu Li,Communications Earth & Environment
10.5120/ijca2021921325,2021,Trifecta Approach to ATM Transaction Security,AuScope,Afia Farzana; Noor Mohammad; Sharif Ahmed; Jannat Ara Mim; Juena Ahmed Noshin,International Journal of Computer Applications
10.5194/amt-14-3119-2021,2021,Performance of an open-path near-infrared measurement system for measurements of CO 2 and CH 4 during extended field trials,AuScope,Nicholas M. Deutscher; Travis Naylor; Christopher Caldow; Hamish L. McDougall; Alex G. Carter; David Griffith,Atmospheric measurement techniques
10.1007/s00190-021-01512-w,2021,Automated VLBI scheduling using AI-based parameter optimization,AuScope | AuScope VLBI | International Collaboration AuScope,Matthias Schartner; Christian Plötz; Benedikt Soja,Journal of Geodesy
10.1038/s41467-021-21990-y,2021,A reconciled solution of Meltwater Pulse 1A sources using sea-level fingerprinting.,AuScope | Australian Geophysical Observing System | Simulation Analysis Modelling AuScope,Yucheng Lin; Fiona D Hibbert; Pippa L Whitehouse; Sarah A Woodroffe; Anthony Purcell; Ian Shennan; Sarah L Bradley,Nature Communications
10.3390/min11040347,2021,"Mineral Physicochemistry Underlying Feature-Based Extraction of Mineral Abundance and Composition from Shortwave, Mid and Thermal Infrared Reflectance Spectra",AuScope | Hylogger CSIRO | National Virtual Core Library,Carsten Laukamp; Andrew Rodger; Monica LeGras; Heta Lampinen; Ian Lau; Bobby Pejcic; J. Stromberg; Neil Francis; Erick Ramanaïdou,Minerals
10.1093/gji/ggab116,2021,Joint multizonal transdimensional Bayesian inversion of surface wave dispersion and ellipticity curves for local near-surface imaging,AuScope,Miroslav Hallò; Walter Imperatori; Francesco Panzera; Donat Fäh,Geophysical Journal International
10.3390/min11030329,2021,"Origin of Ru-Os Sulfides from the Verkh-Neivinsk Ophiolite Massif (Middle Urals, Russia): Compositional and S-Os Isotope Evidence",AuScope,К. N. Malitch; I. Yu. Badanina; Елена Белоусова; V. V. Murzin; T. A. Velivetskaya,Minerals
10.5194/adgeo-55-23-2021,2021,Unconstrained Estimation of VLBI Global Observing System Station Coordinates,AuScope | Yarragadee VLBI | Geospatial Geodesy AuScope,Markus Mikschi; Johannes Böhm; Matthias Schartner,Advances in geosciences
10.31223/x55p64,2021,"Evidence for crustal removal, tectonic erosion and flare-ups from the Japanese evolving forearc sediment provenance",AuScope,Daniel Pastor‐Galán; Christopher J. Spencer; Tan Furukawa; Tatsuki Tsujimori,
10.5281/zenodo.4546173,2021,Recommendations towards cooperation between Australian and European research infrastructures,AuScope | Outreach Engagement AuScope | International Collaboration AuScope,Meeri Kim,Zenodo (CERN European Organization for Nuclear Research)
10.5194/gchron-3-89-2021,2021,Thermal annealing of implanted 252 Cf fission tracks in monazite,AuScope,Sean Jones; Andrew Gleadow; Barry P. Kohn,Geochronology
10.1016/j.ecoinf.2021.101245,2021,Integrating data and analysis technologies within leading environmental research infrastructures: Challenges and approaches,AuScope | AuScope Virtual Research Environment | AVRE AuScope,Robert Huber; Claudio D’Onofrio; Anusuriya Devaraju; Jens Klump; Henry W. Loescher; Stephan Kindermann; Siddeswara Guru; Mark Grant; Beryl Morris; Lesley Wyborn; Ben Evans; Doron Goldfarb; Melissa A. Genazzio; Xiaoli Ren; Barbara Magagna; Hannes Thiemann; Markus Stocker,Ecological Informatics
10.1016/j.gr.2021.02.001,2021,Syn-collisional detrital zircon source evolution in the northern Moroccan Variscides,AuScope | SHRIMP II Curtin,Cristina Accotto; D. Martínez Poyatos; António Azor; Cristina Talavera; Noreen J. Evans; A. Jabaloy; Ali Azdimousa; Abdelfatah Tahiri; Hassan El Hadi,Gondwana Research
10.1038/s41598-020-79739-4,2021,"Studies of Adult and Larval Zebra Mussel Populations in Conesus Lake, NY",AuScope | Characterisation AuScope,Beñat Oliveira; William L Griffin; Sarah E M Gain; Martin Saunders; Jeremy Shaw; Vered Toledo; Juan Carlos Afonso; Suzanne Y O'Reilly,Scientific Reports
10.3390/min11020116,2021,"Burial and Exhumation History of the Lujing Uranium Ore Field, Zhuguangshan Complex, South China: Evidence from Low-Temperature Thermochronology",AuScope,Yue Sun; Barry P. Kohn; Samuel Boone; Dongsheng Wang; Kai‐Xing Wang,Minerals
10.1016/j.envpol.2021.116547,2021,Snake scales record environmental metal(loid) contamination,AuScope,Damian C. Lettoof; Kai Rankenburg; B.J. McDonald; Noreen J. Evans; Philip W. Bateman; Fabien Aubret; Marthe Monique Gagnon,Environmental Pollution
10.1093/gji/ggab018,2021,Induced polarization of volcanic rocks. 4. Large-scale induced polarization imaging,AuScope,Lutz Gross; A. Soueid Ahmed; A. Revil,Geophysical Journal International
10.4236/ojg.2021.1110028,2021,On Dinosaur Reconstruction: An Introduction to Important Topics of Paleontology and Dinosaurs,AuScope,Georgios A. Florides; Paul Christodoulides,Open Journal of Geology
10.5334/dsj-2021-033,2021,Towards Globally Unique Identification of Physical Samples: Governance and Technical Implementation of the IGSN Global Sample Number,AuScope | AuScope Discovery Portal | Earth Sampling AuScope,Jens Klump; Kerstin Lehnert; Damian Ulbricht; Anusuriya Devaraju; Kirsten Elger; Dirk Fleischer; Sarah Ramdeen; Lesley Wyborn,Data Science Journal
10.1071/es19009_co,2020,Corrigendum to : Using global navigation satellite system data for real-time moisture analysis and forecasting over the Australian region I. The system,AuScope,John Marshall; Robert Norman; D.C. Howard; Susan Rennie; Michael J. Moore; Jan Kapłon; Yi Xiao; Kefei Zhang; Carl Wang; Ara Cate; Paul Lehmann; Xiaoming Wang; Peter Steinle; Chris Tingwell; Tan Le; Witold Rohm; Diandong Ren,Journal of Southern Hemisphere Earth System Science
10.1051/0004-6361/202038368/pdf,2020,The third realization of the International Celestial Reference Frame by very long baseline interferometry,AuScope | AuScope VLBI,P. Charlot; C. S. Jacobs; David Gordon; S. Lambert; Aletha de Witt; Johannes Böhm; A. L. Fey; Robert Heinkelmann; E. Skurikhina; Oleg Titov; E. F. Arias; S. Bolotin; G. Bourda; Chao Ma; Zinovy Malkin; A. Nothnagel; David J. Mayer; D. S. MacMillan; Tobias Nilsson; R. A. Gaume,Springer Link (Chiba Institute of Technology)
10.18268/bsgm2020v72n3a080420,2020,"Metamorphic fingerprints of Fe-rich chromitites from the Eastern Pampean Ranges, Argentina",AuScope,Vanessa Colás; Ignacio Subías Pérez; José María González-Jiménez; Joaquín A. Proenza; Isabel Fanlo; Antoni Camprubí; William L. Griffin; Fernando Gervilla; Suzanne Y. O’Reilly; Monica F. Escayola,Boletín de la Sociedad Geológica Mexicana
10.2138/am-2021-7680,2020,Cr2O3 in corundum: Ultrahigh contents under reducing conditions,AuScope,William L. Griffin; Sarah Gain; Martin Saunders; Fernando Cámara; Luca Bindi; Deborah Spartà; Vered Toledo; Suzanne Y. O’Reilly,American Mineralogist
10.5194/gchron-2-283-2020,2020,"Resolving multiple geological events using in situ Rb–Sr geochronology: implications for metallogenesis at Tropicana, Western Australia",AuScope,Hugo K.H. Olierook; Kai Rankenburg; Stanislav Ulrich; Christopher L. Kirkland; Noreen J. Evans; Stephen Brown; Brent McInnes; Alexander Prent; Jack Gillespie; Bradley J. McDonald; Miles Darragh,Geochronology
10.5281/zenodo.4083297,2020,A National View of Containers and Kubernetes in Research: Shared challenges and opportunities,AuScope,Steven Manos; Kieran Spear; Paula Andrea Martinez; Steve Quenette; Mark Gray; Andrew J. P. White; ARCOS Working Group,Zenodo (CERN European Organization for Nuclear Research)
10.5194/gchron-2020-24,2020,Thermal Annealing of Implanted 252 Cf Fission-1 Tracks in Monazite,AuScope,Sean Jones; Andrew Gleadow; Barry P. Kohn,
10.1051/0004-6361/202038236,2020,γ-ray emission in radio galaxies under the VLBI scope II. The relationship between γ-ray emission and parsec-scale jets in radio galaxies,AuScope | Yarragadee VLBI,R. Angioni; E. Ros; M. Kadler; R. Ojha; Cornelia Müller; P. G. Edwards; P. R. Burd; B. Carpenter; M. Dutka; Sergei Gulyaev; H. Häse; S. Horiuchi; F. Krauß; J. E. J. Lovell; T. Natusch; Chris Phillips; Christian Plötz; J. F. H. Quick; F. Rösch; R. Schulz; J. Stevens; A. K. Tzioumis; S. Weston; J. Wilms; J. A. Zensus,Data Archiving and Networked Services (DANS)
10.1186/s43020-020-00026-8,2020,Overview of legal traceability of GPS positioning in Australia,AuScope,G. Hu; John Dawson,Satellite Navigation
10.1051/0004-6361/202038368,2020,The third realization of the International Celestial Reference Frame by very long baseline interferometry,AuScope | AuScope VLBI,P. Charlot; C. S. Jacobs; D. Gordon; S. Lambert; A. de Witt; J. Böhm; A. L. Fey; R. Heinkelmann; E. Skurikhina; O. Titov; E. F. Arias; S. Bolotin; G. Bourda; C. Ma; Z. Malkin; A. Nothnagel; D. Mayer; D. S. MacMillan; T. Nilsson; R. Gaume,Astronomy and Astrophysics
10.1093/petrology/egaa081,2020,Differentiating between Inherited and Autocrystic Zircon in Granitoids,AuScope | Australian Geophysical Observing System,Hugo K.H. Olierook; Christopher L. Kirkland; Kristoffer Szilas; Julie A. Hollis; Nicholas J. Gardiner; Agnete Steenfelt; Qiang Jiang; Chris Yakymchuk; Noreen J. Evans; Bradley J. McDonald,Journal of Petrology
10.3390/min10080686,2020,"Re-Os Isotope Systematics of Sulfides in Chromitites and Host Lherzolites of the Andaman Ophiolite, India",AuScope,José María González-Jiménez; Sisir K. Mondal; Biswajit Ghosh; William L. Griffin; Suzanne Y. O’Reilly,Minerals
10.1016/j.compgeo.2020.103728,2020,Sensitivity of the damage response and fracture path to material heterogeneity present in a sandstone specimen containing a pre-existing 3-D surface flaw under uniaxial loading,AuScope,Sanjib Mondal; Louise Olsen‐Kettle; Lutz Gross,Computers and Geotechnics
10.1016/j.gca.2020.07.022,2020,A small S-MIF signal in Martian regolith pyrite: Implications for the atmosphere,AuScope,Andrew G. Tomkins; S. L. Alkemade; Sophie E. Nutku; N. R. Stephen; Melanie Finch; Heejin Jeon,Geochimica et Cosmochimica Acta
10.1186/s40623-020-01223-0,2020,"AusLAMP 3D MT imaging of an intracontinental deformation zone, Musgrave Province, Central Australia",AuScope,Stephan Thiel; B. R. Goleby; Mark Pawley; Graham Heinson,Earth Planets and Space
10.1002/gj.3899,2020,Detrital zircon U–Pb–Hf data from Cambrian sandstones of the Ougarta Mountains Algeria: Implication for palaeoenvironment,AuScope,Qian Wang; Christopher J. Spencer; Rachid Hamdidouche; Guochun Zhao; Noreen J. Evans; Bradley J. McDonald,Geological Journal
10.1186/s40623-020-01214-1,2020,Optimal antenna locations of the VLBI Global Observing System for the estimation of Earth orientation parameters.,AuScope,Matthias Schartner; Johannes Böhm; Axel Nothnagel,Earth Planets and Space
10.1007/s00190-020-01381-9,2020,Geodetic VLBI for precise orbit determination of Earth satellites: a simulation study,AuScope | AuScope VLBI | International Collaboration AuScope,Grzegorz Kłopotek; Thomas Hobiger; Rüdiger Haas; Toshimichi Otsubo,Journal of Geodesy
10.1093/gji/ggaa241,2020,Micromagnetic simulations of first-order reversal curve (FORC) diagrams of framboidal greigite,AuScope | Australian Geophysical Observing System,Miguel A. Valdez‐Grijalva; Lesleis Nagy; Adrian R. Muxworthy; Wyn Williams; Andrew P. Roberts; David Heslop,Geophysical Journal International
10.1029/2019tc005976,2020,Tectonic Evolution of the Eastern Moroccan Meseta: From Late Devonian Forearc Sedimentation to Early Carboniferous Collision of an Avalonian Promontory,AuScope | Australian Geophysical Observing System,Cristina Accotto; D. Martínez Poyatos; António Azor; Antonio Jabaloy‐Sánchez; Cristina Talavera; Noreen J. Evans; Ali Azdimousa,Tectonics
10.5194/gchron-2020-7,2020,"Resolving multiple geological events using in situ Rb-Srgeochronology: implications for metallogenesis at Tropicana, WesternAustralia",AuScope,Hugo K.H. Olierook; Kai Rankenburg; Stanislav Ulrich; Christopher L. Kirkland; Noreen J. Evans; Stephen Brown; Brent McInnes; Alexander Prent; Jack Gillespie; Bradley J. McDonald; Miles Darragh,
10.5194/egusphere-egu2020-5922,2020,"Satellite geodesy with VLBI in the GGOS era: observation concepts, geodetic products and the technical feasibility",AuScope | AuScope VLBI,Grzegorz Kłopotek; Rüdiger Haas; Thomas Hobiger; Toshimichi Otsubo,
10.3390/min10010083,2020,The In-Situ Quantification of Structural Radiation Damage in Zircon Using Laser-Induced Confocal Photoluminescence Spectroscopy,AuScope | SHRIMP II Curtin,Christoph Lenz; Елена Белоусова; Gregory R. Lumpkin,Minerals
10.1016/j.chemgeo.2020.119467,2020,"Titanite petrochronology linked to phase equilibrium modelling constrains tectono-thermal events in the Akia Terrane, West Greenland",AuScope | Australian Geophysical Observing System,Christopher L. Kirkland; Chris Yakymchuk; Nicholas J. Gardiner; Kristoffer Szilas; Julie A. Hollis; Hugo K.H. Olierook; Agnete Steenfelt,Chemical Geology
10.1186/s40623-019-1125-4,2020,Quality over quantity: on workflow and model space exploration of 3D inversion of MT data,AuScope,Kate Robertson; Stephan Thiel; Naser Meqbel,Earth Planets and Space
10.46427/gold2020.1763,2020,The AuScope Geochemistry Laboratory Network,AuScope,Brent McInnes; Andrew Gleadow; Suzanne Y. O’Reilly,Goldschmidt Abstracts
10.1109/access.2020.2989240,2020,A New Very Long Baseline Interferometry Method Based on the Uplink Signal,AuScope | AuScope VLBI,Linshan Xue; Weiren Wu; Xue Li,IEEE Access
10.1007/s00190-019-01340-z,2020,Optimizing schedules for the VLBI global observing system,AuScope,Matthias Schartner; Johannes Böhm,Journal of Geodesy
10.13016/m2ugrg-dnn5,2020,Extending the K-band Celestial Frame Emphasizing Southern Hemisphere,AuScope,Aletha de Witt; Alessandra Bertarini; S. Horiuchi; C. S. Jacobs; T. Jung; J. E. J. Lovell; J.N. McCallum; J. F. H. Quick; Bong Won Sohn; R. Ojha,Maryland Shared Open Access Repository (USMAI Consortium)
10.34726/hss.2019.49542,2020,Optimizing geodetic VLBI schedules with VieSched++,AuScope | AuScope VLBI | International Collaboration AuScope,Matthias Schartner,reposiTUm (TU Wien)
10.5281/zenodo.3539254,2019,International Research Infrastructure Landscape 2019,AuScope | National Virtual Core Library | Geospatial Geodesy AuScope | Earth Composition Evolution AuScope | Outreach Engagement AuScope | International Collaboration AuScope,"Ari Asmi; Lorna Ryan; Emmanuel Salmon; Christine Kubiak; Serena Battaglia; Miriam Förster; J. Stefan Dupre; Walter, Hannah; W. G. Stirling; Kurt W. Clausen; Mikkel Stein Knudsen; Marianna Birmoser Ferreira-Aulu; Elizaveta Shabanova-Danielyan; Weiqing Wang; Jyrki Luukkanen; Jari Kaivo‐oja; Carla Baldovin; Marjan Timmer; Rob van der Meer; René Vermeulen; Ivana Ilijašić Veršić; Franco Niccolucci; Gergely Sipos; Roberta Piscitelli; Jostein K. Sundet",Työväentutkimus Vuosikirja
10.5194/se-10-2167-2019,2019,The impact of rheological uncertainty on dynamic topography predictions,AuScope,Ömer F. Bodur; Patrice Rey,Solid Earth
10.3390/min9120753,2019,"Mineralogy and Distribution of Critical Elements in the Sn–W–Pb–Ag–Zn Huanuni Deposit, Bolivia",AuScope,Andreu Cacho; Joan Carles Melgarejo i Draper; Antoni Camprubí; Lisard Torró; Montgarri Castillo-Oliver; Belén Torres; David Artiaga; Esperança Tauler; Álvaro Martínez; Marc Campeny; Pura Alfonso; Osvaldo R. Arce-Burgoa,Minerals
10.1111/ter.12441,2019,Post Gondwana breakup evolution of the SE Australia rifted margin revisited,AuScope,Malcolm McMillan; Andrew Gleadow; Barry P. Kohn; Christian Seiler,Terra Nova
10.5194/isprs-archives-xlii-4-w20-33-2019,2019,FAIR AND STANDARD ACCESS TO SPATIAL DATA AS THE MEANS FOR ACHIEVING SUSTAINABLE DEVELOPMENT GOALS,AuScope | Geospatial Geodesy AuScope,Ivana Ivánová; Nicholas Brown; Roger Fraser; N. Tengku; E. Rubinov,"The international archives of the photogrammetry, remote sensing and spatial information sciences/International archives of the photogrammetry, remote sensing and spatial information sciences"
10.1007/s00190-019-01307-0,2019,Impact of network constraining on the terrestrial reference frame realization based on SLR observations to LAGEOS,AuScope | AuScope VLBI,Radosław Zajdel; Krzysztof Sośnica; Mateusz Drożdżewski; Grzegorz Bury; Dariusz Strugarek,Journal of Geodesy
10.1029/2019jb018358,2019,"Late Miocene Hinterland Crustal Shortening in the Longmen Shan Thrust Belt, the Eastern Margin of the Tibetan Plateau",AuScope,Xiaoming Shen; Yuntao Tian; Guihong Zhang; Shimin Zhang; Andrew Carter; Barry P. Kohn; Pieter Vermeesch; Rui Liu; Wei Li,Journal of Geophysical Research Solid Earth
10.1016/j.precamres.2019.105482,2019,"Geology and geochronology of the Paleoproterozoic Hart Dolerite, Western Australia",AuScope | SHRIMP II Curtin,Ross Ramsay; A.E. Eves; Steven W. Denyszyn; M.T.D. Wingate; Marco L. Fiorentini; L. G. Gwalani; KayLeigh Rogers,Precambrian Research
10.3390/min9090546,2019,"Evidence for a Carbonatite-Influenced Source Assemblage for Intraplate Basalts from the Buckland Volcanic Province, Queensland, Australia",AuScope,Joshua Shea; Stephen Foley,Minerals
10.31857/s0016-853x2019536-61,2019,"Age, HF-isotope systemantics of detritial zircons and the source of conglomerates of the mt. Southern Demerdzhy, Mountainous Crimea",AuScope,S. V. Rud’ko; Н. Б. Кузнецов; Елена Белоусова; Т. V. Romanyuk,Геотектоника
10.31223/osf.io/t28zx,2019,Subduction history reveals Cretaceous slab superflux as a possible cause for the mid-Cretaceous plume pulse and superswell events,AuScope,Madison East; R. Dietmar Müller; Simon Williams; Sabin Zahirovic; Christian Heine,
10.31857/s0869-5652487182-87,2019,A search for sources of the detritus of the Ordovician sandstones from Sol-Iletsk block (Hole Ordovician 2) based on the first data of the geochemical and Lu/Hf-isotopic systematic of zircons,AuScope,Т. V. Romanyuk; Елена Белоусова; Н. Б. Кузнецов; В. М. Горожанин; Е. Н. Горожанина,Доклады Академии наук
10.13016/m2je0q-v79y,2019,Gamma-ray emission in radio galaxies under the VLBI scope I. Parsec-scale jet kinematics and high-energy properties of γ-ray-detected TANAMI radio galaxies,AuScope,R. Angioni; E. Ros; M. Kadler; R. Ojha; Cornelia Müller; P. G. Edwards; P. R. Burd; B. Carpenter; M. Dutka; Sergei Gulyaev; H. Häse; S. Horiuchi; F. Krauß; J. E. J. Lovell; T. Natusch; Chris Phillips; Christian Plötz; J. F. H. Quick; F. Rösch; R. Schulz; J. Stevens; A. K. Tzioumis; S. Weston; J. Wilms; J. A. Zensus,Data Archiving and Networked Services (DANS)
10.1051/0004-6361/201935697,2019,Gamma-ray emission in radio galaxies under the VLBI scope,AuScope,R. Angioni; E. Ros; M. Kadler; R. Ojha; Cornelia Müller; P. G. Edwards; P. R. Burd; B. Carpenter; M. Dutka; Sergei Gulyaev; H. Häse; S. Horiuchi; F. Krauß; J. E. J. Lovell; T. Natusch; Chris Phillips; Christian Plötz; J. F. H. Quick; F. Rösch; R. Schulz; J. Stevens; A. K. Tzioumis; S. Weston; J. Wilms; J. A. Zensus,Astronomy and Astrophysics
10.21105/joss.01410,2019,Stripy: A Python module for (constrained) triangulation in Cartesian coordinates and on a sphere.,AuScope,Louis Moresi; Ben Mather,The Journal of Open Source Software
10.54491/jgac.2019.40.305,2019,Nâng cao độ chính xác của mô hình Quasigeoid quốc gia nhờ xây dựng hệ quy chiếu không gian quốc gia,AuScope,Minh Hòa Hà,Tạp chí Khoa học Đo đạc và Bản đồ
10.24425/gac.2019.126090,2019,Global Geodetic Observing System 2015–2018,AuScope | AuScope VLBI | Geospatial Geodesy AuScope,Krzysztof Sośnica; Jarosław Bosy,Geodesy and Cartography
10.1016/j.lithos.2019.04.011,2019,Mixed and recycled detrital zircons in the Paleozoic rocks of the Eastern Moroccan Meseta: Paleogeographic inferences,AuScope | SHRIMP II Curtin,Cristina Accotto; D. Martínez Poyatos; António Azor; Cristina Talavera; Noreen J. Evans; A. Jabaloy; Ali Azdimousa; Abdelfatah Tahiri; Hassan El Hadi,Lithos
10.22201/cgeo.20072902e.2019.1.988,2019,"Nuevas edades U-Pb SHRIMP del Complejo Volcánico Agua de la Piedra, Provincia Magmática Somún Curá, Patagonia, Argentina",AuScope | SHRIMP II Curtin,Flavia M. Salani; Marcela Beatriz Remesal; João Orestes Schneider Santos,Revista Mexicana de Ciencias Geológicas
10.1051/0004-6361/201833160,2019,Venus Express radio occultation observed by PRIDE,AuScope | AuScope VLBI,T. M. Bocanegra-Bahamón; G. Molera Calvés; L. I. Gurvits; G. Cimò; D. Dirkx; D. A. Duev; S. V. Pogrebenko; P. Rosenblatt; S. Limaye; L. Cui; P. Li; T. Kondo; M. Sekido; A. G. Mikhailov; M. A. Kharinov; A. V. Ipatov; W. Wang; W. Zheng; M. Ma; J. E. J. Lovell; J. N. McCallum,Astronomy and Astrophysics
10.1111/ter.12387,2019,Low‐temperature thermochronology of francolite: Insights into timing of Dead Sea Transform motion,AuScope,Barry P. Kohn; Tuvia Weissbrod; Ling Chung; Kenneth A. Farley; S. Bodorkos,Terra Nova
10.1186/s40623-019-1001-2,2019,Position determination of the Chang’e 3 lander with geodetic VLBI,AuScope | AuScope VLBI,Grzegorz Kłopotek; Thomas Hobiger; Rüdiger Haas; F. Jaron; L. La Porta; A. Nothnagel; Zhongkai Zhang; Songtao Han; A. Neidhardt; Christian Plötz,Earth Planets and Space
10.1016/j.gsf.2019.01.003,2019,Assessing volcanic origins within detrital zircon populations – A case study from the Mesozoic non-volcanic margin of southern Australia,AuScope | Australian Geophysical Observing System,Milo Barham; Christopher L. Kirkland; Martin Danišík,Geoscience Frontiers
10.34726/hss.2018.38888,2019,VLBI celestial reference frames and assessment with Gaia,AuScope,David J. Mayer,reposiTUm (TU Wien)
10.1111/gcb.14579,2019,Investigating marine bio-calcification mechanisms in a changing ocean with in vivo and high-resolution ex vivo Raman spectroscopy.,AuScope | Characterisation AuScope,Thomas M. DeCarlo; Steeve Comeau; Christopher E. Cornwall; Laura Gajdzik; Paul Guagliardo; Aleksey Sadekov; Emma C. Thillainath; Julie Trotter; Malcolm T. McCulloch,Global Change Biology
10.5772/intechopen.78770,2019,Development of Recurrent Method with Rotation for Combined Adjustment of Terrestrial Geodetic and GNSS Networks in National Spatial Reference System,AuScope,Ha Minh Hoa,IntechOpen eBooks
10.3390/min9010004,2018,Dellagiustaite: A Novel Natural Spinel Containing V2+,AuScope,Fernando Cámara; Luca Bindi; Adriana Pagano; Renato Pagano; Sarah Gain; William L. Griffin,Minerals
10.1186/s40623-018-0973-7,2018,Estimation of SLR station coordinates by means of SLR measurements to kinematic orbit of LEO satellites,AuScope | AuScope VLBI,Jinyun Guo; Youcun Wang; Yi Shen; Xin Liu; Yu Sun; Qiaoli Kong,Earth Planets and Space
10.34726/hss.2018.28517,2018,Satellite observations with VLBI,AuScope | AuScope VLBI | Mt Pleasant VLBI,Andreas Hellerschmied,reposiTUm (TU Wien)
10.1016/j.gsf.2018.09.003,2018,When will it end? Long-lived intracontinental reactivation in central Australia,AuScope | Earth Composition Evolution AuScope,R. Quentin de Gromard; Christopher L. Kirkland; Heather M. Howard; M.T.D. Wingate; Fred Jourdan; Brent McInnes; Martin Danišík; Noreen J. Evans; Bradley J. McDonald; R.H. Smithies,Geoscience Frontiers
10.22459/ac.08.2018,2018,The Australian Continent: A Geophysical Synthesis,AuScope | Australian Seismometers in Schools,B. L. N. Kennett; Richard Chopping; R.S. Blewett,ANU Press eBooks
10.3390/s18082437,2018,Performance Analysis of GPS/BDS Dual/Triple-Frequency Network RTK in Urban Areas: A Case Study in Hong Kong.,AuScope,Ying Xu; Wu Chen,Sensors
10.1016/j.gsf.2018.06.005,2018,Linking gold mineralization to regional-scale drivers of mineral systems using in situ U–Pb geochronology and pyrite LA-ICP-MS element mapping,AuScope | SHRIMP II Curtin,Imogen O.H. Fielding; Simon P. Johnson; Sebastién Meffre; Jian‐Wei Zi; Stephen Sheppard; Ross R. Large; Birger Rasmussen,Geoscience Frontiers
10.1029/2018gc007584,2018,GPlates: Building a Virtual Earth Through Deep Time,AuScope | Geospatial Geodesy AuScope,R. Dietmar Müller; John Cannon; Xiaodong Qin; Robin J. Watson; Michael Gurnis; Simon Williams; Tobias Pfaffelmoser; Maria Seton; Samuel H. J. Russell; Sabin Zahirovic,Geochemistry Geophysics Geosystems
10.1016/j.chemgeo.2018.06.014,2018,Insights into sulfur cycling at subduction zones from in-situ isotopic analysis of sulfides in high-pressure serpentinites and ‘hybrid’ samples from Alpine Corsica,AuScope,Rosalind J. Crossley; Katy Evans; Heejin Jeon; Matt R. Kilburn,Chemical Geology
10.3390/s18051587,2018,Observing APOD with the AuScope VLBI Array.,AuScope | AuScope VLBI | Yarragadee VLBI | Katherine VLBI | Mt Pleasant VLBI,Andreas Hellerschmied; Lucia McCallum; Jamie McCallum; Jing Sun; Johannes Böhm; Jianfeng Cao,"Sensors (Basel, Switzerland)"
10.1093/petrology/egy049,2018,Tracking Deep Lithospheric Events with Garnet-Websterite Xenoliths from Southeastern Australia,AuScope,Jianggu Lu; William L. Griffin; Romain Tilhac; Qing Xiong; Jianping Zheng; Suzanne Y. O’Reilly,Journal of Petrology
10.3389/fphys.2018.00214,2018,Using Aiptasia as a Model to Study Metabolic Interactions in Cnidarian-Symbiodinium Symbioses.,AuScope | Characterisation AuScope,Nils Rädecker; Jean‐Baptiste Raina; Mathieu Pernice; Gabriela Perna; Paul Guagliardo; Matt R. Kilburn; Manuel Aranda; Christian R. Voolstra,Frontiers in Physiology
10.1002/2017tc004638,2018,"Zircon U‐Pb Dating of a Lower Crustal Shear Zone: A Case Study From the Northern Sector of the Ivrea‐Verbano Zone (Val Cannobina, Italy)",AuScope,Antonio Langone; Alberto Zanetti; Nathan R. Daczko; Sandra Piazolo; Massimo Tiepolo; Maurízio Mazzucchelli,Tectonics
10.1515/geocart-2017-0014,2017,Establishment of Karadeniz Technical University Permanent GNSS Station as Reactivated of TRAB IGS Station,AuScope | Geospatial Geodesy AuScope,S. Zengin Kazancı; Emine Tanır Kayıkçı,Geodesy and Cartography
10.1051/0004-6361/201731901,2017,Measurement of the solar system acceleration using the Earth scale factor,AuScope,Oleg Titov; Hana Krásná,Astronomy and Astrophysics
10.5194/gi-6-523-2017,2017,Extreme isotopologue disequilibrium in molecular SIMS species during SHRIMP geochronology,AuScope | SHRIMP II Curtin,C. W. Magee; Martin Danišík; Terry Mernagh,"Geoscientific instrumentation, methods and data systems"
10.1002/2017tc004575,2017,"Influence of Rift Superposition on Lithospheric Response to East African Rift System Extension: Lapur Range, Turkana, Kenya",AuScope,Samuel Boone; Christian Seiler; Barry P. Kohn; Andrew Gleadow; David A. Foster; Ling Chung,Tectonics
10.1002/2017jb014930,2017,"Reply to Comment by W. R. Peltier, D. F. Argus, and R. Drummond on “An Assessment of the ICE6G_C (VM5a) Glacial Isostatic Adjustment Model”",AuScope,Anthony Purcell; Paul Tregoning; Amaury Dehecq,Journal of Geophysical Research Solid Earth
10.1101/223933,2017,Aiptasia as a model to study metabolic diversity and specificity in cnidarian-dinoflagellate symbioses,AuScope,Nils Rädecker; Jean‐Baptiste Raina; Mathieu Pernice; Gabriela Perna; Paul Guagliardo; Matt R. Kilburn; Manuel Aranda; Christian R. Voolstra,bioRxiv (Cold Spring Harbor Laboratory)
10.1051/0004-6361/201731455,2017,TANAMI: Tracking Active Galactic Nuclei with Austral Milliarcsecond Interferometry,AuScope,Cornelia Müller; M. Kadler; R. Ojha; R. Schulz; J. Trüstedt; P. G. Edwards; E. Ros; B. Carpenter; R. Angioni; J. Blanchard; M. Böck; P. R. Burd; M. Dörr; M. Dutka; T. Eberl; Sergei Gulyaev; H. Häse; S. Horiuchi; U. Katz; F. Krauß; J. E. J. Lovell; T. Natusch; R. Nesci; Chris Phillips; Christian Plötz; T. Pursimo; J. F. H. Quick; J. Stevens; D. J. Thompson; S. J. Tingay; A. K. Tzioumis; S. Weston; J. Wilms; J. A. Zensus,Astronomy and Astrophysics
10.1002/2017tc004574,2017,"Differential Exhumation and Crustal Tilting in the Easternmost Tianshan (Xinjiang, China), Revealed by Low‐Temperature Thermochronology",AuScope,Jack Gillespie; Stijn Glorie; Gilby Jepson; Zhengyi Zhang; Wenjiao Xiao; Martin Danišík; Alan S. Collins,Tectonics
10.1051/0004-6361/201731681,2017,Tropospheric delay modelling and the celestial reference frame at radio wavelengths,AuScope,David J. Mayer; Johannes Böhm; Hana Krásná; Daniel Landskron,Astronomy and Astrophysics
10.1016/j.tecto.2017.08.022,2017,Lg-wave attenuation in the Australian crust,AuScope,Zhi Wei; B. L. N. Kennett; Lian‐Feng Zhao,Tectonophysics
10.3390/s17081753,2017,Practical Considerations before Installing Ground-Based Geodetic Infrastructure for Integrated InSAR and cGNSS Monitoring of Vertical Land Motion.,AuScope | Australian Geophysical Observing System | Characterisation AuScope,Amy L Parker; Will E Featherstone; Nigel T Penna; Mick S Filmer; Matt C Garthwaite,Sensors
10.1002/2017jb014230,2017,Centroid moment tensor catalogue using a 3‐D continental scale Earth model: Application to earthquakes in Papua New Guinea and the Solomon Islands,AuScope,Babak Hejrani; ‪Hrvoje Tkalčić; Andreas Fichtner,Journal of Geophysical Research Solid Earth
10.1186/s40623-017-0661-z,2017,First report of (U–Th)/He thermochronometric data across Northeast Japan Arc: implications for the long-term inelastic deformation,AuScope,Shigeru Sueoka; Takahiro Tagami; Barry P. Kohn,Earth Planets and Space
10.1038/ncomms15248,2017,Post-supereruption recovery at Toba Caldera.,AuScope,Adonara E. Mucek; Martin Danišík; Shanaka L. de Silva; Axel K. Schmitt; Indyo Pratomo; Matthew A. Coble,Nature Communications
10.1002/2017jb014080,2017,"India‐Asia convergence: Insights from burial and exhumation of the Xigaze fore‐arc basin, south Tibet",AuScope,Guangwei Li; Barry P. Kohn; Mike Sandiford; Zhiqin Xu,Journal of Geophysical Research Solid Earth
10.1002/2017gl072999,2017,Elastic deformation of the Australian continent induced by seasonal water cycles and the 2010–2011 La Niña determined using GPS and GRACE,AuScope,Shin‐Chan Han,Geophysical Research Letters
10.1038/s41598-017-00347-w,2017,Cordillera Zealandia: A Mesozoic arc flare-up on the palaeo-Pacific Gondwana Margin.,AuScope,Luke Milan; Nathan R. Daczko; G. L. Clarke,Scientific Reports
10.1016/j.gsf.2017.02.002,2017,"Zircon geochronology reveals polyphase magmatism and crustal anatexis in the Buchan Block, NE Scotland: Implications for the Grampian Orogeny",AuScope | Australian Geophysical Observing System,Tim Johnson; Christopher L. Kirkland; Daniel R. Viete; Sebastian Fischer; Steven M. Reddy; Noreen J. Evans; B.J. McDonald,Geoscience Frontiers
10.1126/sciadv.1601121,2017,Seeing is believing: Visualization of He distribution in zircon and implications for thermal history reconstruction on single crystals.,AuScope | Australian Geophysical Observing System,Martin Danišík; Brent I A McInnes; Christopher L Kirkland; Brad J McDonald; Noreen J Evans; Thomas Becker,Science Advances
10.1002/2016wr019641,2017,Improved water balance component estimates through joint assimilation of GRACE water storage and SMOS soil moisture retrievals,AuScope,Siyuan Tian; Paul Tregoning; Luigi J. Renzullo; Albert I. J. M. van Dijk; Jeffrey P. Walker; Valentijn Pauwels; S. Allgeyer,Water Resources Research
10.1038/ncomms14032,2017,Deformation-resembling microstructure created by fluid-mediated dissolution-precipitation reactions.,AuScope,Liene Spruženiece; Sandra Piazolo; Helen E. Maynard‐Casely,Nature Communications
10.1007/s00190-016-0992-8,2017,VLBI observations of GNSS-satellites: from scheduling to analysis.,AuScope | AuScope VLBI | Mt Pleasant VLBI | Simulation Analysis Modelling AuScope,Lucia Plank; Andreas Hellerschmied; Lucia McCallum; Johannes Böhm; J. E. J. Lovell,Journal of Geodesy
10.1051/epjconf/201713504001,2017,Overview of lunar detection of ultra-high energy particles and new plans for the SKA,AuScope,C. James; Jaime Álvarez-Muñiz; Justin D. Bray; S. Buitink; Р. Д. Дагкесаманский; R. D. Ekers; H. Falcke; K. G. Gayley; T. Huege; M. Mevius; R. L. Mutel; O. Schölten; R. E. Spencer; S. ter Veen; T. Winchen,EPJ Web of Conferences
10.4225/06/5a31f42653baa,2017,Program and abstracts of the 2017 Annual Australian TANG3O Meeting,AuScope | AuScope Discovery Portal,Mark A. Kendrick,eSpace (Curtin University)
10.1051/epjconf/201713504002,2017,Sensitivity of lunar particle-detection experiments,AuScope,Justin D. Bray,EPJ Web of Conferences
10.1080/23312041.2017.1319259,2017,"Geological application of ASTER remote sensing within sparsely outcropping terrain, Central New South Wales, Australia",AuScope | AuScope Discovery Portal,R.D. Hewson; D. Robson; Astrid Carlton; Phil Gilmore,Cogent Geoscience
10.1071/aseg2016ab101,2016,"Next Generation Resource Discovery linking Geophysical Sensing, Modelling and Interpretation",AuScope,Klaus Regenauer‐Lieb; Thomas Poulet; Manolis Veveakis,ASEG Extended Abstracts
10.1071/aseg2016ab274,2016,Benchmarking passive seismic cover depth assessments,AuScope,Sarah Buckerfield; Karol Czarnota; A. Gorbatov,ASEG Extended Abstracts
10.3390/geosciences6040052,2016,Mineral Mapping for Exploration: An Australian Journey of Evolving Spectral Sensing Technologies and Industry Collaboration,AuScope | Hylogger CSIRO | National Virtual Core Library,Thomas Cudahy,Geosciences
10.1007/s00190-016-0949-y,2016,The AUSTRAL VLBI observing program.,AuScope | AuScope VLBI | Yarragadee VLBI | Katherine VLBI,Lucia Plank; J. E. J. Lovell; Lucia McCallum; David J. Mayer; Cormac Reynolds; J. Quick; S. Weston; Oleg Titov; Stanislav S. Shabala; Johannes Böhm; T. Natusch; Marisa Nickola; Sergei Gulyaev,Journal of Geodesy
10.3390/rs8110883,2016,Sentinel-2A MSI and Landsat 8 OLI Provide Data Continuity for Geological Remote Sensing,AuScope | AuScope Discovery Portal,H.M.A. van der Werff; F.D. van der Meer,Remote Sensing
10.1093/petrology/egw064,2016,"Primitive Arc Magmatism and Delamination: Petrology and Geochemistry of Pyroxenites from the Cabo Ortegal Complex, Spain",AuScope,Romain Tilhac; Georges Ceuleneer; William L. Griffin; Suzanne Y. O’Reilly; Norman J. Pearson; Mathieu Benoît; Hadrien Henry; J. Girardeau; Michel Grégoire,Journal of Petrology
10.1002/2016gl069483,2016,Intraplate volcanism controlled by back‐arc and continental structures in NE Asia inferred from transdimensional Bayesian ambient noise tomography,AuScope | Australian Geophysical Observing System,Seongryong Kim; ‪Hrvoje Tkalčić; Junkee Rhie; Youlin Chen,Geophysical Research Letters
10.62973/16-088r1,2016,OGC Soil Data Interoperability Experiment,AuScope,,
10.1051/0004-6361/201628869,2016,Planetary Radio Interferometry and Doppler Experiment (PRIDE) technique: A test case of the Mars Express Phobos fly-by,AuScope,Dmitry A. Duev; S. V. Pogrebenko; Giuseppe Cimò; Guifre Molera Calvés; T. M. Bocanegra Bahamón; Leonid Gurvits; Mark Kettenis; Joseph Kania; V. Tudose; P. Rosenblatt; Jean‐Charles Marty; V. Lainey; P. de Vicente; J. Quick; Marisa Nickola; A. Neidhardt; Gerhard Kronschnabl; Christian Ploetz; Rüdiger Haas; M. Lindqvist; A. Orlati; А. В. Ипатов; M. A. Kharinov; A. G. Mikhailov; J. E. J. Lovell; Lucia McCallum; J. Stevens; Sergei Gulyaev; T. Natush; S. Weston; W. H. Wang; Bo Xia; Wenjun Yang; Longfei Hao; J. Kallunki; Olivier Witasse,Astronomy and Astrophysics
10.1002/2016gl069564,2016,Receiver structure from teleseisms: Autocorrelation and cross correlation,AuScope,Weijia Sun; B. L. N. Kennett,Geophysical Research Letters
10.1038/nphys3715,2016,Coincidence of a high-fluence blazar outburst with a PeV-energy neutrino event,AuScope,M. Kadler; F. Krauß; K. Mannheim; R. Ojha; Cornelia Müller; R. Schulz; G. Anton; W. H. Baumgartner; Tobias Beuchert; S. Buson; B. Carpenter; T. Eberl; P. G. Edwards; D. Glawion; Dominik Elsässer; N. Gehrels; C. Gräfe; Sergei Gulyaev; H. Häse; S. Horiuchi; C. James; A. Kappes; A. Kappes; U. Katz; A. Kreikenbohm; M. Kreter; I. Kreykenbohm; M. Langejahn; K. Leiter; E. Litzinger; F. Longo; J. E. J. Lovell; J. McEnery; T. Natusch; Chris Phillips; Christian Plötz; J. Quick; E. Ros; F. W. Stecker; T. Steinbring; J. A. Stevens; D. J. Thompson; J. Trüstedt; A. K. Tzioumis; S. Weston; J. Wilms; J. A. Zensus,Nature Physics
10.1002/2015jb012742,2016,An assessment of the ICE6G_C(VM5a) glacial isostatic adjustment model,AuScope,Anthony Purcell; Paul Tregoning; Amaury Dehecq,Journal of Geophysical Research Solid Earth
10.1002/2015jb012677,2016,"Magnetotelluric investigation of the Vestfold Hills and Rauer Group, East Antarctica",AuScope,Jared Peacock; Kate Selway,Journal of Geophysical Research Solid Earth
10.1038/srep23702,2016,"Satellite-derived mineral mapping and monitoring of weathering, deposition and erosion.",AuScope | Characterisation AuScope,Thomas Cudahy; Mike Caccetta; Matilda Thomas; R.D. Hewson; Michael J. Abrams; Masatane Kato; Osamu Kashimura; Yoshiki Ninomiya; Yasushi Yamaguchi; Simon Collings; Carsten Laukamp; Cindy Ong; Ian Lau; Andrew Rodger; Joanne Chia; P. T. Warren; Robert Woodcock; Ryan Fraser; Terry Rankine; Josh Vote; Patrice de Caritat; Pauline English; David Meyer; Chris Doescher; Bihong Fu; Pilong Shi; R. M. Mitchell,Scientific Reports
10.1371/journal.pone.0150883,2016,The GPlates Portal: Cloud-Based Interactive 3D Visualization of Global Geophysical and Geological Data in a Web Browser.,AuScope | EarthByte | GPlates | Geospatial Geodesy AuScope | International Collaboration AuScope,R Dietmar Müller; Xiaodong Qin; David T Sandwell; Adriana Dutkiewicz; Simon E Williams; Nicolas Flament; Stefan Maus; Maria Seton,PLoS ONE
10.1002/2015jb012597,2016,Uppermost mantle structure of the Australian continent from Pn traveltime tomography,AuScope,Weijia Sun; B. L. N. Kennett,Journal of Geophysical Research Solid Earth
10.1051/0004-6361/201424773,2016,Radio and gamma-ray properties of extragalactic jets from the TANAMI sample,AuScope,M. Böck; M. Kadler; Cornelia Müller; G. Tosti; R. Ojha; J. Wilms; D. Bastieri; T. H. Burnett; B. Carpenter; E. Cavazzuti; M. Dutka; J. Blanchard; P. G. Edwards; H. Häse; S. Horiuchi; D. L. Jauncey; F. Krauß; M. L. Lister; J. E. J. Lovell; B. Lott; D. W. Murphy; Chris Phillips; Christian Plötz; T. Pursimo; J. Quick; E. Ros; G. B. Taylor; D. J. Thompson; S. J. Tingay; A. K. Tzioumis; J. A. Zensus,Astronomy and Astrophysics
10.1016/j.pepi.2015.11.007,2016,Simulating faults and plate boundaries with a transversely isotropic plasticity model,AuScope,Wendy Sharples; Louis Moresi; Mirko Velić; M. A. Jadamec; Dave A. May,Physics of The Earth and Planetary Interiors
10.1063/1.4939028,2016,Neutral gas temperature estimates and metastable resonance energy transfer for argon-nitrogen discharges,AuScope,Amelia D. Greig; Christine Charles; R. W. Boswell,Physics of Plasmas
10.4225/06/583d354b89060,2016,Thermochronology and Noble Gas Geochemistry and Geochronology Organization Workshop 2016: TANG3O,AuScope | Western Australia Argon Isotope Facility,Martin Danišík; Fred Jourdan; Cristina Talavera; Brent McInnes,eSpace (Curtin University)
10.1002/2015gc006047,2015,"Synorogenic morphotectonic evolution of the Gangdese batholith, South Tibet: Insights from low‐temperature thermochronology",AuScope,Guangwei Li; Barry P. Kohn; Mike Sandiford; Zhiqin Xu; Yuntao Tian; Christian Seiler,Geochemistry Geophysics Geosystems
10.36334/modsim.2015.c8.yu,2015,Tools for enabling rapid deployment of water and energy consumption and supply data services,AuScope,R. Paul Singh; F Economou; J Hoblitt; P Norris; J Estublier; J Laxton; J Serrano; A Tellez-Arenas; R Sinnott; C Bayliss; R Sinnott; C Bayliss; R Woodcock; B Simons; G Duclaux; S Cox,"Weber, T., McPhee, M.J. and Anderssen, R.S. (eds) MODSIM2015, 21st International Congress on Modelling and Simulation"
10.1038/srep16484,2015,Messengers from the deep: Fossil wadsleyite-chromite microstructures from the Mantle Transition Zone.,AuScope,Takako Satsukawa; William L. Griffin; Sandra Piazolo; Suzanne Y. O’Reilly,Scientific Reports
10.1016/j.asr.2015.10.046,2015,Limited sensitivity analysis of ARAIM availability for LPV-200 over Australia using real data,AuScope,Ahmed El‐Mowafy; Cheng Yang,Advances in Space Research
10.1093/mnras/stv2080,2015,On the estimation of a celestial reference frame in the presence of source structure,AuScope,Lucia Plank; Stanislav S. Shabala; Lucia McCallum; Hana Krásná; Bill Petrachenko; Elizaveta Rastorgueva-Foi; J. E. J. Lovell,Monthly Notices of the Royal Astronomical Society
10.3389/fphy.2015.00084,2015,Spatiotemporal study of gas heating mechanisms in a radio-frequency electrothermal plasma micro-thruster,AuScope,Amelia D. Greig; Christine Charles; R. W. Boswell,Frontiers in Physics
10.1093/gji/ggv375,2015,Direct-seismogram inversion for receiver-side structure with uncertain source–time functions,AuScope,Jan Dettmer; Stan E. Dosso; Thomas Bodin; Josip Stipčević; Phil R. Cummins,Geophysical Journal International
10.3390/s150818767,2015,Initial Results Obtained with the First TWIN VLBI Radio Telescope at the Geodetic Observatory Wettzell.,AuScope | AuScope VLBI,Torben Schüler; Gerhard Kronschnabl; Christian Plötz; Alexander Neidhardt; Alessandra Bertarini; Simone Bernhart; Laura la Porta; Sebastian Halsig; Axel Nothnagel,Sensors
10.5194/se-6-881-2015,2015,"Strain localization in brittle–ductile shear zones: fluid-abundant vs. fluid-limited conditions (an example from Wyangala area, Australia)",AuScope,Liene Spruženiece; Sandra Piazolo,Solid Earth
10.1002/asna.201512186,2015,TANAMI: Multiwavelength and multimessenger observations of active galaxies,AuScope,M. Kadler; R. Ojha,Astronomische Nachrichten
10.1002/2014jb011813,2015,Styles of rifting and fault spacing in numerical models of crustal extension,AuScope,Wendy Sharples; Louis Moresi; M. A. Jadamec; Jerico Revote,Journal of Geophysical Research Solid Earth
10.5270/fringe2015.pp60,2015,Corner reflectors as the tie between InSAR and GNSS measurements: Case study of resource extraction in Australia,AuScope,Matthew C. Garthwaite; Sarah Lawrie; John Dawson; Medhavy Thankappan,Proceedings of Fringe 2015: Advances in the Science and Applications of SAR Interferometry and Sentinel-1 InSAR Workshop
10.1038/srep08218,2015,Evidence of micro-continent entrainment during crustal accretion.,AuScope | Australian Geophysical Observing System | Characterisation AuScope,Simone Pilia; Nicholas Rawlinson; R. A. Cayley; Thomas Bodin; Robert J. Musgrave; Anya M. Reading; N. G. Direen; M. K. Young,Scientific Reports
10.1039/c5ja00085h,2015,An in situ technique for (U–Th–Sm)/He and U–Pb double dating,AuScope,Noreen J. Evans; Brent McInnes; B.J. McDonald; Martin Danišík; Thomas Becker; Pieter Vermeesch; Michael Shelley; Estephany Marillo Sialer; D. B. Patterson,Journal of Analytical Atomic Spectrometry
10.15781/t2833nd8t,2015,Spectral Energy Distributions and Optical Data Analysis of the TANAMI Sources,AuScope,Miquela Stein,Texas ScholarWorks (Texas Digital Library)
10.1017/pasa.2015.13,2015,Conversion of a New Zealand 30-Metre Telecommunications Antenna into a Radio Telescope,AuScope,Lewis Woodburn; Tim Natusch; Stuart Weston; Peter Thomasson; Mark Godwin; Christophe Granet; Sergei Gulyaev,Publications of the Astronomical Society of Australia
10.1155/2015/956481,2015,Precipitable Water Vapor Estimates in the Australian Region from Ground-Based GPS Observations,AuScope,Suelynn Choy; Chuansheng Wang; Ta‐Kang Yeh; John Dawson; Minghai Jia; Yuriy Kuleshov,Advances in Meteorology
10.1002/2014gl062383,2014,Synchronous fluvial response to surface uplift in the eastern Tibetan Plateau: Implications for crustal dynamics,AuScope,Yuntao Tian; Barry P. Kohn; Shengbiao Hu; Andrew Gleadow,Geophysical Research Letters
10.34726/hss.2014.22781,2014,Observation of GNSS satellites with VLBI antennas : from observation planning to practical implementation,AuScope,Andreas Hellerschmied,reposiTUm (TU Wien)
10.1002/2014jb011067,2014,Bayesian inference for ultralow velocity zones in the Earth's lowermost mantle: Complex ULVZ beneath the east of the Philippines,AuScope,Surya Pachhai; ‪Hrvoje Tkalčić; Jan Dettmer,Journal of Geophysical Research Solid Earth
10.1002/2014tc003653,2014,"Thermal history and exhumation of basement rocks from Mesozoic to Cenozoic subduction cycles, central North Island, New Zealand",AuScope,Ruohong Jiao; Diane Seward; Timothy A. Little; Barry P. Kohn,Tectonics
10.5194/se-5-741-2014,2014,Plate tectonic raster reconstruction in GPlates,AuScope | Geospatial Geodesy AuScope,John Cannon; Edward C Y Lau; R. Dietmar Müller,Solid Earth
10.5194/sed-6-793-2014,2014,Plate tectonic raster reconstruction in GPlates,AuScope | Geospatial Geodesy AuScope,John Cannon; Edward C Y Lau; R. Dietmar Müller,
10.1093/gji/ggu016,2014,"Upper crustal structure of central Java, Indonesia, from transdimensional seismic ambient noise tomography",AuScope,Zulfakriza Zulfakriza; Erdinc Saygin; Phil R. Cummins; Sri Widiyantoro; Andri Dian Nugraha; Birger-G. Lühr; Thomas Bodin,Geophysical Journal International
10.1071/aseg2013ab137,2013,Crustal fluid pathways imaged using magnetotellurics - implications for the South Australian heat flow anomaly,AuScope,Paul Soeffky; Jared Peacock; Stephan Thiel; Lars Krieger,ASEG Extended Abstracts
10.1002/grl.50878,2013,Crustal structure of the east Gondwana margin in southeast Australia revealed by transdimensional ambient seismic noise tomography,AuScope,M. K. Young; R. A. Cayley; M. A. McLean; Nicholas Rawlinson; P. Arroucau; M. Salmon,Geophysical Research Letters
10.1093/mnras/stt1049,2013,Scintillation is an indicator of astrometric stability,AuScope,Robert G. Schaap; Stanislav S. Shabala; S. P. Ellingsen; Oleg Titov; J. E. J. Lovell,Monthly Notices of the Royal Astronomical Society
10.1093/gji/ggt131,2013,Characterizing and minimizing the effects of noise in tide gauge time series: relative and geocentric sea level rise around Australia,AuScope,Reed J. Burgette; Christopher Watson; John Church; Neil J. White; Paul Tregoning; Richard Coleman,Geophysical Journal International
10.1002/tect.20043,2013,Constructing the Longmen Shan eastern Tibetan Plateau margin: Insights from low‐temperature thermochronology,AuScope,Yuntao Tian; Barry P. Kohn; Andrew Gleadow; Shengbiao Hu,Tectonics
10.1002/tect.20040,2013,"Thermochronologic insight into late Cenozoic deformation in the basement‐cored Terskey Range, Kyrgyz Tien Shan",AuScope,Euan Macaulay; Edward R. Sobel; Alexander Mikolaichuk; Angela Landgraf; Barry P. Kohn; Finlay M. Stuart,Tectonics
10.1071/aseg2012ab156,2012,New government geophysics from the Onshore Energy Security Program,AuScope | Earth Imaging Sounding AuScope,Ned Stolz,ASEG Extended Abstracts
10.1071/aseg2012ab408,2012,The Virtual Exploration Geophysics Laboratory (VEGL) portal: Harnessing cloud computing for potential-field inversions,AuScope,Richard Chopping; James Goodwin; Shane Bailie; Janet Vote; Ben Evans,ASEG Extended Abstracts
10.5194/gi-1-111-2012,2012,The GPlates Geological Information Model and Markup Language,AuScope | International Collaboration AuScope,Xiaodong Qin; R. Dietmar Müller; John Cannon; Thomas C.W. Landgrebe; Christian Heine; Robin J. Watson; M. Turner,"Geoscientific instrumentation, methods and data systems"
10.1190/geo2012-0028.1,2012,Seismic methods in mineral exploration and mine planning: A general overview of past and present case histories and a look into the future,AuScope,Alireza Malehmir; Raymond Durrheim; Gilles Bellefleur; Milovan Urošević; Christopher Juhlin; Donald J. White; B. Milkereit; G. Campbell,Geophysics
10.1007/978-3-642-29931-5_6,2012,Data Provenance and Management in Radio Astronomy: A Stream Computing Approach,AuScope,Mahmoud S. Mahmoud; Andrew Ensor; Alain Biem; Bruce G. Elmegreen; Sergei Gulyaev,Studies in computational intelligence
10.22459/sn.08.2012.11,2012,Advance Australia Fair,AuScope,Chris Pigram; Richard Blewett; Keith Scott; Phil Mcfadden; David Champion; Phil Cummins; Blackwood; P Garton; D Gruen; Fr & Gordon; J Lewis; D Gruen; J & Murray; D King; K Vogfjord; C Langston,ANU Open Research (Australian National University)
10.1017/s1743921314005468,2012,Celestial reference frames at multiple radio wavelengths,AuScope,C. S. Jacobs,Proceedings of the International Astronomical Union
10.5194/gid-2-365-2012,2012,The GPlates Geological Information Model and Markup Language,AuScope | International Collaboration AuScope,Xiaodong Qin; R. Dietmar Müller; John Cannon; Thomas C.W. Landgrebe; Christian Heine; Robin J. Watson; M. Turner,
10.5772/26419,2012,Multiscale Particle-In-Cell Method: From Fluid to Solid Mechanics,AuScope,Alireza Asgari; Louis Moresi,InTech eBooks
10.18814/epiiugs/2012/v35i1/003,2012,Lithospheric Framework of Australia,AuScope,B. L. N. Kennett; R.S. Blewett,Episodes
10.3990/1.9789061643234,2011,Ontology spectrum for geological data interoperability,AuScope,Xiaogang Ma,
10.1017/s1431927611005058,2011,New U-Th-Pb Isotope Reference Material for SIMS,AuScope,Allen Kennedy,Microscopy and Microanalysis
10.1080/01490419.2011.584834,2011,"Absolute Calibration in Bass Strait, Australia: TOPEX, Jason-1 and OSTM/Jason-2",AuScope,Christopher Watson; Neil J. White; John Church; Reed J. Burgette; Paul Tregoning; Richard Coleman,Marine Geodesy
10.1071/aj10020,2011,Energy potential of the Millungera Basin: a newly discovered basin in north Queensland,AuScope,R. J. Korsch; Heike Struckmeyer; Alison Kirkby; L. Hutton; Lidena Carr; Kinta Hoffmann; Richard Chopping; Indrajit Roy; Melanie Fitzell; Jennifer Totterdell; M.G. Nicoll; Benham Talebi,The APPEA Journal
10.1080/14498596.2011.580498,2011,AUSGeoid09: a more direct and more accurate model for converting ellipsoidal heights to AHD heights,AuScope | Geospatial Geodesy AuScope,Nicholas Brown; W. E. Featherstone; G. Hu; Gary Johnston,Journal of Spatial Science
10.4186/ej.2011.15.1.25,2011,Contribution of GNSS CORS Infrastructure to the Mission of Modern Geodesy and Status of GNSS CORS in Thailand,AuScope | Geospatial Geodesy AuScope,Chris Rizos; Chalermchon Satirapod,Engineering Journal
10.1071/as10048,2011,First Geodetic Observations Using New VLBI Stations ASKAP-29 and WARK12M,AuScope,Leonid Petrov; Chris Phillips; Tasso Tzioumis; Bruce Stansby; Cormac Reynolds; Hayley E. Bignall; Sergei Gulyaev; Tim Natusch; Neville Palmer; David Collett; John E. Reynolds; Shaun W. Amy; Randall Wayth; Steven J. Tingay,Publications of the Astronomical Society of Australia
10.1111/j.1365-246x.2010.04898.x,2010,Computational methods for geodynamics,AuScope,Saskia Goes,Geophysical Journal International
10.1029/2009tc002635,2010,Spatial and temporal patterns of exhumation across the Venezuelan Andes: Implications for Cenozoic Caribbean geodynamics,AuScope,Mauricio A. Bermúdez; Barry P. Kohn; Peter van der Beek; Matthias Bernet; Paul O’Sullivan; R. Shagam,Tectonics
10.1071/pvv2010n145,2010,Preview Number 145,AuScope,Allan Perry; Turhan Taner; Ken Seedsman; Steve Busuttil; James Reid; Andrew Fitzpatrick; Kate Godber; Marina Costelloe; Ian C. Roach; David K. Hutchinson; David Abbott; Michael Lees; E Auken; A Christiansen; B Jacobsen; N Foged; K Srensen; E Auken; A Christiansen; J Westergaard; C Kirkegaard; N Foged; A Viezzoli; G Boyd; C Wiles; M Cattach; D Boggs; N Christensen; N Christensen; R Tlbll; K Lawrie; T Munday; D Dent; D Gibson; R Brodie; J Wilford; N Reilly; R Chan; P Baker; J Meyers; L Worrall; R Lane; B Bell; D Oldenburg; Y Li; K Czarnota; E Gerner; D Maidment; A Meixner; L Bagas; R Lane; R Brodie; A Fitzpatrick,Preview
10.36487/acg_rep/1002_38_hancock,2010,Large-scale simulations of gravity flow in block caving,AuScope,William Hancock; Dion Weatherley; G. P. Chitombo,Proceedings of the Second International Symposium on Block and Sublevel Caving
10.6092/unibo/amsdottorato/2830,2010,Very Long Baseline Interferometry in ItalyWide-field VLBI imaging and astrometry and prospects for an Italian VLBI network including the Sardinia Radio Telescope,AuScope,John Morgan,AMS Dottorato Institutional Doctoral Theses Repository (University of Bologna)
10.1175/2009jpo4162.1,2009,Available Potential Energy and Irreversible Mixing in the Meridional Overturning Circulation,AuScope,Graham Hughes; Andrew McC. Hogg; R. W. Griffiths,Journal of Physical Oceanography
10.1007/s00190-009-0324-3,2009,Geodetic VLBI correlation in software,AuScope,S. J. Tingay; W. Alef; D. A. Graham; Adam T. Deller,Journal of Geodesy
10.1071/eg08110,2009,Holistic inversion of frequency-domain airborne electromagnetic data with minimal prior information,AuScope,Ross Brodie; Malcolm Sambridge,Exploration Geophysics
10.21914/anziamj.v50i0.1449,2008,Efficient solvers for incompressible fluid flows in geosciences,AuScope,Artak Amirbekyan; Lutz Gross,ANZIAM Journal
10.48550/arxiv.0810.5187,2008,Science with ASKAP - the Australian Square Kilometre Array Pathfinder,AuScope,S. Johnston; R. Taylor; M. Bailes; N. Bartel; C. M. Baugh; M. F. Bietenholz; Cullen H. Blake; Róbert Braun; J. C. Brown; Shami Chatterjee; Jeremy Darling; Adam T. Deller; Richard Dodson; P. G. Edwards; R. D. Ekers; S. P. Ellingsen; Ilana Feain; B. M. Gaensler; M. Haverkorn; G. Hobbs; Andrew Hopkins; Carole Jackson; C. James; G. Joncas; V. M. Kaspi; V. A. Kilborn; B. Koribalski; R. Kothes; T. L. Landecker; E. Lenc; J. E. J. Lovell; Jean‐Pierre Macquart; R. N. Manchester; D. Matthews; N. M. McClure‐Griffiths; R. P. Norris; Ue‐Li Pen; Chris Phillips; Chris Power; R. J. Protheroe; E. M. Sadler; B. Schmidt; I. H. Stairs; L. Staveley‐Smith; J. M. Stil; S. J. Tingay; A. K. Tzioumis; M. A. Walker; J. V. Wall; M. Wolleben,ArXiv.org
10.1071/pvv2008n135,2008,Preview Number 135,AuScope | International Collaboration AuScope,David Denham; Lauren Webb; Elspeth Gardner; Peter Elliott; Michael Asten; D Moore; R Cayley; D Taylor; A Vandenberg; D Moore; D Gray; C Wilson; T Barton,Preview
10.1029/2007gc001743,2008,"Age, spreading rates, and spreading asymmetry of the world's ocean crust",AuScope,R. Dietmar Müller; M. Sdrolias; Carmen Gaina; W. R. Roest,Geochemistry Geophysics Geosystems
10.26190/unsworks/26774,2008,An Optimal Design for Server-Based RTK Systems,AuScope,Samsung Lim; Chris Rizos,"UNSWorks (University of New South Wales, Sydney, Australia)"
10.3133/ofr20081385,2008,Digital Mapping Techniques '07 - Workshop Proceedings,AuScope,David R. Soller,Antarctica A Keystone in a Changing World
10.36487/acg_repo/808_70,2008,3D Simulations of Block Caving Flow Using ESyS-Particle,AuScope,William Hancock; Dion Weatherley,Proceedings of the First Southern Hemisphere International Rock Mechanics Symposium
10.18452/15060,2004,Die emotionale Verarbeitung und Akzeptanz des medikamentösen Schwangerschaftsabruches mit Mifepriston (Mifegyne®),AuScope,Anke Hemmerling,edoc Publication server (Humboldt University of Berlin)
10.1016/j.chemgeo.2025.123092,2025,Volcanoes to vugs: Demonstrating a FAIR geochemistry framework with a diverse application of major and trace element data through the AuScope EarthBank platform,AuScope,Angus Nixon; Samuel Boone; Yoann Gréau; Fabian Kohlmann; Moritz Theile; Wayne Noble; Alexander Prent; John Foden; Steven S. Barnes; Ashlea N. Wainwright; Benjamin P. Wade; Karsten Goemann; Sarah C. Gilbert; Noreen J. Evans; Hayden Dalton; Bryant Ware; Brent McInnes,Chemical Geology
10.7185/gold2025.28625,2025,The AuScope EarthBank &amp; GPlates Projects: Translational Research Infrastructure Supporting Industry-Academia Partnerships in Resource Geoscience,AuScope,Brent McInnes; Bryant Ware; Fabian Kohlmann; Angus Nixon; Yoann Gréau; Ehsan Farahbakhsh; Samuel Boone; Malcolm McMillan; Hayden Dalton; Halimulati Ananuer; Andrew Gleadow; Barry P. Kohn; Moritz Theile; Wayne Noble; R. Dietmar Müller; Sara Polanco; Sabin Zahirovic; Maria Seton; Oskar Lindenmayer; Stijn Glorie; Tim Rawling; Lesley Wyborn; Geoffrey Fraser,Goldschmidt2025 abstracts
10.5281/ZENODO.5147908,2021,AuScope Technical Workshop Presentation,AuScope,Vincent Fazio,Zenodo (CERN European Organization for Nuclear Research)
10.26180/5F4DC6D0A47B3,2020,"AuScope Geothermal Demonstrators - Gunnedah, New South Wales, Australia",AuScope,Steve Quenette; Craig O’Neill,Figshare
10.1017/pasa.2017.58,2017,Star Scheduling Mode—A New Observing Strategy for Monitoring Weak Southern Radio Sources with the AuScope VLBI Array,AuScope | AuScope VLBI,Lucia McCallum; David J. Mayer; K. Le Bail; Matthias Schartner; Jamie McCallum; J. E. J. Lovell; Oleg Titov; Fengchun Shu; Sergei Gulyaev,Publications of the Astronomical Society of Australia
10.1016/J.ASR.2017.11.012,2017,Automated and dynamic scheduling for geodetic VLBI - A simulation study for AuScope and global networks,AuScope | AuScope VLBI,Elizabeth J. Iles; Lucia McCallum; J. E. J. Lovell; Lucia McCallum,Advances in Space Research
10.1080/14432471.2020.1855760,2020,ASEG Technical Standards Committee: AuScope/ARDC GeoDeVL,AuScope,Mark Duffett,Preview
10.1080/08120099.2016.1269630,2016,Uncovering the mineralogy of the Australian Continent: the AuScope National Virtual Core Library. A national hyperspectrally derived drill-core archive,AuScope,J. Huntington,Australian Journal of Earth Sciences
10.1007/s00190-013-0626-3,2013,The AuScope geodetic VLBI array,AuScope,J. E. J. Lovell; Lucia McCallum; P. B. Reid; P. M. McCulloch; B. E. Baynes; J. M. Dickey; Stanislav S. Shabala; Christopher Watson; Oleg Titov; Ryan Ruddick; R. Twilley; Cormac Reynolds; S. J. Tingay; P. Shield; R. Adada; S. P. Ellingsen; John Morgan; Hayley Bignall,Journal of Geodesy
10.1007/978-3-642-37222-3_33,2014,First Geodetic Results from the AuScope VLBI Network,AuScope,Oleg Titov; J. M. Dickey; J. E. J. Lovell; P. M. McCulloch,International Association of Geodesy Symposia
10.1081/22020586.2010.12041974,2010,AuScope National Virtual Core Library – SA Node,AuScope | National Virtual Core Library,Alan J Mauger; Hugh K Herbert; Alice H Baker,ASEG Extended Abstracts
10.26180/5F4DD65272327,2010,"AuScope Geothermal Demonstrators - Cooper Basin, South Australia / Queensland, Australia",AuScope,Steve Quenette; Alison Kirkby,Figshare
10.1080/08120099.2016.1231133,2016,"HyLogger-3, a visible to shortwave and thermal infrared reflectance spectrometer system for drill core logging: functional description",AuScope | National Virtual Core Library,Martin C. Schodlok; L. B. Whitbourn; J.F. Huntington; Peter Mason; A. Green; Mark Berman; Dave Coward; Phil Connor; William E. Wright; Marc Jolivet; Ramon A. Martinez,Australian Journal of Earth Sciences
10.1080/22020586.2019.12072989,2019,"Seismicity, Minerals, and Craton margins: The Lake Eyre Basin Seismic Deployment",AuScope,C. M. Eakin,ASEG Extended Abstracts
10.1080/08120099.2016.1246476,2016,"National Virtual Core Library HyLogging data and Ni–Co laterites: a mineralogical model for resource exploration, extraction and remediation",AuScope | National Virtual Core Library | AuScope Discovery Portal,Matthew J. Cracknell; Nicholas H. Jansen,Australian Journal of Earth Sciences
10.1016/J.ASR.2015.04.022,2015,Challenges for geodetic VLBI in the southern hemisphere,AuScope,Lucia Plank; J. E. J. Lovell; Stanislav S. Shabala; Johannes Böhm; Oleg Titov,Advances in Space Research
10.5194/egusphere-egu21-14458,2021,Preserving High Value Legacy Collections for Future Research &amp;#8211; The McNaughton Collection,AuScope | SHRIMP II Curtin,Eleanore Blereau; Amanda Bellenger; Brent McInnes,
10.1080/14432471.2021.1958519,2021,Geological Survey of South Australia: Curnamona Cube and Gawler Challenge II,AuScope,K. Robertson; S. Thiel,Preview
10.5194/egusphere-egu21-16550,2021,AusGeochem and Big Data Analytics in Low-Temperature Thermochronology,AuScope | AusGeochem | AuScope Geochemistry Network,Samuel Boone; Fabian Kohlmann; Moritz Theile; Wayne Noble; Barry P. Kohn; Stijn Glorie; Martin Danišík; Renjie Zhou,
10.5194/EGUSPHERE-EGU21-4432,2021,Assembling a geoscience information portal from pieces of the open source software jigsaw puzzle,AuScope | AuScope Discovery Portal,Vincent Fazio; Carsten Friedrich; Rini Angreani; Pavel Golodoniuc; John Hille; Alex Hunt; Lingbo Jiang; Jens Klump; G. R. Squire; Peter Warren; Ulrich Engelke; Stuart Woodman; Samuel Bradley,
10.11636/132876,2020,New U–Pb geochronology for the South Nicholson region and implications for stratigraphic correlations,AuScope,C. Carson; N. Kositcin; J. Anderson; A. Cross; P. Henson,
10.1190/TLE35010099.1,2016,A new dawn for Australian ocean-bottom seismography,AuScope,A. Goncharov; A. Cooper; P. Chia; P. O'Neil,Geophysics
10.5194/egusphere-egu2020-22279,2020,Bridging gaps between engineering capability and science applications across educational and science organisations,AuScope,Pavel Golodoniuc; Ryan Noel Fraser,
10.5194/egusphere-egu2020-12673,2020,Geoscience data interoperability through a new lens: how designing a telescope that looks down changed our view of data.,AuScope,Tim Rawling,
10.1080/14432471.2019.1672259,2019,Geological Survey of Victoria: Southeast Lachlan Crustal Transect,AuScope,S. Haydon,Preview
10.1002/essoar.10500202.1,2018,EarthResourceML/INSPIRE Mineral Resources data models and ERML Lite: Data Standards to Deliver Mineral Resources Data EU and Globally,AuScope,Jouni Vuollo; Daniel Cassard; Oliver Raymond; Michael Sexton; Mark Rattenbury; James Passmore,
10.1071/ASEG2016ab230,2016,First results of inaugural deployments of the Australian National Ocean Bottom Seismograph Fleet,AuScope | Australian Geophysical Observing System,Alexey Goncharov; Ashby Cooper; Peter Chia; M. Malinowski,ASEG Extended Abstracts
10.1007/1345_2015_132,2015,Results from the Regional AUSTRAL VLBI Sessions for Southern Hemisphere Reference Frames,AuScope | AuScope VLBI,Lucia Plank; J. E. J. Lovell; Lucia McCallum; Elizaveta Rastorgueva-Foi; Stanislav S. Shabala; Johannes Böhm; David J. Mayer; Jing Sun; Oleg Titov; Stuart Weston; Sergei Gulyaev; T. Natusch; J. F. H. Quick,International Association of Geodesy Symposia
10.1071/PVV2014N172P47,2014,Progress in Deep Seismic Reflection Transects Across Australia,AuScope,R. Blewett; B. Kennett,Preview
10.7914/SN/1P_2011,2013,BASS: Seismic deployments across the Bass strait from 2011 to 2013,AuScope,A. Reading; N. Rawlinson,ANU Open Research (Australian National University)
10.1071/AJ10083,2011,"Structural and stratigraphic architecture of Australia's frontier onshore sedimentary basins: the Arckaringa, Officer, Amadeus, and Georgina basins",AuScope,L. Carr; R. Korsch; W. Preiss; S. Menpes; J. Holzschuh; R. Costelloe,The APPEA Journal
10.1071/ASEG2010AB002,2010,Magnetotelluric Survey Across the Central Eyre Peninsula,AuScope,Stephan Thiel; Graham Heinson; Peter Milligan; Goran Boren; Jingming Duan,ASEG Extended Abstracts
10.1080/14498596.2008.9635150,2008,New geodetic infrastructure for Australia,AuScope,"Richard Coleman; J. M. Dickey; W. E. Featherstone; Maree Higgins; Johnston, G.; Lambeck, K.; Lovell, J.; McQueen, H.; Rizos, C.; Tingay, S.; Tregoning, P.; Twilley, B.; Watson, C.",Journal of Spatial Science
10.7914/SN/7D_1997,1997,KIMBA97: Seismic deployments in the Kimberley Region,AuScope,B. Kennett,ANU Open Research (Australian National University)
10.5194/essd-16-5027-2024,2024,"Integration by design: driving mineral system knowledge using multi-modal, collocated, scale-consistent characterisation",AuScope | Characterisation AuScope,James Austin; Michael F. Gazley; Renee Birchall; Ben Patterson; J. Stromberg; Morgan Willams; Andreas Björk; Monica Le Gras; Tina Shelton; Courteney Dhnaram; Vladimir Lisitsin; Tobias U. Schlegel; Helen McFarlane; J. L. Walshe,Earth System Science Data
10.5194/EGUSPHERE-EGU21-2053,2021,Development of an interactive Cloud-based seismic network modelling application on a common Geophysical Processing Toolkit platform,AuScope | AVRE AuScope,Pavel Golodoniuc; Januka Attanayake; A Jones; Samuel Bradley,
10.5194/EGUSPHERE-EGU21-10474,2021,One&amp;#8217;s soil is another one&amp;#8217;s regolith &amp;#8211; let&amp;#8217;s combine our efforts in investigating the critical zone,AuScope | National Virtual Core Library,Carsten Laukamp; Ian Lau,
10.1007/s00410-026-02299-9,2026,Impact of intragrain chemical heterogeneities on &lt;sup&gt;40&lt;/sup&gt;Ar/&lt;sup&gt;39&lt;/sup&gt;Ar and &lt;sup&gt;87&lt;/sup&gt;Rb-&lt;sup&gt;87&lt;/sup&gt;Sr white mica dates.,AuScope | Characterisation AuScope,Vidar Jakobsson; Richard Spikings; Martin Kutzschbach; Bruno Ribeiro; Willis Hames; Alfons Berger; Tobias Erhardt; Wolfgang Müller,Contributions to Mineralogy and Petrology
10.1038/s41598-025-33477-7,2026,Mantle-derived fluid flux controls Olympic Dam-style Fe oxide-Cu-Au mineralisation.,AuScope | AusLAMP,Stephan Thiel; Anthony Reid; Graham Heinson; Kate Brand; Lu Li,Scientific Reports
10.1038/s41597-025-04767-6,2025,Phanerozoic thermochronology record of Afro-Arabia through space and time.,AuScope | AusGeochem | Simulation Analysis Modelling AuScope,Samuel C Boone; Malcolm McMillan; Maria-Laura Balestrieri; Barry Kohn; Andrew Gleadow; Abaz Alimanovic; Graham Hutchinson; Wayne Noble; Vhairi Mackintosh; Christian Seiler; Dave Belton; Danielle Majer-Kielbaska; Daniel F Stockli; Joachim Jacobs; Edgardo J Pujols; Matthias Daßinnes; Benjamin Emmel; Fabian Kohlmann; Romain Beucher,Scientific Data
10.1007/s00710-025-00938-w,2025,"New geochemical and Sr-Nd-Hf isotopic constraints on the genesis of kimberlites and ultramafic lamprophyres from the Adelaide Fold Belt and Gawler Craton, South Australia.",AuScope | AusLAMP,Hayden Dalton; Andrea Giuliani; Angus Fitzpayne; Bradley J Peters,Mineralogy and Petrology
10.1038/s41597-024-03996-5,2024,A crustal Pb isotope map of southeastern Australia.,AuScope | AusGeochem,J Liebmann; B Ware; D R Mole; C L Kirkland; G Fraser; K Waltenberg; S Bodorkos; D L Huston; N J Evans; B J McDonald; K Rankenburg; P Datta; S Tessalina,Scientific Data
10.1038/s41597-024-03468-w,2024,A Phanerozoic gridded dataset for palaeogeographic reconstructions.,AuScope | GPlates,Lewis A Jones; Mathew Domeier,Scientific Data
10.1073/pnas.2221149120,2023,Earth's interior dynamics drive marine fossil diversity cycles of tens of millions of years.,AuScope | EarthByte,Slah Boulila; Shanan E Peters; R Dietmar Müller; Bilal U Haq; Nathan Hara,Proceedings of the National Academy of Sciences
10.1038/s41598-023-36250-w,2023,Kimberlite eruptions driven by slab flux and subduction angle.,AuScope | EarthByte | GPlates | Simulation Analysis Modelling AuScope,Ben R Mather; R Dietmar Müller; Christopher P Alfonso; Maria Seton; Nicky M Wright,Scientific Reports
10.1073/pnas.2214353120,2023,Rubble pile asteroids are forever.,AuScope | Geoscience Atom Probe,Fred Jourdan; Nicholas E Timms; Tomoki Nakamura; William D A Rickard; Celia Mayers; Steven M Reddy; David Saxey; Luke Daly; Phil A Bland; Ela Eroglu; Denis Fougerouse,Proceedings of the National Academy of Sciences
10.3390/nano12234151,2022,The Kinetics of Aragonite Formation from Solution via Amorphous Calcium Carbonate.,AuScope | Characterisation AuScope,Simon M Clark; Vili Grigorova; Bruno Colas; Tamim A Darwish; Kathleen Wood; Joerg Neuefeind; Dorrit E Jacob,Nanomaterials
10.1073/pnas.2202039119,2022,Volume and rate of volcanic CO2 emissions governed the severity of past environmental crises.,AuScope | Geoscience Atom Probe,Qiang Jiang; Fred Jourdan; Hugo K H Olierook; Renaud E Merle; Julien Bourdet; Denis Fougerouse; Belinda Godel; Alex T Walker,Proceedings of the National Academy of Sciences
10.1098/rspa.2021.0812,2022,"The seismic wavefield as seen by distributed acoustic sensing arrays: local, regional and teleseismic sources.",AuScope | AusPass | Simulation Analysis Modelling AuScope,B L N Kennett,"Proceedings of the Royal Society A: Mathematical, Physical and Engineering Sciences"
10.1038/s41467-021-27516-w,2021,Seismic reflections from a lithospheric suture zone below the Archaean Yilgarn Craton.,AuScope,Andrew J Calvert; Michael P Doublier; Samantha E Sellars,Nature Communications
10.1038/s41597-021-00922-x,2021,"Regional zircon U-Pb geochronology for the Maniitsoq region, southwest Greenland.",AuScope,Hugo K H Olierook; Christopher L Kirkland; Julie A Hollis; Nicholas J Gardiner; Chris Yakymchuk; Kristoffer Szilas; Michael I H Hartnady; Milo Barham; Bradley J McDonald; Noreen J Evans; Agnete Steenfelt; Pedro Waterton,Scientific Data
10.1038/s41467-020-20514-4,2021,Widespread reworking of Hadean-to-Eoarchean continents during Earth's thermal peak.,AuScope | Australian Geophysical Observing System,C L Kirkland; M I H Hartnady; M Barham; H K H Olierook; A Steenfelt; J A Hollis,Nature Communications
10.1126/sciadv.abd0953,2020,Intraplate volcanism triggered by bursts in slab flux.,AuScope | EarthByte | GPlates | Simulation Analysis Modelling AuScope,Ben R Mather; R Dietmar Müller; Maria Seton; Saskia Ruttor; Oliver Nebel; Nick Mortimer,Science Advances
10.1016/j.geog.2018.11.001,2019,Impact of the terrestrial reference frame on the determination of the celestial reference frame.,AuScope,Maria Karbon; Santiago Belda; Tobias Nilsson,Geodesy and Geodynamics
10.1016/j.dib.2018.10.176,2018,"Data analysis of the U-Pb geochronology and Lu-Hf system in zircon and whole-rock Sr, Sm-Nd and Pb isotopic systems for the granitoids of Thailand.",AuScope | Australian Geophysical Observing System,Romana E C Dew; Simon Nachtergaele; Alan S Collins; Stijn Glorie; John Foden; Johan De Grave; Morgan L Blades; Christopher K Morley; Noreen J Evans; Brandon L Alessio; Pitsanupong Kanjanapayont; Rosalind King; Punya Charusiri,Data in Brief
10.1016/j.dib.2018.09.087,2018,Data related to the nanoscale structural and compositional evolution in resistance change memories.,AuScope | Characterisation AuScope,Taimur Ahmed; Sumeet Walia; Edwin L H Mayes; Rajesh Ramanathan; Paul Guagliardo; Vipul Bansal; Madhu Bhaskaran; J Joshua Yang; Sharath Sriram,Data in Brief
10.1038/s41598-018-29016-2,2018,The crustal geophysical signature of a world-class magmatic mineral system.,AuScope,Graham Heinson; Yohannes Didana; Paul Soeffky; Stephan Thiel; Tom Wise,Scientific Reports
10.1038/s41598-017-12790-w,2017,Magmatic tempo of Earth's youngest exposed plutons as revealed by detrital zircon U-Pb geochronology.,AuScope,Hisatoshi Ito; Christopher J Spencer; Martin Danišík; Carl W Hoiland,Scientific Reports
10.21203/rs.3.rs-4727071/v1,2024,Investigating a continental Australian VGOS VLBI intensive for UT1-UTC determination,AuScope,Tiege McCarthy; Lucia McCallum; Matthias Schartner,Research Square
10.70880/001c.143256,2025,"Revisiting Upper Permian Stratigraphy, Northern Perth Basin, Western Australia",Hylogger CSIRO,Arthur J. Mory; Dan Mantle; John Backhouse,Journal of the Royal Society of Western Australia
10.1111/arcm.70017,2025,"Soil wetting and drying processes influence stone artefact distribution in clay‐rich soils: A case study from Middle Gidley Island in Murujuga, northwest Western Australia",Hylogger CSIRO,Caroline Mather; Matthias Leopold; Kaitlin Sullivan; Kane Ditchfield; Tom Horrocks; Luke A. Gliganic; Emma Beckett; Diana Patalwala; Emielda Yusiharni; Michael Smirk; William T. Hiscock; Jo McDonald,Archaeometry
10.3390/mining4040057,2024,VNIR-SWIR Imaging Spectroscopy for Mining: Insights for Hyperspectral Drone Applications,Hylogger CSIRO,Friederike Koerting; Saeid Asadzadeh; J. Hildebrand; Ekaterina Savinova; Evlampia Kouzeli; Konstantinos G. Nikolakopoulos; David Lindblom; Nicole Köllner; Simon J. Buckley; Miranda Lehman; Daniel Schläpfer; Steven Micklethwaite,Mining
10.31031/amms.2024.12.000797,2024,Mineralogical Characterization of Tailings by using Hyperspectral Techniques and its Application in Predicting Rheological Properties,Hylogger CSIRO,Voisin Leandro,Aspects in Mining & Mineral Science
10.20944/preprints202403.1430.v1,2024,Imaging Spectroscopy for the Mining Life Cycle: A Guide for Drone Applications,Hylogger CSIRO,Friederike Koerting; Saeid Asadzadeh; J. Hildebrand; Ekaterina Savinova; Evlampia Kouzeli; Konstantinos G. Nikolakopoulos; David Lindblom; Nicole Koellner; Simon J. Buckley; Miranda Lehman; Daniel Schläpfer; Steven Micklethwaite,Preprints.org
10.5194/essd-2023-464-rc1,2024,Comment on essd-2023-464,Hylogger CSIRO,Randolph J. Enkin,
10.46427/gold2024.22375,2024,"Exploration for gold under the Lake Rebecca, Western Australia",Hylogger CSIRO,Walid Salama; Louise Schoneveld; Heta Lampinen; Anicia Henne; Michael Verrall,Goldschmidt2024 abstracts
10.1071/sr22270,2023,Comparison of soil analytical methods for estimating plant-available potassium in highly weathered soils,Hylogger CSIRO,Miaomiao Cheng; R.W. Bell; Jordan Brown; Qifu Ma; Craig Scanlan,Soil Research
10.5281/zenodo.7980236,2023,Semi-automated identification of regolith/basement interfaces using hyperspectral and geochemical data,Hylogger CSIRO | National Virtual Core Library,Hamid Zekri; David Cohen; Neil F. Rutherford; David Giles; Caroline Tiddy; Chris B. Folkes; R.E. Thorne; E. J. Hill,Zenodo (CERN European Organization for Nuclear Research)
10.1016/b978-0-323-95175-3.00002-7,2023,Residue sampling and characterization,Hylogger CSIRO,Adriana Guatame-García; Mike Buxton; Francesco Tinti; Sara Kasmaeeyazdi; Françoise Bodénan; Joachim Schick,Elsevier eBooks
10.3390/quat5020028,2022,Theoretical Principles and Perspectives of Hyperspectral Imaging Applied to Sediment Core Analysis,Hylogger CSIRO,Kévin Jacq; Maxime Debret; Bernard Fanget; Didier Coquin; Pierre Sabatier; Cécile Pignol; Fabien Arnaud; Yves Perrette,Quaternary
10.1109/tthz.2022.3172006,2022,Automated Analysis of Reflection Mode Terahertz Hyperspectral Images,Hylogger CSIRO,Mark Berman; K. Radhanpura; David I. Farrant,IEEE Transactions on Terahertz Science and Technology
10.3390/min12030381,2022,"Deconstructing the Iron Boomerang—Quantitative Predictions of Hematite, Ochreous, and Vitreous Goethite Mixtures",Hylogger CSIRO | National Virtual Core Library,Andrew Rodger; Erick Ramanaïdou,Minerals
10.1007/s00603-022-02805-y,2022,Automated Rock Quality Designation Using Convolutional Neural Networks,Hylogger CSIRO,Fatimah Alzubaidi; Peyman Mostaghimi; Guangyao Si; Paweł Świętojański; Ryan T. Armstrong,Rock Mechanics and Rock Engineering
10.5194/gchron-2021-41-rc1,2022,Comment on gchron-2021-41,Hylogger CSIRO,"Reid, Anthony; Forster, Marnie; Preiss, Wolfgang; Caruso, Alicia; Curtis, Stacey; Wise, Tom; Vasegh, Davood; Goswami, Naina; Lister, Gordon",
10.5281/zenodo.7687616,2021,Integration of high-resolution HyLogger3 spectral scanner and TESCAN Integrated Mineral Analyser for mineralogical characterisation of shale,Hylogger CSIRO,Muhammad Atif Iqbal; Reza Rezaee; Gregory Smith; Hasnain Ali Bangash,Zenodo (CERN European Organization for Nuclear Research)
10.26642/ten-2021-1(87)-169-182,2021,Оцінка оптичних показників поверхні природного каменю методом інфрачервоної спектроскопії,Hylogger CSIRO,Володимир Ігорович Шамрай; Valentyn Korobiichuk; Ірина Володимирівна Леонець,Технічна інженерія
10.5194/essd-13-1371-2021,2021,The Rocklea Dome 3D Mineral Mapping Test Data Set,Hylogger CSIRO | National Virtual Core Library,Carsten Laukamp; Maarten Haest; Thomas Cudahy,Earth system science data
10.3390/iecms2021-09345,2021,"Hera: Evidence for Multiple Mineralization Events and Remobilization in a Sediment-Hosted Au-Pb-Zn-Ag Deposit, Central New South Wales, Australia",Hylogger CSIRO,Ian T. Graham; Adam R McKinnon; Khalid Schellen; Angela Lay; Elizabeth Liepa; Lachlan Burrows; Karen Privat; Hongyan Quan; David French; Christian Dietz,The 2nd International Electronic Conference on Mineral Science
10.3390/min11020136,2021,Feature Extraction and Clustering of Hyperspectral Drill Core Measurements to Assess Potential Lithological and Alteration Boundaries,Hylogger CSIRO | National Virtual Core Library,Andrew Rodger; Adrian Fabris; Carsten Laukamp,Minerals
10.3390/min10121139,2020,A Robust Stochastic Approach to Mineral Hyperspectral Analysis for Geometallurgy,Hylogger CSIRO,Álvaro F. Egaña; Felipe Santibañez-Leal; C. Vidal; Gonzalo Díaz; Sergio Liberman; Alejandro Ehrenfeld,Minerals
10.5194/essd-2020-336,2020,The Rocklea Dome 3D Mineral Mapping Test Data Set,Hylogger CSIRO | National Virtual Core Library,Carsten Laukamp; Maarten Haest; Thomas Cudahy,
10.5194/essd-12-2665-2020,2020,"Hyperspectral longwave infrared reflectance spectra of naturally dried algae, anthropogenic plastics, sands and shells",Hylogger CSIRO,Shungudzemwoyo P. Garaba; Tomás Acuña-Ruz; Cristián Mattar,Earth system science data
10.1186/s13007-020-00646-w,2020,"THEMS: an automated thermal and hyperspectral proximal sensing system for canopy reflectance, radiance and temperature.",Hylogger CSIRO,William Woodgate; Eva van Gorsel; Dale Hughes; Lola Suárez; José A. Jiménez-Berni; Alex Held,Plant Methods
10.3390/resources9030024,2020,"Cousins, Siblings and Twins: A Review of the Geological Model’s Place in the Digital Mine",Hylogger CSIRO,Jane H. Hodgkinson; Marc Elmouttie,Resources
10.1016/j.jag.2019.02.013,2019,Mapping the wavelength position of mineral features in hyperspectral thermal infrared data,Hylogger CSIRO,C.A. Hecker; F.J.A. van Ruitenbeek; W.H. Bakker; Babatunde Joseph Fagbohun; Dean N. Riley; H.M.A. van der Werff; F.D. van der Meer,International Journal of Applied Earth Observation and Geoinformation
10.3390/min8110475,2018,Rock Sample Surface Preparation Influences Thermal Infrared Spectra,Hylogger CSIRO,E. Rost; C.A. Hecker; Martin C. Schodlok; F.D. van der Meer,Minerals
10.20944/preprints201810.0376.v1,2018,Rock Sample Surface Preparation Influences Thermal Infrared Spectra,Hylogger CSIRO,E. Rost; C.A. Hecker; Martin C. Schodlok; F.D. van der Meer,Preprints.org
10.26512/2015.5.d.19106,2015,"Espectrorradiometria de reflectância aplicada à análise quantitativa da mineralogia do depósito N4WS, província mineral de Carajás, Pará, Brasil",Hylogger CSIRO,Elias Martins Guetta Prado,
10.3788/col201412.083002,2014,Design and application of core mineral spectrometer,Hylogger CSIRO,Lian-cun Xiu; Chunxia Chen Chunxia Chen; Zhizhong Zheng Zhizhong Zheng; Liang Yin Liang Yin; Zhengkui Yu Zhengkui Yu; Jun Huang; Bin Huang Bin Huang; Qiuning Zhang Qiuning Zhang; Xiaoxu Xiu Xiaoxu Xiu; Yang Gao,Chinese Optics Letters
10.1016/j.ecolind.2009.05.001,2009,Visible near-infrared reflectance spectroscopy as a predictive indicator of soil properties,Hylogger CSIRO,David Summers; Megan Lewis; Bertram Ostendorf; David J. Chittleborough,Ecological Indicators
10.1029/2025gc012679,2026,Assessing Pb Isotopic Equilibrium Between Apatite and K‐Feldspar,SHRIMP II Curtin,Priyanjan Datta; Christopher L. Kirkland; Janne Liebmann; Hugo K. H. Olierook,Geochemistry Geophysics Geosystems
10.70880/001c.140863,2025,William Compston FAA FTSE FRS (19 February 1931 – 16 May 2025),SHRIMP II Curtin,Malcolm T. McCulloch; Ian S. Williams,Journal of the Royal Society of Western Australia
10.1144/jgs2024-093,2024,Early Neoproterozoic (Tonian) subduction-related magmatism and tectonothermal activity in Shetland and northern mainland Scotland: implications for the tectonic evolution of NE Laurentia and Rodinia reconstructions,SHRIMP II Curtin,P. D. Kinny; Rob Strachan; Mike Fowler; Emilie Bruand; Ian Millar; Martin Hand; Chris Clark; Kathryn Cutts,Journal of the Geological Society
10.1007/s00410-024-02117-0,2024,Testing in-situ apatite Lu–Hf dating in polymetamorphic mafic rocks: a case study from Palaeoproterozoic southern Australia,SHRIMP II Curtin,D.A. Brown; Anthony Reid; E. A. Jagodzinski; Megan Williams; Alex Simpson; Mark Pawley; Christopher L. Kirkland; Claire M. Wade; Alexander T. De Vries Van Leeuwen; Stijn Glorie,Contributions to Mineralogy and Petrology
10.5194/gchron-2024-4,2024,Short Communication: Nanoscale heterogeneity of U and Pb in baddeleyite – implications for nanogeochronology and 238 U series alpha recoil effects,SHRIMP II Curtin | Geoscience Atom Probe,Steven W. Denyszyn; Donald W. Davis; Denis Fougerouse,
10.7185/geochemlet.2332,2023,Ion imaging of ancient zircon,SHRIMP II Curtin,Christopher L. Kirkland; Tim Johnson; Jack Gillespie; Laure Martin,Geochemical Perspectives Letters
10.1016/j.epsl.2023.118346,2023,Response of Sm–Nd isotope systematics to complex thermal histories: A case study from 3.58 Ga gneisses of the Pilbara Craton,SHRIMP II Curtin,Andreas Petersson; Anthony I.S. Kemp; Maud Boyet; Martin J. Whitehouse; Matilda Boyce; Malcolm P. Roberts; Allen Kennedy,Earth and Planetary Science Letters
10.5194/gchron-2023-15-rc2,2023,Comment on gchron-2023-15,SHRIMP II Curtin | Geoscience Atom Probe,Alberto Pérez‐Huerta,
10.1111/ggr.12522,2023,"Zircon Megacrysts from the Kawisigamuwa Carbonatite, Sri Lanka – A Potential Reference Material for In SituU‐Pb and Hf Isotope Measurement",SHRIMP II Curtin,Daniela Gallhofer; Etienne Skrzypek; Christoph Hauzenberger; Walter Kurz; Andreas Möller; Joseph E. Andrew; Luis A. Parra‐Avila; Laure Martin; Anthony I.S. Kemp; G.W.A.R. Fernando; Dengfeng He,Geostandards and Geoanalytical Research
10.1130/geol.s.22790180,2023,Supplemental Material: Older than they look: Cryptic recycled xenotime on detrital zircon,SHRIMP II Curtin,Maximilian Dröllner; et al.,
10.1016/j.chemgeo.2023.121444,2023,Radiogenic Pb in xenotime trapped in nanoscale inclusions of apatite during fluid alteration,SHRIMP II Curtin | Geoscience Atom Probe,Cilva Joseph; Denis Fougerouse; Steven M. Reddy; Hugo K.H. Olierook; Tommaso Tacchetto; Allen Kennedy; David W. Saxey; William D.A. Rickard; Steven W. Denyszyn; Aaron Dodd,Chemical Geology
10.1130/gsab.s.22251265.v1,2023,"Supplemental Material: Hydrothermal alteration episodes reflect multiple Proterozoic tectonic and magmatic events in the Kangdian region, western Yangtze Block",SHRIMP II Curtin,Zhi-Kun Su; Xin-Fu Zhao; et al.,
10.2113/rgg20224532,2023,Cryogenian A-type Granites of the Yenisei Ridge – Indicators of Tectonic Transformation in the Southwestern Margin of the Siberian Craton,SHRIMP II Curtin,A. E. Vernikovskaya; V. A. Vernikovsky; N. Yu. Matushkin; P. I. Kadilnikov; M.T.D. Wingate; E. A. Bogdanov; А. В. Травин,Russian Geology and Geophysics
10.47749/t/unicamp.2022.1265989,2022,Medições de composição elementar e de razões isotópicas por ICP-SF-MS adequadas ao uso em geoquímica,SHRIMP II Curtin,Margareth Sugano Navarro,
10.31223/x5km18,2022,Correlation of geological complexes of the Khan-Tengri Mountain massif,SHRIMP II Curtin,Alexander Mikolaichuk; F. Apayarov; Dmitry Gordeev,
10.3390/min12111432,2022,"Paleoproterozoic Layered Intrusions of the Monchegorsk Ore District: Geochemistry and U–Pb, Sm–Nd, Re–Os Isotope Analysis",SHRIMP II Curtin,V. F. Smolkin; Artem Mokrushin,Minerals
10.3389/feart.2022.852261,2022,"Qia’erdunbasixi Fe–Cu Deposit in Sawur, Xinjiang: A Case Study of Skarn Deposit Hosted by Volcanic Rock",SHRIMP II Curtin,Shuang Yang; Qiushi Zhou; Rui Wang; Yongfeng Zhu,Frontiers in Earth Science
10.5281/zenodo.5811041,2021,DOES GATT ARTICLE XX PROVIDE MEMBERS SUFFICIENT SCOPE TO PROTECT IMPORTANT PUBLIC POLICY GOALS?,SHRIMP II Curtin,Axtamova Yulduz Axtamovna,Zenodo (CERN European Organization for Nuclear Research)
10.3390/min11111288,2021,"Albite ± Actinolite-Altered Porphyry Dykes in Archean Gold Deposits of the Boulder Lefroy-Golden Mile Fault System, Yilgarn Craton, Western Australia: Petrography, Chronology, and Comparison to Canadian Albitites",SHRIMP II Curtin,Andreas G. Mueller; Neal J. McNaughton; Janet R. Muhling,Minerals
10.3390/min11090944,2021,Linking Gold Systems to the Crust-Mantle Evolution of Archean Crust in Central Brazil,SHRIMP II Curtin,Jéssica Bogossian; Anthony I.S. Kemp; Steffen G. Hagemann,Minerals
10.1590/2317-4889202120200046,2020,The 1.88 Ga Uatumã Magmatism in the Serra dos Magalhães region: petrology and implications to the extension of the south-eastern edge of the Amazonian Craton,SHRIMP II Curtin,Ianna Ferreira de Lima; Ronaldo Pierosan; Márcia Aparecida de Sant’Ana Barros; Rogério R. Rubert; Carlos Augusto Sommer; Diogo Isamu de Almeida Okuno,Brazilian Journal of Geology
10.1016/j.chemer.2020.125683,2020,Ages of lunar impact breccias: Limits for timing of the Imbrium impact,SHRIMP II Curtin,A. A. Nemchin; Tao Long; Bradley L. Jolliff; Yusheng Wan; J. F. Snape; R. A. Zeigler; M. L. Grange; Dunyi Liu; Martin J. Whitehouse; Nicholas E. Timms; Fred Jourdan,Geochemistry
10.1038/s41598-020-62075-y,2020,Isotopic systematics of zircon indicate an African affinity for the rocks of southernmost India.,SHRIMP II Curtin,Chris Clark; Alan S Collins; Richard J M Taylor; Martin Hand,Scientific Reports
10.1038/s41467-019-13985-7,2020,"Precise radiometric age establishes Yarrabubba, Western Australia, as Earth's oldest recognised meteorite impact structure.",SHRIMP II Curtin,Timmons M. Erickson; Christopher L. Kirkland; Nicholas E. Timms; Aaron J. Cavosie; T. M. Davison,Nature Communications
10.1590/2317-4889202020190063,2020,U-Th-Pb Shrimp dating of hydrothermal monazite from the Trairão Gold Deposit - Alta Floresta Gold Province (Amazon Craton),SHRIMP II Curtin,Mara Luiza Barros Pita Rocha; Farid Chemale; João Orestes Schneider Santos; Márcia Aparecida de Sant’Ana Barros; Francisco Egídio Cavalcante Pinho; Neal J. McNaughton; Paulo César Corrêa da Costa; Malcolm P. Roberts,Brazilian Journal of Geology
10.1590/2317-4889202020190082,2020,"New U-Pb (SHRIMP) and first Hf isotope constraints on the Tonian (1000-920 Ma) Cariris Velhos event, Borborema Province, NE Brazil",SHRIMP II Curtin,Fabrício de Andrade Caxito; Lauro Cézar Montefalco de Lira Santos; Alexandre Uhlein; Elton Luiz Dantas; Ana Ramalho Alkmim; Cristiano Lana,Brazilian Journal of Geology
10.3390/min9120774,2019,"Further Characterization of the BB Zircon via SIMS and MC-ICP-MS for Li, O, and Hf Isotopic Compositions",SHRIMP II Curtin,Chao Huang; Hao Wang; Jin‐Hui Yang; Lie‐Wen Xie; Yue‐Heng Yang; Shitou Wu,Minerals
10.3989/egeol.43593.573,2019,Calibrando la transición ediacárico-cámbrica en Gondwana suddoccidental,SHRIMP II Curtin,Lucas V. Warren; E. Tohver; Lucas Inglez; Juliana Okubo; Cláudio Riccomini; Shuhai Xiao,Estudios Geológicos
10.31857/s0869-56524893267-271,2019,Dyke magmatism in the evolution of the transform active continental margin of the Siberian Craton in the Ediacaran,SHRIMP II Curtin,A. E. Vernikovskaya; V. А. Vernikovsky; N. Yu. Matushkin; P. I. Kadilnikov; Д. В. Метелкин; Zheng‐Xiang Li; Simon A. Wilde; И. В. Романова; E. A. Bogdanov,Доклады Академии наук
10.1016/j.precamres.2019.105450,2019,Onset of the supercontinent cycle: Evidence for multiple oceanic arc accretion events in the Paleoproterozoic Sefwi Greenstone Belt of the West African Craton,SHRIMP II Curtin,Helen McFarlane; Nicolas Thébaud; Luis A. Parra‐Avila; Robin Armit; Christopher J. Spencer; Jérôme Ganne; Laurent Aillères; Lenka Baratoux; Peter Betts; Mark Jessell,Precambrian Research
10.1016/j.gr.2019.07.017,2019,Modelling U-Pb discordance in the Acasta Gneiss: Implications for fluid–rock interaction in Earth's oldest dated crust,SHRIMP II Curtin,Christopher L. Kirkland; Tim Johnson; P. D. Kinny; Tom Kapitany,Gondwana Research
10.1016/j.precamres.2019.105425,2019,"The Mangaroon Orogeny: Synchronous c. 1.7 Ga magmatism and low-P, high-T metamorphism in the West Australian Craton",SHRIMP II Curtin,Agnieszka M. Piechocka; Jian‐Wei Zi; Courtney J. Gregory; Stephen Sheppard; Fawna J. Korhonen; I. C. W. Fitzsimons; Tim Johnson; Birger Rasmussen,Precambrian Research
10.47749/t/unicamp.2019.1231213,2019,"Petrogênese dos granitoides do depósito Paraíba, Domínio Peixoto de Azevedo, Província Aurífera de Alta Floresta, Cráton Amazonas",SHRIMP II Curtin,Igor de Camargo Moreira,
10.11606/t.44.2018.tde-06122018-153140,2018,"Formação, transformação e evolução da crosta continental inferior: Investigando o Orógeno Brasília Meridional",SHRIMP II Curtin,Rafael Gonçalves da Motta,
10.1016/j.gsf.2018.09.002,2018,Biostratigraphy versus isotope geochronology: Testing the Urals island arc model,SHRIMP II Curtin,Svetlana Tessalina; Cristina Talavera; М. Е. Притчин; В. Н. Пучков,Geoscience Frontiers
10.1111/jmg.12451,2018,"Neoproterozoic evolution and Cambrian reworking of ultrahigh temperature granulites in the Eastern Ghats Province, India",SHRIMP II Curtin,Ruairidh J. Mitchell; Tim Johnson; Chris Clark; Saibal Gupta; Michael Brown; Simon L. Harley; Richard Taylor,Journal of Metamorphic Geology
10.1038/s41598-018-26530-1,2018,A cryptic Gondwana-forming orogen located in Antarctica.,SHRIMP II Curtin,Nathan R Daczko; Jacqueline A Halpin; Ian C W Fitzsimons; Joanne M Whittaker,Scientific Reports
10.31223/osf.io/q76tz,2018,"Pre-Alpine contrasting tectono-metamorphic evolutions within the Southern Steep Belt, Central Alps",SHRIMP II Curtin,Manuel Roda; Michele Zucali; Zheng‐Xiang Li; Maria Spalla; Weihua Yao,
10.1016/j.oregeorev.2018.03.011,2018,Neighbouring orogenic gold deposits may be the products of unrelated mineralizing events,SHRIMP II Curtin,Imogen O.H. Fielding; Simon P. Johnson; Jian‐Wei Zi; Stephen Sheppard; Birger Rasmussen,Ore Geology Reviews
10.11606/issn.2316-9095.v18-434,2018,"Granito Aragão — Suíte intrusiva Nhandú — um granito oxidado, tipo A2, de 1967 a 1964 Ma na Província Aurífera Alta Floresta — Cráton Amazônico",SHRIMP II Curtin,Samantha Evelyn Max Dezula; Márcia A.S. Barros; Ronaldo Pierosan; João Orestes Schneider Santos; Rafael Rodrigues de Assis,Geologia USP Série Científica
10.25903/5eb1ed92284d2,2018,"Mesozoic detrital zircon provenance of Central Africa: implications for Jurassic-Cretaceous tectonics, paleogeography and landscape evolution",SHRIMP II Curtin,Owusu Agyemang,
10.4225/23/5afb8a524287d,2018,"Depositional history and sequence-stratigraphic framework of an Early Permian shallow-marine sedimentary system, Northern Perth Basin, Australia",SHRIMP II Curtin,Antoine Dillinger,UWA Profiles and Research Repository (University of Western Australia)
10.1038/s41467-022-35208-2,2022,Greenstone burial-exhumation cycles at the late Archean transition to plate tectonics.,SHRIMP II Curtin,Zibra Ivan; Kemp Anthony I S; Smithies R Hugh; Rubatto Daniela; Korhonen Fawna; Hammerli Johannes; Johnson Tim E; Gessner Klaus; Weinberg Roberto F; Vervoort Jeff D; Martin Laure; Romano Sandra S,Nature Communications
10.1016/j.dib.2021.107213,2021,"U-Pb SHRIMP geochronology data from the eastern Central Kibalian Superterrane, Bomu-Kibalian Craton, northeastern DRC: Implications for the tectonic evolution of the Kilo Terrane.",SHRIMP II Curtin,J M Kabete; N J McNaughton; A Bashizi; B Kiza,Data in Brief
10.1038/s41467-020-14857-1,2020,An andesitic source for Jack Hills zircon supports onset of plate tectonics in the Hadean.,SHRIMP II Curtin,Simon Turner; Simon Wilde; Gerhard Wörner; Bruce Schaefer; Yi-Jen Lai,Nature Communications
10.1111/ggr.12239,2018,GZ7 and GZ8 - Two Zircon Reference Materials for SIMS U-Pb Geochronology.,SHRIMP II Curtin,Lutz Nasdala; Fernando Corfu; Blair Schoene; Simon R Tapster; Corey J Wall; Mark D Schmitz; Maria Ovtcharova; Urs Schaltegger; Allen K Kennedy; Andreas Kronz; Peter W Reiners; Yue-Heng Yang; Fu-Yuan Wu; Sarah E M Gain; William L Griffin; Dawid Szymanowski; Chutimun Chanmuang N; Martin Ende; John W Valley; Michael J Spicuzza; Bhuwadol Wanthanachaisaeng; Gerald Giester,Geostandards and Geoanalytical Research
10.1038/s41598-018-25494-6,2018,"Evidence of Enriched, Hadean Mantle Reservoir from 4.2-4.0 Ga zircon xenocrysts from Paleoarchean TTGs of the Singhbhum Craton, Eastern India.",SHRIMP II Curtin,Trisrota Chaudhuri; Yusheng Wan; Rajat Mazumder; Mingzhu Ma; Dunyi Liu,Scientific Reports
10.1126/sciadv.aao3159,2018,Remnants of Eoarchean continental crust derived from a subducted proto-arc.,SHRIMP II Curtin,Rongfeng Ge; Wenbin Zhu; Simon A Wilde; Hailin Wu,Science Advances
10.1038/srep25751,2016,Linking magmatism with collision in an accretionary orogen.,SHRIMP II Curtin,Shan Li; Sun-Lin Chung; Simon A Wilde; Tao Wang; Wen-Jiao Xiao; Qian-Qian Guo,Scientific Reports
10.1186/1467-4866-7-10,2006,Enhanced diffusion of uranium and thorium linked to crystal plasticity in zircon.,SHRIMP II Curtin,Nicholas E Timms; Peter D Kinny; Steven M Reddy,Geochemical Transactions
10.1130/b38303.1,2026,Crustal exhumation in the Georgetown Inlier of NE Australia after 1.6 Ga Nuna assembly: New insights from Ar thermochronology,Western Australia Argon Isotope Facility,Jiangyu Li; Zheng-Xiang Li; Amaury Pourteau; F. Jourdan; Silvia Volante; Adam Nordsvan; William J. Collins; H. K. H. Olierook,Geological Society of America Bulletin
10.11137/1982-3908_2025_48_65281,2025,Poços de Caldas – Cabo Frio Alignment: a Petrochronological Review of an Unconventional Plume Model,Western Australia Argon Isotope Facility,Marco Aurélio Maia Teodoro; Anderson Costa dos Santos; Luíz Carlos Bertolino; Pedro Augusto da Silva Rosa; Caio Rodrigues Bezerra; Lucas Guimarães Pereira Monteiro; Júlio César Lopes da Silva; Mariana Bessa Fagundes; Mauro César Geraldes; Letícia Muniz da Costa Cardoso; Fred Jourdan,Anuário do Instituto de Geociências
10.1016/j.quascirev.2024.109065,2024,"High-precision 40Ar/39Ar dating of Australasian tektites associated with bifacial tools in the Bose Basin (Xiaomei and Fengshudao sites), South China and in Vietnam (Go Da and Roc Tung 1 sites)",Western Australia Argon Isotope Facility,Véronique Michel; Fred Jourdan; Marie-Hélène Moncel; Bernard Gratuze; Guanjun Shen; Wei Wang; Celia Mayers; Adam Frew; Dominique Cauche; Patricia Valensi; Sylvain Gallet; А. П. Деревянко; A. V. Kandyba; S.A. Gladyshev; Henry de Lumley,Quaternary Science Reviews
10.1093/petrology/egae122,2024,"Time-Dependent Evolution And Source Heterogeneities of Ocean Island Basalts From a Weak Plume, São Jorge, Azores",Western Australia Argon Isotope Facility,Andrea Marzoli; José Madeira; João Mata; Ângelo De Min; António Brum da Silveira; Nasrrddine Youbi; Pedro Silva; Hervé Bertrand; Massimo Chiaradia; Fred Jourdan; Christine Meyzen; Sara Callegaro,Journal of Petrology
10.1038/s41467-024-54092-6,2024,Earth’s longest preserved linear volcanic ridge generated by a moving Kerguelen hotspot,Western Australia Argon Isotope Facility,Qiang Jiang; Hugo K.H. Olierook; Fred Jourdan; Diana Carmona Hoyos; Renaud Merle; Evelyn M. Mervine; William W. Sager,Nature Communications
10.1093/petrology/egae049,2024,"Fluid–Melt–Rock Interaction during the Transition from Magmatism to HT-UHT-Granulite- and Amphibolite-Facies Metamorphism in the Ediacaran Adrar–Suttuf Metamafic Complex, NW Margin of the West African Craton (Southern Morocco)",Western Australia Argon Isotope Facility,J.F. Molina; Ф. Беа; P. Montero; Faouziya Haissen; Leticia Barcos; Aitor Cambeses; Irene Morales; Maria M. Repczynska; Othman Sadki; Antonio García‐Casco,Journal of Petrology
10.5382/econgeo.5070,2024,"Epithermal Gold Discoveries in the Emerging Khundii Metallogenic Province, Southwest Mongolia",Western Australia Argon Isotope Facility,Michael A. MacDonald; Ganchimeg Bat-Erdene; Morgan Gillis; Penni J. Dalton; Imants Kavalieris; Bat‐Erdene Khashgerel; A. Kloppenburg; A. R. Coote; Jeffrey W. Hedenquist,Economic Geology
10.1144/jgs2023-145,2023,New geochemical and age constraints ( 40 Ar/ 39 Ar and U–Pb) on forearc intrusive rocks from the New Caledonia Ophiolite (SW Pacific): diversity of melts generated at hot subduction inception,Western Australia Argon Isotope Facility,Dominique Cluzel; Alessandra Montanini; Arianna Secchiari; E. Ferrari; M. T. Heizler; Fred Jourdan; Sebastién Meffre; Renjie Zhou; Christian Teyssier,Journal of the Geological Society
10.1038/s41467-023-43893-w,2023,Changes in orogenic style and surface environment recorded in Paleoproterozoic foreland successions,Western Australia Argon Isotope Facility,Bo Huang; Man Liu; Timothy Kusky; Tim Johnson; Simon A. Wilde; Dong Fu; Hao Deng; Qunye Qian,Nature Communications
10.1016/j.chemer.2022.125904,2022,"The age and origin of the Balleny and Scott volcanic provinces, Ross Sea, Antarctica",Western Australia Argon Isotope Facility,Renaud Merle; Qiang Jiang; Fred Jourdan; Hugo K.H. Olierook,Geochemistry
10.3390/min12060666,2022,"Sericite 40Ar/39Ar Dating and Indosinian Mineralization in the Liushuping Au–Zn Deposit, West Qinling Orogen, China",Western Australia Argon Isotope Facility,Suwei Yue; Xiao‐Hua Deng; Xiaoxu Yan; Jianxiang Chen,Minerals
10.1186/s40645-022-00470-x,2022,From desert to monsoon: irreversible climatic transition at ~ 36 Ma in southeastern Tibetan Plateau,Western Australia Argon Isotope Facility,Hongbo Zheng; Qing Yang; Shuo Cao; Peter D. Clift; Mengying He; Akihiro Kano; Aki Sakuma; Huan Xu; Ryuji Tada; Fred Jourdan,Progress in Earth and Planetary Science
10.1130/geol.s.15152529.v1,2021,Supplemental Material: Boninitic blueschists record subduction initiation and subsequent accretion of an arc–forearc in the northeast Proto-Tethys Ocean,Western Australia Argon Isotope Facility,Dong Fu; et al.,
10.5194/gchron-2021-16,2021,Deformation recorded in polyhalite from evaporite detachments revealed by 40 Ar/ 39 Ar dating,Western Australia Argon Isotope Facility,Lachlan Richards; Fred Jourdan; Alan S. Collins; Rosalind King,
10.1344/geologicaacta2021.19.5,2021,40Ar/39Ar geochronology of Burdigalian paleobotanical localities in the central Paratethys (south Slovakia),Western Australia Argon Isotope Facility,Katarína Šarinová; Samuel Rybár; Fred Jourdan; Celia Mayers; Adam Frew; Marianna Kováčová; Petronela Nováková; Barbara Lichtman; Michal Kováč,Geologica Acta
10.1016/j.gca.2021.03.001,2021,Resolving the age of the Puchezh-Katunki impact structure (Russia) against alteration and inherited 40Ar* – No link with extinctions,Western Australia Argon Isotope Facility,Sanna Holm‐Alwmark; Fred Jourdan; L. Ferrière; C. Alwmark; Christian Koeberl,Geochimica et Cosmochimica Acta
10.1111/maps.13615,2021,"Mineralogy, petrology, geochemistry, and chronology of the Murrili (H5) meteorite fall: The third recovered fall from the Desert Fireball Network",Western Australia Argon Isotope Facility,Seamus Anderson; G. K. Benedix; L. V. Forman; Luke Daly; R. C. Greenwood; I. A. Franchi; J. M. Friedrich; R. J. Macke; Sean Wiggins; D. T. Britt; J. M. Cadogan; M. M. M. Meier; C. Maden; H. Busemann; K. C. Welten; Marc W. Caffee; Fred Jourdan; Celia Mayers; T. Kennedy; Bélinda Godel; Lionel Esteban; Kelly Merigot; A. W. R. Bevan; P. A. Bland; Jonathan Paxman; M. C. Towner; Martin Cupák; Eleanor K. Sansom; Robert M. Howie; Hadrien A. R. Devillepoix; T. Jansen‐Sturgeon; David I. Stuart; D. W. Strangway,Meteoritics and Planetary Science
10.1130/geol.s.12964847.v1,2020,Supplemental Material: Longest continuously erupting large igneous province driven by plume-ridge interaction,Western Australia Argon Isotope Facility,Qiang Jiang; et al.,
10.1130/geol.s.12811781.v1,2020,"Supplemental Material: Formation of the First Bend in the late Eocene gave birth to the modern Yangtze River, China",Western Australia Argon Isotope Facility,Hongbo Zheng; et al.,
10.1130/geol.s.12811781,2020,"Supplemental Material: Formation of the First Bend in the late Eocene gave birth to the modern Yangtze River, China",Western Australia Argon Isotope Facility,Hongbo Zheng; et al.,
10.5281/zenodo.3700646,2020,The [R]evolution of Open Science,Western Australia Argon Isotope Facility,Jonathan Tennant,Zenodo (CERN European Organization for Nuclear Research)
10.1029/2019jb017713,2019,Pyroxene 40Ar/39Ar Dating of Basalt and Applications to Large Igneous Provinces and Precambrian Stratigraphic Correlations,Western Australia Argon Isotope Facility,Jian‐Wei Zi; Peter Haines; Xuan‐Ce Wang; Fred Jourdan; Birger Rasmussen; Galen P. Halverson; Stephen Sheppard; Chao‐Feng Li,Journal of Geophysical Research Solid Earth
10.1111/maps.13305,2019,Ultraprecise age and formation temperature of the Australasian tektites constrained by40Ar/39Ar analyses,Western Australia Argon Isotope Facility,Fred Jourdan; Sébastien Nomade; M.T.D. Wingate; Ela Eroğlu; Al Deino,Meteoritics and Planetary Science
10.1093/petrology/egz021,2019,The Central Atlantic Magmatic Province (CAMP) in Morocco,Western Australia Argon Isotope Facility,Andrea Marzoli; Hervé Bertrand; Nasrrddine Youbi; Sara Callegaro; Renaud Merle; Laurie Reisberg; Massimo Chiaradia; Sarah I Brownlee; Fred Jourdan; Alberto Zanetti; Joshua H.F.L. Davies; Tiberio Cuppone; Abdelkader Mahmoudi; Fida Medina; Paul R. Renne; G. Bellieni; Stefano Crivellari; Hind El Hachimi; Mohamed Khalil Bensalah; Christine Meyzen; Christian Tegner,Journal of Petrology
10.46357/bcnaturais.v10i3.474,2015,"40Ar/39Ar age, lithogeochemistry and petrographic studies of the Cretaceous Alkaline Marapicu Intrusion, Rio de Janeiro, Brazil",Western Australia Argon Isotope Facility,Daniel Adelino da Silva; Mauro César Geraldes; Thaís Vargas; Fred Jourdan; Camila Cardoso Nogueira,Boletim do Museu Paraense Emílio Goeldi - Ciências Naturais
10.1016/j.lithos.2015.02.003,2015,"Paleogene post-collisional lamprophyres in western Yunnan, western Yangtze Craton: Mantle source and tectonic implications",Western Australia Argon Isotope Facility,Yongjun Lu; T. Campbell McCuaig; Zheng‐Xiang Li; Fred Jourdan; Craig J.R. Hart; Zengqian Hou; Suohan Tang,Lithos
10.1130/b31068.1,2014,"Neoproterozoic to early Paleozoic extensional and compressional history of East Laurentian margin sequences: The Moine Supergroup, Scottish Caledonides",Western Australia Argon Isotope Facility,Peter A. Cawood; Rob Strachan; Renaud Merle; Ian Millar; Staci Loewy; Ian W. D. Dalziel; P. D. Kinny; Fred Jourdan; A. A. Nemchin; J. N. Connelly,Geological Society of America Bulletin
10.1016/j.gca.2014.05.039,2014,40Ar/39Ar impact ages and time–temperature argon diffusion history of the Bunburra Rockhole anomalous basaltic achondrite,Western Australia Argon Isotope Facility,Fred Jourdan; G. K. Benedix; Ela Eroğlu; P. A. Bland; Audrey Bouvier,Geochimica et Cosmochimica Acta
10.1144/jgs2013-005,2014,Pliocene to Pleistocene vertical movements in the forearc of the Lesser Antilles subduction: insights from chronostratigraphy of shallow-water carbonate platforms (Guadeloupe archipelago),Western Australia Argon Isotope Facility,Ph. Münch; Jean‐Jacques Cornée; Jean‐Frédéric Lebrun; Frédéric Quillévéré; Chrystèle Vérati; Mihaela Melinte‐Dobrinescu; François Demory; Brigitte Smith; Fred Jourdan; Jean‐Marc Lardeaux; L. De Min; Jean‐Len Léticée; Auran Randrianasolo,Journal of the Geological Society
10.1073/pnas.1216241110,2013,Pre-Miocene birth of the Yangtze River,Western Australia Argon Isotope Facility,Hongbo Zheng; Peter D. Clift; Ping Wang; Ryuji Tada; Juntao Jia; Mengying He; Fred Jourdan,Proceedings of the National Academy of Sciences
10.1086/666876,2012,"Postcollisional High-Grade Metamorphism, Orogenic Collapse, and Differential Cooling of the East African Orogen of Northeast Mozambique",Western Australia Argon Isotope Facility,K. Ueda; Joachim Jacobs; Robert James Thomas; Jan Košler; Matthew Horstwood; Jo‐Anne Wartho; Fred Jourdan; B. Emmel; R. Matola,The Journal of Geology
10.1029/2011jb008379,2011,"The timing of strike-slip shear along the Ranong and Khlong Marui faults, Thailand",Western Australia Argon Isotope Facility,Ian M. Watkinson; Chris Elders; Geoffrey Batt; Fred Jourdan; Robert Hall; Neal J. McNaughton,Journal of Geophysical Research Atmospheres
10.1029/2009tc002656,2011,"Structural evolution of a composite middle to lower crustal section: The Sierra de Pie de Palo, northwest Argentina",Western Australia Argon Isotope Facility,Sean R. Mulcahy; Sarah M. Roeske; W. McClelland; Fred Jourdan; Alexander Iriondo; Paul R. Renne; Jeffrey D. Vervoort; Graciela I. Vujovich,Tectonics
10.1016/j.earscirev.2009.03.003,2009,"A review of the geology and geodynamic evolution of the Palaeoproterozoic Earaheedy Basin, Western Australia",Western Australia Argon Isotope Facility,Franco Pirajno; R. M. Hocking; Steven M. Reddy; Amanda Jones,Earth-Science Reviews
10.1016/j.lithos.2009.01.014,2009,The Cambrian Kalkarindji Large Igneous Province: Extent and characteristics based on new 40Ar/39Ar and geochemical data,Western Australia Argon Isotope Facility,Lena Z. Evins; Fred Jourdan; David Phillips,Lithos
10.1130/g21485ar.1,2005,Amazonian Mesoproterozoic basement in the core of the Ibero-Armorican Arc: 40Ar/39Ar detrital mica ages complement the zircon's tale,Western Australia Argon Isotope Facility,Gabriel Gutiérrez‐Alonso; Javier Fernández‐Suárez; Alan S. Collins; Isabel Abad; Fernando Nieto,Geology
10.1016/j.jafrearsci.2004.07.052,2004,"Heterogeneous excess argon and Neoproterozoic heating in the Usagaran Orogen, Tanzania, revealed by single grain 40Ar/39Ar thermochronology",Western Australia Argon Isotope Facility,Steven M. Reddy; Alan S. Collins; Craig Buchan; A. H. Mruma,Journal of African Earth Sciences
10.26749/rstpp.138.11,2004,"A Cretaceous phonolite dyke from the Tomahawk River, northeast Tasmania",Western Australia Argon Isotope Facility,JL Everard; FL Sutherland; Horst Zwingmann,Papers and proceedings of the Royal Society of Tasmania
10.1130/ges02602.1,2023,"Late Cretaceous tectonothermal events of the Gangdese belt, southern Tibet",Noble Gas Geochronology Laboratory,Xuxuan Ma; Zhiqin Xu; Alexander D. Lusk; Saskia Erdmann; Xijie Chen; Shiwei Ma,Geosphere
10.1007/s00445-022-01584-2,2022,Modulation of Popocatépetl’s activity by regional and worldwide earthquakes,Noble Gas Geochronology Laboratory,Thomas Boulesteix; D. Legrand; Noémie Taquet; Diego Coppola; Marco Laiolo; Sébastien Valade; Francesco Massimetti; Gema Victoria Caballero-Jiménez; Robin Campion,Bulletin of Volcanology
10.1016/j.dib.2018.06.080,2018,"Major element data, 40Ar/39Ar step-heating and step-crushing data for anorthoclase megacrysts from the Newer Volcanic Province, south-eastern Australia.",Noble Gas Geochronology Laboratory,Erin Matchan; David Phillips; E. Traine; Di‐Cheng Zhu,Data in Brief
10.5382/econgeo.5193,2025,"Origin of Abundant Visible Gold in Orogenic Pyrite: New Micro- to Atomic-Scale Insights from the World-Class Jinshan Gold Deposit, China",Geoscience Atom Probe,Yafei Wu; Katy Evans; Denis Fougerouse; Anthony E. Williams-Jones; Siyu Hu; Wen Zhang; Xin-Fu Zhao; Zhan-Ke Li; Jianwei Li,Economic Geology
10.1038/s41598-025-04161-7,2025,Bio-mediated CN cycling in serpentinites and the origin of life.,Geoscience Atom Probe,Stefano Tenuta; Katy Evans; Steven M. Reddy; Benjamin M. Tutolo; William D.A. Rickard; David W. Saxey,Scientific Reports
10.1038/s41467-025-57171-4,2025,Vacancies in sulfides facilitate fluid-induced solid-state diffusion and critical metals accumulation.,Geoscience Atom Probe,Zheng‐Jie Qiu; Yanlu Xing; Joël Brugger; Barbara Etschmann; Zsanett Pintér; Denis Fougerouse; Jing Xu; Zhiyang Yu; Guang‐Jun Guo; Hong‐Rui Fan,Nature Communications
10.5194/gchron-6-607-2024,2024,Short communication: Nanoscale heterogeneity of U and Pb in baddeleyite from atom probe tomography – 238 U series alpha recoil effects and U atom clustering,Geoscience Atom Probe,Steven W. Denyszyn; Donald W. Davis; Denis Fougerouse,Geochronology
10.3847/1538-4357/ad2996,2024,Atomic-scale Element and Isotopic Investigation of 25Mg-rich Stardust from an H-burning Supernova,Geoscience Atom Probe,N. D. Nevill; P. A. Bland; David W. Saxey; William D.A. Rickard; Paul Guagliardo; Nicholas E. Timms; L. V. Forman; Luke Daly; Steven M. Reddy,The Astrophysical Journal
10.1051/bsgf/2024013,2024,From ID-TIMS U-Pb dating of single monazite grain to APT-nanogeochronology: application to the UHT granulites of Andriamena (North-Central Madagascar),Geoscience Atom Probe,Marion Turuani; Anne‐Magali Seydoux‐Guillaume; Antonin Laurent; Denis Fougerouse; Simon L. Harley; Steven M. Reddy; Philippe Gonçalves; David W. Saxey; Jacques L. Michaud; Jean-Marc Montel; Christian Nicollet; Jean‐Louis Paquette,Bulletin de la Société Géologique de France
10.2138/am-2023-9085,2023,Clustering and interfacial segregation of radiogenic Pb in a mineral host-inclusion system: Tracing two-stage Pb and trace element mobility in monazite inclusions in rutile,Geoscience Atom Probe,Rick Verberne; Steven M. Reddy; Denis Fougerouse; Anne‐Magali Seydoux‐Guillaume; David W. Saxey; William D.A. Rickard; Zakaria Quadir; Chris Clark,American Mineralogist
10.1038/s41598-023-29171-1,2023,Engineered mineralogical interfaces as radionuclide repositories.,Geoscience Atom Probe,Grant Douglas; Steven M. Reddy; David W. Saxey; Colin M. MacRae; N. A. S. Webster; L. J. Beeching,Scientific Reports
10.21203/rs.3.rs-2488093/v1,2023,Between defects and inclusions: the fate of tellurium in pyrite,Geoscience Atom Probe,Frederik Börner; Manuel Keith; Denis Fougerouse; Chandra Macauley; Peter Felfer; Tadahiro Yokosawa; Benjamin Zubiri; Erdmann Spiecker,Research Square (Research Square)
10.1126/sciadv.add1511,2023,Direct age constraints on the magnetism of Jack Hills zircon.,Geoscience Atom Probe,Richard J M Taylor; Steven M Reddy; David W Saxey; William D A Rickard; Fengzai Tang; Cauê S Borlina; Roger R Fu; Benjamin P Weiss; Paul Bagot; Helen M Williams; Richard J Harrison,Science Advances
10.1130/geol.s.21004867.v1,2022,Supplemental Material: Crystal plasticity enhances trace element mobility in garnet,Geoscience Atom Probe,Tommaso Tacchetto; et al.,
10.1111/jmg.12686,2022,Trace‐element heterogeneity in rutile linked to dislocation structures: Implications for Zr‐in‐rutile geothermometry,Geoscience Atom Probe,Rick Verberne; Hugo van Schrojenstein Lantman; Steven M. Reddy; Matteo Alvaro; David Wallis; Denis Fougerouse; Antonio Langone; David W. Saxey; William D.A. Rickard,Journal of Metamorphic Geology
10.1130/g49028.1,2021,A new kind of invisible gold in pyrite hosted in deformation-related dislocations,Geoscience Atom Probe,Denis Fougerouse; Steven M. Reddy; Mark Aylmore; 杨兰 YANG Lan; Paul Guagliardo; David W. Saxey; William D.A. Rickard; Nicholas E. Timms,Geology
10.1130/geol.s.14772060.v1,2021,Supplemental Material: A new kind of invisible gold in pyrite hosted in deformation-related dislocations,Geoscience Atom Probe,Denis Fougerouse; et al.,
10.1038/s43247-021-00181-z,2021,Lunar samples record an impact 4.2 billion years ago that may have formed the Serenitatis Basin,Geoscience Atom Probe,Ana Černok; L. F. White; M. Anand; K. T. Tait; James Darling; Martin J. Whitehouse; Katarina Miljković; M. Lemelin; Steven M. Reddy; Denis Fougerouse; William D.A. Rickard; David W. Saxey; R. R. Ghent,Communications Earth & Environment
10.1111/ggr.12382,2021,Developing Atom Probe Tomography of Phyllosilicates in Preparation for Extra‐Terrestrial Sample Return,Geoscience Atom Probe,Luke Daly; Martin Lee; James Darling; Ingrid McCarrol; Limei Yang; Julie M. Cairney; L. V. Forman; P. A. Bland; G. K. Benedix; Denis Fougerouse; William D.A. Rickard; David W. Saxey; Steven M. Reddy; William Smith; Paul A.J. Bagot,Geostandards and Geoanalytical Research
10.1130/geol.s.12620615,2020,Supplemental Material: The geochemical and geochronological implications of nanoscale trace-element clusters in rutile,Geoscience Atom Probe,Rick Verberne; et al.,
10.1016/j.gsf.2018.09.004,2018,Nanoscale resetting of the Th/Pb system in an isotopically-closed monazite grain: A combined atom probe and transmission electron microscopy study,Geoscience Atom Probe,Anne‐Magali Seydoux‐Guillaume; Denis Fougerouse; Antonin Laurent; Emmanuel Gardès; Steven M. Reddy; David W. Saxey,Geoscience Frontiers
10.1111/ggr.12216,2018,Defining the Potential of Nanoscale Re‐Os Isotope Systematics Using Atom Probe Microscopy,Geoscience Atom Probe,Luke Daly; P. A. Bland; Svetlana Tessalina; David W. Saxey; Steven M. Reddy; Denis Fougerouse; William D.A. Rickard; L. V. Forman; Alexandre Fontaine; Julie M. Cairney; Simon P. Ringer; Bruce F. Schaefer; D. Schwander,Geostandards and Geoanalytical Research
10.1016/j.scriptamat.2017.11.014,2018,Atomic worlds: Current state and future of atom probe tomography in geoscience,Geoscience Atom Probe,David W. Saxey; D. E. Moser; Sandra Piazolo; Steven M. Reddy; John W. Valley,Scripta Materialia
10.1093/mam/ozaf040,2025,The Role of Laser Pulse Energy on Data Quality and Reconstruction of Olivine Atom Probe Tomography Data.,Geoscience Atom Probe,Dimitrios Dimitriou; Steven M Reddy; David W Saxey; Denis Fougerouse; Katy Evans; Xiao Sun; William D A Rickard,Microscopy and Microanalysis
10.1126/sciadv.adq3694,2024,Zircon trace element evidence for early hydrothermal activity on Mars.,Geoscience Atom Probe,Jack Gillespie; Aaron J Cavosie; Denis Fougerouse; Cristiana L Ciobanu; William D A Rickard; David W Saxey; Gretchen K Benedix; Phil A Bland,Science Advances
10.1038/s41467-019-13117-1,2019,Cr-spinel records metasomatism not petrogenesis of mantle rocks.,Geoscience Atom Probe,Hamed Gamal El Dien; Shoji Arai; Luc-Serge Doucet; Zheng-Xiang Li; Youngwoo Kil; Denis Fougerouse; Steven M Reddy; David W Saxey; Mohamed Hamdy,Nature Communications
10.1017/s1431927618015477,2019,Analysis of Natural Rutile (TiO2) by Laser-assisted Atom Probe Tomography.,Geoscience Atom Probe,Rick Verberne; David W Saxey; Steven M Reddy; William D A Rickard; Denis Fougerouse; Chris Clark,Microscopy and Microanalysis
10.1126/sciadv.1601318,2016,Nanogeochronology of discordant zircon measured by atom probe microscopy of Pb-enriched dislocation loops.,Geoscience Atom Probe,Emily M Peterman; Steven M Reddy; David W Saxey; David R Snoeyenbos; William D A Rickard; Denis Fougerouse; Andrew R C Kylander-Clark,Science Advances
10.18520/cs/v129/i12/1048-1057,2025,"The role of satellite laser ranging in space geodesy: developments, applications and Indian perspective",Yarragadee VLBI,Pramod Gandugade; Sushant Shekhar; Somalin Nath; B. Nagarajan; Onkar Dikshit,Current Science
10.1029/2024sw004225,2025,Studying the Inner Heliosphere Using Radio Signals Transmitted From Spacecraft Orbiting Mars,Yarragadee VLBI | Katherine VLBI,Jasper Edwards; Guifre Molera Calvés; P. Kummamuru; N. M. M. Said; Mingyang Ma,Space Weather
10.1016/j.asr.2024.06.043,2024,Long-term analysis of Sentinel-6A orbit determination: Insights from three years of flight data,Yarragadee VLBI,Daniel Calliess; Oliver Montenbruck; Martin Wermuth; Heinz Reichinger,Advances in Space Research
10.1186/s40645-024-00613-2,2024,"Troposphere delay modeling in SLR based on PMF, VMF3o, and meteorological data",Yarragadee VLBI,Mateusz Drożdżewski; Krzysztof Sośnica,Progress in Earth and Planetary Science
10.1093/mnras/stae533,2024,Proper motion of the radio jets in two blazars at redshift above 3,Yarragadee VLBI,Máté Krezinger; S. Frey; Krisztina Perger; K. É. Gabányi; Tao An; Yingkang Zhang; Leonid Gurvits; Oleg Titov; Alexey Melnikov; Z. Paragi,Monthly Notices of the Royal Astronomical Society
10.48550/arxiv.2402.09908,2024,Proper motion of the radio jets in two blazars at redshift above 3,Yarragadee VLBI,Máté Krezinger; S. Frey; Krisztina Perger; K. É. Gabányi; Tao An; Yingkang Zhang; Leonid Gurvits; Oleg Titov; Alexey Melnikov; Z. Paragi,arXiv (Cornell University)
10.3390/universe10020078,2024,VLBI Analysis of a Potential High-Energy Neutrino Emitter Blazar,Yarragadee VLBI,J. Kőmíves; K. É. Gabányi; S. Frey; Emma Kun,Universe
10.1007/1345_2024_269,2024,Relevance of PSInSAR Analyses at ITRF Co-location Sites,Yarragadee VLBI,Xavier Collilieux; Z. Altamimi; Jingyi Chen; Clément Courde; Zheyuan Du; Thomas Furhmann; Christoph Gisinger; Thomas Gruber; Ryan Hippenstiel; Davod Poreh; Paul Rebischung; Yudai Sato,International Association of Geodesy symposia
10.55676/asi.v4i2.62,2023,QUALITY ASSESSMENT OF SATELLITE LASER RANGING STATIONS OPERATING IN 2020,Yarragadee VLBI,S. Schillak; Paweł Lejba; Piotr Michałek; Adrian Smagło,Aviation and Security Issues
10.1051/0004-6361/202347823,2023,TANAMI: Tracking active galactic nuclei with austral milliarcsecond interferometry,Yarragadee VLBI | Katherine VLBI,P. Benke; F. Rösch; E. Ros; M. Kadler; R. Ojha; P. G. Edwards; S. Horiuchi; Lucas J. Hyland; Chris Phillips; J. F. H. Quick; J. Stevens; A. K. Tzioumis; S. Weston,Astronomy and Astrophysics
10.48550/arxiv.2310.10206,2023,TANAMI: Tracking Active Galactic Nuclei with Austral Milliarcsecond Interferometry. III. First-epoch S band images,Yarragadee VLBI | Katherine VLBI,P. Benke; F. Rösch; E. Ros; M. Kadler; R. Ojha; P. G. Edwards; S. Horiuchi; Lucas J. Hyland; Chris Phillips; J. F. H. Quick; Jamie Stevens; A. K. Tzioumis; Stuart Weston,arXiv (Cornell University)
10.48550/arxiv.2310.07468,2023,The Impact of Southern-Hemisphere Radio Blazar Observations on Neutrino Astronomy,Yarragadee VLBI | Katherine VLBI,F. Rösch; P. Benke; M. Kadler; E. Ros; R. Ojha; P. G. Edwards; Florian Eppel; J. Heßdörfer; J. Stevens,arXiv (Cornell University)
10.22323/1.444.1212,2023,The Impact of Southern-Hemisphere Radio Blazar Observations on Neutrino Astronomy,Yarragadee VLBI | Katherine VLBI,F. Rösch; P. Benke; M. Kadler; E. Ros; R. Ojha; P. G. Edwards; Florian Eppel; J. Heßdörfer; Jamie Stevens,Proceedings of 38th International Cosmic Ray Conference — PoS(ICRC2023)
10.3390/rs15143659,2023,Analysis of the Results Determining the Positions and Velocities of Satellite Laser Ranging Stations during Earthquakes in 2010–2011,Yarragadee VLBI,S. Schillak; Agnieszka Satarowska; Dominik Sankowski; Piotr Michałek,Remote Sensing
10.1007/s00190-023-01738-w,2023,ITRF2020: an augmented reference frame refining the modeling of nonlinear station motions,Yarragadee VLBI,Z. Altamimi; Paul Rebischung; Xavier Collilieux; Laurent Métivier; Kristel Chanard,Journal of Geodesy
10.48550/arxiv.2302.13898,2023,A monitoring campaign (2013-2020) of ESA's Mars Express to study interplanetary plasma scintillation,Yarragadee VLBI,P. Kummamuru; Guifre Molera Calvés; Giuseppe Cimò; S. V. Pogrebenko; Tatiana Bocanegra-Bahamón; D. A. Duev; M. D. Said; J. Edwards; Mengwei Ma; J. Quick; A. Neidhardt; P. de Vicente; R. Haas; J. Kallunki; G. Maccaferri; G. Colucci; W. J. Yang; L. F. Hao; S. Weston; M. A. Kharinov; A. G. Mikhailov; T. Jung,arXiv (Cornell University)
10.1093/mnras/stad415,2023,The bright supernova 1996cr in the circinus galaxy imaged with VLBI: shell structure with complex evolution,Yarragadee VLBI,M. F. Bietenholz; N. Bartel; F. E. Bauer; Vikram V. Dwarkadas; Leon Mtshweni; C. Orquera-Rojas; S. P. Ellingsen; S. Horiuchi; A. K. Tzioumis,Monthly Notices of the Royal Astronomical Society
10.48550/arxiv.2301.04533,2023,Very long baseline interferometry observations of the high-redshift blazar candidate J0141-5427,Yarragadee VLBI,K. É. Gabányi; S. Belladitta; S. Frey; G. Orosz; Leonid Gurvits; K. Rozgonyi; T. An; H. Cao; Z. Paragi; K. Perger,arXiv (Cornell University)
10.1017/pasa.2023.2,2023,Very long baseline interferometry observations of the high-redshift blazar candidate J0141–5427,Yarragadee VLBI,K. É. Gabányi; S. Belladitta; S. Frey; Gábor Orosz; Leonid Gurvits; Kristóf Rozgonyi; Tao An; Hongmin Cao; Z. Paragi; Krisztina Perger,Publications of the Astronomical Society of Australia
10.3847/2041-8213/ac96e7,2022,Detecting the Oscillation and Propagation of the Nascent Dynamic Solar Wind Structure at 2.6 Solar Radii Using Very Long Baseline Interferometry Radio Telescopes,Yarragadee VLBI,Maoli Ma; Guifre Molera Calvés; Giuseppe Cimò; Ming Xiong; Peijia Li; Jing Kong; Peijin Zhang; Jiansen He; Lijia Liu; Pradyumna Kummamuru; Chuanpeng Hou; Jasper Edwards; Qinghui Liu; Zhong Chen; Zhanghu Chu; De Wu; Zhao Xu; Zhichao Wang; Songtao Han; Quanquan Zhi; Yingkai Liu; J. F. H. Quick; Javier González-García; Cristina García Miró; M. A. Kharinov; A. G. Mikhailov; A. Neidhardt; T. Venturi; M. Morsiani; G. Maccaferri; Bo Xia; Hua Zhang; Longfei Hao,The Astrophysical Journal Letters
10.5281/zenodo.7313064,2022,GGOS Days 2022 - Status Report - GGOS Bureau of Networks and Observations,Yarragadee VLBI,M. R. Pearlman,Zenodo (CERN European Organization for Nuclear Research)
10.1016/j.asr.2022.04.050,2022,Validation of a corner reflector installation at Côte d’Azur multi-technique geodetic observatory,Yarragadee VLBI | Australian Geophysical Observing System,Xavier Collilieux; Clément Courde; Bénédicte Fruneau; M. Aimar; Guillaume Schmidt; Isabelle Delprat; Marie-Amélie Defresne; Damien Pesce; Fabien Bergerault; Guy Wöppelmann,Advances in Space Research
10.1109/tgrs.2022.3194216,2022,The Extended Timing Annotation Dataset for Sentinel-1—Product Description and First Evaluation Results,Yarragadee VLBI,Christoph Gisinger; Ludivine Libert; Petar Marinkovic; Lukas Krieger; Yngvar Larsen; Antonio Valentino; Helko Breit; Ulrich Balss; Steffen Suchandt; Thomas Nägler; Michael Eineder; Nuno Miranda,IEEE Transactions on Geoscience and Remote Sensing
10.1007/s00190-021-01554-0,2021,Tropospheric and range biases in Satellite Laser Ranging,Yarragadee VLBI,Mateusz Drożdżewski; Krzysztof Sośnica,Journal of Geodesy
10.3390/rs13153046,2021,Earth Rotation Parameters Estimation Using GPS and SLR Measurements to Multiple LEO Satellites,Yarragadee VLBI,Xingxing Li; Hongmin Zhang; Keke Zhang; Yongqiang Yuan; Wei Zhang; Yujie Qin,Remote Sensing
10.1186/s40623-021-01397-1,2021,"Determination of SLR station coordinates based on LEO, LARES, LAGEOS, and Galileo satellites",Yarragadee VLBI,Dariusz Strugarek; Krzysztof Sośnica; Daniel Arnold; Adrian Jäggi; Radosław Zajdel; Grzegorz Bury,Earth Planets and Space
10.3390/s20236851,2020,Satellite Laser Ranging for Retrieval of the Local Values of the Love h2 and Shida l2 Numbers for the Australian ILRS Stations.,Yarragadee VLBI,Marcin Jagoda; Miłosława Rutkowska; Paweł Lejba; Jacek Katzer; Romuald Obuchovski; Dominykas Šlikas,Sensors
10.1007/s10291-020-01035-5,2020,Two methods to determine scale-independent GPS PCOs and GNSS-based terrestrial scale: comparison and cross-check,Yarragadee VLBI,Wen Huang; Benjamin Männel; Andreas Brack; Harald Schuh,GPS Solutions
10.1007/s00190-020-01385-5,2020,VMF3o: the Vienna Mapping Functions for optical frequencies.,Yarragadee VLBI,Janina Boisits; Daniel Landskron; Johannes Böhm,Journal of Geodesy
10.1007/s00190-018-1191-6,2018,NASA's Satellite Laser Ranging Systems for the 21&lt;sup&gt;st&lt;/sup&gt; Century.,Yarragadee VLBI,J F McGarry; E D Hoffman; J J Degnan; J W Cheek; C B Clarke; I F Diegel; H L Donovan; J E Horvath; M Marzouk; A R Nelson; D S Patterson; R L Ricklefs; M D Shappirio; S L Wetzel; T W Zagwodzki,Journal of Geodesy
10.56726/irjmets88889,2026,Formation and Evolution of Black Holes,Katherine VLBI,,International Research Journal of Modernization in Engineering Technology and Science
10.1017/s026988972510094x,2026,Imaging a black hole shadow through the Event Horizon Telescope: A study in scientific collaboration and its epistemic constraints,Katherine VLBI,Luca Guzzardi,Science in Context
10.48550/arxiv.2504.07549,2025,STeP: A Framework for Solving Scientific Video Inverse Problems with Spatiotemporal Diffusion Priors,Katherine VLBI,Bingliang Zhang; Zihui Wu; Berthy T. Feng; Yang Song; Yisong Yue; Katherine L. Bouman,ArXiv.org
10.1103/physrevd.111.064075,2025,Forward ray tracing and hot spots in Kerr spacetime,Katherine VLBI,Lihang Zhou; Zhen Zhong; Yifan Chen; Vítor Cardoso,Physical review. D/Physical review. D.
10.48550/arxiv.2502.07522,2025,The Extraordinary Maser Flaring Event in the Massive Protostellar System NGC6334I: Multi-Epoch Milliarcsecond Resolution Investigation of the 6.7-GHz Methanol Masers,Katherine VLBI,Jayender Kumar; S. P. Ellingsen; Gábor Orosz; Lucas J. Hyland; Chris Phillips; Cormac Reynolds; Gordon MacLeod,ArXiv.org
10.4324/9781003437956,2025,Exploring Ethnography of Outer Space,Katherine VLBI,Jenia Gorbanenko; David Jeevendrampillai; Adryon Kozel,
10.46620/ursiaprasc25/prog0000,2025,Proceedings of the 7th URSI Asia-Pacific RadioScience Conference – AP-RASC 2025,Katherine VLBI,,
10.1515/9783839461204-002,2024,»What We Thought Was Unseeable«: Die mediale Konstruktion der ersten authentischen empirischen Bilder eines Schwarzen Lochs,Katherine VLBI,Paula Cisternas Muhr,transcript Verlag eBooks
10.1038/s41550-024-02407-4,2024,Detection of an orthogonal alignment between parsec-scale AGN jets and their host galaxies,Katherine VLBI,D. Fernández Gil; Jeffrey A. Hodgson; Benjamin L’Huillier; J. Asorey; C. Saulder; Kyle Finner; M. James Jee; David Parkinson; F. Combes,Nature Astronomy
10.48550/arxiv.2410.08246,2024,"Absorption, Scattering, Geodesics, Shadows and Lensing Phenomena of Black Holes in Effective Quantum Gravity",Katherine VLBI,N. Heidari; A. A. Araújo Filho; Reggie C. Pantig; Ali Övgün,arXiv (Cornell University)
10.48550/arxiv.2410.02986,2024,Mid-Range Science Objectives for the Event Horizon Telescope,Katherine VLBI,The Event Horizon Telescope Collaboration,arXiv (Cornell University)
10.48550/arxiv.2409.07570,2024,"Report of the Kavli-IAU Workshop on Global Coordination, ""Probing the Universe from far-infrared to millimeter wavelengths: future facilities and their synergies""",Katherine VLBI,"Committee, Science Organizing; :; G. Hélou; E. F. van Dishoeck; J. Žmuidzinas; Alberto D. Bolatto; Ilse Cleeves; Daniel A. Dale; Kentaro Motohara; P. F. Roche; L. Tacconi",arXiv (Cornell University)
10.1007/s12567-024-00563-x,2024,Planetary radio interferometry and Doppler experiment as an operational component of the Jupiter Icy Moons Explorer mission,Katherine VLBI,Vidhya Pallichadath; Dominic Dirkx; Marie Fayolle; S. Frey; Leonid Gurvits; Paul Boven; Giuseppe Cimò; Judit Fogasy; Guifre Molera Calvés; Krisztina Perger; N. M. M. Said; Bert Vermeersen,CEAS Space Journal
10.48550/arxiv.2408.16049,2024,Forward Ray Tracing and Hot Spots in Kerr Spacetime,Katherine VLBI,Lihang Zhou; Zhen Zhong; Yifan Chen; Vítor Cardoso,arXiv (Cornell University)
10.3847/2041-8213/ad6572,2024,Swift J1727.8–1613 Has the Largest Resolved Continuous Jet Ever Seen in an X-Ray Binary,Katherine VLBI,Callan M. Wood; J. C. A. Miller‐Jones; Arash Bahramian; S. J. Tingay; Steve Prabu; T. D. Russell; P. Atri; Francesco Carotenuto; D. Altamirano; S. Motta; Lucas J. Hyland; Cormac Reynolds; Stuart Weston; R. P. Fender; Elmar Körding; D. Maitra; Sera Markoff; S. Migliari; D. M. Russell; Craig L. Sarazin; G. R. Sivakoff; Roberto Soria; Alexandra J. Tetarenko; V. Tudose,The Astrophysical Journal Letters
10.48550/arxiv.2407.00899,2024,Classical and Quantum Frequency Combs for Satellite-based Clock Synchronization,Katherine VLBI,Ronakraj Gosalia; Ryan Aguinaldo; Jonathan Green; Holly Leopardi; Peter Brereton; Robert Malaney,arXiv (Cornell University)
10.1051/0004-6361/202450590,2024,First very long baseline interferometry detection of Fornax A,Katherine VLBI,Georgios Filippos Paraschos; Maciek Wielgus; P. Benke; V. Mpisketzis; F. Rösch; K. M. Dasyra; E. Ros; M. Kadler; R. Ojha; P. G. Edwards; Lucas J. Hyland; J. F. H. Quick; S. Weston,Astronomy and Astrophysics
10.1016/j.dark.2024.101501,2024,Signatures of the accelerating black holes with a cosmological constant from the Sgr A⋆ and M87⋆ shadow prospects,Katherine VLBI,L. Chakhchi; H. El Moumni; K. Masmar,Physics of the Dark Universe
10.3847/2041-8213/ad2df0,2024,First Sagittarius A* Event Horizon Telescope Results. VII. Polarization of the Ring,Katherine VLBI,The Event Horizon Telescope Collaboration; Kazunori Akiyama; A. Alberdi; W. Alef; Juan Carlos Algaba; Richard Anantua; Keiichi Asada; Rebecca Azulay; U. Bach; Anne-Kathrin Baczko; David Ball; Mislav Baloković; Bidisha Bandyopadhyay; John Barrett; Michi Bauböck; B. A. Benson; Dan Bintley; Lindy Blackburn; R. Blundell; Katherine L. Bouman; Geoffrey C. Bower; Hope Boyce; Michael Bremer; Christiaan D. Brinkerink; Roger Brissenden; S. Britzen; Avery E. Broderick; Dominique Broguière; Thomas Bronzwaer; Sandra Bustamante; Do‐Young Byun; J. E. Carlstrom; Chiara Ceccobello; Andrew Chael; Chi‐kwan Chan; Dominic O. Chang; Koushik Chatterjee; Shami Chatterjee; Ming‐Tang Chen; Xiaopeng Cheng; Xiaopeng Cheng; Ilje Cho; Pierre Christian; Nicholas S. Conroy; J. E. Conway; J. M. Cordes; T. M. Crawford; G. Crew; Alejandro Cruz-Osorio; Yuzhu Cui; Rohan Dahale; Jordy Davelaar; Mariafelicia De Laurentis; Roger Deane; Jessica Dempsey; G. Desvignes; Jason Dexter; Vedant Dhruv; Indu K. Dihingia; Sheperd S. Doeleman; Sean Dougal; Sergio A. Dzib; Ralph P. Eatough; Razieh Emami; H. Falcke; Joseph Farah; Vincent L. Fish; E. B. Fomalont; H. Alyson Ford; Marianna Foschi; Raquel Fraga-Encinas; William T. Freeman; Per Friberg; Christian M. Fromm; Antonio Fuentes; Peter Galison; Charles F. Gammie; Roberto García; Olivier Gentaz; Boris Georgiev; C. Goddi; Roman Gold; Arturo I. Gómez-Ruiz; José L. Gómez; Minfeng Gu; Mark Gurwell; Kazuhiro Hada; Daryl Haggard; Kari Haworth; M. H. Hecht; Ronald Hesper; Dirk Heumann; Luis C. Ho; Paul T. P. Ho; Mareki Honma; Wu Jiang; Lei Huang; D. H. Hughes; Shiro Ikeda; C. M. Violette Impellizzeri,The Astrophysical Journal Letters
10.3847/2041-8213/ad2df1,2024,First Sagittarius A* Event Horizon Telescope Results. VIII. Physical Interpretation of the Polarized Ring,Katherine VLBI,The Event Horizon Telescope Collaboration; Kazunori Akiyama; A. Alberdi; W. Alef; Juan Carlos Algaba; Richard Anantua; Keiichi Asada; Rebecca Azulay; U. Bach; Anne-Kathrin Baczko; David Ball; Mislav Baloković; Bidisha Bandyopadhyay; John Barrett; Michi Bauböck; B. A. Benson; Dan Bintley; Lindy Blackburn; R. Blundell; Katherine L. Bouman; Geoffrey C. Bower; Hope Boyce; Michael Bremer; Christiaan D. Brinkerink; Roger Brissenden; S. Britzen; Avery E. Broderick; Dominique Broguière; Thomas Bronzwaer; Sandra Bustamante; Do‐Young Byun; J. E. Carlstrom; Chiara Ceccobello; Andrew Chael; Chi‐kwan Chan; Dominic O. Chang; Koushik Chatterjee; Shami Chatterjee; Ming‐Tang Chen; Xiaopeng Cheng; Xiaopeng Cheng; Ilje Cho; Pierre Christian; Nicholas S. Conroy; J. E. Conway; J. M. Cordes; T. M. Crawford; G. Crew; Alejandro Cruz-Osorio; Yuzhu Cui; Rohan Dahale; Jordy Davelaar; Mariafelicia De Laurentis; Roger Deane; Jessica Dempsey; G. Desvignes; Jason Dexter; Vedant Dhruv; Indu K. Dihingia; Sheperd S. Doeleman; Sean Taylor Dougall; Sergio A. Dzib; Ralph P. Eatough; Razieh Emami; H. Falcke; Joseph Farah; Vincent L. Fish; E. B. Fomalont; H. Alyson Ford; Marianna Foschi; Raquel Fraga-Encinas; William T. Freeman; Per Friberg; Christian M. Fromm; Antonio Fuentes; Peter Galison; Charles F. Gammie; Roberto García; Olivier Gentaz; Boris Georgiev; C. Goddi; Roman Gold; Arturo I. Gómez-Ruiz; José L. Gómez; Minfeng Gu; Mark Gurwell; Kazuhiro Hada; Daryl Haggard; Kari Haworth; M. H. Hecht; Ronald Hesper; Dirk Heumann; Luis C. Ho; Paul T. P. Ho; Mareki Honma; Wu Jiang; Lei Huang; D. H. Hughes; Shiro Ikeda; C. M. Violette Impellizzeri,The Astrophysical Journal Letters
10.48550/arxiv.2403.00897,2024,VisRec: A Semi-Supervised Approach to Radio Interferometric Data Reconstruction,Katherine VLBI,Ruoqi Wang; Haitao Wang; Qiong Luo; Feng Wang; Hejun Wu,arXiv (Cornell University)
10.48550/arxiv.2401.16323,2024,Robustness and the Event Horizon Telescope: the case of the first image of M87*,Katherine VLBI,Juliusz Doboszewski; Jamee Elder,arXiv (Cornell University)
10.1051/swsc/2024024,2024,Quasi-stationary substructure within a sporadic E layer observed by the Low-Frequency Array (LOFAR),Katherine VLBI,Alan Wood; Gareth Dorrian; Ben Boyde; R. A. Fallows; David R. Themens; M. Mevius; Tim Sprenger; Robert Main; S. E. Pryse; Sean Elvidge,Journal of Space Weather and Space Climate
10.31389/pop.74,2024,Robustness and the Event Horizon Telescope: the case of the first image of M87*,Katherine VLBI,Juliusz Doboszewski; Jamee Elder,Philosophy of Physics
10.48550/arxiv.2312.11351,2023,Disentangling photon rings beyond General Relativity with future radio-telescope arrays,Katherine VLBI,Raúl Carballo-Rubio; Héloïse Delaporte; Astrid Eichhorn; Aaron Held,arXiv (Cornell University)
10.1525/001c.88163,2023,The “Cartographic Impulse” and Its Epistemic Gains in the Process of Iteratively Mapping M87’s Black Hole,Katherine VLBI,Paula Muhr,Media+Environment
10.3847/2041-8213/acff70,2023,First M87 Event Horizon Telescope Results. IX. Detection of Near-horizon Circular Polarization,Katherine VLBI,Kazunori Akiyama; A. Alberdi; W. Alef; Juan Carlos Algaba; Richard Anantua; Keiichi Asada; Rebecca Azulay; U. Bach; Anne-Kathrin Baczko; David Ball; Mislav Baloković; John Barrett; Michi Bauböck; B. A. Benson; Dan Bintley; Lindy Blackburn; R. Blundell; Katherine L. Bouman; Geoffrey C. Bower; Hope Boyce; Michael Bremer; Christiaan D. Brinkerink; Roger Brissenden; S. Britzen; Avery E. Broderick; Dominique Broguière; Thomas Bronzwaer; Sandra Bustamante; Do‐Young Byun; J. E. Carlstrom; Chiara Ceccobello; Andrew Chael; Chi‐kwan Chan; Dominic O. Chang; Koushik Chatterjee; Shami Chatterjee; Ming‐Tang Chen; Yongjun 永军 Chen 陈; Xiaopeng Cheng; Ilje Cho; Pierre Christian; Nicholas S. Conroy; J. E. Conway; J. M. Cordes; T. M. Crawford; G. Crew; Alejandro Cruz-Osorio; Yuzhu Cui; Rohan Dahale; Jordy Davelaar; Mariafelicia De Laurentis; Roger Deane; Jessica Dempsey; G. Desvignes; Jason Dexter; Vedant Dhruv; Sheperd S. Doeleman; Sean Dougal; Sergio A. Dzib; Ralph P. Eatough; Razieh Emami; H. Falcke; Joseph Farah; Vincent L. Fish; Ed Fomalont; H. Alyson Ford; Marianna Foschi; Raquel Fraga-Encinas; William T. Freeman; Per Friberg; Christian M. Fromm; Antonio Fuentes; Peter Galison; Charles F. Gammie; Roberto García; Olivier Gentaz; Boris Georgiev; C. Goddi; Roman Gold; Arturo I. Gómez-Ruiz; José L. Gómez; Minfeng Gu; Mark Gurwell; Kazuhiro Hada; Daryl Haggard; Kari Haworth; M. H. Hecht; Ronald Hesper; Dirk Heumann; Luis C. Ho; Paul T. P. Ho; Mareki Honma; Chih-Wei L. Huang; Lei Huang; D. H. Hughes; Shiro Ikeda; C. M. Violette Impellizzeri; Makoto Inoue; Sara Issaoun; D. J. James,The Astrophysical Journal Letters
10.48550/arxiv.2310.07687,2023,Orbital Polarimetric Tomography of a Flare Near the Sagittarius A* Supermassive Black Hole,Katherine VLBI,Aviad Levis; Andrew Chael; Katherine L. Bouman; Maciek Wielgus; Pratul P. Srinivasan,arXiv (Cornell University)
10.48550/arxiv.2310.05860,2023,Optical features of rotating quintessential charged black holes in de-Sitter spacetime,Katherine VLBI,Saeed Ullah Khan; Javlon Rayimbaev; Furkat Sarikulov; Ozodbek Abdurakhmonov,arXiv (Cornell University)
10.48550/arxiv.2309.01949,2023,Variational Bayesian Imaging with an Efficient Surrogate Score-based Prior,Katherine VLBI,Berthy T. Feng; Katherine L. Bouman,arXiv (Cornell University)
10.48550/arxiv.2308.14610,2023,PolarRec: Radio Interferometric Data Reconstruction with Polar Coordinate Representation,Katherine VLBI,"Ruoqi Wang; Chen, Zhuoyang; Zhu, Jiayi; Luo, Qiong; Wang, Feng",arXiv (Cornell University)
10.22323/1.444.1040,2023,Probing Pseudo-Dirac Neutrinos with Astrophysical Sources at IceCube,Katherine VLBI,Kiara Carloni; C. Argüelles; Ivan Martínez-Soler; K. S. Babu; P. S. Bhupal Dev,Proceedings of 38th International Cosmic Ray Conference — PoS(ICRC2023)
10.26855/jamc.2023.03.013,2023,Objects of Civilization of the Second and Third Types,Katherine VLBI,Evgeni N. Terentiev; Fedor Vasilievich Shugaev; Nikolay Evgenievich Shilin-Terentyev,Journal of Applied Mathematics and Computation
10.3390/s21165342,2021,Determination of Motion Parameters of Selected Major Tectonic Plates Based on GNSS Station Positions and Velocities in the ITRF2014.,Katherine VLBI,Marcin Jagoda,Sensors
10.1098/rsos.170522,2017,Extragalactic radio surveys in the pre-Square Kilometre Array era.,Katherine VLBI,Chris Simpson,Royal Society Open Science
10.21203/rs.3.rs-1449452/v1,2022,The filamentary internal structure of the 3C279 blazar jet,Katherine VLBI,Antonio Fuentes; Jose Gomez; José María Martí; Manel Perucho; Guang-Yao Zhao; Rocco Lico; Andrei Lobanov; Gabriele Bruni; Yuri Kovalev; Andrew Chael; Kazunori Akiyama; Katherine Bouman; He Sun; Ilje Cho; Efthalia Traianou; Teresa Toscano; Rohan Dahale; Leonid Gurvits; Svetlana Jorstad; Jae-Young Kim; Alan Marscher; Yosuke Mizuno; Eduardo Ros; Tuomas Savolainen,
10.25959/23232722,2023,Southern radio gravitational lens survey and observations,Mt Pleasant VLBI,J. E. J. Lovell,UTAS Research Repository
10.1007/978-3-319-91843-3_5,2021,Where did it all Lead?,Mt Pleasant VLBI,Wayne Orchiston; Peter Robertson; Woodruff T. Sullivan,Historical & cultural astronomy
10.1051/0004-6361/201424039,2014,The observed spiral structure of the Milky Way,Mt Pleasant VLBI,Li‐Peng Hou; J. L. Han,Astronomy and Astrophysics
10.1051/0004-6361/200912724&amp;itemid=129,2010,TANAMI: tracking active galactic nuclei with austral milliarcsecond interferometry I. First-epoch 8.4GHz images,Mt Pleasant VLBI,R. Ojha; M. Kadler; M. Bock; R. Booth; M. S. Dutka; P. Q. Edwards; A. L. Fey; L. Fuhrmann; R. A. Gaume; H. Hase; S. Horiuchi; D. L. Jauncey; K. J. Johnston; U. Katz; M. Lister; J. E. J. Lovell; C. Detlef G. Müller; C. Plotz; J. F. H. Quick; E. Ros; G. Douglas Taylor; D. J. Thompson; S. J. Tingay; G. Tosti; A. K. Tzioumis; J W  (1772 - 1847) Wilms; J. A. Zensus,Purdue e-Pubs (Purdue University System)
10.1051/0004-6361/200912724,2010,TANAMI: tracking active galactic nuclei with austral milliarcsecond interferometry,Mt Pleasant VLBI,R. Ojha; M. Kadler; M. Böck; R. Booth; M. S. Dutka; P. G. Edwards; A. L. Fey; L. Fuhrmann; R. A. Gaume; H. Hase; S. Horiuchi; D. L. Jauncey; K. J. Johnston; U. Katz; M. Lister; J. E. J. Lovell; C. Müller; C. Plötz; J. F. H. Quick; E. Ros; G. B. Taylor; D. J. Thompson; S. J. Tingay; G. Tosti; A. K. Tzioumis; J. Wilms; J. A. Zensus,Astronomy and Astrophysics
10.48550/arxiv.0912.3810,2009,TANAMI - Tracking Active Galactic Nuclei with Austral Milliarcsecond Interferometry,Mt Pleasant VLBI,C. Mueller; M. Kadler; R. Ojha; Moritz Boeck; R. S. Booth; M. Dutka; P. Edwardsk; A. L. Fey; L. Fuhrmann; H. Häse; S. Horiuchi; D. L. Jauncey; K. J. Johnston; U. Katz; M. L. Lister; J. E. J. Lovell; C. Ploetz; J. F. H. Quick; E. Ros; G. B. Taylor; D. J. Thompson; S. J. Tingay; G. Tosti; A. K. Tzioumisk; J. Wilms; J. A. Zensus,Springer Link (Chiba Institute of Technology)
10.1051/0004-6361:20035855,2005,A general catalogue of 6.7-GHz methanol masers,Mt Pleasant VLBI,M. R. Pestalozzi; V. Minier; R. S. Booth,Astronomy and Astrophysics
10.1071/as03023,2003,Variability in GPS Sources,Mt Pleasant VLBI,D. L. Jauncey; Edward King; Hayley Bignall; J. E. J. Lovell; Lucyna Kedziora‐Chudczer; A. K. Tzioumis; S. J. Tingay; Jean‐Pierre Macquart; P. M. McCulloch,Publications of the Astronomical Society of Australia
10.1017/s0252921100044936,1998,A VLBI Survey of 461 Southern Flat Spectrum Sources,Mt Pleasant VLBI,E. A. King; J. E. J. Lovell; S. P. Ellingsen; M. E. Costa; P. M. McCulloch; J. E. Reynolds; D. L. Jauncey,International Astronomical Union Colloquium
10.22541/essoar.176790173.31128656/v1,2026,Ambient Noise Tomography beneath the Banda Basin reveals new insights into the Arc-Continent Collision Zone,AusPass | Australian Seismometers in Schools,Hoang Anh Nguyen; Daniel Manu-Marfo; Abdelkrim Aoudia,
10.1093/gji/ggaf522,2025,Splitting constraints in regions with sparse coverage: uniformly processed PS measurements from a massive global data set,AusPass,Jonathan Wolf; Barbara A Romanowicz; John D West,Geophysical Journal International
10.1101/2025.11.18.25339671,2025,Gait Analysis for Thigh-Worn Accelerometry A Data Processing Pipeline using Data-Driven Approaches,AusPass,Claas Lendt; Martin Grimmer; Ingo Froboese; Tom Stewart,medRxiv
10.26443/seismica.v4i2.1738,2025,A Global-scale Database of Seismic Phases from Cloud-based Picking at Petabyte Scale,AusPass,Yiyu Ni; Marine Denolle; Amanda M. Thomas; Angus Hamilton; Jannes Münchmeyer; Yinzhi Wang; Loïc Bachelot; Chad Trabant; David Mencin,Seismica
10.1029/2025gl115218,2025,Unzipping of the Conjugate Fault System During the 2024 Mw7.4 Hualien Earthquake,AusPass | Australian Seismometers in Schools,Liuwei Xu; Lingsen Meng; Wenbin Xu; Yen‐Yu Lin; Jianghui Geng; Saeed Mohanna; Grant Kawamoto,Geophysical Research Letters
10.1029/2024jb031032,2025,Investigating the Characteristics of Microseisms Using the Australian Seismic Arrays,AusPass,Abhay Pandey; ‪Hrvoje Tkalčić; Xiaolong Ma,Journal of Geophysical Research Solid Earth
10.1093/gji/ggaf172,2025,Shallow Earth structure from P-wave coda autocorrelation using particle swarm optimization,AusPass,Jinju Zhou; ‪Hrvoje Tkalčić,Geophysical Journal International
10.29303/jppipa.v11i4.10870,2025,Seismic Attenuation Characteristics in Sumba Island Based on Coda Wave Analysis,AusPass,Ayu Puput Ariyanti; Titi Anggono; Aditya Dwi Prasetio; Kartika Hajar Kirana,Jurnal Penelitian Pendidikan IPA
10.22541/au.174283901.11961751/v1,2025,Towards back-projection earthquake rupture imaging with ocean bottom distributed acoustic sensing,AusPass | Australian Seismometers in Schools,Yuqing Xie; Jean‐Paul Ampuero; Martijn van den Ende; Alister Trabattoni; Marie Baillet; Diane Rivet,
10.48550/arxiv.2411.15613,2024,On extracting coherent seismic wavefield using variational symmetric autoencoders,AusPass,Pawan Bharadwaj,arXiv (Cornell University)
10.1093/gji/ggae070,2024,Sediment thickness across Australia from passive seismic methods,AusPass | Australian Seismometers in Schools,Augustin Marignier; C. M. Eakin; Babak Hejrani; Shubham Agrawal; Rakib Hassan,Geophysical Journal International
10.1029/2023gl105464,2024,Identification of Rare Multiple Core‐Mantle Boundary Reflections PmKP Up To P7KP With Deep Learning,AusPass | Australian Seismometers in Schools,Sheng Dong; Yulin Chen; Baolong Zhang; Sidao Ni; Xiaofei Chen; Yi Wang,Geophysical Research Letters
10.26443/seismica.v2i2.389,2023,Local station correlation: large N-arrays and DAS,AusPass,B. L. N. Kennett; Chengxin Jiang; Krystyna Smolinski,Seismica
10.1029/2022gc010782,2023,Multigenetic Origin of the X‐Discontinuity Below Continents: Insights From African Receiver Functions,AusPass,Stephen Pugh; Alistair Boyce; I. D. Bastow; C. J. Ebinger; Sanne Cottaar,Geochemistry Geophysics Geosystems
10.1029/2022jb025866,2023,Seismic Azimuthal Anisotropy Beneath a Fast Moving Ancient Continent: Constraints From Shear Wave Splitting Analysis in Australia,AusPass,Kailun Ba; Stephen S. Gao; Jianguo Song; Kelly H. Liu,Journal of Geophysical Research Solid Earth
10.31223/x5132h,2021,"The seismic wavefield as seen by Distributed Acoustic Sensing (DAS) arrays: local, regional and teleseismic sources",AusPass,B. L. N. Kennett,
10.5281/zenodo.7690830,2021,Simultaneous inversion of teleseismic P- and converted S-waves to constrain the seismic structure of the crust,AusPass,Mehdi Tork Qashqai; Erdinc Saygin,Zenodo (CERN European Organization for Nuclear Research)
10.31223/osf.io/d4g9x,2019,Empirical Green’s Function Retrieval using Cross-correlation of Ambient Noise Correlations (C2),AusPass,Yunfeng Chen; Erdinc Saygin,
10.1007/s00398-008-0623-7,2008,Ist das SIRS/Sepsis-Syndrom in der Herzchirurgie Folge der extrakorporalen Zirkulation und damit unvermeidlich?,AusPass,Udo Boeken; P. Feindt,Zeitschrift für Herz- Thorax- und Gefäßchirurgie
10.23960/jge.v11i3.505,2026,PHASE TENSOR AND MODELING OF MAGNETOTELLURIC DATA TO DETECT FAULT STRUCTURES IN ETHERIDGE AREA,AusLAMP,Deo Rizqiqa Fawwaz; Selvi Misnia Irawati; Purwaditya Nugraha,JGE (Jurnal Geofisika Eksplorasi)
10.3390/min16030260,2026,Evaluating Sparse Magnetotelluric Arrays for Imaging Deep Volcanic Plumbing Systems: Insights from Sensitivity and PSF Analyses,AusLAMP,Yabin Li; Yu Tang; Shuai Qiao; Yunhe Liu; Weijie Guan; Chuncheng Li; Dajun Li,Minerals
10.1029/2025jb031671,2026,"Regional Three‐Dimensional Magnetotelluric Electrical Resistivity Model of the Manica Greenstone Belt, Western Mozambique",AusLAMP,Joao Jr. J. Castelo; Thorkild M. Rasmussen; Maxim Smirnov; Salvador Mondlane; Daúd Jamal,Journal of Geophysical Research Solid Earth
10.1029/2025gl118189,2025,"Magnetotelluric Imaging of a Magma Plumbing System From the Asthenosphere to Crust Beneath the Newer Volcanic Province, Australia",AusLAMP,Xinpeng Ma; Yunhe Liu; Changchun Yin; Haibin Yang; Zhihao Rong; J. Y. Li; Lutz Gross; Yabin Li,Geophysical Research Letters
10.1029/2025sw004665,2025,The Relationship Between the Magnetometer Data Derived GIC Index and Measured GIC in High Voltage Transformers in Australia,AusLAMP,C. L. Waters; R. A. Marshall,Space Weather
10.22541/essoar.176536561.12572039/v1,2025,The relationship between the magnetometer data derived GIC index and measured GIC in high voltage transformers in Australia,AusLAMP,C. L. Waters; R. A. Marshall,
10.3389/feart.2025.1677791,2025,Editorial: Advances in magnetotelluric imaging,AusLAMP,Bo Yang; Ying Liu,Frontiers in Earth Science
10.1029/2024jb030346,2025,"Long Period Magnetotelluric Measurements in Southern South Island, New Zealand: The Resistivity Structure of Eastern Province Terranes",AusLAMP,M. Ingham; Kristin Pratscher; Wiebke Heise; E. A. Bertrand; Mikhail Kruglyakov,Journal of Geophysical Research Solid Earth
10.47599/bsdg.v20i1.488,2025,DELINEASI PROSPEK PANAS BUMI DI KAWASAN WISATA AIR PUTIH KABUPATEN LEBONG BENGKULU MENGGUNAKAN METODE MAGNETOTELURIK,AusLAMP,Della Zakia Soleha; Muchammad Farid; Refrizon Refrizon; Rina Maesaroh Maesaroh; Meno Hardianza; Basdiki Hasugian; Jessica Agnes Soroinama Gea; Andre Rahmat Al Ansory,Buletin Sumber Daya Geologi
10.32390/ksmer.2025.62.3.312,2025,A Review of Hydrogen systems and Exploration Methodologies for Natural Hydrogen Exploration,AusLAMP,Juhwan Woo; Won-Ki Kim; Chul Woo Rhee; Seungyeol Lee,Journal of the Korean Society of Mineral and Energy Resources Engineers
10.1093/gji/ggaf199,2025,Lithosphere in digital twins of the Earth,AusLAMP,Pankaj K. Mishra,Geophysical Journal International
10.1029/2024jb030405,2025,Magnetotelluric Adaptive Inversion Using Multi‐Resolution Tetrahedral Grids: Application to the North China Craton,AusLAMP,Huang Chen; Zhengyong Ren; Jingtian Tang,Journal of Geophysical Research Solid Earth
10.1016/j.lithos.2025.108039,2025,"Metasomatic controls on the chemical and isotopic composition of zoned clinopyroxene xenocrysts from the Mount Hope kimberlite, Gawler Craton, Australia",AusLAMP,Z. J. Sudholz; Olivier Alard; A. L. Jaques; Gregory M. Yaxley; Yoann Gréau; C. Frigo,Lithos
10.31223/x5gx2t,2024,Imaging a buried terrane with district-scale ambient noise tomography and gravity modelling: insights for scale-reduction in mineral exploration,AusLAMP,Anthony Reid; Nicholas Smith; Adebajo Ojo; Stephen Barber; D.C. Menzies; Gerrit Olivier,
10.1029/2024sw003907,2024,Modeling GIC in the Southern South Island of Aotearoa New Zealand Using Magnetotelluric Data,AusLAMP,Kristin Pratscher; M. Ingham; Daniel H. Mac Manus; Mikhail Kruglyakov; Wiebke Heise; Craig J. Rodger; T. Divett; E. A. Bertrand; Michael D Dalzell; J. B. Brundell,Space Weather
10.1007/s10712-023-09813-9,2024,Unravelling the Electrical Conductivity of Earth and Planets,AusLAMP,Alexander Grayver,Surveys in Geophysics
10.1029/2023gc011191,2024,Role of Metasomatism in the Development of the East African Rift at the Northern Tanzanian Divergence: Insights From 3D Magnetotelluric Modeling,AusLAMP,Sinan Özaydın; Kate Selway; Stephen Foley; Isra Ezad; William L. Griffin; Pascal Tarits; Sophie Hautot,Geochemistry Geophysics Geosystems
10.21203/rs.3.rs-3415320/v1,2023,"WITHDRAWN: Geoelectric Structure of Yalova-termal Town Bymagnetotelluric Data, Northwestern Turkey",AusLAMP,Fatih Sevim; Ertan Pekşen; Aynur Dikbaş,Research Square
10.1029/2023gc011120,2023,"Petrology, Age, and Rift Origin of Ultramafic Lamprophyres (Aillikites) at Mount Webb, a New Alkaline Province in Central Australia",AusLAMP,Z. J. Sudholz; T Reddicliffe; A. L. Jaques; Gregory M. Yaxley; Marcus Haynes; A. Gorbatov; Karol Czarnota; C. Frigo; Roland Maas; Brett Knowles,Geochemistry Geophysics Geosystems
10.1080/14432471.2023.2265618,2023,Artificial intelligence versus intelligence lost,AusLAMP | EarthByte | National Virtual Core Library,Phil Schmidt; P Blackett; S Boone; M Quigley; P Betts; M Miller; T Rawling; J Cloutier; A Ford; D Huston; M Doublier; A Schofield; K Waltenberg; P De Caritat; G Fraser; E Beyer; E Bastrakov; K Czarnota; I Senanayake; A Kiem; G Hancock; V Metelka; C Folkes; P Blevin; A Budd; J Van Dijk; J Wilford; P De Caritat; S Basak,Preview
10.1080/14432471.2023.2263939,2023,Geoscience Australia: News,AusLAMP,,Preview
10.1080/14432471.2023.2263946,2023,Mineral Resources Tasmania: New state-wide 3D geological model,AusLAMP,,Preview
10.3390/rs15164074,2023,A Spatial Data-Driven Approach for Mineral Prospectivity Mapping,AusLAMP,I.P. Senanayake; Anthony S. Kiem; Gregory Hancock; Václav Metelka; Chris B. Folkes; Phillip L. Blevin; Anthony Budd,Remote Sensing
10.1080/08123985.2023.2246492,2023,"Application of audio-frequency magnetotelluric data to cover characterisation – validation against borehole petrophysics in the East Tennant region, Northern Australia",AusLAMP,Wenping Jiang; Ian C. Roach; Michael P. Doublier; Jingming Duan; A. Schofield; Andrew Clark; Ross C. Brodie,Exploration Geophysics
10.1080/08123985.2023.2222766,2023,"Bayesian fusion of MT and AEM probabilistic models with geological data: examples from the eastern Gawler Craton, South Australia",AusLAMP,Hoël Seillé; Stephan Thiel; Kate Brand; Shane Mulè; Gerhard Visser; Adrian Fabris; Tim Munday,Exploration Geophysics
10.1007/s00024-023-03323-w,2023,Magnetotelluric Power Line Noise Removal Using Temporally Varying Sinusoidal Subtraction of the Grid Utility Frequency,AusLAMP,Radek Klanica; Josef Pek; Graham J. Hill,Pure and Applied Geophysics
10.1186/s40623-023-01832-5,2023,A simple method to evaluate the uncertainty of magnetotelluric forward modeling for practical three-dimensional conductivity structure models,AusLAMP,Kiyoshi Baba,Earth Planets and Space
10.5281/zenodo.7988926,2023,The nature of the Carpentaria Conductivity Anomaly,AusLAMP,"Janelle Simpson; Brown, Dominic",Zenodo (CERN European Organization for Nuclear Research)
10.31223/x5gd31,2023,Lithospheric structure and melting processes in southeast Australia: new constraints from joint probabilistic inversions of 3D magnetotelluric and seismic data,AusLAMP,Maria Manassero; Sinan Özaydın; Juan Carlos Afonso; Joshua Shea; Alison Kirkby; Isra Ezad; Stephan Thiel; Ilya Fomin; Karol Czarnota,
10.1007/s00126-022-01153-9,2022,Zinc on the edge—isotopic and geophysical evidence that cratonic edges control world-class shale-hosted zinc-lead deposits,AusLAMP,David L. Huston; D.C. Champion; Karol Czarnota; Jingming Duan; Matthew Hutchens; S J Paradis; Mark Hoggard; Bryant Ware; G. M. Gibson; Michael P. Doublier; Karen D. Kelley; Anne E. McCafferty; N Hayward; Fred Richards; Svetlana Tessalina; Graham Carr,Mineralium Deposita
10.21203/rs.3.rs-2270559/v1,2022,A simple method to evaluate the uncertainty of magnetotelluric forward modeling for practical three-dimensional conductivity structure models,AusLAMP,Kiyoshi Baba,Research Square (Research Square)
10.31223/x53s9p,2022,Lithospheric structure and melting processes in southeast Australia: new constraints from joint probabilistic inversions of 3D magnetotelluric and seismic data,AusLAMP,Maria Manassero; Sinan Özaydın; Juan Carlos Afonso; Joshua Shea; Stephan Thiel; Alison Kirkby; Ilya Fomin; Karol Czarnota,
10.1029/2022gc010558,2022,"Multi‐Stage Evolution of the South Australian Craton: Petrological Constraints on the Architecture, Lithology, and Geochemistry of the Lithospheric Mantle",AusLAMP,Z. J. Sudholz; Gregory M. Yaxley; A. L. Jaques; S. A. Cooper; Karol Czarnota; Wayne R. Taylor; J. Chen; Brett Knowles,Geochemistry Geophysics Geosystems
10.1007/s13563-022-00325-3,2022,Metallogenic models as the key to successful exploration — a review and trends,AusLAMP,W. Pohl,Mineral Economics
10.1029/2021gl096336,2022,Deciphering the State of the Lower Crust and Upper Mantle With Multi‐Physics Inversion,AusLAMP,Max Moorkamp,Geophysical Research Letters
10.3390/min12050504,2022,Improved Integral Equation Method for Rapid 3-D Forward Modeling of Magnetotelluric,AusLAMP,Tianya Luo; Longwei Chen; Xiangyun Hu,Minerals
10.1029/2021jb023117,2022,Probing the Southern African Lithosphere With Magnetotellurics—Part I: Model Construction,AusLAMP,Max Moorkamp; Sinan Özaydın; Kate Selway; Alan G. Jones,Journal of Geophysical Research Solid Earth
10.5281/zenodo.7687156,2021,"Towards a 3D model of the South-Nicholson Basin region, Northern Australia, for mineral, energy and groundwater assessment",AusLAMP,Nadège Rollet; Michael P. Doublier; Chris Southby; Chris Carson; Ross Costelloe; T. Fomin; Yusen Ley Cooper; Lidena Carr; M.‐A. Bonnardot; John Wilford; Sebastian Wong; Malcom Nicoll; Karol Czarnota; Donna Cathro; S. Hostetler,Zenodo (CERN European Organization for Nuclear Research)
10.5281/zenodo.7691216,2021,The resistivity structure of the Gidyea Suture and its relationship to the Carpentaria Conductivity Anomaly,AusLAMP,Janelle Simpson; Dominic Brown; Karen Connors,Zenodo (CERN European Organization for Nuclear Research)
10.5281/zenodo.7694050,2021,Deciphering the building blocks of the eastern North Australia Craton,AusLAMP,Karen Connors; Janelle Simpson; Dominic Brown,Zenodo (CERN European Organization for Nuclear Research)
10.5281/zenodo.7690541,2021,Multi-scale magnetotelluric surveys - mapping from the lithosphere to the near surface for mineral systems,AusLAMP,Wenping Jiang; Jingming Duan; A. Schofield; Ross C. Brodie; Andrew Clark,Zenodo (CERN European Organization for Nuclear Research)
10.1093/gji/ggac029,2022,"Application of multiscale magnetotelluric data to mineral exploration: an example from the east Tennant region, Northern Australia.",AusLAMP,Wenping Jiang; Jingming Duan; Michael Doublier; Andrew Clark; Anthony Schofield; Ross C Brodie; James Goodwin,Geophysical Journal International
10.1029/2023jb027260,2024,A Decade of Short‐Period Earthquake Rupture Histories From Multi‐Array Back‐Projection,Australian Seismometers in Schools,Felipe Vera; Frederik Tilmann; Joachim Saul,Journal of Geophysical Research Solid Earth
10.3390/educsci13111088,2023,"Educational Seismology through an Immersive Virtual Reality Game: Design, Development and Pilot Evaluation of User Experience",Australian Seismometers in Schools,Vaia Maragkou; Maria Rangoussi; I. Kalogeras; Νikolaos S. Melis,Education Sciences
10.22541/essoar.168748471.16881949/v1,2023,Expanding the Range of Back-Projections: Core Phase Approach for Southern Hemisphere Earthquake Imaging,Australian Seismometers in Schools,Liuwei Xu; Lingsen Meng,
10.1029/2022jb025936,2023,Understanding the Rupture Kinematics and Slip Model of the 2021 Mw 7.4 Maduo Earthquake: A Bilateral Event on Bifurcating Faults,Australian Seismometers in Schools,Liuwei Xu; Zhang Yunjun; Chen Ji; Lingsen Meng; E. J. Fielding; Robert Zinke; Han Bao,Journal of Geophysical Research Solid Earth
10.1002/essoar.10511643.2,2023,Understanding the Rupture Kinematics and Slip Model of the 2021 Mw 7.4 Maduo Earthquake: a Bilateral Event on Bifurcating Faults,Australian Seismometers in Schools,Liuwei Xu; Zhang Yunjun; Ji Chen; Lingsen Meng; E. J. Fielding; Robert Zinke; Han Bao,
10.1093/gji/ggab271,2021,Recording earthquakes for tomographic imaging of the mantle beneath the South Pacific by autonomous MERMAID floats,Australian Seismometers in Schools,Joel D. Simon; Frederik J. Simons; J. C. E. Irving,Geophysical Journal International
10.3389/feart.2020.00073,2020,Seismology at School in Nepal: A Program for Educational and Citizen Seismology Through a Low-Cost Seismic Network,Australian Seismometers in Schools,Shiba Subedi; György Hetényi; Paul Denton; Anne Sauron,Frontiers in Earth Science
10.3389/feart.2020.00009,2020,Seismometers Within Cities: A Tool to Connect Earth Sciences and Society,Australian Seismometers in Schools,Jordi Díaz; Martín Schimmel; Mario Ruiz; R. Carbonell,Frontiers in Earth Science
10.1051/matecconf/202033101001,2020,"Increasing seismic hazard and risk awareness in Central Sulawesi, Indonesia: Seismometers in Schools Pilot Programme",Australian Seismometers in Schools,Richard Woods; Michele Daly; Agung Setianto; Esti Anantasari; Richard D. Johnson,MATEC Web of Conferences
10.5194/gc-2-143-2019,2019,Education and public engagement using an active research project: lessons and recipes from the SEA-SEIS North Atlantic Expedition's programme for Irish schools,Australian Seismometers in Schools,Sergei Lebedev; Raffaele Bonadio; Clara Gómez-García; Janneke de Laat; Laura Bérdi; Bruna Chagas de Melo; Daniel Farrell; David L. Stalling; Céline Tirel; Louise Collins; Sadhbh McCarthy; Brendan O'Donoghue; Arne Schwenk; Mick Smyth; Christopher J. Bean; the SEA-SEIS Team,Geoscience Communication
10.5194/se-2019-125,2019,"The 2018 Lake Muir earthquake sequence, southwest Western Australia: rethinking Australian stable continental region earthquakes",Australian Seismometers in Schools,Dan Clark; Sarah Brennand; Gregory Brenn; Trevor I. Allen; Matthew C. Garthwaite; Sean Standen,
10.1029/2018jb016945,2019,"Interacting Intraplate Fault Systems in Australia: The 2012 Thorpdale, Victoria, Seismic Sequences",Australian Seismometers in Schools | Australian Geophysical Observing System,Januka Attanayake; Dan Sandiford; Lisa S. Schleicher; Abraham Jones; Gary Gibson; Mike Sandiford,Journal of Geophysical Research Solid Earth
10.1002/2015gl065345,2015,Stacking autocorrelograms to map Moho depth with high spatial resolution in southeastern Australia,Australian Seismometers in Schools,B. L. N. Kennett; Erdinc Saygin; M. Salmon,Geophysical Research Letters
10.1029/eost2010eo49,2010,"Eos, Transactions, American Geophysical Union Volume 91, Number 49, 7 December 2010",Australian Seismometers in Schools,M Quigley; P Villamor; K Furlong; J Beavan; Van Dissen; Litchfield; B Stahl; Duffy; D Bilderback; D Noble; Barrell; S Jongens; Cox; Anny Cazenave; Christina Cohen; John Geissman; Wendy Gordon; Carol Stein; Barbara Richman; M Lee; Roland Brgmann; Arlene Fiore; Nicola Fox; Michael Gooseff Hydrology; Seth Haines; Kristine Harper; Keith Koper; Seismology Xin-Zhong; Liang Global; Afu Lin; Stephen Macko; Stefan Geomagnetism; Jerry Paleomagnetism; Miller Ocean; Thomas Painter; Roger Pielke; Sr Natural; Hazards Len; Pietrafesa Societal; Michael Poland; Paul Renne Volcanology; Geochemistry; Susan Sakimoto; Sarah Shafer; Paleoclimatology Adrian; Tuck Nonlinear; Jeffrey Welker Biogeosciences; Earle Williams; Randy Showstack; Mohi Kumar; Ernie Tretkoff; Melissa Corso; Faith Ishii; Liz Castenson; Don Hendrickson; Brian Kelm; Valerie Bassett; Marisa Grotte; Carole Saylor; Christine Mcentee; J Beavan; S Samsonov; M Motagh; L Wallace; S Ellis; N Palmer; J Cousins; G Mcverry; P Forsyth; D Barrell; R Jongens; K Gledhill; M Quigley,Eos
10.3390/rs18050770,2026,Design and In-Orbit Validation of a Novel Compact Bidirectional Trapezoidal Reflector for X-Band Spaceborne SAR Absolute Radiometric Calibration,Australian Geophysical Observing System,Shiyu Sun; Yu Wang; H. Li; Xin Zhang,Remote Sensing
10.1002/eco.70140,2025,"Peatland Surface Motion: Terminology, Measurement Approaches, Models and Insights From a Global Dataset",Australian Geophysical Observing System,Ronny Seidel; Ullrich Dettmann; Bärbel Tiemeyer,Ecohydrology
10.26650/ijegeo.1694769,2025,"Suitable Storage Areas for Estimated Demolished Waste Using InSAR and GIS-Based AHP For Kahramanmaraş Earthquake, Türkiye",Australian Geophysical Observing System,Ahmet Genç; Levent Genç; Nilgün Ayman Öz; Ramazan Cüneyt Erenoğlu,International Journal of Environment and Geoinformatics
10.25140/2411-5363-2025-2(40)-463-471,2025,The orientation method of terrestrial corner reflectors for the satellite radar observation,Australian Geophysical Observing System,Д. Кухтар; L. Dorosh,TECHNICAL SCIENCES AND TECHNOLOGIES
10.1002/9781394218912.ch4,2024,Correlating: Passive and Active Software‐Defined Radio (SDR)–RADAR,Australian Geophysical Observing System,,Communication Systems Engineering with GNU Radio
10.1117/12.3037227,2024,Sentinel-1A assessment results from the use of permanent SAR corner reflectors in Cyprus by means of the CyCLOPS strategic infrastructure,Australian Geophysical Observing System,Dimitris Kakoullis; Kyriaki Fotiou; Nerea Ibarrola Subiza; Ramon Brcic; Michael Eineder; Chris Danezis,Tenth International Conference on Remote Sensing and Geoinformation of the Environment (RSCy2024)
10.3390/rs16101696,2024,An Advanced Quality Assessment and Monitoring of ESA Sentinel-1 SAR Products via the CyCLOPS Infrastructure in the Southeastern Mediterranean Region,Australian Geophysical Observing System,Dimitris Kakoullis; Kyriaki Fotiou; Nerea Ibarrola Subiza; Ramon Brcic; Michael Eineder; Chris Danezis,Remote Sensing
10.22761/gd.2024.0002,2024,Evaluation of Calibration Using Corner Reflector with Ground-Based Interferometric Radar,Australian Geophysical Observing System,Je-Yun Lee; Jeong-Heon Ju; Sang‐Hoon Hong,GEO DATA
10.1016/j.ultras.2023.106999,2023,"A new retroreflector named “quatriplan” based on the corner-cube principle, for advanced ultrasonic telemetry applications",Australian Geophysical Observing System,Marie-Aude Ploix; Cécile Gueudre; G. Corneloup; François Baqué,Ultrasonics
10.3390/rs14143251,2022,"Nationwide, Operational Sentinel-1 Based InSAR Monitoring System in the Cloud for Strategic Water Facilities in Hungary",Australian Geophysical Observing System,Levente Ronczyk; András Zelenka-Hegyi; Gábor Török; Zoltán Orbán; Marco Defilippi; István Péter Kovács; Dániel Márton Kovács; Péter Burai; Paolo Pasquali,Remote Sensing
10.5194/isprs-archives-xliii-b3-2022-285-2022,2022,INTERFEROMETRIC SAR DEFORMATION MONITORING USING PASSIVE REFLECTORS AND ASCENDING AND DESCENDING PASSES,Australian Geophysical Observing System,Natalia Kotulak; M. Mleczko; Michele Crosetto; R. Palamà; M. Mróz,"The international archives of the photogrammetry, remote sensing and spatial information sciences/International archives of the photogrammetry, remote sensing and spatial information sciences"
10.3390/rs14041020,2022,Considerations and Multi-Criteria Decision Analysis for the Installation of Collocated Permanent GNSS and SAR Infrastructures for Continuous Space-Based Monitoring of Natural Hazards,Australian Geophysical Observing System,Dimitris Kakoullis; Kyriaki Fotiou; George Μelillos; Chris Danezis,Remote Sensing
10.1109/tgrs.2022.3140290,2022,Concurrent Imaging for TerraSAR-X: Wide-Area Imaging Paired With High-Resolution Capabilities,Australian Geophysical Observing System,Thomas Kraus; João Pedro Turchetti Ribeiro; Markus Bachmann; Ulrich Steinbrecher; Christo Grigorov,IEEE Transactions on Geoscience and Remote Sensing
10.35180/gse-2021-0061,2021,Testing Polygon for Simulated Vertical Displacement Measurements based on Co-located InSAR Corner Reflector and GNSS Station,Australian Geophysical Observing System,Juraj Struhár; Michal Kačmařík; Ivana Hlaváčová; Milan Lazecký; Petr Rapant,GeoScience Engineering
10.1515/jag-2020-0040,2021,Investigating GNSS multipath effects induced by co-located Radar Corner Reflectors,Australian Geophysical Observing System,Thomas Fuhrmann; Matthew C. Garthwaite; S. McClusky,Journal of Applied Geodesy
10.3390/rs13050926,2021,GECORIS: An Open-Source Toolbox for Analyzing Time Series of Corner Reflectors in InSAR Geodesy,Australian Geophysical Observing System,Richard Czikhardt; Hans van der Marel; Juraj Papčo,Remote Sensing
10.5194/amt-13-6853-2020,2020,Absolute calibration method for frequency-modulated continuous wave (FMCW) cloud radars based on corner reflectors,Australian Geophysical Observing System,Felipe Toledo; Julien Delanoe͏̈; Martial Haeffelin; Jean‐Charles Dupont; Susana Jorquera; Christophe Le Gac,Atmospheric measurement techniques
10.24425/gac.2020.131079,2020,Monitoring of displacements and deformations of the earth’s surface near the Stebnyk city using radar images of Sentinel-1,Australian Geophysical Observing System,I. ТREVOHO; B. CHETVERIKOV; Lyubov Babiy; M. Malanchuk,Geodesy and Cartography
10.1016/j.ultras.2020.106149,2020,Acoustical properties of an immersed corner-cube retroreflector alone and behind screen for ultrasonic telemetry applications,Australian Geophysical Observing System,Marie-Aude Ploix; Pierre Kauffmann; Jean François Chaix; Ivan Lillamand; François Baqué; G. Corneloup,Ultrasonics
10.5194/amt-2019-498,2020,Absolute Calibration method for FMCW Cloud Radars,Australian Geophysical Observing System,Felipe Toledo; Julien Delanoe͏̈; Martial Haeffelin; Jean‐Charles Dupont,
10.30699/jsst.2020.1159,2019,Design of a Multiband and Wide Angle Reflector,Australian Geophysical Observing System,Mojtaba Behzad Fallahpour; Hamid Dehghani; Ali Jabbar Rashidi; Abbas Sheikhi,Faṣlnāmah-i ̒ulūm va fanāvarī-i faz̤āyī/Faṣlnāmah-i ̒ulūm va fanāvarī-i faz̤āyī
10.1038/s41467-019-10326-6,2019,A corner reflector of graphene Dirac fermions as a phonon-scattering sensor,Australian Geophysical Observing System,H. Graef; Quentin Wilmart; Michaël Rosticher; D. Mele; Luca Banszerus; Christoph Stampfer; Takashi Taniguchi; Kenji Watanabe; Jean‐Marc Berroir; Erwann Bocquillon; Gwendal Fève; Edwin Hang Tong Teo; Bernard Plaçais,Nature Communications
10.1680/icsic.64669.639,2019,Waterloo Bridge Monitoring: Comparing Measurements from Earth and Space,Australian Geophysical Observing System,Sivasakthy Selvakumaran; Graham T. Webb; John Bennetts; Campbell Middleton; Cristian Rossi,International Conference on Smart Infrastructure and Construction 2019 (ICSIC)
10.1130/abs/2019am-332308,2019,STRUCTURAL AND GEOCHRONOLOGICAL CONSTRAINTS ON THE EARLY VARISCAN EVOLUTION OF THE EASTERN MOROCCAN MESETA,Australian Geophysical Observing System,Cristina Accotto; David Jesús Martinez Poyatos; António Azor; A. Jabaloy,Abstracts with programs - Geological Society of America
10.4225/55/5af268123e1e9,2017,The resistivity and permeability of fractured rocks,Australian Geophysical Observing System,Alison Kirkby,Adelaide Research & Scholarship (AR&S) (University of Adelaide)
10.1038/s41467-026-70649-z,2026,Phanerozoic seawater Mg/Ca variations driven by supercontinent cycles.,EarthByte,Pan Zhang; Mark A. Kendrick; Yigui Han; Long Ma; Kang-Jun Huang,Nature Communications
10.3390/jmse14050441,2026,Carbon and Oxygen Isotope Records of Icehouse Climate Variability During the Late Paleozoic Ice Age,EarthByte,Xinbei Liu; Mianmo Meng; Qinyu Cui; You Lü; Xianzhang Yang; Xianzhang Yang; Zicheng Cao; Kong Deng; Kong Deng; Wenqi Sun; Yangbo Lu; Yangbo Lu,Journal of Marine Science and Engineering
10.3390/d18020083,2026,Morphological Disparity and Evolutionary Radiation of Early Actinopterygians Through the Devonian–Carboniferous Crisis,EarthByte | GPlates,Olivia Vanhaesebroucke; Richard Cloutier,Diversity
10.1029/2025gl119743,2026,Mo Isotopic Records Imply Persistent Ocean Oxygenation in the Deep Southwest Pacific During the Early Cenozoic Warming Period,EarthByte | GPlates,Xiaowen Liu; Xiaole Sun; Yi Huang; Weidong Sun; Yuchen Li; Yufei Hao; Sifan Wu; Le Li; Jing Huang,Geophysical Research Letters
10.21203/rs.3.rs-8246233/v1,2026,The Deep Earth Origin of the Great Unconformity,EarthByte,Nicolas Flament; Santosh Dhungana,Research Square
10.1144/geosci-35-4,2025,Winter 2025,EarthByte | GPlates,,Geoscientist
10.1101/2025.11.08.687401,2025,"Phylogenomics and Fossilized Birth-Death Dating Reveals Extensive Post-Cretaceous Worldwide Diversification of Cicadidae (Hemiptera, Auchenorrhyncha)",EarthByte | GPlates,Mark Stukel; Nicholas J. Matzke; Jordan Douglas; Tatiana Petersen Ruschel; Stéphane Puissant; Benjamin Price; Martin H. Villet; Alan R. Lemmon; Emily Moriarty Lemmon; Chris Simon,bioRxiv (Cold Spring Harbor Laboratory)
10.1029/2024jb030931,2025,Seismic Waveform Inversion for 3‐D S‐ and P‐Wave Velocity Structure in D″ Beneath Central America and the Caribbean: Evidence for Chemical Heterogeneity Due To MORB Accumulation,EarthByte,Rei Sato; Kenji Kawai; Robert J. Geller,Journal of Geophysical Research Solid Earth
10.5194/egusphere-2025-3283,2025,An explainable semi-supervised deep learning framework for mineral prospectivity mapping: DEEP-SEAM v1.0,EarthByte,Zijing Luo; Ehsan Farahbakhsh; Stephen Hore; R. Dietmar Müller,
10.1111/zsc.70019,2025,"Out‐of‐Africa: Origin of the Disjunct Distribution of Paleotropical Eneopterinae Crickets (Gryllidae, Xenogryllini)",EarthByte,ZHE-YUAN YU; Jihong Dong; Sylvain Hugel; RANJANA JAISWARA; ZHU-QING HE; Tony Robillard; Gaël J. Kergoat,Zoologica Scripta
10.30958/ajpia.1-3-2,2025,Evaluating the Egyptian Flood Mitigation toward Resilience,EarthByte,Hadeel El Naggar; May Newisar,Athens Journal of Politics & International Affair
10.30958/ajpia_v1i3,2025,Untitled,EarthByte,,Athens Journal of Politics & International Affair
10.1038/s43247-025-02482-z,2025,Large volcanic eruptions are mostly sourced above mobile basal mantle structures,EarthByte,Annalise Cucchiaro; Nicolas Flament; Maëlis Arnould; Noel Cressie,Communications Earth & Environment
10.1038/s41559-025-02767-8,2025,Climate drivers and palaeobiogeography of lagerpetids and early pterosaurs,EarthByte,Davide Foffa; Emma M. Dunne; Alfio Alessandro Chiarenza; Brenen M. Wynd; Alex Farnsworth; Daniel J. Lunt; Paul J. Valdes; Sterling J. Nesbitt; Ben T. Kligman; Adam D. Marsh; William G. Parker; Richard J. Butler; Nicholas C. Fraser; Stephen L. Brusatte; Paul M. Barrett,Nature Ecology & Evolution
10.1111/bre.70037,2025,Reconciling Geologic and Paleotopographic Constraints on Source‐to‐Sink Sediment Fluxes: An Example From the Bartonian Pyrenees,EarthByte,X. Q. Yan; Alexander C. Whittaker; Benjamin Gréselle,Basin Research
10.1029/2024jb030404,2025,Machine Learning and Big Data Mining Reveal Earth's Deep Time Crustal Thickness and Tectonic Evolution: A New Chemical Mohometry Approach,EarthByte,Jianping Zhou; Ehsan Farahbakhsh; Simon Williams; Xiaohui Li; Yongjiang Liu; Sanzhong Li; R. Dietmar Müller,Journal of Geophysical Research Solid Earth
10.32782/geochasvnu.2025.5.04,2025,ПОХОДЖЕННЯ ТА РОЗВИТОК РІЧКОВОЇ МЕРЕЖІ В СУББАСЕЙНІ СЕРЕДНЬОГО ДНІПРА В АНТРОПОГЕНОВИЙ ПЕРІОД,EarthByte,Сергій Петрович Сарнавський; Віктор Маркович Закалюжний; V. Grebin; В’ячеслав Єрмаков; Євгеній Вікторович Копилець,Geografìčnij časopis Volinsʹkogo nacìonalʹnogo unìversitetu ìmenì Lesì Ukraïnki.
10.21275/sr25401175906,2025,"Overview of Plate Tectonic Reconstruction, a Key Element of Modern-Day Petroleum Exploration",EarthByte,Pratap V Nair,International Journal of Science and Research (IJSR)
10.1038/s43247-025-02071-0,2025,Narrow intermediate-depth seismogenic band related to flexural strain in relatively dry Peruvian flat slab,EarthByte,L. M. Zeng; Lingling Ye; Huajian Yao; Wei Liu; Daojun Si; Thorne Lay; Ting Yang,Communications Earth & Environment
10.1029/2024gc012020,2025,A Model Framework for Scaling Pre‐Quaternary Cosmogenic Nuclide Production Rates,EarthByte,M. Mijjum; Katie E Bristol; Richard K. Bono; Courtney J. Sprain; Nathaniel A. Lifton; Marissa M. Tremblay,Geochemistry Geophysics Geosystems
10.1029/2023tc008207,2025,The Role of Orogenic Collapse on Tectonic Inheritance of Passive Continental Margins,EarthByte,Jeffrey C. Pollock,Tectonics
10.1017/pab.2024.20,2024,Marine biological responses to abrupt climate change in deep time,EarthByte,Wolfgang Kiessling; Carl J. Reddin; Elizabeth M. Dowding; Danijela Dimitrijević; Nussaïbah B. Raja; Ádám T. Kocsis,Paleobiology
10.1038/s41598-024-76508-5,2024,"Juxtaposed slab dehydration, decarbonation and seismotectonic variation beneath the Philippine subduction zone based on 3-D modeling",EarthByte,Ye Zhu; Yingfeng Ji; Weiling Zhu; Rui Qu; Haris Faheem; Chaodi Xie,Scientific Reports
10.1098/rspa.2024.0254,2024,Linking deep-time subduction history to modern day expressions of dynamic topography,EarthByte,C. M. Calvelage; Jonny Wu; Lorenzo Colli; Yi‐An Lin; Yingcai Zheng,Proceedings of the Royal Society A Mathematical Physical and Engineering Sciences
10.1098/rspa.2024.0311,2024,Dynamic topography and the planform of mantle convection since the Jurassic inferred from global continental hiatus maps,EarthByte,Berta Vilacı́s; Hamish Brown; Hans‐Peter Bunge; Sara Carena; Jorge N. Hayek; Ingo Stotz; Zhirui Ray Wang; Anke Friedrich,Proceedings of the Royal Society A Mathematical Physical and Engineering Sciences
10.32942/x2fs77,2024,The radiation and geographic expansion of euprimates through diverse climates,EarthByte,Jorge Avaria‐Llautureo; Thomas A. Püschel; Andrew Meade; Joanna Baker; Samuel L. Nicholson; Chris Venditti,
10.1038/s41467-024-51107-0,2024,Cenozoic India-Asia collision driven by mantle dragging the cratonic root.,EarthByte | GPlates,Yanchong Li; Lijun Liu; Sanzhong Li; Diandian Peng; Zebin Cao; Xinyu Li,Nature Communications
10.1029/2024gc011499,2024,Tectonic Reorganization of the Caribbean Plate System in the Paleogene Driven by Farallon Slab Anchoring,EarthByte,Ethan Conrad; Claudio Faccenna; Adam Holt; T. W. Becker,Geochemistry Geophysics Geosystems
10.5194/cp-20-1627-2024,2024,"Climate variability, heat distribution, and polar amplification in the warm unipolar “icehouse” of the Oligocene",EarthByte,Dominique Jenny; Tammo Reichgelt; Charlotte L. O’Brien; Xiaoqing Liu; Peter K. Bijl; Matthew Huber; Appy Sluijs,Climate of the past
10.1144/sp549-2024-18,2024,Northward drift of the Burma Terrane with India during the Cenozoic and implications for the India–Asia collision,EarthByte,Jan Westerweel; Pierrick Roperch; Zaw Win; Guillaume Dupont‐Nivet,Geological Society London Special Publications
10.1029/2024gl108347,2024,A Mid‐Lithospheric Discontinuity Detected Beneath 155 Ma Western Pacific Seafloor Using Sp Receiver Functions,EarthByte,K. X. Chen; Donald W. Forsyth; K. M. Fischer,Geophysical Research Letters
10.1126/science.adj5763,2024,Climate change is an important predictor of extinction risk on macroevolutionary timescales,EarthByte,Cooper Malanoski; Alex Farnsworth; Daniel J. Lunt; Paul J. Valdes; Erin E. Saupe,Science
10.5194/egusphere-2023-2738-ac2,2024,Reply on RC2,EarthByte,Dominique Jenny,
10.1007/s11430-023-1254-4,2024,Multi-spherical interactions and mechanisms of hydrocarbon enrichment in the Southeast Asian archipelagic tectonic system,EarthByte,Rixiang Zhu; Hongjun Wang; Huajian Wang; Xiaomei Wang; Bo Wan; Wang Zhang; Houqin Zhu; Yuke Liu; Junlai Liu; Qinren Meng; Fang Hao; Zhijun Jin,Science China Earth Sciences
10.46427/gold2024.23954,2024,Empowering Geochemical Exploration and Research: Lithodat’s Collaborative Data Platforms and Partnerships,EarthByte | AusGeochem,Fabian Kohlmann; Wayne Noble; Alejandra Bedoya Mejia; Romain Beucher; Moritz Theile,Goldschmidt2024 abstracts
10.1101/2023.12.21.572807,2023,Early Jurassic origin of avian endothermy and thermophysiological diversity in Dinosauria,EarthByte,Alfio Alessandro Chiarenza; Juan L. Cantalapiedra; Lewis A. Jones; Sara Gamboa; Sofía Galván; Alexander Farnsworth; Paul J. Valdes; Graciela Sotelo; Sara Varela,bioRxiv (Cold Spring Harbor Laboratory)
10.1038/s41598-023-48498-3,2023,Heterogeneous slab thermal dehydration driving warm subduction zone earthquakes,EarthByte,Ye Zhu; Yingfeng Ji; Lijun Liu; Weiling Zhu; Rui Qu; Chaodi Xie; Haris Faheem; Shoichi Yoshioka; Lin Ding,Scientific Reports
10.1038/s41586-023-06662-9,2023,Sublithospheric diamond ages and the supercontinent cycle.,EarthByte | GPlates,Suzette Timmerman; Thomas Stachel; Janne M Koornneef; Karen V Smit; Rikke Harlou; Geoff M Nowell; Andrew R Thomson; Simon C Kohn; Joshua H F L Davies; Gareth R Davies; Mandy Y Krebs; Qiwei Zhang; Sarah E M Milne; Jeffrey W Harris; Felix Kaminsky; Dmitry Zedgenizov; Galina Bulanova; Chris B Smith; Izaac Cabral Neto; Francisco V Silveira; Antony D Burnham; Fabrizio Nestola; Steven B Shirey; Michael J Walter; Andrew Steele; D Graham Pearson,Nature
10.1038/s41561-023-01259-3,2023,Climate extremes likely to drive land mammal extinction during next supercontinent assembly,EarthByte,Alexander Farnsworth; Y. T. Eunice Lo; Paul J. Valdes; Jonathan Buzan; Benjamin Mills; Andrew Merdith; Christopher R. Scotese; Hannah R. Wakeford,Nature Geoscience
10.1016/j.isci.2023.107936,2023,Variation in the thermal and dehydration regime below Central America: Insights for the seismogenic plate interface.,EarthByte,Rui Qu; Yingfeng Ji; Lijun Liu; Weiling Zhu; Ye Zhu; Chaodi Xie; Shoichi Yoshioka; Haris Faheem; Lin Ding,iScience
10.1016/j.isci.2023.107288,2023,Reestimation of slab dehydration fronts in Kuril-Kamchatka using updated global subduction zone thermal structures.,EarthByte,Weiling Zhu; Yingfeng Ji; Lijun Liu; Rui Qu; Ye Zhu; Chaodi Xie; Lin Ding,iScience
10.1073/pnas.2301018120,2023,Elevated atmospheric CO 2 drove an increase in tropical cyclone intensity during the early Toarcian hyperthermal,EarthByte,Qing Yan; Xiang Li; David B. Kemp; Jiaqi Guo; Zhongshi Zhang; Yongyun Hu,Proceedings of the National Academy of Sciences
10.1029/2023gl103553,2023,Photoferrotrophic Bacteria Initiated Plate Tectonics in the Neoarchean,EarthByte,Shengxing Zhang; Yiliang Li; Wei Leng; Michael Gurnis,Geophysical Research Letters
10.1038/s41597-023-02309-6,2023,Ocean Sciences with the Spilhaus Projection: A Seamless Ocean Map for Spatial Data Recognition.,EarthByte,Jie Chen; Tao Zhang; Masako Tominaga; Javier Escartin; Ruixin Kang,Scientific Data
10.1111/syen.12593,2023,"Evolution, systematics and historical biogeography of Palparini and Palparidiini antlions (Neuroptera: Myrmeleontidae): Old origin and in situ diversification in Southern Africa",EarthByte,Noémie M.‐C. Hévin; Gaël J. Kergoat; Anne‐Laure Clamens; Bruno Le Rü; M. W. Mansell; Bruno Michel,Systematic Entomology
10.1073/pnas.2524801122,2025,The moving mantle beneath Hawaii: A new look at an old bend.,EarthByte,R Dietmar Müller,Proceedings of the National Academy of Sciences
10.1038/s41467-025-63604-x,2025,Stability of the marine nitrogen cycle over the past 165 million years.,EarthByte,Linda V Godfrey; Anne Willem Omta; Eli Tziperman; Xiang Li; Yongyun Hu; Paul G Falkowski,Nature Communications
10.1126/sciadv.adm9798,2025,Phanerozoic icehouse climates as the result of multiple solid-Earth cooling mechanisms.,EarthByte | GPlates,Andrew S Merdith; Thomas M Gernon; Pierre Maffre; Yannick Donnadieu; Yves Goddéris; Jack Longman; R Dietmar Müller; Benjamin J W Mills,Science Advances
10.1038/s41467-024-46171-5,2024,Deep-sea hiatus record reveals orbital pacing by 2.4 Myr eccentricity grand cycles.,EarthByte,Adriana Dutkiewicz; Slah Boulila; R Dietmar Müller,Nature Communications
10.1029/2022je007492,2022,Episodic Plate Tectonics on Europa: Evidence for Widespread Patches of Mobile-Lid Behavior in the Antijovian Hemisphere.,EarthByte | GPlates,Geoffrey C Collins; G Wesley Patterson; Charlene E Detelich; Louise M Prockter; Simon A Kattenhorn; Catherine M Cooper; Alyssa R Rhoden; Benjamin B Cutler; Samantha R Oldrid; Reid P Perkins; Craig A Rezza,Journal of Geophysical Research: Planets
10.1038/s41586-022-04932-6,2022,Post-extinction recovery of the Phanerozoic oceans and biodiversity hotspots.,EarthByte | GPlates,Pedro Cermeño; Carmen García-Comas; Alexandre Pohl; Simon Williams; Michael J Benton; Chhaya Chaudhary; Guillaume Le Gland; R Dietmar Müller; Andy Ridgwell; Sergio M Vallina,Nature
10.1038/s41586-022-04420-x,2022,Evolution of Earth's tectonic carbon conveyor belt.,EarthByte,R Dietmar Müller; Ben Mather; Adriana Dutkiewicz; Tobias Keller; Andrew Merdith; Christopher M Gonzalez; Weronika Gorczyk; Sabin Zahirovic,Nature
10.1016/j.dib.2022.107845,2022,"3-D data of thermal regime, water content, and slab dehydration in Alaska.",EarthByte,Rui Qu; Yingfeng Ji; Weiling Zhu,Data in Brief
10.1038/s41467-022-29223-6,2022,Impact of green clay authigenesis on element sequestration in marine settings.,EarthByte,Andre Baldermann; Santanu Banerjee; György Czuppon; Martin Dietzel; Juraj Farkaš; Stefan Lӧhr; Ulrike Moser; Esther Scheiblhofer; Nicky M Wright; Thomas Zack,Nature Communications
10.1038/s41467-022-29055-4,2022,Growth of Neogene Andes linked to changes in plate convergence using high-resolution kinematic models.,EarthByte,Felipe Quiero; Andrés Tassara; Giampiero Iaffaldano; Osvaldo Rabbia,Nature Communications
10.1038/s41598-021-02359-z,2021,The evolution of basal mantle structure in response to supercontinent aggregation and dispersal.,EarthByte,Xianzhi Cao; Nicolas Flament; Ömer F Bodur; R Dietmar Müller,Scientific Reports
10.1073/pnas.2110997118,2021,High 3He/4He in central Panama reveals a distal connection to the Galápagos plume.,EarthByte,David V Bekaert; Esteban Gazel; Stephen Turner; Mark D Behn; J Marten de Moor; Sabin Zahirovic; Vlad C Manea; Kaj Hoernle; Tobias P Fischer; Alexander Hammerstrom; Alan M Seltzer; Justin T Kulongoski; Bina S Patel; Matthew O Schrenk; Sæmundur A Halldórsson; Mayuko Nakagawa; Carlos J Ramírez; John A Krantz; Mustafa Yücel; Christopher J Ballentine; Donato Giovannelli; Karen G Lloyd; Peter H Barry,Proceedings of the National Academy of Sciences
10.1038/s41467-020-18448-y,2020,South China Sea documents the transition from wide continental rift to continental break up.,EarthByte,Hongdan Deng; Jianye Ren; Xiong Pang; Patrice F Rey; Ken R McClay; Ian M Watkinson; Jingyun Zheng; Pan Luo,Nature Communications
10.1093/nsr/nwz060,2019,Dacrycarpus pattern shedding new light on the early floristic exchange between Asia and Australia.,EarthByte,Xinkai Wu; Xiaoyan Liu; Tatiana Kodrul; Cheng Quan; Jianhua Jin,National Science Review
10.1038/s41467-019-11127-7,2019,Northward drift of the Azores plume in the Earth's mantle.,EarthByte,Maëlis Arnould; Jérôme Ganne; Nicolas Coltice; Xiaojun Feng,Nature Communications
10.1073/pnas.1903866116,2019,Climatic shifts drove major contractions in avian latitudinal distributions throughout the Cenozoic.,EarthByte,Erin E Saupe; Alexander Farnsworth; Daniel J Lunt; Navjit Sagoo; Karen V Pham; Daniel J Field,Proceedings of the National Academy of Sciences
10.1038/s41598-018-23519-8,2018,A unified framework for modelling sediment fate from source to sink and its interactions with reef systems over geological times.,EarthByte,Tristan Salles; Xuesong Ding; Jody M Webster; Ana Vila-Concejo; Gilles Brocard; Jodie Pall,Scientific Reports
10.1126/sciadv.aaq0500,2018,Oceanic crustal carbon cycle drives 26-million-year atmospheric carbon dioxide periodicities.,EarthByte,R Dietmar Müller; Adriana Dutkiewicz,Science Advances
10.1126/sciadv.aao2994,2018,Anomalous K-Pg-aged seafloor attributed to impact-induced mid-ocean ridge magmatism.,EarthByte | GPlates,Joseph S Byrnes; Leif Karlstrom,Science Advances
10.1038/s41467-017-00130-5,2017,Correspondence: Reply to 'Numerical modelling of the PERM anomaly and the Emeishan large igneous province'.,EarthByte | GPlates,N Flament; S Williams; R D Müller; M Gurnis; D J Bower,Nature Communications
10.1038/s41598-017-11470-z,2017,Earth system feedback statistically extracted from the Indian Ocean deep-sea sediments recording Eocene hyperthermals.,EarthByte | GPlates,Kazutaka Yasukawa; Kentaro Nakamura; Koichiro Fujinaga; Minoru Ikehara; Yasuhiro Kato,Scientific Reports
10.1073/pnas.1702297114,2017,Plate tectonic regulation of global marine animal diversity.,EarthByte | GPlates,Andrew Zaffos; Seth Finnegan; Shanan E Peters,Proceedings of the National Academy of Sciences
10.1038/s41598-017-00248-y,2017,Temporal and structural evolution of the Early Palæogene rocks of the Seychelles microcontinent.,EarthByte | GPlates,J Gregory Shellnutt; Meng-Wan Yeh; Kenshi Suga; Tung-Yi Lee; Hao-Yang Lee; Te-Hsien Lin,Scientific Reports
10.1038/ncomms14164,2017,Origin and evolution of the deep thermochemical structure beneath Eurasia.,EarthByte,N Flament; S Williams; R D Müller; M Gurnis; D J Bower,Nature Communications
10.1038/nature17422,2016,A rapid burst in hotspot motion through the interaction of tectonics and deep mantle flow.,EarthByte,Rakib Hassan; R Dietmar Müller; Michael Gurnis; Simon E Williams; Nicolas Flament,Nature
10.1038/ncomms11461,2016,Plate tectonics drive tropical reef biodiversity dynamics.,EarthByte,Fabien Leprieur; Patrice Descombes; Théo Gaboriau; Peter F Cowman; Valeriano Parravicini; Michel Kulbicki; Carlos J Melián; Charles N de Santana; Christian Heine; David Mouillot; David R Bellwood; Loïc Pellissier,Nature Communications
10.1038/nature14598,2015,Onset of Antarctic Circumpolar Current 30 million years ago as Tasmanian Gateway aligned with westerlies.,EarthByte,Howie D Scher; Joanne M Whittaker; Simon E Williams; Jennifer C Latimer; Wendy E C Kordesch; Margaret L Delaney,Nature
10.1111/gcb.12868,2015,Forecasted coral reef decline in marine biodiversity hotspots under climate change.,EarthByte,Patrice Descombes; Mary S Wisz; Fabien Leprieur; Valerianio Parravicini; Christian Heine; Steffen M Olsen; Didier Swingedouw; Michel Kulbicki; David Mouillot; Loïc Pellissier,Global Change Biology
10.1126/science.1258213,2014,Marine geophysics. New global marine gravity model from CryoSat-2 and Jason-1 reveals buried tectonic structure.,EarthByte,David T Sandwell; R Dietmar Müller; Walter H F Smith; Emmanuel Garcia; Richard Francis,Science
10.1038/nature13728,2014,Spreading continents kick-started plate tectonics.,EarthByte,Patrice F Rey; Nicolas Coltice; Nicolas Flament,Nature
10.1038/ncomms5014,2014,Rift migration explains continental margin asymmetry and crustal hyper-extension.,EarthByte,Sascha Brune; Christian Heine; Marta Pérez-Gussinyé; Stephan V Sobolev,Nature Communications
10.1038/nature07573,2008,How supercontinents and superoceans affect seafloor roughness.,EarthByte,Joanne M Whittaker; R Dietmar Müller; Walter R Roest; Paul Wessel; Walter H F Smith,Nature
10.1126/science.1151540,2008,Long-term sea-level fluctuations driven by ocean basin dynamics.,EarthByte,R Dietmar Müller; Maria Sdrolias; Carmen Gaina; Bernhard Steinberger; Christian Heine,Science
10.1126/science.1143769,2007,Major Australian-Antarctic plate reorganization at Hawaiian-Emperor bend time.,EarthByte,J M Whittaker; R D Müller; G Leitchenkov; H Stagg; M Sdrolias; C Gaina; A Goncharov,Science
10.3389/fevo.2026.1774062,2026,An assessment of European and Atlantic sturgeons’ paleoniches during the Holocene,GPlates,Guillaume Dupont; Géraldine Lassalle; Marie-Laure Acolas; Mateusz Baca; Benoît Clavel; Brice Ephrem; Thomas Extier; Anaïs Janc; Bruno Malaizé; Hanna Panagiotopoulou; Danijela Popović; Éric Rochard; Patrick Lambert,Frontiers in Ecology and Evolution
10.5194/jm-45-159-2026,2026,Early Eocene evolutionary trajectories within the Toweius genus: insights from a newly identified species in the equatorial Atlantic,GPlates,Joseph D. Asanbe; Jorijntje Henderiks,Journal of Micropalaeontology
10.31223/x59t9w,2026,PaleoEurope-DEM v1.0: A distributed pipeline for continental-scale paleo-landscape reconstruction from FABDEM-GEBCO fusion and glacial isostatic adjustment,GPlates,Pavel Novikau,
10.22541/essoar.177177488.83909117/v1,2026,Modeled Changes in Marine Primary Productivity during the Middle Miocene Warming,GPlates,Julia Campbell; Christopher J. Poulsen; Jorijntje Henderiks; Joseph Damilola Asanbe; Anjana Kuinkel; R. Paul Acosta,
10.1002/brv.70145,2026,Diet of bird‐like troodontid dinosaurs: synthesis of a contentious clade,GPlates,Yui Chi Fan; Case Vincent Miller; Michael Pittman,Biological reviews/Biological reviews of the Cambridge Philosophical Society
10.21105/joss.08812,2026,TopoChronia: A QGIS plugin for the creation of fully quantified palaeogeographic maps,GPlates,Florian Franziskakis; Christian Vérard; Sébastien Castelltort; Grégory Giuliani,The Journal of Open Source Software
10.31223/x57b4j,2026,"Origin, evolution and decline of European mangroves: the Cenozoic paleobotanical record",GPlates,Valentí Rull,
10.5194/jm-45-147-2026,2026,Developing a new species-level database of Cretaceous calcareous nannoplankton occurrences – Uneptune,GPlates,Yi Zhang; Jeremy R. Young; Paul R. Bown; Chengshan Wang; Xi Chen,Journal of Micropalaeontology
10.1002/jgo2.70023,2026,Evolution of the Transantarctic Basin (Southern Gondwana): Insights From Quantitative Sandstone Petrography,GPlates,L. Zurli; M Fioraso; Perotti M.; A. Di Giulio; V. Olivetti; S. Pezzoli; V. Corti; G. Cornamusini,New Zealand Journal of Geology and Geophysics
10.1029/2025gc012556,2026,Evolution of the Source Mineralogy and Lithospheric Controls on Magmatism During the Northeast Atlantic Continental Breakup,GPlates,E.H. Cunningham; Sarah Lambart; Pengyuan Guo; Sayantani Chatterjee; Christian Tegner; Autumn Hartley; Ashley Morris; Sverre Planke; Christian Berndt; C. A. Alvarez Zarikian; Peter Betlem; Henk Brinkhuis; Marialena Christopoulou; Eric Ferre; Irina Y. Filina; Joost Frieling; Dustin T. Harper; Morgan T. Jones; Jack Longman; John Millett; Geoffroy T. F. Mohn; Reed P. Scherer; Natalia Varela; Weimu Xu; Stacy L. Yager,Geochemistry Geophysics Geosystems
10.1051/978-2-7598-3934-6.c002,2026,The stratigraphy of the Middle Jurassic,GPlates,P. Branger; T. Gaillard; H. Geairon,A new concept of karst development based on hydrogeology and geophysics
10.1126/sciadv.adx4095,2026,Bilateral Loa-Kea trends of the Hawaiian Islands caused by the bottom-up splitting of plume conduit.,GPlates,Jie Zhang; Jiashun Hu; Kai Wang,Science Advances
10.1038/s41598-026-35714-z,2026,A novel chronostratigraphic framework for the Aptian-Albian paleoclimate events.,GPlates,João M. F. Ramos; Jairo F. Savian; Daniel R. Franco; Milene Freitas Figueiredo; Carolina G. Leandro; Rodolfo Coccioni; Fabrizio Frontalini; Nicola Casadei; Hironao Matsumoto; Leonardo Tedeschi; Luigi Jovane; Ricardo I F Trindade,Scientific Reports
10.1007/s10712-025-09926-3,2026,Slabs and Plumes Beneath South America Revealed by Whole-Mantle Tomography,GPlates,Genti Toyokuni; Dapeng Zhao,Surveys in Geophysics
10.31223/x5xj22,2026,Paleolatitude.org 3.0: a calculator for paleoclimate and paleobiology studies based on a new global paleogeography model,GPlates,Douwe van Hinsbergen; Bram Vaes; Lydian M. Boschman; Nalan Lom; Suzanna Henderijne Aleide van de Lagemaat; Eldert L. Advokaat; Sanne de Baar; Menno Fraters; Joren Paridaens; Emilia Jarochowska,
10.5758/vsi.250023,2026,Clinical Practice Guidelines of the Korean Society for Vascular Surgery for the Management of Abdominal Aortic Aneurysms: Focused on 18 Key Clinical Questions,GPlates,Hyangkyoung Kim; Ahram Han; Minsu Noh; Kyunghak Choi; Sang Jun Park; S. K. Ahn; Chanjoong Choi; Miju Bae; Shin-Seok Yang; S CHO; Hyunmin Ko; hyokee kim; Eol Choi; Eunae Byun; Woo-Sung Yun; K. Velhagen jun.,Vascular Specialist International
10.1007/s13137-025-00280-5,2026,A robust matrix-free approach for large-scale non-isothermal high-contrast viscosity Stokes flow on blended domains with applications to geophysics,GPlates,Andreas Burkhart; Nils Kohl; Barbara Wohlmuth; Jan Zawallich,GEM - International Journal on Geomathematics
10.1051/978-2-7598-3934-6,2026,A new concept of karst development based on hydrogeology and geophysics,GPlates,,
10.26879/1632,2026,"Rotunthorax jiyuanensis gen. et sp. nov., a Triassic cupedid beetle (Coleoptera: Archostemata) from the Tanzhuang Formation of North China",GPlates,Shuangmao Gui; Yuchu Liu; Li Tian; Daoliang Chu; Li He; Mingxing Zhou; Chenyang Cai,Palaeontologia Electronica
10.52058/2786-5274-2025-12(52)-1583-1596,2025,УДОСКОНАЛЕННЯ ГОТОВНОСТІ ВЧИТЕЛІВ ГЕОГРАФІЇ ДО РОБОТІ У ПРЕДМЕТНОМУ ЦИКЛІ БАЗОВОЇ СЕРЕДНЬОЇ ОСВІТИ НОВОЇ УКРАЇНСЬКОЇ ШКОЛИ,GPlates,Денис Довганенко; Василь Кудирко; Ельміра Соколова,Наукові інновації та передові технології
10.64388/irev9i6-1712983,2025,"Cutaneous Larva Migrans at The Back of An Infant: An Atypical Presentation of A Common Disease, And A Literature Review",GPlates,Ejime Ebeigbe; Benjamin Nandom; Adanas Sunday; James Osemhen Okosun; Igho-Iggue Omavwerhe,Iconic Research and Engineering Journals
10.3390/app16010039,2025,A Review of Numerical Simulation Tools for Coupling Earth’s Interior and Lithospheric Stress Fields,GPlates,Danhua Zhang; Cheng Jiang; Xiaowen Lan; Jiayong Tian,Applied Sciences
10.1111/maps.70081,2025,"Enhanced understanding of the K–Pg boundary in the Indian subcontinent: Petrological, mineralogical, and geochemical insights",GPlates,S. James; Saranya R. Chandran; J. Aswathi; Arun Bhadran; Drishya Girishbai; M.N. Praveen; Anil Chavan; Subhash Bhandari; M. Satyanarayanan; Ram K. Mohan; Dwijesh Ray; K.S. Sajinkumar,Meteoritics and Planetary Science
10.48550/arxiv.2512.09870,2025,Tomographic characterization of non-Hermitian Hamiltonians in reciprocal space,GPlates,Francesco Di Colandrea; Fabrizio Pavan; Sarvesh Bansal; Paola Savarese; G. Di Bello; G. De Filippis; C. A. Perroni; Donato Farina; Filippo Cardano,ArXiv.org
10.3897/fr.28.173497,2025,Assessing the effect of sampling proxies on plesiosaur taxic diversity with comments on implications for Mesozoic sampling design,GPlates,Franco Aspromonte; José P. O’Gorman,Fossil record
10.69649/pachyderm.v66i.1352,2025,"Rhinos of the World: Ecology, conservation and management",GPlates,Sam M Ferreira; Dan Stiles; Hilloljyoti Singha; Jonathan Spencer; Deba Kumar Dutta; Keryn Emslie; Inov Sectionov; Suzannah Goss,Pachyderm
10.1029/2025tc008883,2025,Evolving Strain Partitioning Driven by Multiple Plate Interaction—Paleotectonic Reconstruction of Northwestern South America During the Cenozoic,GPlates,Román González Afanador; Sabrina Metzger; Eline Le Breton; Germán Bayona; Andrés Mora; Josué Alejandro Mora‐Bohórquez; Iván Camilo Higuera; Claudio Faccenna; Onno Oncken,Tectonics
10.1038/s43247-025-02910-0,2025,New insights into the early opening of the Equatorial Atlantic Gateway revealed through a magneto-cyclostratigraphy framework from the Brazilian Equatorial Margin,GPlates,J. M. F. Ramos; J.F. Savian; Daniel R. Franco; Milene Freitas Figueiredo; Caroline Azzolini Pontel; Josefa Nilmara Lopes Lacerda; Juliano Küchle; Paulo A. Souza; R. P. Silva,Communications Earth & Environment
10.1101/2025.11.21.689757,2025,FINS - A global occurrence dataset of fossil neoselachians from the Cretaceous to the Quaternary,GPlates,Kristína Kocáková; Jaime A. Villafaña; Anastasia Gardiner; Gregor Mathes; Catalina Pimiento,bioRxiv (Cold Spring Harbor Laboratory)
10.3390/min15111224,2025,Paleomagnetic Constraints on the Spatial Relationship Between the Kerguelen Mantle Plume and the Circum-Eastern Gondwana Large Igneous Province,GPlates,Xianwei Jiao; Yong Zhao; Tongming Fang; Jiacheng Liang; Yabo Zhang; Weiwei Bian; Jikai Ding; Hanqing Zhao; Haiyan Li; Huaichun Wu; Tianshui Yang,Minerals
10.5194/cp-21-2283-2025,2025,Increasing opal productivity in the Late Eocene Southern Ocean: Evidence for increased carbon export preceding the Eocene-Oligocene glaciation,GPlates,Volkan Özen; Johan Renaudie; David Lazarus; Gabrielle Rodrigues de Faria,Climate of the past
10.1038/s43247-025-02828-7,2025,Caribbean biodiversity shaped by subduction zone processes along the Lesser Antilles arch,GPlates,Lény Montheil; Douwe J.J. van Hinsbergen; Mélody Philippon; Lydian M. Boschman; Jean‐Jacques Cornée; Franck Audemard; Richard Wessels; Sylvie Leroy; Julissa Roncal; Philippe Münch,Communications Earth & Environment
10.1130/2025.2565(03),2025,Cretaceous collision reconciles western North American tectonics with deep mantle slabs,GPlates,Spencer Fuston; Jonny Wu; Lorenzo Colli,Geological Society of America eBooks
10.3389/fmars.2025.1703935,2025,"Correction: The resilient Middle Triassic habitable climate following Early Triassic severe carbon isotope oscillations: contributions from microbialites, Upper Yangtze Block",GPlates,Xianfeng Wang; Karem Azmy; Anqing Chen; Shi Sun; Suxiao Li,Frontiers in Marine Science
10.1371/journal.pone.0333211,2025,"Glass factory found: Basinwide (600 km) preservation of sponges on the Phosphoria glass ramp, Permian, USA.",GPlates,Zackery P. Wistort; Leif Tapanila; William C. Moynihan; Kathleen A. Ritterbush,PLoS ONE
10.1038/s41561-025-01843-9,2025,Enriched mantle generated through persistent convective erosion of continental roots,GPlates,Thomas Gernon; Sascha Brune; Thea Hincks; Martin R. Palmer; Christopher J. Spencer; Emma J. Watts; Anne Glerum,Nature Geoscience
10.1016/j.palaeo.2025.113412,2025,Paleobiogeography of early to middle Paleozoic phytoplankton: A review and synthesis,GPlates,Eiver Gelan Manzano; Claude Monnet; David M. Kroeck; Stewart G. Molyneux; Hendrik Nowak; Paulina Nätscher; Thomas Servais,Palaeogeography Palaeoclimatology Palaeoecology
10.21203/rs.3.rs-8017726/v1,2025,Tectonic mode switches in the Pyrenees caused by Africa-Eurasia rotation pole drift,GPlates,Douwe J.J. van Hinsbergen; Roi Granot; Bram Vaes; Reinoud L.M. Vissers,Research Square
10.1360/csb-2025-0232,2025,Global climate and vegetation changes during the Eocene-Oligocene Transition: a review of recent progress,GPlates,Nan Wang; Mengxiao Wu; He Tang; Valdes Paul J.; Farnsworth Alex; Tao Su; Zhe‐Kun Zhou; Shufeng Li,Chinese Science Bulletin (Chinese Version)
10.5194/bg-22-6119-2025,2025,Early Permian longitudinal position of the South China Block from brachiopod paleobiogeography,GPlates,Robert B. Marks; Nicolas Flament; Sangmin Lee; G.R. Shi,Biogeosciences
10.1038/s43247-025-02821-0,2025,Volcanic ash drives contrasting redox shifts and biogeochemical feedbacks in ancient marine and lacustrine systems,GPlates,Kun Zhang; Eva E. Stüeken; Christophe Thomazo; Zibin Zhao; P. S. Minyuk; Shixi Cai; Kai Yang; Qing Chang; Ziping Liu; Edith Bai,Communications Earth & Environment
10.1130/g53790.1,2025,Salinity limited methane cycling in lacustrine settings during the Paleocene–Eocene Thermal Maximum,GPlates,Funing Sun; Jiajie Zhang; Xiaohua Teng; Genming Luo; Chunlian Wang; Zhiheng Feng; Richard D. Pancost; Shucheng Xie,Geology
10.1126/sciadv.aea8374,2026,Refined chronologies of magnetochron M0r reveal asynchronous terrestrial and marine carbon isotope responses to Oceanic Anoxic Event 1a.,GPlates,Gui-Mei Lu; Zhong-Shan Shen; Cheng-Long Deng; James G Ogg; Ming-Dao Sun; Ming-Song Li; Hua-Feng Qin; Ri-Xiang Zhu; Zhong-He Zhou; Yi-Gang Xu,Science Advances
10.1038/s41598-025-30138-7,2025,Palaeomagnetic and geochronologic results from lower cretaceous volcanics of the western Qiangtang terrane and implications for the Lhasa-Qiangtang collision.,GPlates,Yabo Zhang; Weiwei Bian; Jiahui Ma; Suo Wang; Xianwei Jiao; Jiacheng Liang; Siqi Wang; Xiaolin Li; Jikai Ding; Hanqing Zhao; Haiyan Li; Huaichun Wu; Yiming Ma; Tianshui Yang,Scientific Reports
10.1038/s41467-025-65176-2,2025,The terminal Ediacaran Tongshan Lagerstätte from South China.,GPlates,Jin-Bo Hou; Xiang-Dong Wang; Zhang-Shuai Hou; Jahandar Ramezani; Qing Tang; Shu-Zhong Shen,Nature Communications
10.1186/s12862-025-02411-w,2025,"Early evolution of the stonefly lineage (Insecta, Plecoptera) revealed by a new diversity of Carboniferous stem-group species.",GPlates,Pavel Sroka; Kateřina Rosová; Angelika Leipner; Jakub Prokop,BMC Ecology and Evolution
10.1126/sciadv.ady3258,2025,Magnetostratigraphic constraints on the late Ediacaran paleomagnetic enigma.,GPlates,James S Pierce; David A D Evans; Dana E Polomski; Nasrrddine Youbi; Mohamed A Mediany; Jihane Ounar; Rachid Oukhro; M Ahmed Boumehdi; Justin V Strauss; C Brenhin Keller; Andres Gärtner; Maria Ovtcharova; Jörn-Frederik Wotzlaw; Ulf Linnemann,Science Advances
10.1038/s41467-025-63896-z,2025,Tectonic-astronomical interactions in shaping late Paleozoic climate and organic carbon burial.,GPlates,Ren Wei; Zhijun Jin; Mingsong Li; Shuai Yuan; Yongyun Hu; Lin Dong; Rui Zhang; Juye Shi,Nature Communications
10.1073/pnas.2510972122,2025,Dynamics of longitudinal Hawaiian hotspot motion and the formation of the Hawaiian-Emperor Bend.,GPlates,Jie Zhang; Jiashun Hu,Proceedings of the National Academy of Sciences
10.1038/s41559-025-02794-5,2025,"Dental microwear texture analysis reveals behavioural, ecological and habitat signals in Late Jurassic sauropod dinosaur faunas.",GPlates,Daniela E Winkler; Emanuel Tschopp; André Saleiro; Ria Wiesinger; Thomas M Kaiser,Nature Ecology &amp; Evolution
10.1073/pnas.2419902122,2025,Jurassic constraints on the chaotic Mars-Earth eccentricity cycle linked to the volcanically induced Jenkyns event.,GPlates,Yanan Fang; Paul E Olsen; Jingeng Sha; Jessica H Whiteside; Chengguo Guan; Masayuki Ikeda; Sha Li; Daran Zheng; Haichun Zhang; Bo Wang,Proceedings of the National Academy of Sciences
10.1098/rsos.250435,2025,New monstersaur specimens from the Kaiparowits Formation of Utah reveal unexpected richness of large-bodied lizards in Late Cretaceous North America.,GPlates,C Henrik Woolley; Joseph J W Sertich; Keegan M Melstrom; Randall B Irmis; Nathan D Smith,Royal Society Open Science
10.1038/s41598-025-01366-8,2025,Plate drift velocity controls on the levels of hydrocarbon source rock development taking the palaeozoic as an example.,GPlates,Yuan Zhuang; Fengli Yang; Mingchen Xu; Panpan Hu; Xin Liao,Scientific Reports
10.1073/pnas.2413569122,2025,Bone microstructure supports a Mesozoic origin for a semiaquatic burrowing lifestyle in monotremes (Mammalia).,GPlates,Suzanne J Hand; Laura A B Wilson; Camilo López-Aguirre; Alexandra Houssaye; Michael Archer; Joseph J Bevitt; Alistair R Evans; Amalia Y Halim; Tzong Hung; Thomas H Rich; Patricia Vickers-Rich; Robin M D Beck,Proceedings of the National Academy of Sciences
10.1098/rsos.241512,2025,A 125 million-year-old freshwater isopod shines new light on the origin of subterranean freshwater species.,GPlates,Mario Schädel; Dany Azar; Layla El Hajj; Sibelle Maksoud; Ninon Robin,Royal Society Open Science
10.1126/sciadv.adr4199,2025,Physiology and climate change explain unusually high similarity across marine communities after end-Permian mass extinction.,GPlates,Jood A Al Aswad; Justin L Penn; Pedro M Monarrez; Mohamad Bazzi; Curtis Deutsch; Jonathan L Payne,Science Advances
10.1073/pnas.2318622122,2025,"Iguanas rafted more than 8,000 km from North America to Fiji.",GPlates,Simon G Scarpetta; Robert N Fisher; Benjamin R Karin; Jone B Niukula; Ammon Corl; Todd R Jackman; Jimmy A McGuire,Proceedings of the National Academy of Sciences
10.1098/rsos.241200,2025,The ecology and geography of temnospondyl recovery after the Permian-Triassic mass extinction.,GPlates,Aamir Mehmood; Suresh A Singh; Armin Elsler; Michael J Benton,Royal Society Open Science
10.1073/pnas.2414752122,2025,Early colonization of the deep-sea bottom-The protracted build-up of an ecosystem.,GPlates,Luis A Buatois; M Gabriela Mángano; Maximiliano Paz; Nicholas J Minter; Kai Zhou,Proceedings of the National Academy of Sciences
10.1038/s41467-025-56589-0,2025,Marine species and assemblage change foreshadowed by their thermal bias over Early Jurassic warming.,GPlates,Carl J Reddin; Jan P Landwehrs; Gregor H Mathes; Clemens V Ullmann; Georg Feulner; Martin Aberhan,Nature Communications
10.1038/s41561-025-01734-z,2025,Extensive fluvial surfaces at the East Antarctic margin have modulated ice-sheet evolution.,GPlates,Guy J G Paxman; Stewart S R Jamieson; Neil Ross; Michael J Bentley; Charlotte M Carter; Tom A Jordan; Xiangbin Cui; Shinan Lang; David E Sugden; Martin J Siegert,Nature Geoscience
10.1038/s43247-025-02559-9,2025,Mid-Miocene warmth pushed fossil coral calcification to physiological limits in high-latitude reefs.,GPlates,Markus Reuter; Juan P D'Olivo; Thomas C Brachert; Philipp M Spreter; Regina Mertz-Kraus; Claudia Wrozyna,Communications Earth &amp; Environment
10.1038/s41467-024-55804-8,2025,Continental drift triggered the Early Permian aridification of North China.,GPlates,Qiang Ren; Shihong Zhang; Mingcai Hou; Dongyu Zheng; Huaichun Wu; Tianshui Yang; Haiyan Li; Anqing Chen; James G Ogg,Nature Communications
10.1038/s41467-024-55117-w,2024,Paleomagnetic evidence for Neoarchean plate mobilism.,GPlates,Jikai Ding; Chris Rogers; Ulf Söderlund; David A D Evans; Zheng Gong; Richard E Ernst; Kevin Chamberlain; Taylor Kilian,Nature Communications
10.1029/2024pa004907,2024,Orbital (Hydro)Climate Variability in the Ice-Free Early Eocene Arctic.,GPlates,Chris D Fokkema; Henk Brinkhuis; Francien Peterse; Appy Sluijs,Paleoceanography and Paleoclimatology
10.1038/s41586-024-08101-9,2024,Coral photosymbiosis on Mid-Devonian reefs.,GPlates,Jonathan Jung; Simon F Zoppe; Till Söte; Simone Moretti; Nicolas N Duprey; Alan D Foreman; Tanja Wald; Hubert Vonhof; Gerald H Haug; Daniel M Sigman; Andreas Mulch; Eberhard Schindler; Dorte Janussen; Alfredo Martínez-García,Nature
10.1002/ece3.70265,2024,"Method of estimating sea-surface paleotemperatures through biotic proxies: A case study in Upper Paleozoic paleoclimatic, paleogeographic and paleotectonic reconstructions of Siberia.",GPlates,Vladimir I Davydov; Eugeny V Karasev; Elizaveta V Popova; Vladislav I Poletaev,Ecology and Evolution
10.1038/s41598-024-77399-2,2024,Full-waveform inversion reveals diverse origins of lower mantle positive wave speed anomalies.,GPlates,Thomas L A Schouten; Lars Gebraad; Sebastian Noe; Anna J P Gülcher; Solvi Thrastarson; Dirk-Philip van Herwaarden; Andreas Fichtner,Scientific Reports
10.1038/s41467-024-53860-8,2024,Climate change alters the future of natural floristic regions of deep evolutionary origins.,GPlates,Samuel Minev-Benzecry; Barnabas H Daru,Nature Communications
10.1002/ajb2.16426,2024,"Where did they come from, where did they go? Niche conservatism in woody and herbaceous plants and implications for plant-based paleoclimatic reconstructions.",GPlates,Zack J Quirk; Selena Y Smith; R Paul Acosta; Christopher J Poulsen,American Journal of Botany
10.1126/sciadv.ado1219,2024,Mesozoic intraoceanic subduction shaped the lower mantle beneath the East Pacific Rise.,GPlates,Jingchuan Wang; Vedran Lekić; Nicholas C Schmerr; Yu J Gu; Yi Guo; Rongzhi Lin,Science Advances
10.1038/s41586-024-07717-1,2024,Coevolution of craton margins and interiors during continental break-up.,GPlates,Thomas M Gernon; Thea K Hincks; Sascha Brune; Jean Braun; Stephen M Jones; Derek Keir; Alice Cunningham; Anne Glerum,Nature
10.1038/s41467-024-51055-9,2024,The role of plume-lithosphere interaction in Hawaii-Emperor chain formation.,GPlates,Shijie Xie; Zebin Cao; Lijun Liu; Dinghui Yang; Mengxue Liu; Yanchong Li; Rui Qi,Nature Communications
10.1126/sciadv.adl2643,2024,Trait-mediated speciation and human-driven extinctions in proboscideans revealed by unsupervised Bayesian neural networks.,GPlates,Torsten Hauffe; Juan L Cantalapiedra; Daniele Silvestro,Science Advances
10.1038/s41598-024-67370-6,2024,The Central Paratethys Sea-rise and demise of a Miocene European marine biodiversity hotspot.,GPlates,Mathias Harzhauser; Bernard Landau; Oleg Mandic; Thomas A Neubauer,Scientific Reports
10.1126/sciadv.adm7773,2024,Acceleration of phosphorus weathering under warm climates.,GPlates,Licheng Guo; Shangfa Xiong; Benjamin J W Mills; Terry Isson; Shiling Yang; Jingyi Cui; Yongda Wang; Lei Jiang; Zhifang Xu; Chunfang Cai; Yinan Deng; Guangyi Wei; Mingyu Zhao,Science Advances
10.1038/s41467-024-49032-3,2024,Oceanic Anoxic Event 2 triggered by Kerguelen volcanism.,GPlates,C A Walker-Trivett; S Kender; K A Bogus; K Littler; T Edvardsen; M J Leng; J Lacey; J B Riding; I L Millar; D Wagner,Nature Communications
10.1038/s41598-024-58377-0,2024,Largest known madtsoiid snake from warm Eocene period of India suggests intercontinental Gondwana dispersal.,GPlates,Debajit Datta; Sunil Bajpai,Scientific Reports
10.1016/j.heliyon.2024.e29227,2024,Seafloor spreading of the third arm of the Afar triple junction: A review.,GPlates,Duke N Nyangena; Athanas S Macheyeki; Seetharamaiah Jagarlamudi,Heliyon
10.1038/s41467-024-46843-2,2024,Global latitudinal gradients and the evolution of body size in dinosaurs and mammals.,GPlates,Lauren N Wilson; Jacob D Gardner; John P Wilson; Alex Farnsworth; Zackary R Perry; Patrick S Druckenmiller; Gregory M Erickson; Chris L Organ,Nature Communications
10.1093/femsec/fiae042,2024,Genome analysis and biogeographic distribution of the earliest divergent Frankia clade in the southern hemisphere.,GPlates,Fede Berckx; Daniel Wibberg; Andreas Brachmann; Ciara Morrison; Nadia B Obaid; Jochen Blom; Jörn Kalinowski; Luis G Wall; Katharina Pawlowski,FEMS Microbiology Ecology
10.1126/sciadv.adl3452,2024,Tectonic trigger to the first major extinction of the Phanerozoic: The early Cambrian Sinsk event.,GPlates,Paul M Myrow; John W Goodge; Glenn A Brock; Marissa J Betts; Tae-Yoon S Park; Nigel C Hughes; Robert R Gaines,Science Advances
10.1038/s41467-024-46390-w,2024,High-latitude platform carbonate deposition constitutes a climate conundrum at the terminal Mesoproterozoic.,GPlates,Michiel O de Kock; Ingrit Malatji; Herve Wabo; Joydip Mukhopadhyay; Amlan Banerjee; L P Maré,Nature Communications
10.12688/openreseurope.16791.2,2024,The myth of the De Geer Zone: a change of paradigm for the opening of the Fram Strait.,GPlates,Jean-Baptiste P Koehl,Open Research Europe
10.1186/s13358-024-00307-8,2024,Orthoceratoid and coleoid cephalopods from the Middle Triassic of Switzerland with an updated taxonomic framework for Triassic Orthoceratoidea.,GPlates,Alexander Pohle; Christian Klug,Swiss Journal of Palaeontology
10.7717/peerj.17003,2024,"Plectronoceratids (Cephalopoda) from the latest Cambrian at Black Mountain, Queensland, reveal complex three-dimensional siphuncle morphology, with major taxonomic implications.",GPlates,Alexander Pohle; Peter Jell; Christian Klug,PeerJ
10.1016/j.pld.2023.03.007,2024,Megafossils of Betulaceae from the Oligocene of Qaidam Basin and their paleoenvironmental and phytogeographic implications.,GPlates,Tao Yang; Jia-Hao Cai; Yan-Zhi Dai; Hong-Yu Chen; Lei Han; Li Zhang; Wei-Yu Liang; Xu-Jun Li; Wen-Jia Li; Jing-Yu Wu; San-Ping Xie; De-Fei Yan,Plant Diversity
10.1038/s41598-023-48639-8,2023,Contrasting structures of the Southern Benue trough and the contiguous crystalline basement as observed from high-resolution aeromagnetic data.,GPlates,Leke Sunday Adebiyi; Akinola Bolaji Eluwole; Akindeji Opeyemi Fajana; Naheem Banji Salawu; Aliyu Saleh,Scientific Reports
10.1098/rspb.2023.2284,2023,A Morrison stem gekkotan reveals gecko evolution and Jurassic biogeography.,GPlates,Dalton Meyer; Chase D Brownstein; Kelsey M Jenkins; Jacques A Gauthier,Proceedings of the Royal Society B: Biological Sciences
10.1098/rsos.230725,2023,The biogeographic history of neosuchian crocodiles and the impact of saltwater tolerance variability.,GPlates,Sebastian S Groh; Paul Upchurch; Julia J Day; Paul M Barrett,Royal Society Open Science
10.1038/s41598-023-42571-7,2023,"Fluctuation in the diversity of mayflies (Insecta, Ephemerida) as documented in the fossil record.",GPlates,Pavel Sroka; Roman J Godunko; Jakub Prokop,Scientific Reports
10.1016/j.isci.2023.107684,2023,Neglected no longer: Phylogenomic resolution of higher-level relationships in Solifugae.,GPlates,Siddharth S Kulkarni; Hugh G Steiner; Erika L Garcia; Hernán Iuri; R Ryan Jones; Jesús A Ballesteros; Guilherme Gainett; Matthew R Graham; Danilo Harms; Robin Lyle; Andrés A Ojanguren-Affilastro; Carlos E Santibañez-López; Gustavo Silva de Miranda; Paula E Cushing; Efrat Gavish-Regev; Prashant P Sharma,iScience
10.1038/s41467-023-41358-8,2023,Bayesian analyses indicate bivalves did not drive the downfall of brachiopods following the Permian-Triassic mass extinction.,GPlates,Zhen Guo; Joseph T Flannery-Sutherland; Michael J Benton; Zhong-Qiang Chen,Nature Communications
10.1038/s41559-023-02128-3,2023,Mechanistic neutral models show that sampling biases drive the apparent explosion of early tetrapod diversity.,GPlates,Emma M Dunne; Samuel E D Thompson; Richard J Butler; James Rosindell; Roger A Close,Nature Ecology &amp; Evolution
10.1073/pnas.2305928120,2023,Strengthening the argument for a large Greater India.,GPlates,Jun Meng; Stuart A Gilder; Xiaodong Tan; Xin Li; Yalin Li; Hui Luo; Noritoshi Suzuki; Zihao Wang; Yuchen Chi; Chunyang Zhang; Chengshan Wang,Proceedings of the National Academy of Sciences
10.1038/s41598-023-39759-2,2023,Fossils of the oldest diplodocoid dinosaur suggest India was a major centre for neosauropod radiation.,GPlates,Sunil Bajpai; Debajit Datta; Pragya Pandey; Triparna Ghosh; Krishna Kumar; Debasish Bhattacharya,Scientific Reports
10.1073/pnas.2306220120,2023,Explanations for latitudinal diversity gradients must invoke rate variation.,GPlates,Erin E Saupe,Proceedings of the National Academy of Sciences
10.1093/nsr/nwad117,2023,A Great late Ediacaran ice age.,GPlates,Ruimin Wang; Bing Shen; Xianguo Lang; Bin Wen; Ross N Mitchell; Haoran Ma; Zongjun Yin; Yongbo Peng; Yonggang Liu; Chuanming Zhou,National Science Review
10.1186/s12862-023-02136-8,2023,A late-surviving phytosaur from the northern Atlantic rift reveals climate constraints on Triassic reptile biogeography.,GPlates,Chase Doran Brownstein,BMC Ecology and Evolution
10.1038/s41467-023-39585-0,2023,Evidence for compositionally distinct upper mantle plumelets since the early history of the Tristan-Gough hotspot.,GPlates,Stephan Homrighausen; Kaj Hoernle; Folkmar Hauff; Patrick A Hoyer; Karsten M Haase; Wolfram H Geissler; Jörg Geldmacher,Nature Communications
10.1038/s41598-023-37117-w,2023,Assessing plate reconstruction models using plate driving force consistency tests.,GPlates,Edward J Clennett; Adam F Holt; Michael G Tetley; Thorsten W Becker; Claudio Faccenna,Scientific Reports
10.1038/s41586-023-06024-5,2023,Hadaean to Palaeoarchaean stagnant-lid tectonics revealed by zircon magnetism.,GPlates,John A Tarduno; Rory D Cottrell; Richard K Bono; Nicole Rayner; William J Davis; Tinghong Zhou; Francis Nimmo; Axel Hofmann; Jaganmoy Jodder; Mauricio Ibañez-Mejia; Michael K Watkeys; Hirokuni Oda; Gautam Mitra,Nature
10.1093/nsr/nwad051,2023,Quantifying climate conditions for the formation of coals and evaporites.,GPlates,Xiujuan Bao; Yongyun Hu; Christopher R Scotese; Xiang Li; Jiaqi Guo; Jiawenjing Lan; Qifan Lin; Shuai Yuan; Mengyu Wei; Zhibo Li; Kai Man; Zihan Yin; Jing Han; Jian Zhang; Qiang Wei; Yonggang Liu; Jun Yang; Ji Nie,National Science Review
10.1038/s41467-023-37799-w,2023,Ghost-arc geochemical anomaly at a spreading ridge caused by supersized flat subduction.,GPlates | Underworld2,Guido M Gianni; Jeremías Likerman; César R Navarrete; Conrado R Gianni; Sergio Zlotnik,Nature Communications
10.1038/s41598-023-32534-3,2023,"New U-Pb geochronology for the Central Atlantic Magmatic Province, critical reevaluation of high-precision ages and their impact on the end-Triassic extinction event.",GPlates,Alisson L Oliveira; Mark D Schmitz; Corey J Wall; James L Crowley; Antomat A Macêdo Filho; Maria Helena B M Hollanda,Scientific Reports
10.1126/sciadv.abq0110,2023,North Atlantic surface ocean warming and salinization in response to middle Eocene greenhouse warming.,GPlates,Robin van der Ploeg; Marlow J Cramwinckel; Ilja J Kocken; Thomas J Leutert; Steven M Bohaty; Chris D Fokkema; Pincelli M Hull; A Nele Meckler; Jack J Middelburg; Inigo A Müller; Donald E Penman; Francien Peterse; Gert-Jan Reichart; Philip F Sexton; Maximilian Vahlenkamp; David De Vleeschouwer; Paul A Wilson; Martin Ziegler; Appy Sluijs,Science Advances
10.1038/s41467-022-35085-9,2022,Low atmospheric CO2 levels before the rise of forested ecosystems.,GPlates,Tais W Dahl; Magnus A R Harding; Julia Brugger; Georg Feulner; Kion Norrman; Barry H Lomax; Christopher K Junium,Nature Communications
10.1038/s41467-022-35011-z,2022,Persistent high latitude amplification of the Pacific Ocean over the past 10 million years.,GPlates,Xiaoqing Liu; Matthew Huber; Gavin L Foster; Andrew Dessler; Yi Ge Zhang,Nature Communications
10.1038/s41467-022-34623-9,2022,Southern Ocean biogenic blooms freezing-in Oligocene colder climates.,GPlates,Katharina Hochmuth; Joanne M Whittaker; Isabel Sauermilch; Andreas Klocker; Karsten Gohl; Joseph H LaCasce,Nature Communications
10.1126/sciadv.abm8191,2022,Extreme variability in atmospheric oxygen levels in the late Precambrian.,GPlates,Alexander J Krause; Benjamin J W Mills; Andrew S Merdith; Timothy M Lenton; Simon W Poulton,Science Advances
10.1038/s41598-022-19759-4,2022,Short-term paleogeographic reorganizations and climate events shaped diversification of North American freshwater gastropods over deep time.,GPlates,Thomas A Neubauer; Mathias Harzhauser; Joseph H Hartman; Daniele Silvestro; Christopher R Scotese; Alexander Czaja; Geerat J Vermeij; Thomas Wilke,Scientific Reports
10.1126/sciadv.abo0866,2022,Reduced plate motion controlled timing of Early Jurassic Karoo-Ferrar large igneous province volcanism.,GPlates,Micha Ruhl; Stephen P Hesselbo; Hugh C Jenkyns; Weimu Xu; Ricardo L Silva; Kara J Matthews; Tamsin A Mather; Conall Mac Niocaill; James B Riding,Science Advances
10.1038/s41598-022-19372-5,2022,Molecular phylogeny and historical biogeography of marine palaemonid shrimps (Palaemonidae: Palaemonella-Cuapetes group).,GPlates,Pavlína Frolová; Ivona Horká; Zdeněk Ďuriš,Scientific Reports
10.1126/sciadv.abn3096,2022,The Nadir Crater offshore West Africa: A candidate Cretaceous-Paleogene impact structure.,GPlates,Uisdean Nicholson; Veronica J Bray; Sean P S Gulick; Benedict Aduomahor,Science Advances
10.1016/j.isci.2022.104757,2022,Fossil samaras of Ailanthus from South China and their phytogeographic implications.,GPlates,Xinkai Wu; Natalia P Maslova; Tatiana M Kodrul; Yan Wu; Jianhua Jin,iScience
10.1038/s41598-022-16981-y,2022,Plume-MOR decoupling and the timing of India-Eurasia collision.,GPlates,Haytham Sehsah; Harald Furnes; Luan Thanh Pham; Ahmed M Eldosouky,Scientific Reports
10.1073/pnas.2123193119,2022,Archaeal lipids trace ecology and evolution of marine ammonia-oxidizing archaea.,GPlates,Ronnakrit Rattanasriampaipong; Yi Ge Zhang; Ann Pearson; Brian P Hedlund; Shuang Zhang,Proceedings of the National Academy of Sciences
10.1016/j.dib.2022.108424,2022,Dataset of Phanerozoic continental climate and Köppen-Geiger climate classes.,GPlates,Alexandre Pohl; Thomas Wong Hearing; Alain Franc; Pierre Sepulchre; Christopher R Scotese,Data in Brief
10.1038/s41597-022-01486-0,2022,"Ancient Reef Traits, a database of trait information for reef-building organisms over the Phanerozoic.",GPlates,Nussaïbah B Raja; Danijela Dimitrijević; Mihaela Cristina Krause; Wolfgang Kiessling,Scientific Data
10.1038/s41467-022-31128-3,2022,Marine siliceous ecosystem decline led to sustained anomalous Early Triassic warmth.,GPlates,Terry T Isson; Shuang Zhang; Kimberly V Lau; Sofia Rauzi; Nicholas J Tosca; Donald E Penman; Noah J Planavsky,Nature Communications
10.1038/s41598-022-11493-1,2022,Ocean temperatures through the Phanerozoic reassessed.,GPlates,Ethan L Grossman; Michael M Joachimski,Scientific Reports
10.1073/pnas.2115231119,2022,Marine anoxia linked to abrupt global warming during Earth's penultimate icehouse.,GPlates,Jitao Chen; Isabel P Montañez; Shuang Zhang; Terry T Isson; Sophia I Macarewich; Noah J Planavsky; Feifei Zhang; Sofia Rauzi; Kierstin Daviau; Le Yao; Yu-Ping Qi; Yue Wang; Jun-Xuan Fan; Christopher J Poulsen; Ariel D Anbar; Shu-Zhong Shen; Xiang-Dong Wang,Proceedings of the National Academy of Sciences
10.1126/sciadv.abj5687,2022,Pyrite mega-analysis reveals modes of anoxia through geological time.,GPlates,Joseph F Emmings; Simon W Poulton; Joanna Walsh; Kathryn A Leeming; Ian Ross; Shanan E Peters,Science Advances
10.1073/pnas.2111332119,2022,The latitudinal temperature gradient and its climate dependence as inferred from foraminiferal δ18O over the past 95 million years.,GPlates,Daniel E Gaskell; Matthew Huber; Charlotte L O'Brien; Gordon N Inglis; R Paul Acosta; Christopher J Poulsen; Pincelli M Hull,Proceedings of the National Academy of Sciences
10.1038/s41467-022-28290-z,2022,Catastrophic slab loss in southwestern Pangea preserved in the mantle and igneous record.,GPlates,Guido M Gianni; César R Navarrete,Nature Communications
10.1371/journal.pone.0262824,2022,"The dinosaur tracks of Tyrants Aisle: An Upper Cretaceous ichnofauna from Unit 4 of the Wapiti Formation (upper Campanian), Alberta, Canada.",GPlates,Nathan J Enriquez; Nicolás E Campione; Matt A White; Federico Fanti; Robin L Sissons; Corwin Sullivan; Matthew J Vavrek; Phil R Bell,PLOS ONE
10.1038/s41598-022-05257-0,2022,Oriental freshwater mussels arose in East Gondwana and arrived to Asia on the Indian Plate and Burma Terrane.,GPlates,Ivan N Bolotov; Rajeev Pasupuleti; Nalluri V Subba Rao; Suresh Kumar Unnikrishnan; Nyein Chan; Zau Lunn; Than Win; Mikhail Y Gofarov; Alexander V Kondakov; Ekaterina S Konopleva; Artyom A Lyubas; Alena A Tomilova; Ilya V Vikhrev; Markus Pfenninger; Sophie S Düwel; Barbara Feldmeyer; Hasko F Nesemann; Karl-Otto Nagel,Scientific Reports
10.1126/sciadv.abm1406,2022,A Lagerstätte from Australia provides insight into the nature of Miocene mesic ecosystems.,GPlates,Matthew R McCurry; David J Cantrill; Patrick M Smith; Robert Beattie; Mary Dettmann; Viktor Baranov; Charles Magee; Jacqueline M T Nguyen; Marnie A Forster; Jack Hinde; Ross Pogson; Helen Wang; Christopher E Marjo; Paulo Vasconcelos; Michael Frese,Science Advances
10.1016/j.pld.2020.12.006,2021,Fossil fruits of Firmiana and Tilia from the middle Miocene of South Korea and the efficacy of the Bering land bridge for the migration of mesothermal plants.,GPlates,Lin-Bo Jia; Gi-Soo Nam; Tao Su; Gregory W Stull; Shu-Feng Li; Yong-Jiang Huang; Zhe-Kun Zhou,Plant Diversity
10.1038/s41598-021-02236-9,2021,Stable isotopes and predation marks shed new light on ammonoid habitat depth preferences.,GPlates,Marcin Machalski; Krzysztof Owocki; Zofia Dubicka; Oksana Malchyk; Weronika Wierny,Scientific Reports
10.1073/pnas.2024451118,2021,When adaptive radiations collide: Different evolutionary trajectories between and within island and mainland lizard clades.,GPlates,Austin H Patton; Luke J Harmon; María Del Rosario Castañeda; Hannah K Frank; Colin M Donihue; Anthony Herrel; Jonathan B Losos,Proceedings of the National Academy of Sciences
10.1029/2021gl093831,2021,Constraints From Exhumed Rocks on the Seismic Signature of the Deep Subduction Interface.,GPlates,C M Tewksbury-Christle; W M Behr,Geophysical Research Letters
10.1093/nsr/nwab027,2021,The Deep-Time Digital Earth program: data-driven discovery in geosciences.,GPlates,Chengshan Wang; Robert M Hazen; Qiuming Cheng; Michael H Stephenson; Chenghu Zhou; Peter Fox; Shu-Zhong Shen; Roland Oberhänsli; Zengqian Hou; Xiaogang Ma; Zhiqiang Feng; Junxuan Fan; Chao Ma; Xiumian Hu; Bin Luo; Juanle Wang; Craig M Schiffries,National Science Review
10.1038/s41467-021-24413-0,2021,Subduction history of the Caribbean from upper-mantle seismic imaging and plate reconstruction.,GPlates,Benedikt Braszus; Saskia Goes; Rob Allen; Andreas Rietbrock; Jenny Collier; Nick Harmon; Tim Henstock; Stephen Hicks; Catherine A Rychert; Ben Maunder; Jeroen van Hunen; Lidong Bie; Jon Blundy; George Cooper; Richard Davy; J Michael Kendall; Colin Macpherson; Jamie Wilkinson; Marjorie Wilson,Nature Communications
10.1038/s41597-021-00942-7,2021,"Triton, a new species-level database of Cenozoic planktonic foraminiferal occurrences.",GPlates,Isabel S Fenton; Adam Woodhouse; Tracy Aze; David Lazarus; Johan Renaudie; Alexander M Dunhill; Jeremy R Young; Erin E Saupe,Scientific Data
10.1038/s41467-021-24141-5,2021,Quantitative comparison of geological data and model simulations constrains early Cambrian geography and climate.,GPlates,Thomas W Wong Hearing; Alexandre Pohl; Mark Williams; Yannick Donnadieu; Thomas H P Harvey; Christopher R Scotese; Pierre Sepulchre; Alain Franc; Thijs R A Vandenbroucke,Nature Communications
10.1126/sciadv.abe6530,2021,The Boltysh impact structure: An early Danian impact event during recovery from the K-Pg mass extinction.,GPlates,Annemarie E Pickersgill; Darren F Mark; Martin R Lee; Simon P Kelley; David W Jolley,Science Advances
10.1038/s41467-021-23803-8,2021,A Late Cretaceous true polar wander oscillation.,GPlates,Ross N Mitchell; Christopher J Thissen; David A D Evans; Sarah P Slotznick; Rodolfo Coccioni; Toshitsugu Yamazaki; Joseph L Kirschvink,Nature Communications
10.1002/ece3.7419,2021,Phylogeography of the northernmost distributed Anisocentropus caddisflies and their comparative genetic structures based on habitat preferences.,GPlates,Masaki Takenaka; Saki Shibata; Tomiko Ito; Noriyoshi Shimura; Koji Tojo,Ecology and Evolution
10.1126/sciadv.abd6709,2021,Truncated bimodal latitudinal diversity gradient in early Paleozoic phytoplankton.,GPlates,Axelle Zacaï; Claude Monnet; Alexandre Pohl; Grégory Beaugrand; Gary Mullins; David M Kroeck; Thomas Servais,Science Advances
10.1038/s41598-021-84834-1,2021,East Antarctica magnetically linked to its ancient neighbours in Gondwana.,GPlates,Jörg Ebbing; Yixiati Dilixiati; Peter Haas; Fausto Ferraccioli; Stephanie Scheiber-Enslin,Scientific Reports
10.1098/rspb.2020.2762,2021,Spatial sampling heterogeneity limits the detectability of deep time latitudinal biodiversity gradients.,GPlates,Lewis A Jones; Christopher D Dean; Philip D Mannion; Alexander Farnsworth; Peter A Allison,Proceedings of the Royal Society B: Biological Sciences
10.7717/peerj.11310,2021,Bosminopsis deitersi (Crustacea: Cladocera) as an ancient species group: a revision.,GPlates,Petr G Garibian; Dmitry P Karabanov; Anna N Neretina; Derek J Taylor; Alexey A Kotov,PeerJ
10.1126/sciadv.abc7741,2021,Orographic evolution of northern Tibet shaped vegetation and plant diversity in eastern Asia.,GPlates,Shu-Feng Li; Paul J Valdes; Alex Farnsworth; T Davies-Barnard; Tao Su; Daniel J Lunt; Robert A Spicer; Jia Liu; Wei-Yu-Dong Deng; Jian Huang; He Tang; Andy Ridgwell; Lin-Lin Chen; Zhe-Kun Zhou,Science Advances
10.1073/pnas.2015211118,2021,Remnants of early Earth differentiation in the deepest mantle-derived lavas.,GPlates,Andrea Giuliani; Matthew G Jackson; Angus Fitzpayne; Hayden Dalton,Proceedings of the National Academy of Sciences
10.1098/rsbl.2020.0735,2020,Pythons in the Eocene of Europe reveal a much older divergence of the group in sympatry with boas.,GPlates,Hussam Zaher; Krister T Smith,Biology Letters
10.1073/pnas.2015117117,2020,Reconstructing orogens without biostratigraphy: The Saharides and continental growth during the final assembly of Gondwana-Land.,GPlates,A M Celâl Şengör; Nalan Lom; Cengiz Zabcı; Gürsel Sunal; Tayfun Öner,Proceedings of the National Academy of Sciences
10.1038/s41467-020-20008-3,2020,Weak tides during Cryogenian glaciations.,GPlates,J A Mattias Green; Hannah S Davies; Joao C Duarte; Jessica R Creveling; Christopher Scotese,Nature Communications
10.1073/pnas.2012246117,2020,Causes and consequences of asymmetric lateral plume flow during South Atlantic rifting.,GPlates,Jason P Morgan; Jorge M Taramón; Mario Araujo; Jörg Hasenclever; Marta Perez-Gussinye,Proceedings of the National Academy of Sciences
10.1073/pnas.2007324117,2020,Improving the taxonomy of fossil pollen using convolutional neural networks and superresolution microscopy.,GPlates,Ingrid C Romero; Shu Kong; Charless C Fowlkes; Carlos Jaramillo; Michael A Urban; Francisca Oboh-Ikuenobe; Carlos D'Apolito; Surangi W Punyasena,Proceedings of the National Academy of Sciences
10.1111/mec.15590,2020,"Genetic evidence for the origin of Aedes aegypti, the yellow fever mosquito, in the southwestern Indian Ocean.",GPlates,John Soghigian; Andrea Gloria-Soria; Vincent Robert; Gilbert Le Goff; Anna-Bella Failloux; Jeffrey R Powell,Molecular Ecology
10.1029/2020pa003932,2020,"A Warm, Stratified, and Restricted Labrador Sea Across the Middle Eocene and Its Climatic Optimum.",GPlates,Margot J Cramwinckel; Helen K Coxall; Kasia K Śliwińska; Marcel Polling; Dustin T Harper; Peter K Bijl; Henk Brinkhuis; James S Eldrett; Alexander J P Houben; Francien Peterse; Stefan Schouten; Gert-Jan Reichart; James C Zachos; Appy Sluijs,Paleoceanography and Paleoclimatology
10.1126/sciadv.abb8227,2020,Cenozoic evolution of the steppe-desert biome in Central Asia.,GPlates,N Barbolini; A Woutersen; G Dupont-Nivet; D Silvestro; D Tardif; P M C Coster; N Meijer; C Chang; H-X Zhang; A Licht; C Rydin; A Koutsodendris; F Han; A Rohrmann; X-J Liu; Y Zhang; Y Donnadieu; F Fluteau; J-B Ladant; G Le Hir; C Hoorn,Science Advances
10.1073/pnas.2003914117,2020,The enigma of Oligocene climate and global surface temperature evolution.,GPlates,Charlotte L O'Brien; Matthew Huber; Ellen Thomas; Mark Pagani; James R Super; Leanne E Elder; Pincelli M Hull,Proceedings of the National Academy of Sciences
10.1038/s41598-020-70020-2,2020,Opposite response modes of NADW dynamics to obliquity forcing during the late Paleogene.,GPlates,Hojun Lee; Kyoung-Nam Jo; Sangmin Hyun,Scientific Reports
10.1038/s41467-020-17522-9,2020,A transdisciplinary and community-driven database to unravel subduction zone initiation.,GPlates,Fabio Crameri; Valentina Magni; Mathew Domeier; Grace E Shephard; Kiran Chotalia; George Cooper; Caroline M Eakin; Antoniette Greta Grima; Derya Gürer; Ágnes Király; Elvira Mulyukova; Kalijn Peters; Boris Robert; Marcel Thielmann,Nature Communications
10.1098/rsos.200459,2020,A miniature Ordovician hurdiid from Wales demonstrates the adaptability of Radiodonta.,GPlates,Stephen Pates; Joseph P Botting; Lucy M E McCobb; Lucy A Muir,Royal Society Open Science
10.1126/sciadv.aaz8681,2020,The convergence history of India-Eurasia records multiple subduction dynamics processes.,GPlates,Adina E Pusok; Dave R Stegman,Science Advances
10.1038/s41598-020-64333-5,2020,The Jurassic magmatism of the Demerara Plateau (offshore French Guiana) as a remnant of the Sierra Leone hotspot during the Atlantic rifting.,GPlates,Christophe Basile; Igor Girault; Jean-Louis Paquette; Arnaud Agranier; Lies Loncke; Arnauld Heuret; Ewald Poetisi,Scientific Reports
10.1126/sciadv.aaz8670,2020,Paleomagnetic evidence for modern-like plate motion velocities at 3.2 Ga.,GPlates,Alec R Brenner; Roger R Fu; David A D Evans; Aleksey V Smirnov; Raisa Trubko; Ian R Rose,Science Advances
10.1038/s41598-020-60379-7,2020,Divergent mammalian body size in a stable Eocene greenhouse climate.,GPlates,Simon J Ring; Hervé Bocherens; Oliver Wings; Márton Rabi,Scientific Reports
10.1038/s41598-019-56335-9,2019,Surface and mantle records reveal an ancient slab tear beneath Gondwana.,GPlates,Guido M Gianni; César Navarrete; Silvana Spagnotto,Scientific Reports
10.1038/s41598-019-56069-8,2019,High-latitude neonate and perinate ornithopods from the mid-Cretaceous of southeastern Australia.,GPlates,Justin L Kitchener; Nicolás E Campione; Elizabeth T Smith; Phil R Bell,Scientific Reports
10.1098/rspb.2019.1863,2019,"Exceptional preservation of comma shrimp from a mid-Cretaceous Lagerstätte of Colombia, and the origins of crown Cumacea.",GPlates,Javier Luque; Sarah Gerken,Proceedings of the Royal Society B: Biological Sciences
10.1038/s41561-019-0443-2,2019,Burma Terrane part of the Trans-Tethyan Arc during collision with India according to palaeomagnetic data.,GPlates,Jan Westerweel; Pierrick Roperch; Alexis Licht; Guillaume Dupont-Nivet; Zaw Win; Fernando Poblete; Gilles Ruffet; Hnin Hnin Swe; Myat Kai Thi; Day Wa Aung,Nature Geoscience
10.1016/j.dib.2019.104398,2019,GPlates dataset for the tectonic reconstruction of the Northern Andes-Caribbean Margin.,GPlates,Camilo Montes; Andres Felipe Rodriguez-Corcho; German Bayona; Natalia Hoyos; Sebastian Zapata; Agustin Cardona,Data in Brief
10.1038/s41598-019-40673-9,2019,Long-lived association between Avalonia and the Meguma terrane deduced from zircon geochronology of metasedimentary granulites.,GPlates,J Gregory Shellnutt; J Victor Owen; Meng-Wan Yeh; Jaroslav Dostal; Dieu T Nguyen,Scientific Reports
10.1038/s41467-019-08837-3,2019,Ediacaran biozones identified with network analysis provide evidence for pulsed extinctions of early complex life.,GPlates,A D Muscente; Natalia Bykova; Thomas H Boag; Luis A Buatois; M Gabriela Mángano; Ahmed Eleish; Anirudh Prabhu; Feifei Pan; Michael B Meyer; James D Schiffbauer; Peter Fox; Robert M Hazen; Andrew H Knoll,Nature Communications
10.1126/sciadv.aau8067,2019,Multiple macroevolutionary routes to becoming a biodiversity hotspot.,GPlates,J Igea; A J Tanentzap,Science Advances
10.7717/peerj.7166,2019,"Isisfordia molnari sp. nov., a new basal eusuchian from the mid-Cretaceous of Lightning Ridge, Australia.",GPlates,Lachlan J Hart; Phil R Bell; Elizabeth T Smith; Steven W Salisbury,PeerJ
10.1038/s41598-018-34769-x,2018,Thermochronological insights into reactivation of a continental shear zone in response to Equatorial Atlantic rifting (northern Ghana).,GPlates,Nicholas Fernie; Stijn Glorie; Mark W Jessell; Alan S Collins,Scientific Reports
10.1038/s41598-018-34748-2,2018,First Precambrian palaeomagnetic data from the Mawson Craton (East Antarctica) and tectonic implications.,GPlates,Yebo Liu; Zheng-Xiang Li; Sergei A Pisarevsky; Uwe Kirscher; Ross N Mitchell; J Camilla Stark; Chris Clark; Martin Hand,Scientific Reports
10.1038/s41598-018-34733-9,2018,Earth tectonics as seen by GOCE - Enhanced satellite gravity gradient imaging.,GPlates,Jörg Ebbing; Peter Haas; Fausto Ferraccioli; Folker Pappa; Wolfgang Szwillus; Johannes Bouman,Scientific Reports
10.1029/2018tc005036,2018,Mantle Flow and Deforming Continents: From India-Asia Convergence to Pacific Subduction.,GPlates,Laurent Jolivet; Claudio Faccenna; Thorsten Becker; Magdala Tesauro; Pietro Sternai; Pierre Bouilhol,Tectonics
10.1029/2017tc004901,2018,Southwest Pacific Absolute Plate Kinematic Reconstruction Reveals Major Cenozoic Tonga-Kermadec Slab Dragging.,GPlates,Suzanna H A van de Lagemaat; Douwe J J van Hinsbergen; Lydian M Boschman; Peter J J Kamp; Wim Spakman,Tectonics
10.1029/2018tc005010,2018,"Cenozoic Rotation History of Borneo and Sundaland, SE Asia Revealed by Paleomagnetism, Seismic Tomography, and Kinematic Reconstruction.",GPlates,Eldert L Advokaat; Nathan T Marshall; Shihu Li; Wim Spakman; Wout Krijgsman; Douwe J J van Hinsbergen,Tectonics
10.1029/2017tc004944,2018,"Slow Long-Term Exhumation of the West Central Andean Plate Boundary, Chile.",GPlates,Nikita N Avdievitch; Todd A Ehlers; Christoph Glotzbach,Tectonics
10.1038/s41598-018-28267-3,2018,A subduction and mantle plume origin for Samoan volcanism.,GPlates,Vincent Strak; Wouter P Schellart,Scientific Reports
10.1186/s12862-018-1212-3,2018,"A North American stem turaco, and the complex biogeographic history of modern birds.",GPlates,Daniel J Field; Allison Y Hsiang,BMC Evolutionary Biology
10.1029/2018gc007431,2018,SubMachine: Web-Based Tools for Exploring Seismic Tomography and Other Models of Earth's Deep Interior.,GPlates,Kasra Hosseini; Kara J Matthews; Karin Sigloch; Grace E Shephard; Mathew Domeier; Maria Tsekhmistrenko,"Geochemistry, Geophysics, Geosystems"
10.1098/rsos.180482,2018,A Late Cretaceous mammal from Brazil and the first radioisotopic age for the Bauru Group.,GPlates,Mariela C Castro; Francisco J Goin; Edgardo Ortiz-Jaureguizar; E Carolina Vieytes; Kaori Tsukui; Jahandar Ramezani; Alessandro Batezelli; Júlio C A Marsola; Max C Langer,Royal Society Open Science
10.1098/rspb.2018.0232,2018,The biogeographical imprint of mass extinctions.,GPlates,Ádám T Kocsis; Carl J Reddin; Wolfgang Kiessling,Proceedings of the Royal Society B: Biological Sciences
10.1371/journal.pone.0194696,2018,A new yeti crab phylogeny: Vent origins with indications of regional extinction in the East Pacific.,GPlates,Christopher Nicolai Roterman; Won-Kyung Lee; Xinming Liu; Rongcheng Lin; Xinzheng Li; Yong-Jin Won,PLOS ONE
10.1038/s41467-017-02609-7,2018,Southern Ocean warming and Wilkes Land ice sheet retreat during the mid-Miocene.,GPlates,Francesca Sangiorgi; Peter K Bijl; Sandra Passchier; Ulrich Salzmann; Stefan Schouten; Robert McKay; Rosemary D Cody; Jörg Pross; Tina van de Flierdt; Steven M Bohaty; Richard Levy; Trevor Williams; Carlota Escutia; Henk Brinkhuis,Nature Communications
10.7717/peerj.4113,2018,"A new small-bodied ornithopod (Dinosauria, Ornithischia) from a deep, high-energy Early Cretaceous river of the Australian-Antarctic rift system.",GPlates,Matthew C Herne; Alan M Tait; Vera Weisbecker; Michael Hall; Jay P Nair; Michael Cleeland; Steven W Salisbury,PeerJ
10.1038/ncomms15660,2017,Pacific plate motion change caused the Hawaiian-Emperor Bend.,GPlates,Trond H Torsvik; Pavel V Doubrovine; Bernhard Steinberger; Carmen Gaina; Wim Spakman; Mathew Domeier,Nature Communications
10.1038/sdata.2017.68,2017,Advancing Precambrian palaeomagnetism with the PALEOMAGIA and PINT(QPI) databases.,GPlates,Toni H Veikkolainen; Andrew J Biggin; Lauri J Pesonen; David A Evans; Nicholas A Jarboe,Scientific Data
10.1038/ncomms15249,2017,South-American plate advance and forced Andean trench retreat as drivers for transient flat subduction episodes.,GPlates,Gerben Schepers; Douwe J J van Hinsbergen; Wim Spakman; Martha E Kosters; Lydian M Boschman; Nadine McQuarrie,Nature Communications
10.1126/sciadv.1601693,2017,Miocene flooding events of western Amazonia.,GPlates,Carlos Jaramillo; Ingrid Romero; Carlos D'Apolito; German Bayona; Edward Duarte; Stephen Louwye; Jaime Escobar; Javier Luque; Jorge D Carrillo-Briceño; Vladimir Zapata; Alejandro Mora; Stefan Schouten; Michael Zavada; Guy Harrington; John Ortiz; Frank P Wesselingh,Science Advances
10.1093/sysbio/syw040,2017,Biogeographic Dating of Speciation Times Using Paleogeographically Informed Processes.,GPlates,Michael J Landis,Systematic Biology
10.1073/pnas.1608824114,2017,Timing and tempo of the Great Oxidation Event.,GPlates,Ashley P Gumsley; Kevin R Chamberlain; Wouter Bleeker; Ulf Söderlund; Michiel O de Kock; Emilie R Larsson; Andrey Bekker,Proceedings of the National Academy of Sciences
10.1038/srep38876,2016,A Large Ornithurine Bird (Tingmiatornis arctica) from the Turonian High Arctic: Climatic and Evolutionary Implications.,GPlates,Richard K Bono; Julia Clarke; John A Tarduno; Donald Brinkman,Scientific Reports
10.1111/jbi.12754,2016,Geographical distribution patterns of Carcharocles megalodon over time reveal clues about extinction mechanisms,GPlates,Catalina Pimiento; Bruce J MacFadden; Christopher F Clements; Sara Varela; Carlos Jaramillo; Jorge Velez‐Juarbe; Brian R Silliman,Journal of Biogeography
10.1038/srep31442,2016,The initial break-up of Pangæa elicited by Late Palæozoic deglaciation.,GPlates,Meng-Wan Yeh; J Gregory Shellnutt,Scientific Reports
10.1126/sciadv.1600022,2016,On the enigmatic birth of the Pacific Plate within the Panthalassa Ocean.,GPlates,Lydian M Boschman; Douwe J J van Hinsbergen,Science Advances
10.1038/srep29603,2016,Tracking the spatiotemporal variations of statistically independent components involving enrichment of rare-earth elements in deep-sea sediments.,GPlates,Kazutaka Yasukawa; Kentaro Nakamura; Koichiro Fujinaga; Hikaru Iwamori; Yasuhiro Kato,Scientific Reports
10.1073/pnas.1523667113,2016,Low-latitude arc-continent collision as a driver for global cooling.,GPlates,Oliver Jagoutz; Francis A Macdonald; Leigh Royden,Proceedings of the National Academy of Sciences
10.1038/srep19742,2016,Molecular evolution of gas cavity in [NiFeSe] hydrogenases resurrected in silico.,GPlates,Takashi Tamura; Naoki Tsunekawa; Michiko Nemoto; Kenji Inagaki; Toshiyuki Hirano; Fumitoshi Sato,Scientific Reports
10.1038/srep08407,2015,Pangea breakup and northward drift of the Indian subcontinent reproduced by a numerical model of mantle convection.,GPlates,Masaki Yoshida; Yozo Hamano,Scientific Reports
10.1371/journal.pone.0126946,2015,A Paleolatitude Calculator for Paleoclimate Studies.,GPlates,Douwe J J van Hinsbergen; Lennart V de Groot; Sebastiaan J van Schaik; Wim Spakman; Peter K Bijl; Appy Sluijs; Cor G Langereis; Henk Brinkhuis,PLOS ONE
10.1073/pnas.1318135111,2014,Deep mantle structure as a reference frame for movements in and on the Earth.,GPlates,Trond H Torsvik; Rob van der Voo; Pavel V Doubrovine; Kevin Burke; Bernhard Steinberger; Lewis D Ashwal; Reidar G Trønnes; Susan J Webb; Abigail L Bull,Proceedings of the National Academy of Sciences
10.4161/hv.27753,2014,Toward the development of monoclonal antibody-based assays to probe virion-like epitopes in hepatitis B vaccine antigen.,GPlates,Yibin Zhu; Tianying Zhang; Jinghua Zhao; Zusen Weng; Quan Yuan; Shaowei Li; Jun Zhang; Ningshao Xia; Qinjian Zhao,Human Vaccines &amp; Immunotherapeutics
10.1038/srep02752,2013,Post-mesozoic rapid increase of seawater Mg/Ca due to enhanced mantle-seawater interaction.,GPlates,Marco Ligi; Enrico Bonatti; Marco Cuffaro; Daniele Brunelli,Scientific Reports
10.1042/bj3230489,1997,Promotion-resistant JB6 mouse epidermal cells exhibit defects in phosphatidylethanolamine synthesis and phorbol ester-induced phosphatidylcholine hydrolysis.,GPlates,Z Kiss; B Guyer; Z Dong,Biochemical Journal
10.21203/rs.3.rs-5102982/v1,2024,Magnetostratigraphic resolution of the late Ediacaran paleomagnetic enigma,GPlates,James Pierce; David Evans; Dana Polomski; Nasrrddine Youbi; Mohamed Mediany; Jihane Ounar; Rachid Oukhro; Moulay Ahmed Boumehdi; Justin Strauss; Brenhin Keller; Andreas Gärtner; Maria Ovtcharova; Joern Wotzlaw; Ulf Linnemann,
10.1101/2024.06.23.600266,2024,"Early Cretaceous Origin and Evolutionary History of Palms (Arecaceae) inferred from 1,033 Nuclear Genes and a New Synthesis of Fossil Evidence",GPlates,Sidonie Bellot; Fabien Condamine; Kelly KS Matsunaga; Robert Morley; Ángela Cano; Thomas LP Couvreur; Robyn Cowan; Wolf Eiserhardt; Benedikt Kuhnhäuser; Olivier Maurin; Michelle Siros; Félix Forest; Ilia Leitch; William John Baker,
10.1038/s41598-026-39647-5,2026,Himalayan sub-Moho earthquakes suggest crustal faults trigger eclogitized-drip tectonics.,Underworld2,Xiaohan Song; Simon L Klemperer,Scientific Reports
10.5194/egusphere-2025-6323,2026,A novel ALE scheme with the internal boundary for true free surface simulation in geodynamic models,Underworld2,Neng Lu; Louis Moresi; Julian Giordani,
10.5194/egusphere-2025-5480,2025,Efficient Uzawa algorithms with projection strategies for geodynamic Stokes flow,Underworld2,Deok-Kyu Jang; Kyeong-Min Lee; Cédric Thieulot; Whan-Hyuk Choi; Byung‐Dal So,
10.1130/geol.s.30651320,2025,Supplemental Material: Strain controls the electrical conductivity distribution in the lithosphere,Underworld2,Sinan Özaydın; et al.,
10.1130/geol.s.30651320.v1,2025,Supplemental Material: Strain controls the electrical conductivity distribution in the lithosphere,Underworld2,Sinan Özaydın; et al.,
10.5194/egusphere-2025-5403,2025,Simplified modeling of the impact of lithospheric-scale geological processes on thermal histories and low-temperature thermochronometers,Underworld2,Dawn A. Kellett; David Whipp,
10.21105/joss.07831,2025,"Underworld3: Mathematically Self-Describing Modelling in Python for Desktop, HPC and Cloud",Underworld2,Louis Moresi; John Mansour; Julian Giordani; Matthew G. Knepley; Ben Knight; Juan Carlos Graciosa; Thyagarajulu Gollapalli; Neng Lu; Romain Beucher,The Journal of Open Source Software
10.1038/s43247-025-02269-2,2025,Lower crustal foundering drove the uplift of southern Tibet during the Paleocene,Underworld2,Peng Guo; Ting Yang; Wenliang Xu; Wei‐Qiang Ji,Communications Earth & Environment
10.1029/2024gl112369,2025,The Topset‐Foreset Rollover Does Not Coincide With Real Shoreline Positions in Clinoforms Over Substrate Deformation,Underworld2,Wei Li; Junhui Wang; Zhiyuan Ge; Xingguo Huang,Geophysical Research Letters
10.1029/2024gl110821,2024,Dynamic Emergence of Plate Motions and Great Megathrust Earthquakes Across Length and Time Scales,Underworld2,Jiaqi Fang; Michael Gurnis; N. Lapusta,Geophysical Research Letters
10.1038/s43247-024-01833-6,2024,Upright emplacement of the Gibraltar slab and the origin of rifting in adjacent foreland and Backarc Basins,Underworld2,Pengfei Ma; Shaofeng Liu; Guillermo Booth‐Rea; Huiping Zhang; Ting Yang,Communications Earth & Environment
10.1029/2024gc011807,2024,Influence of Grain Size Evolution on Mantle Plume and LLSVP Dynamics,Underworld2,Yusen Liu; Ting Yang; Kai Wang; Xiong Wang; Yang Li,Geochemistry Geophysics Geosystems
10.1016/j.epsl.2024.119032,2024,Dynamic evolution of competing same-dip double subduction: New perspectives of the Neo-Tethyan plate tectonics,Underworld2,Arnab Roy; Nibir Mandal; Jeroen van Hunen,Earth and Planetary Science Letters
10.1029/2024gl110202,2024,Slab Segmentation and Stacking in Mantle Transition Zone Controls Disparate Surface and Lower Mantle Subducting Rates and Complex Slab Morphology,Underworld2,Keqing Li; Jiashun Hu; Yida Li; Hao Zhou; Haijiang Zhang,Geophysical Research Letters
10.1029/2024gl109492,2024,Formation Mechanisms of Large‐Scale Folding in Greenland's Ice Sheet,Underworld2,Yu Zhang; Till Sachau; Steven Franke; Haibin Yang; Dian Li; Ilka Weikusat; Paul D. Bons,Geophysical Research Letters
10.1029/2024gl109552,2024,Constraints on the Fate of Delaminated Lithosphere in the Upper and Mid‐Mantle,Underworld2,Yanan Shi; Jason Phipps Morgan,Geophysical Research Letters
10.1038/s41598-024-59520-7,2024,Imaging the top of the Earth’s inner core: a present-day flow model,Underworld2,‪Hrvoje Tkalčić; A. B. Belonoshko; Jack B. Muir; Maurizio Mattesini; Louis Moresi; Lauren Waszek,Scientific Reports
10.2113/2024/lithosphere_2023_344,2024,Numerical Modeling of Melting Processes During Slab Break-off: Insights Into Tectonic Setting for Massif-Type Anorthosites,Underworld2,Qian Yuan,Lithosphere
10.1073/pnas.2320054121,2024,Gondwanan flood basalts linked seismically to plume-induced lithosphere instability,Underworld2,Yanan Shi; Jason Phipps Morgan,Proceedings of the National Academy of Sciences
10.31223/x5rh6p,2024,Dynamic evolution of competing same-dip double subduction: New perspectives of the Neo-Tethyan plate tectonics,Underworld2,Arnab Roy; Nibir Mandal; Jeroen van Hunen,
10.1130/g51874.1,2024,Correlating mantle cooling with tectonic transitions on early Earth,Underworld2,Prasanna Mahesh Gunawardana; Priyadarshi Chowdhury; Gabriele Morra; Peter A. Cawood,Geology
10.1130/geol.s.24944901.v1,2024,Supplemental Material: Correlating mantle cooling with tectonic transitions on Archean Earth,Underworld2,Prasanna Mahesh Gunawardana; Priyadarshi Chowdhury; et al.,
10.1130/geol.s.24944901,2024,Supplemental Material: Correlating mantle cooling with tectonic transitions on early Earth,Underworld2,Prasanna Mahesh Gunawardana; Priyadarshi Chowdhury; et al.,
10.22541/essoar.170224480.07642827/v1,2023,Ice Modeling Indicates Formation Mechanisms of Large-scale Folding in Greenland's Ice Sheet,Underworld2,Yu Zhang; Till Sachau; Steven Franke; Haibin Yang; Dian Li; Ilka Weikusat; Paul D. Bons,
10.1145/3624062.3624587,2023,Perspectives and Experiences Supporting Containers for Research Computing at the Texas Advanced Computing Center,Underworld2,Erik Ferlanti; William J. Allen; Ernesto A. B. F. Lima; Yinzhi Wang; John Fonner,"Proceedings of the SC '23 Workshops of the International Conference on High Performance Computing, Network, Storage, and Analysis"
10.1029/2023jb027245,2023,Bridging the Gap Between Experimental and Natural Fabrics: Modeling Ice Stream Fabric Evolution and its Comparison With Ice‐Core Data,Underworld2,Daniel Richards; Samuel S. Pegler; Sandra Piazolo; Nicolas Stoll; Ilka Weikusat,Journal of Geophysical Research Solid Earth
10.1093/gji/ggad414,2023,Dampening effect of global flows on Rayleigh–Taylor instabilities: implications for deep-mantle plumes vis-à-vis hotspot distributions,Underworld2,Arnab Roy; Dip Ghosh; Nibir Mandal,Geophysical Journal International
10.22541/essoar.169444235.56582698/v1,2023,The impact of velocity update frequency on time accuracy for mantle convection particle methods,Underworld2,S. J. Trim; S. L. Butler; Raymond J. Spiteri,
10.1029/2022jb026169,2023,Mechanisms of Shear Band Formation in Heterogeneous Materials Under Compression: The Role of Pre‐Existing Mechanical Flaws,Underworld2,Manaska Mukhopadhyay; Arnab Roy; Nibir Mandal,Journal of Geophysical Research Solid Earth
10.21203/rs.3.rs-2923832/v1,2023,Gondwanan Flood Basalts Linked Seismically to Plume-Induced Lithosphere Delamination,Underworld2,Jason Phipps Morgan; Yanan Shi,Research Square
10.48550/arxiv.2305.01701,2023,Resolving Strain Localization of Brittle and Ductile Deformation in two- and three-dimensions using Graphical Processing Units (GPUs),Underworld2,Yury Alkhimenkov; Lyudmila Khakimova; Ivan Utkin; Yury Podladchikov,arXiv (Cornell University)
10.1029/2022jb026202,2023,The Mid‐Lithospheric Discontinuity Caused by Channel Flow in Proto‐Cratonic Mantle,Underworld2,Haibin Yang; Irina Artemieva; Hans Thybo,Journal of Geophysical Research Solid Earth
10.22541/essoar.167591079.95480514/v1,2023,Numerical modelling of earthquake cycles based on Navier-Stokes equations with Viscoelastic-plasticity rheology,Underworld2,Haibin Yang; Louis Moresi; Huihui Weng; Julian Giordani,
10.31223/x5hd3b,2023,Dampening effect of global flows on Rayleigh-Taylor instabilities: Implications for deep-mantle plumes vis-à-vis hotspot distributions,Underworld2,Arnab Roy; Dip Ghosh; Nibir Mandal,
10.1002/essoar.10511993.2,2022,Mechanisms of shear band formation in heterogeneous materials under compression: The role of pre-existing mechanical flaws,Underworld2,Manaska Mukhopadhyay; Arnab Roy; Nibir Mandal,
10.33774/coe-2021-znrtz-v2,2022,Vocal Imitation and Linguistic Processing of Super Mario Theme Music by Yoruba Gamers,Underworld2,Samuel Akinbo,
10.1130/geol.s.21644681,2022,Supplemental Material: The role of surface processes in basin inversion and breakup unconformity,Underworld2,Luke Mondy; Patrice Rey; et al.,
10.1130/geol.s.20465538.v1,2022,Supplemental Material: Orogenic belt resulting from ocean-continent collision,Underworld2,Jun-Hong Zhao; et al.,
10.5194/egusphere-2022-492,2022,ISMIP-HOM benchmark experiments using Underworld,Underworld2,Till Sachau; Haibin Yang; Justin Lang; Paul D. Bons; Louis Moresi,
10.1130/geol.s.19879795,2022,Supplemental Material: Crustal transpressional fault geometry influenced by viscous lower crustal flow,Underworld2,Haibin Yang; et al.,
10.46690/ager.2022.03.04,2022,Characteristics of Precambrian basement intruded by Cretaceous geological intrusions in Monteregian Igneous Province and their impacts on regional thermal structure,Underworld2,Hejuan Liu; Shengnan Ban; Karine Bédard; Bernard Giroux,ADVANCES IN GEO-ENERGY RESEARCH
10.1029/2021jb023911,2022,Craton Formation in Early Earth Mantle Convection Regimes,Underworld2,Fabio A. Capitanio; Oliver Nebel; Jean‐François Moyen; Peter A. Cawood,Journal of Geophysical Research Solid Earth
10.1126/sciadv.adv8872,2025,Slab underthrusting is the primary control on flat-slab size.,Underworld2,Guido M. Gianni; Leandro C. Gallo; Jeremías Likerman; Andrés Echaurren; Conrado R. Gianni; Claudio Faccenna,Science Advances
10.1073/pnas.2404939121,2024,Rapid shear zone weakening during subduction initiation.,Underworld2,Yida Li; Michael Gurnis,Proceedings of the National Academy of Sciences
10.1073/pnas.2201226119,2022,Accretion of the cratonic mantle lithosphere via massive regional relamination.,Underworld2,Zhensheng Wang; Fabio A Capitanio; Zaicong Wang; Timothy M Kusky,Proceedings of the National Academy of Sciences
10.1186/s13034-021-00370-w,2021,Child witchcraft confessions as an idiom of distress in Sierra Leone; results of a rapid qualitative inquiry and recommendations for mental health interventions.,Underworld2,Hélène N C Yoder; Joop T V M de Jong; Wietse A Tol; Joshua A Duncan; Amjata Bayoh; Ria Reis,Child and Adolescent Psychiatry and Mental Health
10.3390/su18020806,2026,The Concept of Multifunctional Social Spaces as a High-Quality Intergenerational Premise: Sustainable Environmental Education Impetus,G-Adopt geodynamic,Dmitry Radushinsky; Alexandra I. Radushinskaya; E E Smirnova,Sustainability
10.5194/egusphere-2023-2683-rc1,2023,Comment on egusphere-2023-2683,G-Adopt geodynamic,Georg Reuber,
10.31223/x55601,2021,"Geodynamic, geodetic, and seismic constraints favour deflated and dense-cored LLVPs",G-Adopt geodynamic,Fred Richards; Mark Hoggard; Siavash Ghelichkhan; Paula Koelemeijer; H. C. P. Lau,
10.1515/jogs-2019-0015,2019,Evaluation of ocean circulation models in the computation of the mean dynamic topography for geodetic applications. Case study in the Greek seas,G-Adopt geodynamic,I. Mintourakis; Γεώργιος Πάνου; Demitris Paradissis,Journal of Geodetic Science
10.23939/jgd2009.01.024,2009,GEODYNAMICS,G-Adopt geodynamic,А. Н. Марченко; N.P. Yarema,GEODYNAMICS
10.3389/feart.2025.1743903,2026,Future technology strategies for the geoscience sector: insights from STEEP and SWOT analyses,AusGeochem,Si Woong Bae; Jae-Wook Lee,Frontiers in Earth Science
10.1038/s41597-025-06376-9,2025,Towards a FAIR metadata framework for drone and uncrewed aerial vehicle data,AusGeochem,Florian Ellsäßer; Alice Nikuze,Scientific Data
10.5194/egusphere-2025-4832,2025,A database-driven research data framework for integrating and processing high-dimensional geoscientific data,AusGeochem,Dennis Handy; W. Marijn van der Meij; Mirijam Zickel; Tony Reimann,
10.1029/2025gc012528,2025,Secular Variation in the North American Kimberlite Formation: The Variable Connection to LLSVPs,AusGeochem,Claudia Adam; Pamela D. Kempton,Geochemistry Geophysics Geosystems
10.1038/s41597-024-04229-5,2025,Sm-Nd Isotope Data Compilation from Geoscientific Literature Using an Automated Tabular Extraction Method,AusGeochem,Zhixin Guo; Tao Wang; Chaoyang Wang; Jianping Zhou; Guanjie Zheng; Xinbing Wang; Chenghu Zhou,Scientific Data
10.1111/maps.14293,2024,The MetBase database has been merged into Astromat,AusGeochem,Dominik C. Hezel; Kerstin Lehnert; Premkumar Elangovan; Peng Ji; Jennifer Mays; Jörn Koblitz,Meteoritics and Planetary Science
10.29173/ikc4179,2024,A new global kimberlite geochemistry dataset: the benefits of open and complete data sharing,AusGeochem,Hayden Dalton; Andrea Giuliani; D. Graham Pearson,International Kimberlite Conference Extended Abstracts: 2024
10.3390/rs16091484,2024,GeoKnowledgeFusion: A Platform for Multimodal Data Compilation from Geoscience Literature,AusGeochem,Zhixin Guo; Chaoyang Wang; Jianping Zhou; Guanjie Zheng; Xinbing Wang; Chenghu Zhou,Remote Sensing
10.48550/arxiv.2403.18306,2024,Sm-Nd Isotope Data Compilation from Geoscientific Literature Using an Automated Tabular Extraction Method,AusGeochem,Zhixin Guo; Tao Wang; Chaoyang Wang; Jianping Zhou; Guanjie Zheng; Xinbing Wang; Chenghu Zhou,arXiv (Cornell University)
10.1071/bt23062,2024,Phenotypic and genotypic variation in Australian native Sorghum species along aridity clines,AusGeochem,Harry Myrans; Jack R. McCausland; Scott N. Johnson; Roslyn M. Gleadow,Australian Journal of Botany
10.5281/zenodo.7988901,2023,LithoSpace - a Geochemical Data Platform for Extra-terrestrial Mineral Exploration,AusGeochem,W. Noble; Fabian Kohlmann; Romain Beucher; Moritz Theile; C. Colson; Alejandra Bedoya Mejia; Samuel Boone; Malcolm McMillan,Zenodo (CERN European Organization for Nuclear Research)
10.7185/gold2023.18970,2023,AusGeochem: An open-access platform for geospatial interrogation of thermochronology Big Data through deep time,AusGeochem,Samuel Boone; Fabian Kohlmann; Wayne Noble; Moritz Theile; Romain Beucher; Barry P. Kohn; Stijn Glorie; Martin Danišík; Renjie Zhou; Malcolm McMillan; Angus Nixon; Sabin Zahirovic; R. Dietmar Müller; Brent McInnes,Goldschmidt2023 abstracts
10.7185/gold2023.16354,2023,LithoSpace – A unique cloud-based extra-terrestrial geochemistry data platform,AusGeochem,Wayne Noble; Fabian Kohlmann; Moritz Theile; Alicia Azzopardi; Kasper Tomaš; Jordan Sayer; Gail Iles,Goldschmidt2023 abstracts
10.7185/gold2023.20540,2023,"A single web-interface to access, visualise and model data from multiple geo- and cosmochemical databases.",AusGeochem,Premkumar Elangovan; Dominik C. Hezel; Kerstin Lehnert; Marthe Klöcking; Adrian Sturm; Horst R. Marschall,Goldschmidt2023 abstracts
10.1038/s41597-022-01730-7,2022,A resource for automated search and collation of geochemical datasets from journal supplements.,AusGeochem,Erin L Martin; Vitor R Barrote; Peter A Cawood,Scientific Data
10.20944/preprints202112.0184.v2,2021,Quantitative Geochemical Prediction from Spectral Measurements and its Application to Spatially Dispersed Spectral Data,National Virtual Core Library,Andrew Rodger; Carsten Laukamp,Preprints.org
10.20944/preprints202112.0184.v1,2021,Quantitative Geochemical Prediction from Spectral Measurements and its Application to Spatially Dispersed Spectral Data,National Virtual Core Library,Andrew Rodger; Carsten Laukamp,Preprints.org
10.3390/min10090750,2020,Effective Utilization of Limonitic Nickel Laterite via Pressurized Densification Process and Its Relevant Mechanism,National Virtual Core Library,Yuxiao Xue; Deqing Zhu; Jian Pan; Zhengqi Guo; Congcong Yang; Hongyu Tian; Xi Duan; Qingzhou Huang; Liaoting Pan; Xuezhong Huang,Minerals
10.18814/epiiugs/2009/v32i4/004,2009,"Knowledge systems based on miniaturized geological samples: Lithotheque and Data Metallogenica, a proposal for international adoption",National Virtual Core Library,Peter Laznicka,Episodes
10.1038/s41598-026-44483-8,2026,Mantle melting and lithospheric structure beneath eastern Australia’s Cenozoic volcanoes from 3D magnetotellurics,Manual submission,Relly Margiono; Graham Heinson,Scientific Reports
10.5194/egusphere-egu26-13041,2026,"Million-year Ice from Antarctica and the “Stagnant” Ice Zone: From Microstructure to Geochemistry (MIA:Mic2Geo) – linking BEOI’s “stagnant” ice, COLDEX’s Allan Hills blue ice, and Million Year Ice Core ice",Manual submission | Underworld2,Nicolas Stoll,
10.5382/econgeo.5176,2025,Mineral-Textural Characteristics of Lithium Pegmatite Ores of Western Australia,Manual submission,Martin A. Wells; Mark G. Aylmore; Brent I.A. McInnes; William D.A. Rickard; Kai Rankenburg,Economic Geology
10.1016/j.gca.2025.09.020,2025,Asteroid Itokawa … but when and how did it form exactly?,Manual submission,Fred Jourdan; Nicholas E. Timms; Tomoki Nakamura; William D.A. Rickard; Celia Mayers,Geochimica et Cosmochimica Acta
10.1002/nsg.12108,2020,Exploring a near‐surface subsidence over a rehabilitated underground mine through ambient seismic noise tomography in combination with other geophysical methods,Manual submission,Martín Cárdenas‐Soto; David Escobedo‐Zenil; Andrés Tejero‐Andrade; Muricio Nava‐Flores; Martín Carlos Vidal‐García; Thulasiraman Natarajan,Near Surface Geophysics
10.1007/1345_2024_245,2024,Practical Considerations of VLBI Observations to the GENESIS Mission,Manual submission | AuScope | Katherine VLBI,David Schunck; Lucia McCallum; Guifré Molera Calvés,International Association of Geodesy Symposia
10.1007/978-3-030-21874-4_6,2020,"U–Pb Zircon Geochronology and Geochemistry of Some Plutonic Rocks from the Afif Terrane of Saudi Arabia, Arabian Shield: Implications for Crustal Evolution",Manual submission,Hesham M. Harbi,Regional Geology Reviews
10.1007/978-3-030-46687-9_1,2020,Why Hadean?,Manual submission,T. Mark Harrison,Hadean Earth
10.1007/s00126-019-00906-3,2020,"Zircon (U-Th)/He thermochronometric constraints on the mineralization of the giant Xikuangshan Sb deposit in central Hunan, South China",Manual submission,Shanling Fu; Ruizhong Hu; Geoffrey E. Batt; Martin Danišík; Noreen J. Evans; Xifeng Mi,Mineralium Deposita
10.1007/s00126-019-00949-6,2020,"Deposit-scale structural architecture of the Sigma-Lamaque gold deposit, Canada—insights from a newly proposed 3D method for assessing structural controls from drill hole data",Manual submission,E. J. Cowan,Mineralium Deposita
10.1007/s00126-020-00958-w,2020,"Laser ablation ICP-MS trace element systematics of hydrothermal pyrite in gold deposits of the Kalgoorlie district, Western Australia",Manual submission,Marcelo Godefroy-Rodríguez; Steffen Hagemann; Max Frenzel; Noreen J. Evans,Mineralium Deposita
10.1007/s00126-024-01264-5,2024,"Genesis of Pb–Zn-Ag-Sb mineralization in the Tethys Himalaya, China: Early magmatic-hydrothermal Pb–Zn(-Ag) mineralization overprinted by Sb-rich fluids",Manual submission,Xiang Sun; Ru-Yue Li; Hao-Yu Sun; Paul H. Olin; M. Santosh; Bin Fu; Jun Deng,Mineralium Deposita
10.1007/s00126-024-01294-z,2024,"In-situ geochronology combined with geochemical and isotopic signatures record mineralization and fluid characteristics at the Xiaoxi’nancha porphyry Au-Cu deposit, NE China",Manual submission,Peng-Fei Shan; Ming-Jian Cao; Noreen J. Evans; Pete Hollings; Fred Jourdan; Le Wang; Ke-Zhang Qin,Mineralium Deposita
10.1007/s00190-020-01436-x,2020,On the organization of CONT17,Manual submission,Dirk Behrend; Cynthia Thomas; John Gipson; Ed Himwich; Karine Le Bail,Journal of Geodesy
10.1007/s00410-019-1646-7,2020,Zircon oxygen and hafnium isotope decoupling during regional metamorphism: implications for the generation of low δ18O magmas,Manual submission,Michael I. H. Hartnady; Christopher L. Kirkland; Laure Martin; Chris Clark; R. Hugh Smithies; Catherine V. Spaggiari,Contributions to Mineralogy and Petrology
10.1007/s00410-020-1662-7,2020,"New constraints on the source, composition, and post-emplacement modification of kimberlites from in situ C–O–Sr-isotope analyses of carbonates from the Benfontein sills (South Africa)",Manual submission,Montgarri Castillo-Oliver; Andrea Giuliani; William L. Griffin; Suzanne Y. O’Reilly; Russell N. Drysdale; Adam Abersteiner; Emilie Thomassot; Xian-Hua Li,Contributions to Mineralogy and Petrology
10.1007/s00410-021-01778-5,2021,"Hydrogen, trace, and ultra-trace element distribution in natural olivines",Manual submission,Sylvie Demouchy; Olivier Alard,Contributions to Mineralogy and Petrology
10.1007/s10712-019-09579-z,2020,The Role of Global/Regional Earth Conductivity Models in Natural Geomagnetic Hazard Mitigation,Manual submission,Anna Kelbert,Surveys in Geophysics
10.1007/s11432-019-2809-3,2020,Petrography and chronology of lunar meteorite Northwest Africa 6950,Manual submission,Zemin Bao; Yuruo Shi; J. Lawford Anderson; Allen Kennedy; Zuokai Ke; Xiangping Gu; Peizhi Wang; Xiaochao Che; Yuelan Kang; Huiyi Sun; Chen Wang,Science China Information Sciences
10.1007/s11600-024-01434-z,2024,Optimizing noise reduction in layered-earth magnetotelluric data for generating smooth models with artificial neural networks,Manual submission,Unmilon Pal; Pallavi Banerjee Chattopadhyay; Yash Sarraf; Supriya Halder,Acta Geophysica
10.1007/s12583-020-1282-1,2020,"Late Cenozoic Activity of the Tashkurgan Normal Fault and Implications for the Origin of the Kongur Shan Extensional System, Eastern Pamir",Manual submission,Shenqiang Chen; Hanlin Chen,Journal of Earth Science
10.1016/j.aca.2020.05.037,2020,Detection of sulfur dioxide at low parts-per-million concentrations using low-cost planar electrodes with ionic liquid electrolytes,Manual submission,Simon Doblinger; Junqiao Lee; Zoe Gurnah; Debbie S. Silvester,Analytica Chimica Acta
10.1016/j.arabjc.2019.04.003,2020,Crystallization kinetics study of In-doped and (In-Cr) co-doped TiO2 nanopowders using in-situ high-temperature synchrotron radiation diffraction,Manual submission,H.M. Albetran; I.M. Low,Arabian Journal of Chemistry
10.1016/j.cageo.2021.104941,2021,Fast multi-resolution 3D inversion of potential fields with application to high-resolution gravity and magnetic anomaly data from the Eastern Goldfields in Western Australia,Manual submission,A.L. Codd; L. Gross; A. Aitken,Computers &amp; Geosciences
10.1016/j.chemgeo.2020.119792,2020,Episodic weathering in Southwestern Amazonia based on (U Th)/He dating of Fe and Mn lateritic duricrust,Manual submission,Márcio Fernando dos Santos Albuquerque; Adriana Maria Coimbra Horbe; Martin Danišík,Chemical Geology
10.1016/j.chemgeo.2020.119870,2020,Evaluating zircon initial Hf isotopic composition using a combined SIMS–MC-LASS-ICP-MS approach: A case study from the Coompana Province in South Australia,Manual submission,M.I.H. Hartnady; C.L. Kirkland; R.A. Dutch; S. Bodorkos; E.A. Jagodzinski,Chemical Geology
10.1016/j.chemgeo.2020.119899,2020,A comparison of geochronological methods commonly applied to kimberlites and related rocks: Three case studies from Finland,Manual submission,Hayden Dalton; Andrea Giuliani; David Phillips; Janet Hergt; Roland Maas; Erin Matchan; Jon Woodhead; Hugh O'Brien,Chemical Geology
10.1016/j.chemgeo.2024.122482,2025,Provenance and tectonic intricacies revealed by in situ Rb-Sr dating of detrital micas,Manual submission,Dheerej H. Sathish Kumar; Hugo K.H. Olierook; Milo Barham; Christopher L. Kirkland; Kai Rankenburg; Noreen J. Evans,Chemical Geology
10.1016/j.compgeo.2019.103348,2020,Multiscale modeling for analyzing slip weakening at material interfaces,Manual submission,Shu-Gang Ai; Shi-Jin Feng,Computers and Geotechnics
10.1016/j.conbuildmat.2020.120177,2020,"Effect of waste glass fine aggregate on the strength, durability and high temperature resistance of alkali-activated fly ash and GGBFS blended mortar",Manual submission,Md. Nabi Newaz Khan; Prabir Kumar Sarker,Construction and Building Materials
10.1016/j.cpc.2019.106991,2020,"Accelerating Yade’s poromechanical coupling with matrix factorization reuse, parallel task management, and GPU computing",Manual submission,Robert A. Caulk; Emanuele Catalano; Bruno Chareyre,Computer Physics Communications
10.1016/j.cretres.2020.104390,2020,Expression of Early Cretaceous global anoxic events in Northeastern Brazilian basins,Manual submission,Lucas Pinto Heckert Bastos; Egberto Pereira; Danielle da Costa Cavalcante; Carmen Lucia Ferreira Alferes; Celma Jorge de Menezes; René Rodrigues,Cretaceous Research
10.1016/j.earscirev.2019.01.012,2020,Davis Strait Paleocene picrites: Products of a plume or plates?,Manual submission,D. Barrie Clarke; Erin K. Beutel,Earth-Science Reviews
10.1016/j.earscirev.2019.102926,2020,The Iceland Microcontinent and a continental Greenland-Iceland-Faroe Ridge,Manual submission,Gillian R. Foulger; Tony Doré; C. Henry Emeleus; Dieter Franke; Laurent Geoffroy; Laurent Gernigon; Richard Hey; Robert E. Holdsworth; Malcolm Hole; Ármann Höskuldsson; Bruce Julian; Nick Kusznir; Fernando Martinez; Ken J.W. McCaffrey; James H. Natland; Alexander L. Peace; Kenni Petersen; Christian Schiffer; Randell Stephenson; Martyn Stoker,Earth-Science Reviews
10.1016/j.earscirev.2020.103272,2020,Episodicity and the dance of late Mesozoic magmatism and deformation along the northern circum-Pacific margin: north-eastern Russia to the Cordillera,Manual submission,Vycheslav V. Akinin; Elizabeth L. Miller; Jaime Toro; Andrey V. Prokopiev; Eric S. Gottlieb; Stephen Pearcey; Gennady O. Polzunenkov; Vera A. Trunilina,Earth-Science Reviews
10.1016/j.epsl.2020.116091,2020,North Atlantic Craton architecture revealed by kimberlite-hosted crustal zircons,Manual submission,Nicholas J. Gardiner; Christopher L. Kirkland; Julie A. Hollis; Peter A. Cawood; Oliver Nebel; Kristoffer Szilas; Chris Yakymchuk,Earth and Planetary Science Letters
10.1016/j.epsl.2020.116225,2020,"Generation of Eoarchean continental crust from altered mafic rocks derived from a chondritic mantle: The ∼3.72 Ga Aktash gneisses, Tarim Craton (NW China)",Manual submission,Rongfeng Ge; Simon A. Wilde; Anthony I.S. Kemp; Heejin Jeon; Laure A.J. Martin; Wenbin Zhu; Hailin Wu,Earth and Planetary Science Letters
10.1016/j.epsl.2020.116355,2020,Paired metamorphism in the Neoarchean: A record of accretionary-to-collisional orogenesis in the North China Craton,Manual submission,Bo Huang; Timothy M. Kusky; Tim E. Johnson; Simon A. Wilde; Lu Wang; Ali Polat; Dong Fu,Earth and Planetary Science Letters
10.1016/j.epsl.2020.116552,2020,Cretaceous ocean formation in the High Arctic,Manual submission,Arne Døssing; Carmen Gaina; H. Ruth Jackson; Ole Baltazar Andersen,Earth and Planetary Science Letters
10.1016/j.epsl.2023.118369,2023,The Ferrar Continental Flood Basalt: A ∼1.6 Ma long duration evidenced by high-precision 40Ar/39Ar ages suggest a potential role in the Pliensbachian-Toarcian extinction event,Manual submission,Bryant Ware; Fred Jourdan; Nicholas E. Timms,Earth and Planetary Science Letters
10.1016/j.fuel.2019.116632,2020,Mechanistic insights into the kinetic compensation effects during the gasification of biochar: Effects of the partial pressure of H2O,Manual submission,Muhammad Asif Akhtar; Chun-Zhu Li,Fuel
10.1016/j.fuel.2019.116991,2020,"Differences in soot produced from rapid pyrolysis of xylan, cellulose and lignin under pulverized-fuel conditions",Manual submission,Changya Deng; Sui Boon Liaw; Xiangpeng Gao; Hongwei Wu,Fuel
10.1016/j.gloplacha.2019.103084,2020,An experiment to test satellite radar interferometry-observed geodetic ties to remotely monitor vertical land motion at tide gauges,Manual submission,M.S. Filmer; S.D.P. Williams; C.W. Hughes; G. Wöppelmann; W.E. Featherstone; P.L. Woodworth; A.L. Parker,Global and Planetary Change
10.1016/j.gloplacha.2020.103129,2020,Late Devonian paleogeography in the framework of global plate tectonics,Manual submission,Jan Golonka,Global and Planetary Change
10.1016/j.gloplacha.2020.103221,2020,"Late Oligocene-Miocene proto-Antarctic Circumpolar Current dynamics off the Wilkes Land margin, East Antarctica",Manual submission,Dimitris Evangelinos; Carlota Escutia; Johan Etourneau; Frida Hoem; Peter Bijl; Wilrieke Boterblom; Tina van de Flierdt; Luis Valero; José-Abel Flores; Francisco J. Rodriguez-Tovar; Francisco J. Jimenez-Espejo; Ariadna Salabarnada; Adrián López-Quirós,Global and Planetary Change
10.1016/j.gloplacha.2020.103325,2020,Global climate changes account for the main trends of conodont diversity but not for their final demise,Manual submission,Samuel Ginot; Nicolas Goudemand,Global and Planetary Change
10.1016/j.gr.2019.08.001,2020,"Fluvial and lacustrine successions in the youngest part of the Murihiku Supergroup, New Zealand",Manual submission,G.H. Browne; C.J. Adams; H.J. Campbell; E.M. Kennedy; J.I. Raine; D.P. Strogen; T.R. Sahoo,Gondwana Research
10.1016/j.gr.2019.09.001,2020,Subduction history reveals Cretaceous slab superflux as a possible cause for the mid-Cretaceous plume pulse and superswell events,Manual submission,Madison East; R. Dietmar Müller; Simon Williams; Sabin Zahirovic; Christian Heine,Gondwana Research
10.1016/j.gr.2019.12.015,2020,"A SIMS U-Pb (zircon) and Re-Os (molybdenite) isotope study of the early Paleozoic Macquarie Arc, southeastern Australia: Implications for the tectono-magmatic evolution of the paleo-Pacific Gondwana margin",Manual submission,A.I.S. Kemp; P.L. Blevin; M.D. Norman,Gondwana Research
10.1016/j.gr.2020.06.001,2020,The origin and evolution of the Mexican Cordillera as registered in modern detrital zircons,Manual submission,José G. Cavazos-Tovar; Arturo Gómez-Tuena; Mattia Parolari,Gondwana Research
10.1016/j.gr.2024.05.005,2024,Plate tectonic limits on the assembly of cratonic Australia,Manual submission,Weronika Gorczyk; Alan R.A Aitken; Ian M. Tyler; Peter G. Betts; Fariba Kohanpour,Gondwana Research
10.1016/j.gsf.2019.09.003,2020,"Mantle plumes, triple junctions and transforms: A reinterpretation of Pacific Cretaceous – Tertiary LIPs and the Laramide connection",Manual submission,Michael Fletcher; Derek A. Wyman; Sabin Zahirovic,Geoscience Frontiers
10.1016/j.gsf.2020.01.003,2020,"East African topography and volcanism explained by a single, migrating plume",Manual submission,Rakib Hassan; Simon E. Williams; Michael Gurnis; Dietmar Müller,Geoscience Frontiers
10.1016/j.ijggc.2023.103962,2023,"Pre-commercial baseline passive seismic monitoring around CarbonNet's Pelican Site in the offshore Gippsland Basin, Victoria—The first five years",Manual submission,Januka Attanayake; Abraham Jones; Gary Gibson; Mike Sandiford,International Journal of Greenhouse Gas Control
10.1016/j.ijmecsci.2019.105219,2020,Mechanical responses and failure mechanism of hydrostatically pressurized rocks under combined compression-shear impacting,Manual submission,Hong-bo Du; Feng Dai; Yuan Xu; Zelin Yan; Ming-dong Wei,International Journal of Mechanical Sciences
10.1016/j.ijrmms.2020.104448,2020,3D continuum-discrete coupled modelling of triaxial Hopkinson bar tests on rock under multiaxial static-dynamic loads,Manual submission,W.R. Hu; K. Liu; D.O. Potyondy; Q.B. Zhang,International Journal of Rock Mechanics and Mining Sciences
10.1016/j.jaesx.2020.100038,2020,"Volcanic rocks from the Central and Southern Palawan Ophiolites, Philippines: Tectonic and mantle heterogeneity constraints",Manual submission,Cris Reven L. Gibaga; Carlo A. Arcilla; Nguyen Hoang,Journal of Asian Earth Sciences: X
10.1016/j.jappgeo.2024.105401,2024,Inversion of 2D Magnetotelluric (MT) Data with Axial Anisotropy using Adaptive Particle Swarm Optimization (PSO),Manual submission,Yan Zhou; Lutz Gross; Andrea Codd,Journal of Applied Geophysics
10.1016/j.jasrep.2020.102617,2020,Field characterisation of rock art paintings using non-invasive reflectance spectroscopy in the search for organic paint binders at Genealogy and Stickman Rockshelters in the Weld Range (Western Australia),Manual submission,K.R. Horn; G. Walker; V. Winton; E. Ramanaidou; C. Hamlett; B. Hamlett,Journal of Archaeological Science: Reports
10.1016/j.jcrysgro.2020.125777,2020,The role of zinc ions in calcium oxalate monohydrate crystallization,Manual submission,Timothy Barker; Matthew Boon; Franca Jones,Journal of Crystal Growth
10.1016/j.jog.2020.101764,2020,"Neoproterozoic amalgamation and Phanerozoic reactivation of Central/Western Hoggar (Southern Algeria, Tuareg Shield) lithosphere imaging using Magnetotelluric data",Manual submission,Aboubakr Deramchi; Abderrezak Bouzid; Abderrahmane Bendaoud; Oliver Ritter; Mohamed Hamoudi; José Cruces-Zabala; Naser Meqbel; Zakaria Boukhalfa; Sofiane Saïd Boughchiche; Abdeslam Abtout; Walid Boukhlouf; Abdelhamid Bendekken,Journal of Geodynamics
10.1016/j.jsames.2020.102651,2020,Evolution of sand and silt injection and effusion around the rim and depocenter of Paraná volcanic province,Manual submission,Sandro Kucera Duarte; Léo Afraneo Hartmann; João Orestes Schneider Santos; Neal Jesse McNaughton,Journal of South American Earth Sciences
10.1016/j.jsames.2020.102857,2020,Early Pennsylvanian fluvial - Aeolian interplay in the Amazonas Basin (central-western Gondwana) and its relation to marine transgression,Manual submission,Minelli da Silva Costa; Rick Souza de Oliveira; Roberto Cesar de Mendonça Barbosa; Claudionor de Barros Mota,Journal of South American Earth Sciences
10.1016/j.jsg.2020.104125,2020,Anticline growth by shortening during crustal exhumation of the Moroccan Atlantic margin,Manual submission,D. Fernández-Blanco; M. Gouiza; R. Charton; C. Kluge; J. Klaver; K. Brautigam; G. Bertotti,Journal of Structural Geology
10.1016/j.jsg.2024.105196,2024,4D fault evolution revealed by footwall exhumation modelling: A natural experiment in the Malawi rift,Manual submission,Malcolm McMillan; Samuel C. Boone; Patrick Chindandali; Barry Kohn; Andrew Gleadow,Journal of Structural Geology
10.1016/j.jvolgeores.2020.107007,2020,Late Pleistocene eruptive recurrence in the post-collisional Mt. Hasan stratovolcanic complex (Central Anatolia) revealed by zircon double-dating,Manual submission,Bjarne Friedrichs; Gokhan Atıcı; Martin Danišík; Evren Atakay; Mehmet Çobankaya; Janet C. Harvey; Esra Yurteri; Axel K. Schmitt,Journal of Volcanology and Geothermal Research
10.1016/j.jvolgeores.2024.108115,2024,"Insights into the development of small-volume long lava flows: A case study of the Coalstoun Lakes Volcanic Field, southeast Queensland, Australia",Manual submission,Catherine Brown; Scott E. Bryan; David A. Gust; Hayden Dalton,Journal of Volcanology and Geothermal Research
10.1016/j.marpetgeo.2019.08.037,2020,Late Cretaceous (Cenomanian and Turonian) organofacies and TOC maps: Example of leveraging the global rise in public-domain geochemical source rock data,Manual submission,Jonathan C. Evenick,Marine and Petroleum Geology
10.1016/j.marpetgeo.2020.104397,2020,"Symmetry of the South China Sea conjugate margins in a rifting, drifting and collision context",Manual submission,Yongliang Bai; Xiaoyu Wang; Dongdong Dong; Sascha Brune; Shiguo Wu; Zhenjie Wang,Marine and Petroleum Geology
10.1016/j.marpetgeo.2020.104635,2020,A compilation of igneous rock volumes at volcanic passive continental margins from interpreted seismic profiles,Manual submission,Molly M. Gallahue; Seth Stein; Carol A. Stein; Donna Jurdy; Mitchell Barklage; Tyrone O. Rooney,Marine and Petroleum Geology
10.1016/j.oregeorev.2019.103221,2020,"Trace element and stable isotope characteristics of Algoma-type sulfidic banded iron formations from the Wutai Complex, central North China Craton",Manual submission,Pin Gao; M. Santosh,Ore Geology Reviews
10.1016/j.oregeorev.2020.103448,2020,"The 4D evolution of the Teutonic Bore Camp VHMS deposits, Yilgarn Craton, Western Australia",Manual submission,Vitor R. Barrote; Neal J. McNaughton; Svetlana G. Tessalina; Noreen J. Evans; Cristina Talavera; Jian-Wei Zi; Bradley J. McDonald,Ore Geology Reviews
10.1016/j.oregeorev.2020.103515,2020,"Gold metallogeny of the northern Capricorn Orogen: The relationship between crustal architecture, fault reactivation and hydrothermal fluid flow",Manual submission,Imogen O.H. Fielding; Simon P. Johnson; Jian-Wei Zi; Birger Rasmussen; Stephen Sheppard,Ore Geology Reviews
10.1016/j.oregeorev.2020.103653,2020,"Geochemistry, zircon U-Pb geochronology and Hf-O isotopes of the Late Mesozoic granitoids from the Xiong'ershan area, East Qinling Orogen, China: Implications for petrogenesis and molybdenum metallogeny",Manual submission,Xin-Kai Hu; Li Tang; Shou-Ting Zhang; M. Santosh; Li Sun; Christopher J. Spencer; Heejin Jeon; Yu Zhao; Dan-Feng Huang,Ore Geology Reviews
10.1016/j.oregeorev.2021.104300,2021,Predicting the emplacement of Cordilleran porphyry copper systems using a spatio-temporal machine learning model,Manual submission,Julian Diaz-Rodriguez; R. Dietmar Müller; Rohitash Chandra,Ore Geology Reviews
10.1016/j.palaeo.2020.109667,2020,"Dynamic palaeogeographic reconstructions of the Wuchiapingian Stage (Lopingian, Late Permian) for the South China Block",Manual submission,Zhang-shuai Hou; Jun-xuan Fan; Charles M. Henderson; Dong-xun Yuan; Bo-heng Shen; Jie Wu; Yue Wang; Quan-feng Zheng; Yi-chun Zhang; Qiong Wu; Shu Zhong Shen,"Palaeogeography, Palaeoclimatology, Palaeoecology"
10.1016/j.pepi.2023.107133,2024,"Fluid-assisted intra-plate seismicity at the edge of the Gawler Craton, South Australia",Manual submission,Shubham Agrawal; Caroline M. Eakin; John P. O'Donnell,Physics of the Earth and Planetary Interiors
10.1016/j.precamres.2019.105522,2020,"The Ribeirão da Folha ophiolite-bearing accretionary wedge (Araçuaí orogen, SE Brazil): New data for Cryogenian plagiogranite and metasedimentary rocks",Manual submission,Leandro Amaral; Fabrício de Andrade Caxito; Antonio Carlos Pedrosa-Soares; Gláucia Queiroga; Marly Babinski; Ricardo Trindade; Cristiano Lana; Farid Chemale,Precambrian Research
10.1016/j.precamres.2019.105536,2020,"4D history of the Nimbus VHMS ore deposit in the Yilgarn Craton, Western Australia",Manual submission,Vitor Barrote; Svetlana Tessalina; Neal McNaughton; Fred Jourdan; Steven P. Hollis; Bryant Ware; Jian-Wei Zi,Precambrian Research
10.1016/j.precamres.2019.105550,2020,Subduction-related petrogenesis of Late Archean calc-alkaline lamprophyres in the Yilgarn Craton (Western Australia),Manual submission,Eunjoo Choi; Marco L. Fiorentini; Andrea Giuliani; Stephen F. Foley; Roland Maas; Wayne R. Taylor,Precambrian Research
10.1016/j.precamres.2020.105728,2020,"Geophysical interpretation and tectonic synthesis of the Proterozoic southern McArthur Basin, northern Australia",Manual submission,T.N. Blaikie; M. Kunzmann,Precambrian Research
10.1016/j.precamres.2020.105896,2020,"Geochronological and provenance constraints on the sedimentary rocks hosting the Abra polymetallic deposit, Capricorn Orogen, Western Australia",Manual submission,S. Armandola; M. Barham; S.M. Reddy; C. Clark; R.J.M. Taylor; S.C. Spinks,Precambrian Research
10.1016/j.precamres.2020.105924,2020,"Micron- to nanoscale characterisation and U-Pb geochronology of zircon from granites of the Samphire Pluton, South Australia",Manual submission,Urs Domnick; Nigel J. Cook; Cristiana L. Ciobanu; Liam Courtney-Davies; Marija Dmitrijeva; Max R. Verdugo-Ihl; Jing Xu; William Keyser; Ashley Slattery; Allen K. Kennedy; Russel Bluck,Precambrian Research
10.1016/j.precamres.2024.107510,2024,"A revised stratigraphic model for the ∼ 1910–1835 Ma Tanami Group, the Northern Territory, Australia: Implications for exploration targeting",Manual submission,Andrew F. Crawford; David W. Maidment; Nicolas Thebaud; Quentin Masurel; Noreen J. Evans,Precambrian Research
10.1016/j.quageo.2019.101033,2020,"U–Th disequilibrium, (U–Th)/He and 40Ar/39Ar geochronology of distal Nisyros Kyra tephra deposits on Datça peninsula (SW Anatolia)",Manual submission,Gonca Gençalioğlu-Kuşcu; Göksu Uslular; Martin Danišík; Anthony Koppers; Daniel P. Miggins; Bjarne Friedrichs; Axel K. Schmitt,Quaternary Geochronology
10.1016/j.quascirev.2020.106517,2020,"Sub-millennial eruptive recurrence in the silicic Mangaone Subgroup tephra sequence, New Zealand, from Bayesian modelling of zircon double-dating and radiocarbon ages",Manual submission,Martin Danišík; David J. Lowe; Axel K. Schmitt; Bjarne Friedrichs; Alan G. Hogg; Noreen J. Evans,Quaternary Science Reviews
10.1016/j.quascirev.2020.106606,2020,"New insights into source and dispersal of Mediterranean S1 tephra, an early Holocene marker horizon erupted at Mt. Erciyes (Turkey)",Manual submission,Bjarne Friedrichs; Julie C. Schindlbeck-Belo; Martin Danišík; Susanna F. Jenkins; Esra Yurteri; Mehmet Çobankaya; Matthias Frische; Kuo-Lung Wang; Hao-Yang Lee; Gokhan Atıcı; Axel K. Schmitt; R. Stephen J. Sparks,Quaternary Science Reviews
10.1016/j.quascirev.2024.108810,2024,"Updating the Eifel record: Zircon double-dating of tephras from Wehr volcano (East Eifel, Germany) as marker horizons for the European Pleistocene loess stratigraphy",Manual submission,Anne Sturm; Axel K. Schmitt; Martin Danišík,Quaternary Science Reviews
10.1016/j.sedgeo.2024.106619,2024,Miocene evolution of the External Rif Zone (Morocco): Comparison with similar and lateral southern Mediterranean Tethyan margins,Manual submission,Manuel Martín-Martín; Francesco Guerrera; Juan Carlos Cañaveras; Francisco Javier Alcalá; Francisco Serrano; Alí Maaté; Rachid Hlila; Soufian Maaté; Antonio Sánchez-Navas; Crina Miclăus; José Enrique Tent-Manclús; Manuel Bullejos,Sedimentary Geology
10.1016/j.soildyn.2020.106220,2020,DEM investigation on the mechanical behaviors of flawed specimens subjected to coupled static-dynamic loads,Manual submission,Peng Feng; Mingdong Wei; Feng Dai; Ran Tang; Hongzhi Qiu; Junjie Gong,Soil Dynamics and Earthquake Engineering
10.1021/acs.cgd.0c00152,2020,Stabilization of Aragonite: Role of Mg 2+ and Other Impurity Ions,Manual submission,Matthew Boon; William D. A. Rickard; Andrew L. Rohl; Franca Jones,Crystal Growth &amp; Design
10.1021/acs.energyfuels.0c02937,2020,Yen–Mullins Model Applies to Oilfield Reservoirs,Manual submission,Li Chen; Andre Bertolini; Francois Dubost; Vladislav Achourov; Soraya Betancourt; Jesus A. Cañas; Hadrien Dumont; Andrew E. Pomerantz; Oliver C. Mullins,Energy &amp; Fuels
10.1021/acs.iecr.0c01484,2020,Precipitation of Drug Particles Using a Gas Antisolvent Process on a High-Pressure Microfluidic Platform,Manual submission,Deepali Arora; Rossen Sedev; Chau Chun Beh; Craig Priest; Neil R. Foster,Industrial &amp; Engineering Chemistry Research
10.1021/acs.jpcc.0c02523,2020,"Hydroxylated closo-Dodecaborates M2B12(OH)12 (M = Li, Na, K, and Cs); Structural Analysis, Thermal Properties, and Solid-State Ionic Conductivity",Manual submission,Mathias Jørgensen; Steffen R.H. Jensen; Terry D. Humphries; Matthew R. Rowles; Maria V. Sofianos; Craig E. Buckley; Torben R. Jensen; Mark Paskevicius,The Journal of Physical Chemistry C
10.1021/acs.jpcc.0c04754,2020,Destabilized Calcium Hydride as a Promising High-Temperature Thermal Battery,Manual submission,Sruthy Balakrishnan; M. Veronica Sofianos; Mark Paskevicius; Matthew R. Rowles; Craig E. Buckley,The Journal of Physical Chemistry C
10.1021/acs.jpcc.9b10934,2020,Physicochemical Characterization of a Na–H–F Thermal Battery Material,Manual submission,Terry D. Humphries; Aditya Rawal; Matthew R. Rowles; Christopher R. Prause; Julianne E. Bird; Mark Paskevicius; M. Veronica Sofianos; Craig E. Buckley,The Journal of Physical Chemistry C
10.1021/acs.jpcc.9b11211,2020,Fluorine Substitution in Magnesium Hydride as a Tool for Thermodynamic Control,Manual submission,Terry D. Humphries; Jack Yang; Richard A. Mole; Mark Paskevicius; Julianne E. Bird; Matthew R. Rowles; Mariana S. Tortoza; M. Veronica Sofianos; Dehong Yu; Craig. E. Buckley,The Journal of Physical Chemistry C
10.1029/2019gc008495,2020,Carbonated Inheritance in the Eastern Tibetan Lithospheric Mantle: Petrological Evidences and Geodynamic Implications,Manual submission,Fanny Goussin; Nicolas Riel; Carole Cordier; Stéphane Guillot; Philippe Boulvais; Pierrick Roperch; Anne Replumaz; Karel Schulmann; Guillaume Dupont‐Nivet; Filipe Rosas; Zhaojie Guo,"Geochemistry, Geophysics, Geosystems"
10.1029/2019gc008649,2020,Current Deformation in the Tibetan Plateau: A Stress Gauge in the India‐Asia Collision Tectonics,Manual submission,Fabio A. Capitanio,"Geochemistry, Geophysics, Geosystems"
10.1029/2019gc008690,2020,AGU Centennial Grand Challenge: Volcanoes and Deep Carbon Global CO2 Emissions From Subaerial Volcanism—Recent Progress and Future Challenges,Manual submission,Tobias P. Fischer; Alessandro Aiuppa,"Geochemistry, Geophysics, Geosystems"
10.1029/2019gc008699,2020,Eocene (46–44 Ma) Onset of Australia‐Pacific Plate Motion in the Southwest Pacific Inferred From Stratigraphy in New Caledonia and New Zealand,Manual submission,Edoardo Dallanave; Pierre Maurizot; Claudia Agnini; Rupert Sutherland; Christopher J. Hollis; Julien Collot; Gerald R. Dickens; Valerian Bachtadse; Dominic Strogen; Hugh E. G. Morgans,"Geochemistry, Geophysics, Geosystems"
10.1029/2019gc008838,2020,Towards FAIR Paleomagnetic Data Management Through Paleomagnetism.org 2.0,Manual submission,M. R. Koymans; D. J. J. van Hinsbergen; D. Pastor‐Galán; B. Vaes; C. G. Langereis,"Geochemistry, Geophysics, Geosystems"
10.1029/2019jb018261,2020,Empirical Green's Function Retrieval Using Ambient Noise Source‐Receiver Interferometry,Manual submission,Yunfeng Chen; Erdinc Saygin,Journal of Geophysical Research: Solid Earth
10.1029/2019jb018703,2020,Bayesian Self‐Adapting Fault Slip Inversion With Green's Functions Uncertainty and Application on the 2016Mw7.1 Kumamoto Earthquake,Manual submission,M. Hallo; F. Gallovič,Journal of Geophysical Research: Solid Earth
10.1029/2019jb019060,2020,"Ultramafic Rock Carbonation: Constraints From Listvenite Core BT1B, Oman Drilling Project",Manual submission,A. Beinlich; O. Plümper; E. Boter; I. A. Müller; F. Kourim; M. Ziegler; Y. Harigane; R. Lafay; P. B. Kelemen; ,Journal of Geophysical Research: Solid Earth
10.1029/2019jb019100,2020,Wide‐Angle Seismic Imaging of Two Modes of Crustal Accretion in Mature Atlantic Ocean Crust,Manual submission,R. G. Davy; J. S. Collier; T. J. Henstock; ,Journal of Geophysical Research: Solid Earth
10.1029/2019tc005963,2020,Reconstructing the Source and Growth of the Makran Accretionary Complex: Constraints From Detrital Zircon U‐Pb Geochronology,Manual submission,R. Esmaeili; W. Xiao; W. L. Griffin; H. Shafaii Moghadam; Z. Zhang; M. Ebrahimi; J. Zhang; B. Wan; S. Ao; S. Bhandari,Tectonics
10.1029/2020gc009117,2020,A Quantitative Tomotectonic Plate Reconstruction of Western North America and the Eastern Pacific Basin,Manual submission,Edward J. Clennett; Karin Sigloch; Mitchell G. Mihalynuk; Maria Seton; Martha A. Henderson; Kasra Hosseini; Afsaneh Mohammadzaheri; Stephen T. Johnston; R. Dietmar Müller,"Geochemistry, Geophysics, Geosystems"
10.1029/2020gc009122,2020,The Evolving Paleobathymetry of the Circum‐Antarctic Southern Ocean Since 34 Ma: A Key to Understanding Past Cryosphere‐Ocean Developments,Manual submission,K. Hochmuth; K. Gohl; G. Leitchenkov; I. Sauermilch; J. M. Whittaker; G. Uenzelmann‐Neben; B. Davy; L. De Santis,"Geochemistry, Geophysics, Geosystems"
10.1029/2020gc009123,2020,Thermal History of the Earth: On the Importance of Surface Processes and the Size of Tectonic Plates,Manual submission,C. Grigné; M. Combes,"Geochemistry, Geophysics, Geosystems"
10.1029/2020gc009144,2020,Evolution of the Southwest Australian Rifted Continental Margin During Breakup of East Gondwana: Results From International Ocean Discovery Program Expedition 369,Manual submission,D. L. Harry; M. L. G. Tejada; E. Y. Lee; E. Wolfgring; C. C. Wainman; H.‐J. Brumsack; B. Schnetger; J.‐I. Kimura; L. Riquier; I. Borissova; R. W. Hobbs; T. Jiang; Y‐X. Li; A. Maritati; M. Martinez; C. Richter; G. Tagliaro; L. T. White,"Geochemistry, Geophysics, Geosystems"
10.1029/2020gc009262,2020,Mantle Transition Zone Structure Beneath Myanmar and Its Geodynamic Implications,Manual submission,Yiming Bai; Xiaohui Yuan; Yumei He; Guangbing Hou; Myo Thant; Kyaing Sein; Yinshuang Ai,"Geochemistry, Geophysics, Geosystems"
10.1029/2020jb019643,2020,Resolvability of the Centroid‐Moment‐Tensors for Shallow Seismic Sources and Improvements From Modeling High‐Frequency Waveforms,Manual submission,Babak Hejrani; Hrvoje Tkalčić,Journal of Geophysical Research: Solid Earth
10.1029/2020jb019825,2020,"A Magnetic Data Correction Workflow for Sparse, Four‐Dimensional Data",Manual submission,Alan R. A. Aitken; Lara N. Ramos; Jason L. Roberts; Jamin S. Greenbaum; Lenneke M. Jong; Duncan A. Young; Donald D. Blankenship,Journal of Geophysical Research: Solid Earth
10.1029/2020tc006172,2020,Deformation Analysis in the Barents Sea in Relation to Paleogene Transpression Along the Greenland‐Eurasia Plate Boundary,Manual submission,Sébastien Gac; Alexander Minakov; Grace E. Shephard; Jan Inge Faleide; Sverre Planke,Tectonics
10.1029/2023av001079,2024,When a Plateau Suppresses a Plume: Disappearance of the Samoan Plume Under the Ontong Java Plateau,Manual submission | EarthByte,Matthew G. Jackson; Valerie Finlayson; Bernhard Steinberger; Kevin Konrad,AGU Advances
10.1029/2023tc008079,2024,Cretaceous Crust in the Scotia Sea: Missing Pieces in a Geological Puzzle?,Manual submission,J. H. Oldenhage; W. P. Schellart; A. Beniest,Tectonics
10.1038/s41561-020-0554-9,2020,Instantaneous rock transformations in the deep crust driven by reactive fluid flow,Manual submission,A. Beinlich; T. John; J. C. Vrijmoed; M. Tominaga; T. Magna; Y. Y. Podladchikov,Nature Geoscience
10.1038/s41561-020-0599-9,2020,Distinct formation history for deep-mantle domains reflected in geochemical differences,Manual submission,Luc S. Doucet; Zheng-Xiang Li; Hamed Gamal El Dien; Amaury Pourteau; J. Brendan Murphy; William J. Collins; Nadine Mattielli; Hugo K. H. Olierook; Christopher J. Spencer; Ross N. Mitchell,Nature Geoscience
10.1038/s41561-024-01450-0,2024,Onset of the Earth’s hydrological cycle four billion years ago or earlier,Manual submission,Hamed Gamaleldien; Li-Guang Wu; Hugo K. H. Olierook; Christopher L. Kirkland; Uwe Kirscher; Zheng-Xiang Li; Tim E. Johnson; Sean Makin; Qiu-Li Li; Qiang Jiang; Simon A. Wilde; Xian-Hua Li,Nature Geoscience
10.1038/s41561-024-01485-3,2024,Ishtar Terra highlands on Venus raised by craton-like formation mechanisms,Manual submission,Fabio A. Capitanio; Madeleine Kerr; Dave R. Stegman; Suzanne E. Smrekar,Nature Geoscience
10.1038/s43246-020-0045-y,2020,Catalysis-free transformation of non-graphitising carbons into highly crystalline graphite,Manual submission,Jason L. Fogg; Kate J. Putman; Tianyi Zhang; Yu Lei; Mauricio Terrones; Peter J. F. Harris; Nigel A. Marks; Irene Suarez-Martinez,Communications Materials
10.1038/s43247-024-01469-6,2024,Cryptic geological histories accessed through entombed and matrix geochronometers in dykes,Manual submission,Christopher L. Kirkland; Maximilian Dröllner; Raphael Quentin de Gromard; Bruno V. Ribeiro; Hugo K. H. Olierook; Michael Hartnady; Milo Barham; Janne Liebmann; Hugh Smithies; Andreas Zametzer,Communications Earth &amp; Environment
10.1039/d0cp04431h,2020,Thermochemical energy storage performance of zinc destabilized calcium hydride at high-temperatures,Manual submission,Sruthy Balakrishnan; M. Veronica Sofianos; Terry D. Humphries; Mark Paskevicius; Craig E. Buckley,Physical Chemistry Chemical Physics
10.1039/d0ja00211a,2020,Radionuclide analysis using collision–reaction cell ICP-MS technology: a review,Manual submission,Silvia Diez-Fernández; Hélène Isnard; Anthony Nonell; Carole Bresson; Frédéric Chartier,Journal of Analytical Atomic Spectrometry
10.1039/d0ja00308e,2020,Optimisation of laser and mass spectrometer parameters for the in situ analysis of Rb/Sr ratios by LA-ICP-MS/MS,Manual submission,Lauren Gorojovsky; Olivier Alard,Journal of Analytical Atomic Spectrometry
10.1061/jmcee7.mteng-18400,2025,Upscaling Bacterial Inoculation for Field-Scale Applications of Microbially Induced Carbonate Precipitation,Manual submission,Qianwen Liu; Pegah Ghasemi; Brina M. Montoya; Curtis A. Lajoie; Christine J. Kelly; T. Matthew Evans,Journal of Materials in Civil Engineering
10.1063/5.0024762,2020,Generalized friction and dilatancy laws for immersed granular flows consisting of large and small particles,Manual submission,Kahlil F. E. Cui; Gordon G. D. Zhou; Lu Jing; Xiaoqing Chen; Dongri Song,Physics of Fluids
10.1071/aj19080,2020,Exploring for the Future—a new oil and gas frontier in northern Australia,Manual submission,Paul Henson; David Robinson; Lidena Carr; Dianne S. Edwards; Susannah K. MacFarlane; Amber J. M. Jarrett; Adam H. E. Bailey,The APPEA Journal
10.1080/00206814.2019.1636416,2020,Paleozoic glaciation in NE Africa: field and remote sensing-based evidence from the South Eastern Desert of Egypt,Manual submission,Mohamed S. Elhebiry; Mohamed Sultan; Ibrahim Abu El-Leil; Alan E. Kehew; Mahmoud H. Bekiet; Islam Abdel Shahid; Nehal M. A. Soliman; Abotalib Z. Abotalib; Mustafa Emil,International Geology Review
10.1080/00206814.2019.1653798,2020,Insights about the structure and development of Zhongsha Bank in the South China Sea from integrated geophysical modelling,Manual submission,Haibo Huang; Enyuan He; Xuelin Qiu; Xingwei Guo; Jianke Fan; Xunhua Zhang,International Geology Review
10.1080/00288306.2024.2374065,2025,A review of hot sedimentary aquifer geothermal resources in Australia,Manual submission,Graeme R. Beardsmore,New Zealand Journal of Geology and Geophysics
10.1080/08120099.2019.1637937,2020,"Porphyry Cu fertility of the Loch Lilly-Kars Belt, Western New South Wales, Australia",Manual submission,B. Baatar; L. A. Parra-Avila; M. L. Fiorentini; P. Polito; A. J. Crawford,Australian Journal of Earth Sciences
10.1080/08120099.2020.1714730,2020,Jurassic uplift and erosion of the northeast Queensland continental margin: evidence from (U–Th)/He thermochronology combined with U–Pb detrital zircon age spectra,Manual submission,Y. Cheng; C. N. Todd; R. A. Henderson; M. Danišík; F. Sahlström; Z. Chang; I. Corral,Australian Journal of Earth Sciences
10.1080/08120099.2024.2302360,2024,"Mid-Jurassic volcanism at Bokhara River and insights into metasomatism in the lithospheric mantle of the Thomson Orogen, eastern Australia",Manual submission,J. Shea; S. Foley; H. Dalton; A. Lanati; D. Phillips,Australian Journal of Earth Sciences
10.1080/08120099.2024.2319105,2024,Detrital or reset? 40 Ar/ 39 Ar dating of mica from the Lower Jurassic Precipice Sandstone and Evergreen Formation in the Surat Basin,Manual submission,T. Crossingham; K. Sobczak; A. D. La Croix; J. Esterle; H. Dalton; P. Hayes,Australian Journal of Earth Sciences
10.1080/08120099.2024.2430279,2024,A review of critical mineral resources in Australia,Manual submission,A. F. Britt; K. Czarnota,Australian Journal of Earth Sciences
10.1080/08123985.2023.2282711,2024,Metasomatism and depletion of the southern Gawler Craton from combined mantle xenocryst and AusLAMP magnetotelluric data,Manual submission | AusLAMP,Kate Selway; Sinan Özaydın; Justin L. Payne,Exploration Geophysics
10.1080/08827508.2019.1636048,2020,Extraction of Gold and Copper from a Gold Ore Thiosulfate Leachate by Use of Functionalized Magnetic Nanoparticles,Manual submission,N. D. Ilankoon; C. Aldrich; E. A. Oraby; J. J. Eksteen,Mineral Processing and Extractive Metallurgy Review
10.1080/14432471.2020.1773222,2020,Geological Survey of South Australia: A new way to access geophysical data on SARIG,Manual submission,Phil Heath; Laz Katona,Preview
10.1080/14432471.2020.1828393,2020,"Geoscience Australia: GADDS release, Kidson Sub-basin 2D seismic survey and new AusLAMP results",Manual submission,Mike Barlow,Preview
10.1080/14432471.2020.1828417,2020,Geological Survey of South Australia: SARIG updated and a new AusLAMP model,Manual submission,Philip Heath,Preview
10.1080/14432471.2020.1855772,2020,"Geological Survey of South Australia: SAEMC 2020, AusArray SA, Central Delamerian Broadband MT transect",Manual submission,Philip Heath; John O’Donnell; Kate Robertson; Tom Wise,Preview
10.1080/19648189.2018.1481770,2020,Influence of two unparallel fissures on the mechanical behaviours of rock-like specimens subjected to uniaxial compression,Manual submission,Peng Feng; Feng Dai; Yi Liu; Nuwen Xu; Tao Zhao,European Journal of Environmental and Civil Engineering
10.1080/25726641.2019.1702802,2020,Characterising the effect of different modes of particle breakage on coarse gangue rejection for an orogenic gold ore,Manual submission,P. Bode; T.D.H. McGrath; J.J. Eksteen,Mineral Processing and Extractive Metallurgy
10.1086/707727,2020,"An Early Paleocene Carpoflora from the Denver Basin of Colorado, USA, and Its Implications for Plant-Animal Interactions and Fruit Size Evolution",Manual submission,Indah B. Huegele; Steven R. Manchester,International Journal of Plant Sciences
10.1093/botlinnean/boaa038,2020,Eocene palms from central Myanmar in a South-East Asian and global perspective: evidence from the palynological record,Manual submission,Huasheng Huang; Robert Morley; Alexis Licht; Guillaume Dupont-Nivet; Friðgeir Grímsson; Reinhard Zetter; Jan Westerweel; Zaw Win; Day Wa Aung; Carina Hoorn,Botanical Journal of the Linnean Society
10.1093/gji/ggaa039,2020,Magnetotelluric multiscale 3-D inversion reveals crustal and upper mantle structure beneath the Hangai and Gobi-Altai region in Mongolia,Manual submission,J S Käufl; A V Grayver; M J Comeau; A V Kuvshinov; M Becken; J Kamm; E Batmagnai; S Demberel,Geophysical Journal International
10.1093/gji/ggaa348,2020,Inner core anisotropy measured using new ultra-polar PKIKP paths,Manual submission,Henry Brett; Arwen Deuss,Geophysical Journal International
10.1093/isd/ixaa015,2020,Molecular Phylogeny of the Notomicrine Water Beetles (Coleoptera: Noteridae) Reveals Signatures of Gondwanan Vicariance and Ecological Plasticity,Manual submission,Stephen M Baca; Andrew E Z Short,Insect Systematics and Diversity
10.1093/petrology/egaa030,2020,Tracing Highly Siderophile Elements through Subduction: Insights from High-pressure Serpentinites and ‘Hybrid’ Rocks from Alpine Corsica,Manual submission,Rosalind J Crossley; Katy A Evans; Noreen J Evans; Alessandro Bragagni; Brad J McDonald; Steven M Reddy; Iris M Speelmanns,Journal of Petrology
10.1093/zoolinnean/zlz038,2020,Spatiotemporal palaeodiversity patterns of modern crocodiles (Crocodyliformes: Eusuchia),Manual submission,Ane De Celis; Iván Narváez; Francisco Ortega,Zoological Journal of the Linnean Society
10.1103/physrevresearch.2.023119,2020,Bulk detection of time-dependent topological transitions in quenched chiral models,Manual submission,Alessio D'Errico; Francesco Di Colandrea; Raouf Barboza; Alexandre Dauphin; Maciej Lewenstein; Pietro Massignan; Lorenzo Marrucci; Filippo Cardano,Physical Review Research
10.1111/bre.12403,2020,Changing of the guards: Detrital zircon provenance tracking sedimentological reorganization of a post‐Gondwanan rift margin,Manual submission,Milo Barham; Christopher L. Kirkland,Basin Research
10.1111/ggr.12308,2020,"Determination of Radiogenic 87Sr/86Sr and Stable δ88/86SrSRM987 Isotope Values of Thirteen Mineral, Vegetal and Animal Reference Materials by DS‐TIMS",Manual submission,Jean‐Michel Brazier; Anne‐Désirée Schmitt; Eric Pelt; Damien Lemarchand; Sophie Gangloff; Théo Tacail; Vincent Balter,Geostandards and Geoanalytical Research
10.1111/ggr.12340,2020,Nanoscale Isotopic Dating of Monazite,Manual submission,Denis Fougerouse; Christopher L. Kirkland; David W. Saxey; Anne‐Magali Seydoux‐Guillaume; Matthew R. Rowles; William D. A. Rickard; Steven M. Reddy,Geostandards and Geoanalytical Research
10.1111/jmg.12789,2024,Modification of the isotopic and geochemical compositions of accessory minerals controlled by microstructural setting,Manual submission,Chris Clark; Richard J. M. Taylor; Malcolm P. Roberts; Simon L. Harley,Journal of Metamorphic Geology
10.1111/maps.13640,2021,End of magmatism in the upper crust of asteroid 4 Vesta,Manual submission,F. Jourdan; L. Forman; T. Kennedy; G. K. Benedix; E. Eroglu; C. Mayers,Meteoritics &amp; Planetary Science
10.1111/maps.14227,2024,Asteroid (101955) Bennu in the laboratory: Properties of the sample collected by OSIRIS‐REx,Manual submission,Dante S. Lauretta; Harold C. Connolly; Joseph E. Aebersold; Conel M. O'D. Alexander; Ronald‐L. Ballouz; Jessica J. Barnes; Helena C. Bates; Carina A. Bennett; Laurinne Blanche; Erika H. Blumenfeld; Simon J. Clemett; George D. Cody; Daniella N. DellaGiustina; Jason P. Dworkin; Scott A. Eckley; Dionysis I. Foustoukos; Ian A. Franchi; Daniel P. Glavin; Richard C. Greenwood; Pierre Haenecour; Victoria E. Hamilton; Dolores H. Hill; Takahiro Hiroi; Kana Ishimaru; Fred Jourdan; Hannah H. Kaplan; Lindsay P. Keller; Ashley J. King; Piers Koefoed; Melissa K. Kontogiannis; Loan Le; Robert J. Macke; Timothy J. McCoy; Ralph E. Milliken; Jens Najorka; Ann N. Nguyen; Maurizio Pajola; Anjani T. Polit; Kevin Righter; Heather L. Roper; Sara S. Russell; Andrew J. Ryan; Scott A. Sandford; Paul F. Schofield; Cody D. Schultz; Laura B. Seifert; Shogo Tachibana; Kathie L. Thomas‐Keprta; Michelle S. Thompson; Valerie Tu; Filippo Tusberti; Kun Wang; Thomas J. Zega; C. W. V. Wolner; ,Meteoritics &amp; Planetary Science
10.1111/pala.12486,2020,Tracing the patterns of non‐marine turtle richness from the Triassic to the Palaeogene: from origin to global spread,Manual submission,Terri J. Cleary; Roger B. J. Benson; Patricia A. Holroyd; Paul M. Barrett,Palaeontology
10.1111/sed.12659,2020,"Mineralogy and geochemistry of atypical reduction spheroids from the Tumblagooda Sandstone, Western Australia",Manual submission,David C. M. Fox; Samuel C. Spinks; Robert L. Thorne; Milo Barham; Mehrooz Aspandiar; Joseph G. T. Armstrong; Tonguç Uysal; Nicholas E. Timms; Mark A. Pearce; Michael Verrall; Belinda Godel; Brad Whisson,Sedimentology
10.1111/ter.12452,2020,Dating late Quaternary events by the combined U‐Pb LA‐ICP‐MS and (U‐Th)/He dating of zircon: A case study on Omachi Tephra suite (central Japan),Manual submission,Hisatoshi Ito; Martin Danišík,Terra Nova
10.1126/sciadv.adg4813,2023,Discrete magma injections drive the 2021 La Palma eruption,Manual submission,Teresa Ubide; Álvaro Márquez; Eumenio Ancochea; María José Huertas; Raquel Herrera; Juan Jesús Coello-Bravo; David Sanz-Mangas; Jack Mulder; Alice MacDonald; Inés Galindo,Science Advances
10.1126/sciadv.adp0414,2024,Ironing out complexities in karst chronology: (U-Th)/He ferricrete ages reveal wet MIS 5c,Manual submission,Matej Lipar; Milo Barham; Martin Danišík; Andrej Šmuc; John A. Webb; Kenneth J. McNamara; Aleš Šoster; Mateja Ferk,Science Advances
10.1130/b37614.1,2025,Spatio-temporal copper prospectivity in the American Cordillera predicted by positive-unlabeled machine learning,Manual submission,Christopher P. Alfonso; R. Dietmar Müller; Ben Mather; Michele Anthony,Geological Society of America Bulletin
10.1130/g47301.1,2020,Strain and retrogression partitioning explain long-term stability of crustal roots in stable continents,Manual submission,B. Cenki-Tok; P.F. Rey; D. Arcay,Geology
10.1130/g47377.1,2020,"Late Ordovician mass extinction caused by volcanism, warming, and anoxia, not cooling and glaciation",Manual submission,David P.G. Bond; Stephen E. Grasby,Geology
10.1134/s0016852120020041,2020,Significant Tectono-Geophysical Features of the African-Arabian Tectonic Region: An Overview,Manual submission,L. V. Eppelbaum; Y. I. Katz,Geotectonics
10.1139/cgj-2018-0703,2020,Analysis of sand – woven geotextile interface shear behavior using discrete element method (DEM),Manual submission,Shi-Jin Feng; Jie-Ni Chen; Hong-Xin Chen; Xin Liu; T. Zhao; Annan Zhou,Canadian Geotechnical Journal
10.1144/geochem2019-039,2020,Recent advances in the application of mineral chemistry to exploration for porphyry copper–gold–molybdenum deposits: detecting the geochemical fingerprints and footprints of hypogene mineralization and alteration,Manual submission,David R. Cooke; Paul Agnew; Pete Hollings; Michael Baker; Zhaoshan Chang; Jamie J. Wilkinson; Ayesha Ahmed; Noel C. White; Lejun Zhang; Jennifer Thompson; J. Bruce Gemmell; Leonid Danyushevsky; Huayong Chen,"Geochemistry: Exploration, Environment, Analysis"
10.1144/jgs2019-080,2020,Reconstructing the terrestrial flora and marine plankton of the Middle Devonian of Spain: implications for biotic interchange and palaeogeography,Manual submission,A. J. Askew; C. H. Wellman,Journal of the Geological Society
10.1144/m51-2018-5,2020,Chapter 2 Geodynamics of the SW Pacific: a brief review and relations with New Caledonian geology,Manual submission,J. Collot; M. Patriat; R. Sutherland; S. Williams; D. Cluzel; M. Seton; B. Pelletier; W. R. Roest; S. Etienne; A. Bordenave; P. Maurizot,"Geological Society, London, Memoirs"
10.11636/134276,2020,Lithospheric-scale controls on zinc-lead-silver deposits of the North Australian Zinc Belt: evidence from isotopic and geophysical data,Manual submission,D.L. Huston; D.C. Champion; K. Czarnota; M. Hutchens; M. Hoggard; B. Ware; F. Richards; S. Tessalina; G.M. Gibson; G. Cari,
10.11636/134991,2020,Minerals on the edge: sediment-hosted base metal endowment above steps in lithospheric thickness,Manual submission,K. Czarnota; M.J. Hoggard; F.D. Richards; M. Teh; D.L. Huston; A.L. Jaques; S. Ghelichkhan,
10.1177/1350650119864486,2020,Effect of abrasive particle size on tribological behavior of elastomers,Manual submission,F Hakami; A Pramanik; AK Basak; N Ridgway; MN Islam,"Proceedings of the Institution of Mechanical Engineers, Part J: Journal of Engineering Tribology"
10.1186/s40623-020-01151-z,2020,(U–Th)/He thermochronometric mapping across the northeast Japan Arc: towards understanding mountain building in an island-arc setting,Manual submission,Shoma Fukuda; Shigeru Sueoka; Barry P. Kohn; Takahiro Tagami,"Earth, Planets and Space"
10.12789/geocanj.2020.47.157,2020,Proterozoic–Paleozoic Sedimentary Rocks and Mesozoic–Cenozoic Landscapes of the Cape Mountains Across the Kango Complex Reveal ‘More Gaps Than Record’ from Rodinia and Gondwana to Africa,Manual submission,Maarten J. De Wit; Bastien Linol; Vhuhwavhohau Nengovhela,Geoscience Canada
10.1306/06212321210,2024,"Petroleum accumulation history of deeply buried carbonate reservoirs in the northern Tarim Basin, northwestern China",Manual submission,Peng Yang; Keyu Liu; Noreen J. Evans; Shuichang Zhang; Zhen Li; Jin Su; Kai Rankenburg; Jianliang Liu; Brent I. A. McInnes,AAPG Bulletin
10.1785/0120190266,2020,"Rupture Characteristics and Bedrock Structural Control of the 2016 Mw 6.0 Intraplate Earthquake in the Petermann Ranges, Australia",Manual submission,Januka Attanayake; Tamarah R. King; Mark C. Quigley; Gary Gibson; Dan Clark; Abraham Jones; Sarah L. Brennand; Mike Sandiford,Bulletin of the Seismological Society of America
10.1785/0220230415,2024,WA Array: A High-Resolution Passive-Source Seismic Survey to Image the West Australian Lithosphere,Manual submission,Ruth E. Murdie; Huaiyu Yuan; John P. O’Donnell; Simon P. Johnson; Reza Ebrahimi; Mahtab Rashidifard,Seismological Research Letters
10.2113/gsjfr.50.4.382,2020,Planktonic Foraminiferal Endemism at Southern High Latitudes Following the Terminal Cretaceous Extinction,Manual submission,Brian T. Huber; Maria Rose Petrizzo; Kenneth G. MacLeod,Journal of Foraminiferal Research
10.21203/rs.3.rs-45963/v1,2020,"One More “Living Fossil”: Mesozoic Lineage Differentiation, Morphological Stasis and Weak Phylogeographic Structure in Eurasia in the Bosminopsis Deitersi Group (Crustacea: Cladocera: Bosminidae)",Manual submission,Petr G. Garibian; Dmitry P. Karabanov; Anna N. Neretina; Derek J. Taylor; Alexey Kotov,
10.2475/02.2020.02,2020,A combined geochronological and paleomagnetic study on ∼1220 Ma mafic dikes in the North China Craton and the implications for the breakup of Nuna and assembly of Rodinia,Manual submission,Jikai Ding; Shihong Zhang; Hanqing Zhao; Hanbiao Xian; Haiyan Li; Tianshui Yang; Huaichun Wu; Wei Wang,American Journal of Science
10.3389/feart.2020.00121,2020,Southward-Directed Subduction of the Farallon–Aluk Spreading Ridge and Its Impact on Subduction Mechanics and Andean Arc Magmatism: Insights From Geochemical and Seismic Tomographic Data,Manual submission,Sofía B. Iannelli; Lucía Fernández Paz; Vanesa D. Litvak; Guido Gianni; Lucas M. Fennell; Javiera González; Friedrich Lucassen; Simone Kasemann; Verónica Oliveros; Andrés Folguera,Frontiers in Earth Science
10.3389/feart.2020.00374,2020,Orphaning Regimes: The Missing Link Between Flattened and Penetrating Slab Morphologies,Manual submission,Antoniette Greta Grima; Carolina Lithgow-Bertelloni; Fabio Crameri,Frontiers in Earth Science
10.3389/feart.2020.548724,2020,Calibrating the Yield Strength of Archean Lithosphere Based on the Volume of Tonalite-Trondhjemite-Granodiorite Crust,Manual submission,Prasanna M. Gunawardana; Gabriele Morra; Priyadarshi Chowdhury; Peter A. Cawood,Frontiers in Earth Science
10.3390/geosciences10010036,2020,"Trace Metal and Cd Isotope Systematics of the Basal Datangpo Formation, Yangtze Platform (South China) Indicate Restrained (Bio)Geochemical Metal Cycling in Cryogenian Seawater",Manual submission,Simon V. Hohl; Shao-Yong Jiang; Sebastian Viehmann; Wei Wei; Qian Liu; Hai-Zhen Wei; Stephen J.G. Galer,Geosciences
10.3390/geosciences10090366,2020,Evolutionary Models of the Cenozoic Basins of Central-Western Mediterranean Area: A Review of Methodological Approaches,Manual submission,Francesco Guerrera; Manuel Martín-Martín; Mario Tramontana,Geosciences
10.3390/min10121118,2020,"Kishonite, VH2, and Oreillyite, Cr2N, Two New Minerals from the Corundum Xenocrysts of Mt Carmel, Northern Israel",Manual submission,Luca Bindi; Fernando Cámara; Sarah E. M. Gain; William L. Griffin; Jin-Xiang Huang; Martin Saunders; Vered Toledo,Minerals
10.3917/ecofi.138.0105,2021,"Prix du carbone, stratégies d'entreprises et transformation énergétique",Manual submission,Anna Creti; Raphaël Olivier,Revue d'économie financière
10.4236/pos.2020.112002,2020,Combined Multifactor Evidence of a Giant Lower-Mantle Ring Structure below the Eastern Mediterranean,Manual submission,Lev Eppelbaum; Zvi Ben-Avraham; Youri Katz; Sierd Cloetingh; Mikhail Kaban,Positioning
10.5194/cp-16-1667-2020,2020,Surface-circulation change in the southwest Pacific Ocean across the Middle Eocene Climatic Optimum: inferences from dinoflagellate cysts and biomarker paleothermometry,Manual submission,Marlow Julius Cramwinckel; Lineke Woelders; Emiel P. Huurdeman; Francien Peterse; Stephen J. Gallagher; Jörg Pross; Catherine E. Burgess; Gert-Jan Reichart; Appy Sluijs; Peter K. Bijl,Climate of the Past
10.5194/egusphere-egu2020-11204,2020,Tantalising new magnetic views of Precambrian and Pan-African age crustal architecture in interior East Antarctica,Manual submission,Fausto Ferraccioli; Graeme Eagles; Alexander Golynsky; Jorg Ebbing; Wu Guochao; Chris Green; Bruce Eglington; Egidio Armadillo,
10.5194/esd-11-291-2020,2020,Back to the future II: tidal evolution of four supercontinent scenarios,Manual submission,Hannah S. Davies; J. A. Mattias Green; Joao C. Duarte,Earth System Dynamics
10.5194/isprs-archives-xliii-b3-2020-383-2020,2020,MULTI-LABEL CLASSIFICATION FOR DRILL-CORE HYPERSPECTRAL MINERAL MAPPING,Manual submission,I. C. Contreras; M. Khodadadzadeh; R. Gloaguen,"The International Archives of the Photogrammetry, Remote Sensing and Spatial Information Sciences"
10.5194/se-11-1313-2020,2020,A reconstruction of Iberia accounting for Western Tethys–North Atlantic kinematics since the late-Permian–Triassic,Manual submission,Paul Angrand; Frédéric Mouthereau; Emmanuel Masini; Riccardo Asti,Solid Earth
10.5194/se-11-419-2020,2020,Towards plausible lithological classification from geophysical inversion: honouring geological principles in subsurface imaging,Manual submission,Jérémie Giraud; Mark Lindsay; Mark Jessell; Vitaliy Ogarko,Solid Earth
10.5382/econgeo.4691,2020,"New Insights into the Evolution and Age of the Neoproterozoic Jebel Ohier Porphyry Copper Deposit, Red Sea Hills, Northeastern Sudan",Manual submission,Frank P. Bierlein; Warren Potma; Federico Cernuschi; Carl Brauhart; Jamie Robinson; Chris J. Bargmann; Warwick Bullen; Jose F. Henriquez; Ian Davies; Allen Kennedy,Economic Geology
10.5382/econgeo.4701,2020,"In Situ Elemental and Sr Isotope Characteristics of Magmatic to Hydrothermal Minerals from the Black Mountain Porphyry Deposit, Baguio District, Philippines",Manual submission,MingJian Cao; Pete Hollings; Noreen J. Evans; David R. Cooke; Brent I.A. McInnes; KuiDong Zhao; KeZhang Qin; DengFeng Li; Gabe Sweet,Economic Geology
10.5382/econgeo.4711,2020,"IN SITU DATING OF HYDROTHERMAL MONAZITE AND IMPLICATIONS FOR THE GEODYNAMIC CONTROLS ON ORE FORMATION IN THE JIAODONG GOLD PROVINCE, EASTERN CHINA",Manual submission,Jun Deng; Kun-Feng Qiu; Qing-Fei Wang; Richard Goldfarb; Li-Qiang Yang; Jian-Wei Zi; Jian-Zhen Geng; Yao Ma,Economic Geology
10.5382/econgeo.4757,2020,The Occurrence and Origin of Pentlandite-Chalcopyrite-Pyrrhotite Loop Textures in Magmatic Ni-Cu Sulfide Ores,Manual submission,Stephen J. Barnes; Valentina Taranovic; Louise E. Schoneveld; Eduardo T. Mansur; Margaux Le Vaillant; Sarah Dare; Sebastian Staude; Noreen J. Evans; Daryl Blanks,Economic Geology
10.5382/econgeo.4766,2020,"The Onto Cu-Au Discovery, Eastern Sumbawa, Indonesia: A Large, Middle Pleistocene Lithocap-Hosted High-Sulfidation Covellite-Pyrite Porphyry Deposit",Manual submission,David R. Burrows; Michael Rennison; David Burt; Rod Davies,Economic Geology
10.55575/tektonika2024.2.1.61,2024,Overture for the Mandara and Vasuki Plates,Manual submission,; Graeme Eagles,Tektonika
10.5824/ajite.2020.02.003.x,2020,The Perception of Website Accessibility: A Survey of Turkish Software Professionals,Manual submission,Pınar Onay Durdu; Zehra Altuntaş,AJIT-e: Online Academic Journal of Information Technology
10.5852/ejt.2020.603,2020,"Systematics of the enigmatic South American Streblopus Van Lansberge, 1874 dung beetles and their transatlantic origin: a case study on the role of dispersal events in the biogeographical history of the Scarabaeinae (Coleoptera: Scarabaeidae)",Manual submission,Mario Cupello; Cibele S. Ribeiro-Costa; Fernando Z. Vaz-de-Mello,European Journal of Taxonomy
10.1038/s43017-023-00512-y,2024,Improving Earth science communication and accessibility with data sonification,Manual entry,M. Russo; T. M. Gernon; A. Santaguida; T. K. Hincks,Nature Reviews Earth &amp; Environment
10.1080/08120099.2025.2464839,2025,Joint unmixing of SWIR and TIR reflectance spectra for mineral composition,Manual entry,A. A. Green; D. Green; P. Mason; M. Berman,Australian Journal of Earth Sciences
10.1080/08120099.2025.2465816,2025,"Hyperspectral characteristics of the GRE46 epithermal gold deposit, Cowal (NSW)",Manual entry,M. Staubmann; M. Cracknell; S. Halley; K. Hughes; J. Moltzen,Australian Journal of Earth Sciences
10.1080/08120099.2025.2526037,2025,"Alteration out of sight: a petrographic and HyLogger study of the McPhillamys gold deposit, east Lachlan Orogen, New South Wales",Manual entry,J. Fitzherbert; K. Hughes; K. Montgomery; P. Downes; C. Folkes; J. Egan; P. Flitcroft; S. Bodorkos; H. Huang,Australian Journal of Earth Sciences
10.1080/08120099.2025.2536501,2025,"Age and style of intraplate basaltic volcanism at Stanley, northwest Tasmania, Australia",Manual entry,J. M. Fox; J. McPhie; R. J. Carey; F. Jourdan,Australian Journal of Earth Sciences
10.1111/arcm.70022,2025,"Investigating relationships among strontium, barium, and seasonality in wild baboons",Manual entry,Maya Bharatiya; Christine Austin; Manish Arora; Janaína N. Ávila; Esme K. Beamish; Wendy Dirks; Daniel R. Green; Nicole D. Leonard; W. Scott McGraw; Larissa Swedell; Ian S. Williams; Jian‐xin Zhao; Tanya M. Smith,Archaeometry
10.1130/b37245.1,2024,Interpreting and reporting fission-track chronological data,Manual entry,Barry P. Kohn; Richard A. Ketcham; Pieter Vermeesch; Samuel C. Boone; Noriko Hasebe; David Chew; Matthias Bernet; Ling Chung; Martin Danišík; Andrew J.W. Gleadow; Edward R. Sobel,Geological Society of America Bulletin
10.1130/g51721.1,2024,"From dome to duplex: Convergent gravitational collapse explains coeval intracratonic doming and nappe tectonics, central Australia",Manual entry,Youseph Ibrahim; Patrice F. Rey; Donna L. Whitney; Christian Teyssier; Françoise Roger; Valérie Bosse; Bénédicte Cenki,Geology
10.3934/environsci.2025019,2025,QSAR study and theoretical investigation on the lethality of halogenated aliphatic hydrocarbons toward &lt;i&gt;Aspergillus&lt;/i&gt; (&lt;i&gt;A.&lt;/i&gt;) &lt;i&gt;Nidulans&lt;/i&gt;,Manual entry,Jabir H. Al-Fahemi; ; Faten A. Aljiffrey; Elshafie A. M. Gad; Mahmoud A. A. Ibrahim; ; ; ; ,AIMS Environmental Science
10.1007/s10686-025-10022-y,2025,An mTSP model for multiple telescope short-term scheduling,Manual entry,Chaoran Han; John Cater; Oliver Sinnen,Experimental Astronomy
10.1016/j.apgeochem.2025.106299,2025,Diagenesis and fluid inclusion records of the oil preservation window in a deep carbonate reservoir,Manual entry,Binbin Xi; Zhen Li; Kai Rankenburg; Xian Liu; Noreen Evans; Brent McInnes; Wenxuan Hu; Jian Cao; I-Ming Chou; Xiaolin Wang,Applied Geochemistry
10.1016/j.jhydrol.2024.131792,2024,Characterizing multifarious hydroclimatic patterns using geodetic measurements in the Australian mainland,Manual entry,Zhongshan Jiang; Miao Tang; Xinghai Yang; Haiping Wen; Linguo Yuan; Yingchun Shen; Wei Feng; Min Zhong,Journal of Hydrology
10.1029/2024jb030371,2025,Deep and Clustered Microseismicity at the Edge of Southern New Zealand's Transpressive Plate Boundary,Manual entry,Jack N. Williams; Donna Eberhart‐Phillips; Sandra Bourguignon; Mark W. Stirling; Will Oliver,Journal of Geophysical Research: Solid Earth
10.1088/1538-3873/adc48b,2025,An Experiment to Observe GNSS Signals with the Australian VGOS Array,Manual entry,Lucia McCallum; David Schunck; Jamie McCallum; Tiege McCarthy,Publications of the Astronomical Society of the Pacific
10.1088/1674-4527/adb159,2025,Towards Optimization and Assessment of the Chinese New-generation VLBI Network for Earth Orientation Parameters Monitoring,Manual entry,Hao Xiang; Zhong-Kai Zhang; Lan Du; Ze-Jun Liu; Xu-Qiao Wang,Research in Astronomy and Astrophysics
10.1093/petrology/egaf017,2025,Extreme Crustal Fractionation in a Proterozoic Chemical Hotspot,Manual entry,J Liebmann; B Ware; C L Kirkland; D R Mole; G Fraser; B Mahan; A N Wainwright; R Maas,Journal of Petrology
10.1093/petrology/egaf055,2025,Oxygen Isotopes of Cr-Spinel as a Pathfinder for Metasomatism in Mantle Peridotites,Manual entry,Qi-Qi Pan; Yan Xiao; Ben-Xun Su; Bin Fu; Peng-Fei Zhang; Paul T Robinson; Ibrahim Uysal; Ian S Williams,Journal of Petrology
10.1144/jgs2023-041,2024,Interaction of surface processes and crustal flow in the Eastern Himalayan Syntaxis,Manual entry,Guangwei Li; Haibin Yang; Mike Sandiford; Barry Kohn; Zhiqin Xu; Hanwen Dong; Dongxu Cai,Journal of the Geological Society
10.1144/jgs2024-193,2025,In situ garnet Lu–Hf geochronology and constraints on metamorphism in the northernmost Norwegian Caledonides,Manual entry,Christopher L. Kirkland; Bruno V. Ribeiro; Trond Slagstad,Journal of the Geological Society
10.1144/jgs2025-043,2025,A day at the beach: a portrait of British geology through sand,Manual entry,Anthony J.I. Clarke; Christopher L. Kirkland; Stijn Glorie,Journal of the Geological Society
10.2113/2023/lithosphere_2023_260,2024,Apatite Fission-Track Dating: A Comparative Study of Ages Obtained by the Automated Counting LA-ICP-MS and External Detector Methodologies,Manual entry,Raúl E. Lugo-Zazueta; Andrew J. W. Gleadow; Barry P. Kohn; Himansu Sahu; Mauricio A. Bermúdez,Lithosphere
10.3390/drones9040313,2025,Drone-Based VNIR–SWIR Hyperspectral Imaging for Environmental Monitoring of a Uranium Legacy Mine Site,Manual entry,Victor Tolentino; Andres Ortega Lucero; Friederike Koerting; Ekaterina Savinova; Justus Constantin Hildebrand; Steven Micklethwaite,Drones
10.3390/min14010078,2024,"Provenance of the Upper Carboniferous Yanghugou Formation in the Western Margin of the Ordos Basin, China: Constraints on Paleogeography and Basin Development",Manual entry,Tao Zhang; Rong Chen; Feng Wang; Jianling Hu; Min Zhang; Qian Li; Jingyi Wu; Lei Liu,Minerals
10.3390/min14111153,2024,Petrogenesis of Late Stenian Syn-Orogenic A-Type Granites in the Chhotanagpur Gneissic Complex and Eastern Indian Shield,Manual entry,Bapi Goswami; Ankita Basak; Yoann Gréau; Chittaranjan Bhattacharyya,Minerals
10.3390/min15040355,2025,Exploring High PT Experimental Charges Through the Lens of Phase Maps,Manual entry,Balz S. Kamber; Marco A. Acevedo Zamora; Rodrigo Freitas Rodrigues; Ming Li; Gregory M. Yaxley; Matthew Ng,Minerals
10.3390/rs16101740,2024,Satellite Advanced Spaceborne Thermal Emission and Reflection Radiometer Mineral Maps of Australia Unmixed of Their Green and Dry Vegetation Components: Implications for Mapping (Paleo) Sediment Erosion–Transport–Deposition Processes,Manual entry,Tom Cudahy; Liam Cudahy,Remote Sensing
10.1016/j.gca.2021.11.029,2022,Applications of Pb isotopes in granite K-feldspar and Pb evolution in the Yilgarn Craton,Manual entry,Andreas Zametzer; Christopher L. Kirkland; Michael I.H. Hartnady; Milo Barham; David C. Champion; Simon Bodorkos; R. Hugh Smithies; Simon P. Johnson,Geochimica et Cosmochimica Acta
10.1029/2021jb023105,2022,"Probing the Southern African Lithosphere With Magnetotellurics: 2. Linking Electrical Conductivity, Composition, and Tectonomagmatic Evolution",Manual entry,Sinan Özaydın; Kate Selway; William L. Griffin; Max Moorkamp,Journal of Geophysical Research: Solid Earth
10.1016/j.geomorph.2021.108007,2022,Deriving a denudation index for terrestrial meteorite impact craters using drainages as proxies,Manual entry,G.K. Indu; S. James; Saranya R. Chandran; V. Aneeshkumar; S. Keerthy; T. Oommen; K.S. Sajinkumar,Geomorphology
10.1080/00288306.2021.1932527,2022,"A multifaceted study of the offshore Titihaoa‐1 drillhole and a Neogene accretionary slope basin, Hikurangi subduction margin",Manual entry,Angela G. Griffin; Kyle J. Bland; Hugh E. G. Morgans; Dominic P. Strogen,New Zealand Journal of Geology and Geophysics
10.1130/ges02199.1,2022,"The Cenozoic evolution of the Intrarif (Rif, Morocco)",Manual entry,Manuel Martín-Martín; Francesco Guerrera; Alí Maaté; Rachid Hlila; Francisco Serrano; Juan C. Cañaveras; Douglas Paton; Francisco J. Alcalá; Soufian Maaté; Mario Tramontana; José A. Martín-Pérez,Geosphere
10.1093/petrology/egac018,2022,Coupled Li-P Zoning and Trace Elements of Olivine from Magmatic Ni-Cu Deposits: Implications for Postcumulus Re-Equilibration in Olivine,Manual entry,Ya-Jing Mao; Louise Schoneveld; Stephen J Barnes; Morgan J Williams; Ben-Xun Su; Philipp Ruprecht; Noreen J Evans; Ke-Zhang Qin,Journal of Petrology
10.1016/j.earscirev.2022.103971,2022,The Psammichnites-Taphrhelminthopsis conundrum: Implications for Calibrating the Cambrian explosion,Manual entry,M. Gabriela Mángano; Luis A. Buatois; Robert B. MacNaughton; Sören Jensen; Romain Gougeon; Alberto Marcos; Dean Meek; Laura Piñuela; José Carlos García-Ramos,Earth-Science Reviews
10.5194/cp-18-341-2022,2022,Evolution of continental temperature seasonality from the Eocene greenhouse to the Oligocene icehouse –a model–data comparison,Manual entry,Agathe Toumoulin; Delphine Tardif; Yannick Donnadieu; Alexis Licht; Jean-Baptiste Ladant; Lutz Kunzmann; Guillaume Dupont-Nivet,Climate of the Past
10.1016/j.tecto.2021.229131,2022,Preparing the ground for plateau growth: Late Neogene Central Anatolian uplift in the context of orogenic and geodynamic evolution since the Cretaceous,Manual entry,Peter J. McPhee; Ayten Koç; Douwe J.J. van Hinsbergen,Tectonophysics
10.1016/j.asr.2021.10.043,2022,Coseismic and postseismic deformation of the 2016 Mw 6.0 Petermann ranges earthquake from satellite radar observations,Manual entry,Bingquan Han; Chengsheng Yang; Zhenhong Li; Chen Yu; Chaoying Zhao; Qin Zhang,Advances in Space Research
10.1016/j.epsl.2022.117532,2022,Modelling evidence for late Eocene Antarctic glaciations,Manual entry,Jonas Van Breedam; Philippe Huybrechts; Michel Crucifix,Earth and Planetary Science Letters
10.1016/j.gr.2021.09.005,2022,Glimmerite: A product of melt-rock interaction within a crustal-scale high-strain zone,Manual entry,D. Silva; N.R. Daczko; S. Piazolo; T. Raimondo,Gondwana Research
10.1093/gji/ggac294,2022,Characterizing the cover across South Australia: a simple passive-seismic method for estimating sedimentary thickness,Manual entry,Shubham Agrawal; Caroline M Eakin; John O’Donnell,Geophysical Journal International
10.1002/gj.4268,2022,Geochemical and geochronological studies of Abor volcanic rocks of eastern Himalaya,Manual entry,Upendra Baral; Lin Ding; Tapos Kumar Goswami; Mondip Sarma; MQ Jan; Chao Wang; Jovid Aminov; Muhammad Qasim; Devojit Bezbaruah,Geological Journal
10.1016/j.precamres.2022.106609,2022,"Cratonisation of Archaean continental crust: Insights from U–Pb zircon geochronology and geochemistry of granitic rocks in the Narryer Terrane, northwest Yilgarn Craton",Manual entry,Matthew L. Rowe; Anthony I.S. Kemp; Michael T.D. Wingate; Andreas Petersson; Martin J. Whitehouse; Christiaan van der Riet,Precambrian Research
10.5194/se-13-229-2022,2022,On the choice of finite element for applications in geodynamics,Manual entry,Cedric Thieulot; Wolfgang Bangerth,Solid Earth
10.1038/s41467-022-35609-3,2022,Ordovician–Silurian true polar wander as a mechanism for severe glaciation and mass extinction,Manual entry,Xianqing Jing; Zhenyu Yang; Ross N. Mitchell; Yabo Tong; Min Zhu; Bo Wan,Nature Communications
10.1016/j.precamres.2022.106791,2022,Formation of juvenile continental crust in northern Nubian Shield: New evidence from granitic zircon U-Pb-Hf-O isotopes,Manual entry,Hamed Gamaleldien; Zheng-Xiang Li; Mohamed Abu Anbar; J. Brendan Murphy; Noreen J. Evans; Xia-Ping Xia,Precambrian Research
10.1130/g49492.1,2022,Could the Réunion plume have thinned the Indian craton?,Manual entry,Jyotirmoy Paul; Attreyee Ghosh,Geology
10.1029/2022jb025577,2022,Jurassic Paleomagnetism of the Lhasa Terrane—Implications for Tethys Evolution and True Polar Wander,Manual entry,Yiming Ma; Qiang Wang; Huapei Wang; Bo Wan; Shihong Zhang; Chenglong Deng; Dongyu Zheng; Qiang Ren; Tianshui Yang; Dan Wu; Di Zou; Jun Wang; Xiao Liu; Zhiqiang Kang; Wei Dan; Fei Han; Mark J. Dekkers,Journal of Geophysical Research: Solid Earth
10.1029/2022gl099809,2022,Resolving the Tectonic Setting of South China in the Late Paleozoic,Manual entry,Biao Gao; Jitao Chen; Xing Huang; Hao Xin; Quanfeng Zheng,Geophysical Research Letters
10.1007/s00445-022-01594-0,2022,Holocene collapse of Socompa volcano and pre- and post-collapse growth rates constrained by multi-system geochronology,Manual entry,Pablo Grosse; Martin Danišík; Facundo D. Apaza; Silvina R. Guzmán; Pierre Lahitte; Xavier Quidelleur; Stephen Self; Claus Siebe; Benjamin van Wyk de Vries; Gabriel Ureta; Marcel Guillong; Rosanna De Rosa; Petrus Le Roux; Jörn-Frederik Wotzlaw; Olivier Bachmann,Bulletin of Volcanology
10.1016/j.epsl.2022.117480,2022,Cratonic keels controlled the emplacement of the Central Atlantic Magmatic Province (CAMP),Manual entry,Andrea Boscaini; Andrea Marzoli; Hervé Bertrand; Massimo Chiaradia; Fred Jourdan; Manuele Faccenda; Christine M. Meyzen; Sara Callegaro; Lina Serrano Durán,Earth and Planetary Science Letters
10.1029/2022jb024606,2022,Quantifying the Link Between the Detrital Zircon Record and Tectonic Settings,Manual entry,Dongchuan Jian; Simon E. Williams; Shan Yu; Guochun Zhao,Journal of Geophysical Research: Solid Earth
10.1016/j.gca.2022.05.022,2022,Enhanced continental chemical weathering during the multiple early Eocene hyperthermals: New constraints from the southern Indian Ocean,Manual entry,Erika Tanaka; Kazutaka Yasukawa; Junichiro Ohta; Yasuhiro Kato,Geochimica et Cosmochimica Acta
10.1029/2022gc010390,2022,"Development of the Nyika Plateau, Malawi: A Long Lived Paleo‐Surface or a Contemporary Feature of the East African Rift?",Manual entry,M. F. McMillan; S. C. Boone; B. P. Kohn; A. J. Gleadow; P. R. Chindandali,"Geochemistry, Geophysics, Geosystems"
10.1016/j.precamres.2021.106533,2022,Closing the “North American Magmatic” Gap: Crustal evolution of the Clearwater Block from multi-isotope and trace element zircon data,Manual entry,Daniel T. Brennan; Paul K. Link; Zheng-Xiang Li; Laure Martin; Tim Johnson; Noreen J. Evans; Jiangyu Li,Precambrian Research
10.1029/2021gc009729,2022,Secular Variations in Provenance of Sedimentary Components in the Western North Pacific Ocean Constrained by Sr Isotopic Features of Deep‐Sea Sediments,Manual entry,Erika Tanaka; Kazutaka Yasukawa; Kentaro Nakamura; Junichiro Ohta; Takashi Miyazaki; Bogdan Stefanov Vaglarov; Shiki Machida; Koichiro Fujinaga; Hikaru Iwamori; Yasuhiro Kato,"Geochemistry, Geophysics, Geosystems"
10.1130/b36114.1,2022,"Refining the Paleoproterozoic tectonothermal history of the Penokean Orogen: New U-Pb age constraints from the Pembine-Wausau terrane, Wisconsin, USA",Manual entry,Jian-Wei Zi; Stephen Sheppard; Janet R. Muhling; Birger Rasmussen,GSA Bulletin
10.1029/2022tc007218,2022,The Serpukhovian–Bashkirian Amalgamation of Laurussia and the Siberian Continent and Implications for Assembly of Pangea,Manual entry,Yan Xu; Bao‐Fu Han; Wen Liao; Ang Li,Tectonics
10.1016/j.marmicro.2022.102094,2022,"Ostracods in databases: State of the art, mobilization and future applications",Manual entry,Huai-Hsuan M. Huang; Moriaki Yasuhara; David J. Horne; Vincent Perrier; Alison J. Smith; Simone N. Brandão,Marine Micropaleontology
10.1190/tle41020140.1,2022,Distributed fiber-optic sensing transforms an abandoned well into a permanent geophysical monitoring array: A case study from Australian South West,Manual entry,Evgenii Sidenko; Konstantin Tertyshnikov; Boris Gurevich; Roman Isaenkov; Ludovic P. Ricard; Sandeep Sharma; Dominique Van Gent; Roman Pevzner,The Leading Edge
10.1016/j.jseaes.2022.105277,2022,"Late Cenozoic topographic growth of the South Tianshan Mountain Range: Insights from detrital apatite fission-track ages, northern Tarim Basin margin, NW China",Manual entry,Chao Guo; Zhiyong Zhang; Marco G. Malusà; David Chew; Dunfeng Xiang; Lin Wu; Nan Wang; Wenjiao Xiao,Journal of Asian Earth Sciences
10.1007/s12583-021-1582-0,2022,The Rotation of the Pacific Plate Induced by the Ontong Java Large Igneous Province,Manual entry,Weidong Sun; Lipeng Zhang; Xi Liu,Journal of Earth Science
10.1029/2021jb023850,2022,Where did the Arizona‐Plano Go? Protracted Thinning Via Upper‐ to Lower‐Crustal Processes,Manual entry,Gilby Jepson; Barbara Carrapa; Sarah W. M. George; Lauren J. Reeher; Paul A. Kapp; George H. Davis; Stuart N. Thomson; Chiara Amadori; Christopher Clinkscales; Sean Jones; Andrew J. W. Gleadow; Barry P. Kohn,Journal of Geophysical Research: Solid Earth
10.1130/2021.2554(17),2022,Detrital zircon sources in the Ordovician metasedimentary rocks of the Moroccan Meseta: Inferences for northern Gondwanan passive-margin paleogeography,Manual entry,Cristina Accotto*; David Martínez Poyatos; Antonio Azor; Cristina Talavera; Noreen Joyce Evans; Antonio Jabaloy-Sánchez; Hassan El Hadi; Abdelfatah Tahiri,New Developments in the Appalachian-Caledonian-Variscan Orogen
10.1016/j.tecto.2021.229112,2022,Compared structure and evolution of the conjugate Demerara and Guinea transform marginal plateaus,Manual entry,Lies Loncke; Marion Mercier de Lépinay; Christophe Basile; Agnès Maillard; Walter R. Roest; Philippe De Clarens; Martin Patriat; Virginie Gaullier; Frauke Klingelhoefer; David Graindorge; François Sapin,Tectonophysics
10.1029/2021pa004257,2022,Shallow Water Records of the PETM: Novel Insights From NE India (Eastern Tethys),Manual entry,Suman Sarkar; Laura J. Cotton; Paul J. Valdes; Daniela N. Schmidt,Paleoceanography and Paleoclimatology
10.1130/g49810.1,2022,Deep-sea hiatuses track the vigor of Cenozoic ocean bottom currents,Manual entry,Adriana Dutkiewicz; R. Dietmar Müller,Geology
10.1016/j.epsl.2022.117717,2022,Understanding the early Paleozoic carbon cycle balance and climate change from modelling,Manual entry,Chloé M. Marcilly; Pierre Maffre; Guillaume Le Hir; Alexandre Pohl; Frédéric Fluteau; Yves Goddéris; Yannick Donnadieu; Thea H. Heimdal; Trond H. Torsvik,Earth and Planetary Science Letters
10.1016/j.gloplacha.2021.103683,2022,Hydrocarbon seepage in the mid-Cretaceous greenhouse world: A new perspective from southern Tibet,Manual entry,Hanwei Yao; Xi Chen; Benjamin Brunner; Daniel Birgel; Yang Lu; Huifang Guo; Chengshan Wang; Jörn Peckmann,Global and Planetary Change
10.1029/2021jb023890,2022,Bayesian Paleomagnetic Euler Pole Inversion for Paleogeographic Reconstruction and Analysis,Manual entry,Ian R. Rose; Yiming Zhang; Nicholas L. Swanson‐Hysell,Journal of Geophysical Research: Solid Earth
10.1016/j.precamres.2022.106872,2022,Episodic alteration within a gold-bearing Archean shear zone revealed by in situ biotite Rb–Sr dating,Manual entry,Andreas Zametzer; Christopher L. Kirkland; Milo Barham; Michael I.H. Hartnady; Adam B. Bath; Kai Rankenburg,Precambrian Research
10.1017/s0016756820001181,2022,"Palaeomagnetism of the uppermost carbonate units of the Purana basins in southern India: new demagnetization results from the Kaladgi and Bhima basins, Karnataka",Manual entry,Herve Wabo; Michiel Olivier De Kock; Nicolas Johannes Beukes; Venkatraman Seetaram Hegde,Geological Magazine
10.1029/2021pa004407,2022,Drivers of Late Miocene Tropical Sea Surface Cooling: A New Perspective From the Equatorial Indian Ocean,Manual entry,Claire Martinot; Clara T. Bolton; Anta‐Clarisse Sarr; Yannick Donnadieu; Marta Garcia; Emmeline Gray; Kazuyo Tachikawa,Paleoceanography and Paleoclimatology
10.1111/ggr.12406,2022,SS14‐28: An Age Reference Material for Zircon U‐Th Disequilibrium Dating,Manual entry,Ruby C. Marsden; Martin Danišík; Axel K. Schmitt; Kai Rankenburg; Marcel Guillong; Ung‐San Ahn; Christopher L. Kirkland; Noreen J. Evans; Olivier Bachmann; Tommaso Tacchetto; Bradley J. McDonald; Hugo K. H. Olierook,Geostandards and Geoanalytical Research
10.1007/s00126-019-00888-2,2022,"Intrusion-related affinity and orogenic gold overprint at the Paleoproterozoic Bonikro Au–(Mo) deposit (Côte d’Ivoire, West African Craton)",Manual entry,Quentin Masurel; Nicolas Thébaud; Andrew Allibone; Anne-Sylvie André-Mayer; Kim A. A. Hein; Laurie Reisberg; Olivier Bruguier; Aurélien Eglinger; John Miller,Mineralium Deposita
10.5194/cp-18-713-2022,2022,Secular and orbital-scale variability of equatorial Indian Ocean summer monsoon winds during the late Miocene,Manual entry,Clara T. Bolton; Emmeline Gray; Wolfgang Kuhnt; Ann E. Holbourn; Julia Lübbers; Katharine Grant; Kazuyo Tachikawa; Gianluca Marino; Eelco J. Rohling; Anta-Clarisse Sarr; Nils Andersen,Climate of the Past
10.1016/j.jafrearsci.2021.104398,2022,"Geochemistry of red and cream phosphorites from the Şemikan phosphorite deposit, SE Turkey: Implication for phosphorite deposition conditions in the Upper Cretaceous",Manual entry,Somayyeh Ghasemian; Hüseyin Öztürk; Zeynep Cansu,Journal of African Earth Sciences
10.1029/2022pa004417,2022,Glacial‐Interglacial Controls on Ocean Circulation and Temperature During the Permo‐Carboniferous,Manual entry,Sophia I. Macarewich; Christopher J. Poulsen,Paleoceanography and Paleoclimatology
10.1016/j.gr.2022.09.009,2022,"Magmatic records of Gondwana assembly and break-up in the eastern Himalayan syntaxis, northeast India",Manual entry,Govind Oinam; A. Krishnakanta Singh; Amrita Dutt; Shoraisam Khogenkumar; Mallickarjun Joshi; Saurabh Singhal; R.K. Bikramaditya,Gondwana Research
10.1029/2022gc010514,2022,NW Pacific‐Panthalassa Intra‐Oceanic Subduction During Mesozoic Times From Mantle Convection and Geoid Models,Manual entry,Yi‐An Lin; Lorenzo Colli; Jonny Wu,"Geochemistry, Geophysics, Geosystems"
10.1029/2022pa004442,2022,Middle Miocene Climate and Stable Oxygen Isotopes in Europe Based on Numerical Modeling,Manual entry,Svetlana Botsyun; Todd A. Ehlers; Alexander Koptev; Madelaine Böhme; Katharina Methner; Camille Risi; Christian Stepanek; Sebastian G. Mutz; Martin Werner; Daniel Boateng; Andreas Mulch,Paleoceanography and Paleoclimatology
10.1016/j.precamres.2022.106847,2022,"New detrital zircon geochronological results from the Meso-Neoproterozoic sandstones in the southern-eastern Liaoning region, North China craton, and their paleogeographic implications",Manual entry,Zijie Wu; Chonghai Lu; Longwei Qiu; Hanqing Zhao; Haipeng Wang; Wengang Tan; Mishan Zhong,Precambrian Research
10.1016/j.epsl.2021.117362,2022,"Has the impact flux of small and large asteroids varied through time on Mars, the Earth and the Moon?",Manual entry,Anthony Lagain; Mikhail Kreslavsky; David Baratoux; Yebo Liu; Hadrien Devillepoix; Philip Bland; Gretchen K. Benedix; Luc S. Doucet; Konstantinos Servis,Earth and Planetary Science Letters
10.1029/2022tc007271,2022,Oligocene/Early Miocene E/W‐Shortening in the Oman Mountains Related to Oblique Arabia‐India Convergence,Manual entry,Andreas Scharf; Frank Mattern; Robert Bolhar; Ivan Callegari; Paul Mattern; Uwe Ring,Tectonics
10.1016/j.epsl.2021.117319,2022,Pb isotope insight into the formation of the Earth's first stable continents,Manual entry,Michael I.H. Hartnady; Christopher L. Kirkland; R. Hugh Smithies; Simon P. Johnson; Tim E. Johnson,Earth and Planetary Science Letters
10.1016/j.tecto.2022.229281,2022,Impact of crustal rheology and inherited mechanical weaknesses on early continental rifting and initial evolution of double graben structural configurations: Insights from 2D numerical models,Manual entry,Magda E. Oliveira; Afonso S. Gomes; Filipe M. Rosas; João C. Duarte; George S. França; Jaime C. Almeida; Reinhardt A. Fuck,Tectonophysics
10.1016/j.tecto.2022.229309,2022,Numerical modelling of opposing subduction in the Western Mediterranean,Manual entry,Mireia Peral; Manel Fernàndez; Jaume Vergés; Sergio Zlotnik; Ivone Jiménez-Munt,Tectonophysics
10.1016/j.jseaes.2021.104984,2022,Paleomagnetic and 40Ar/39Ar age constraints on the timing of deposition of deep-water carbonates of the Kurnool Group (Cuddapah basin) and correlation across Proterozoic Purana successions of Southern India,Manual entry,Hervé Wabo; Nicolas J. Beukes; Sarbani Patranabis-Deb; Dilip Saha; Georgy Belyanin; Jan Kramers,Journal of Asian Earth Sciences
10.1111/pala.12578,2022,Validating marine Devonian biogeography: a study in bioregionalization,Manual entry,Elizabeth M. Dowding; Malte C. Ebach; Evgeny V. Mavrodiev,Palaeontology
10.1093/zoolinnean/zlac044,2022,The last of the large-sized tortoises of the Mediterranean islands,Manual entry,Pietro Valenti; Evangelos Vlachos; Christian Kehlmaier; Uwe Fritz; Georgios L Georgalis; Àngel Hernández Luján; Roberto Miccichè; Luca Sineo; Massimo Delfino,Zoological Journal of the Linnean Society
10.1016/j.gloplacha.2022.103926,2022,Longitudinal expansion fitness of brachiopod genera controlled by the Wilson cycle,Manual entry,Andrej Spiridonov; Lauras Balakauskas; Shaun Lovejoy,Global and Planetary Change
10.1016/j.earscirev.2022.104227,2022,Plate tectonic modelling and the energy transition,Manual entry,Jean-Christophe Wrobel-Daveau; Graeme Nicoll; Michael G. Tetley; Benjamin Gréselle; Lucia Perez-Diaz; Andrew Davies; Bruce M. Eglington,Earth-Science Reviews
10.1029/2022gl099311,2022,Northward Shift of the Northern Hemisphere Westerlies in the Early to Late Miocene and Its Links to Tibetan Uplift,Manual entry,Yi Tang; Shiming Wan; Peter D. Clift; Debo Zhao; Zhaokai Xu; Jin Zhang; Zehua Song; Hualong Jin; Mengjun Li; Xuefa Shi; Anchun Li,Geophysical Research Letters
10.1029/2022gc010373,2022,Advances in Deformable Plate Tectonic Models: 2. Reconstructing the Southern North Atlantic Back Through Time,Manual entry,Michael T. King; J. Kim Welford,"Geochemistry, Geophysics, Geosystems"
10.1017/jpa.2021.79,2022,"Revision of Ordovician chitinozoan Lagenochitina esthonica sensu lato: morphometrics, biostratigraphy and paleobiogeography",Manual entry,Yan Liang; Jaak Nõlvak; Honghe Xu; Yansen Chen; Olle Hints,Journal of Paleontology
10.1785/0120210191,2022,A Far-Field Ground-Motion Model for the North Australian Craton from Plate-Margin Earthquakes,Manual entry,Trevor I. Allen,Bulletin of the Seismological Society of America
10.1007/s00410-022-01897-7,2022,"Structure and composition of the lithosphere beneath Mount Carmel, North Israel",Manual entry,Jiang-Gu Lu; William L. Griffin; Jin-Xiang Huang; Hong-Kun Dai; Montgarri Castillo-Oliver; Suzanne Y. O’Reilly,Contributions to Mineralogy and Petrology
10.1016/j.precamres.2021.106524,2022,"An apatite to unravel petrogenic processes of the Nova-Bollinger Ni-Cu magmatic sulfide deposit, Western Australia",Manual entry,Jessica L. Morrison; Christopher L. Kirkland; Marco Fiorentini; Steve Beresford; Paul Polito,Precambrian Research
10.1016/j.cretres.2021.105123,2022,"A new dromaeosaurid dinosaur from the Wessex Formation (Lower Cretaceous, Barremian) of the Isle of Wight, and implications for European palaeobiogeography",Manual entry,Nicholas R. Longrich; David M. Martill; Megan L. Jacobs,Cretaceous Research
10.1016/j.acags.2022.100092,2022,Automated detection of microfossil fish teeth from slide images using combined deep learning models,Manual entry,Kazuhide Mimura; Shugo Minabe; Kentaro Nakamura; Kazutaka Yasukawa; Junichiro Ohta; Yasuhiro Kato,Applied Computing and Geosciences
10.3390/min12070785,2022,"Mineral Chemistry of Pyrochlore Supergroup Minerals from the Boziguoer Nb-Ta-Zr-Rb-REE Deposit, NW China: Implications for Nb Enrichment by Alkaline Magma Differentiation",Manual entry,Zhenghao Sun; Kezhang Qin; Yajing Mao; Dongmei Tang; Fangyue Wang; Noreen J. Evans; Qifeng Zhou,Minerals
10.2475/08.2022.01,2022,"The Assabet barcode: Mesoproterozoic detrital zircons in Neoproterozoic strata from Mauritania, West Africa",Manual entry,Dwight C. Bradley; David A. D. Evans; Paul O'Sullivan; Cliff D. Taylor; Bruce M. Eglington,American Journal of Science
10.1016/j.revpalbo.2022.104622,2022,"Two new petrified gymnosperms with solenoid piths from the Pedra de Fogo Formation, Permian of Maranhão, Brazil",Manual entry,Domingas Maria da Conceição; Mário G.F. Esperança Júnior; Roberto Iannuzzi; Juan C. Cisneros,Review of Palaeobotany and Palynology
10.1029/2021tc007157,2022,"Crustal Structure of the Camamu‐Almada Margin Along the Northeastern Rift Segment of Brazil From an Integration of Deep‐Penetration Seismic Reflection Profiles, Refraction, and Gravity Modeling",Manual entry,Sean Romito; Paul Mann,Tectonics
10.1016/j.precamres.2022.106807,2022,"New paleomagnetic results from the ca. 1.0 Ga Jiayuan Formation of the Huaibei Group in the North China craton, and their paleogeographic implications",Manual entry,Hanqing Zhao; Shihong Zhang; Wangqi Ren; Jikai Ding; Kunkun Yang; Haiyan Li; Tianshui Yang; Huaichun Wu; Jianping Chen,Precambrian Research
10.1016/j.precamres.2021.106528,2022,The voluminous 2.81–2.71 Ga Goldfields Tholeiitic Super Event: Implications for basin architecture in the Yilgarn Craton and global correlations,Manual entry,J.M. Austin; P.C. Hayman; D.T. Murphy; M.T.D. Wingate; Y. Lu; J. Lowrey; K. Rose,Precambrian Research
10.1016/j.tecto.2022.229461,2022,A forearc pull-apart basin under oblique arc-continent collision: Insights from the North Luzon Trough,Manual entry,Ruixin Zhang; Sanzhong Li; Yanhui Suo; Jinping Liu; Xianzhi Cao; Jie Zhou; Zhaoxia Jiang; Xiyao Li,Tectonophysics
10.1016/j.oregeorev.2022.104789,2022,"Genesis and magmatic-hydrothermal evolution of the Shapoling Mo deposit, East Qinling, China: Insights from geochronology, petrogenesis and fluid evolution",Manual entry,Xin-Kai Hu; Shou-Ting Zhang; Toshiaki Tsunogae; Li Tang; Wen-Juan Li; Yuan-Ming Sheng; Jia-Ying Feng,Ore Geology Reviews
10.25131/sajg.125.0009,2022,Constraining the timescales of mafic magmatism of the Central Karoo Large Igneous Province using high precision U-Pb zircon geochronology,Manual entry,T. Muedi; S. MacLennan; D. Szymanowski; B. Schoene; J. Ramezani; J. Oalmann; B. Linol,South African Journal of Geology
10.1021/acsomega.2c02445,2022,Eocene Paleoclimate Evolution under the Background of Warmhouse–Hothouse Conditions in the Continental Fushun Basin: Implications from Magnetic Susceptibility and Color Reflectance,Manual entry,Zhuo Wang; Pingchang Sun; Jiangfeng Du; Yuanji Li; Junxian Wang; Liyun Hou; Yinbo Xu; Yueyue Bai,ACS Omega
10.1002/gj.4301,2022,Geochemical and geochronological study of rodingites from the northeast India ophiolites: Petrogenetic significance and timing of rodingitization,Manual entry,Maibam Bidyananda; Kakchingtabam Anil Sharma; Anil D. Shukla; Argyrios Kapsiotis; Elena Belousova,Geological Journal
10.1007/s10712-022-09716-1,2022,Deep Electrical Resistivity Structure of the European Lithosphere in Poland Derived from 3-D Inversion of Magnetotelluric Data,Manual entry,Waldemar Jóźwiak; Krzysztof Nowożyński; Stanisław Mazur; Maciej Jeż,Surveys in Geophysics
10.1029/2022gc010372,2022,Advances in Deformable Plate Tectonic Models: 1. Reconstructing Deformable Continental Blocks and Crustal Thicknesses Back Through Time,Manual entry,Michael T. King; J. Kim Welford,"Geochemistry, Geophysics, Geosystems"
10.1016/j.earscirev.2022.104258,2022,An updated internet-based Global Paleomagnetic Database,Manual entry,S.A. Pisarevsky; Z.X. Li; M.G. Tetley; Y. Liu; J.P. Beardmore,Earth-Science Reviews
10.1016/j.precamres.2022.106841,2022,Growing the Paleo- to Mesoproterozoic margin of the SW Amazonia and the transition from an accretionary to a collisional system,Manual entry,Bruno V. Ribeiro; Leonardo B.L. Lopes; Christopher L. Kirkland; Peter A. Cawood; Frederico M. Faleiros; Michael I.H. Hartnady; Wilson Teixeira; Jacob A. Mulder; Nick M.W. Roberts; Colombo C.G. Tassinari,Precambrian Research
10.1016/j.palwor.2022.01.001,2022,The middle–late Tournaisian crisis in conodont diversity: a comparison between Northeast Laurussia and Northeast Siberia,Manual entry,Andrey V. Zhuravlev; Artem N. Plotitsyn,Palaeoworld
10.3390/min12080961,2022,The Heavy Mineral Map of Australia: Vision and Pilot Project,Manual entry,Patrice Caritat; Brent McInnes; Alexander Walker; Evgeniy Bastrakov; Stephen Rowins; Alexander Prent,Minerals
10.1016/j.cbpc.2021.109253,2022,Multivariate analysis of otolith microchemistry can discriminate the source of oil contamination in exposed fish,Manual entry,Francis Spilsbury; Bradley McDonald; Kai Rankenburg; Noreen J. Evans; Kliti Grice; Marthe Monique Gagnon,Comparative Biochemistry and Physiology Part C: Toxicology &amp; Pharmacology
10.1016/j.gca.2022.06.016,2022,LIP volcanism (not anoxia) tracked by Cr isotopes during Ocean Anoxic Event 2 in the proto-North Atlantic region,Manual entry,Lucien Nana Yobo; Chris Holmden; Alan D. Brandon; Kimberly V. Lau; James S. Eldrett; Steven Bergman,Geochimica et Cosmochimica Acta
10.1111/jbi.14386,2022,Historical biogeography of the gingers and its implications for shifts in tropical rain forest habitats,Manual entry,Jian‐Li Zhao; Xiang‐Qin Yu; W. John Kress; Ya‐Li Wang; Yong‐Mei Xia; Qing‐Jun Li,Journal of Biogeography
10.1016/j.precamres.2022.106680,2022,"Uncovering the Leichhardt Superbasin and Kalkadoon-Leichhardt Complex in the southern Mount Isa Terrane, Australia",Manual entry,Hugo K.H. Olierook; Evelyn M. Mervine; Richard Armstrong; Rowena Duckworth; Noreen J. Evans; Bradley McDonald; Christopher L. Kirkland; Anusha Shantha Kumara; David G. Wood; Jamin Cristall; Kamalendra Jhala; Daniel A. Stirling; Ira Friedman; Brent I.A. McInnes,Precambrian Research
10.1016/j.epsl.2022.117550,2022,Tectonic controls on the isotopic juvenility of mid-Cretaceous continental arcs: Global compilations and implications for chemical weathering,Manual entry,Wenrong Cao; Clément P. Bataille; Ethan R. Leuchter; Xiqiang Zhou,Earth and Planetary Science Letters
10.1016/j.gsf.2022.101350,2022,"Granular titanite from the Roter Kamm crater in Namibia: Product of regional metamorphism, not meteorite impact",Manual entry,Aaron J. Cavosie; Christopher J. Spencer; Noreen Evans; Kai Rankenburg; Robert J. Thomas; Paul H. Macey,Geoscience Frontiers
10.1016/j.pss.2022.105575,2022,Meteorite impact crater positions based on paleo-positions and its unrestrained latitudinal distribution,Manual entry,S. James; Saranya R. Chandran; J. Aswathi; Devika Padmakumar; V. Aneeshkumar; G.K. Indu; K.S. Sajinkumar,Planetary and Space Science
10.1016/j.tecto.2022.229344,2022,Thermo-tectonic history of coastal NW South China Sea: A low-temperature thermochronology study,Manual entry,Xiaobin Shi; Barry Kohn; Chuanhai Yu; Yuntao Tian; Guangwei Li; Peng Zhao,Tectonophysics
10.1111/ter.12609,2022,"LA‐ICP‐MS U–Pb dating of calcite cement in Upper Triassic tight‐gas sandstone reservoirs, western Sichuan Basin, SW China",Manual entry,Yu Yu; Liangbiao Lin; Zhen Li; Kai Rankenburg; Noreen J. Evans; Brent I. A. McInnes,Terra Nova
10.1093/petrology/egac015,2022,Plumbing System Architecture of Late-Stage Hotspot Volcanoes in Eastern Australia,Manual entry,A T TAPU; T UBIDE; P M VASCONCELOS,Journal of Petrology
10.1016/j.compstruct.2022.115947,2022,Damage delocalisation in skeletal muscle-inspired hierarchical armoured structures for impact protection,Manual entry,Louise Olsen-Kettle; Sanjib Mondal; Hing-Ho Tsang,Composite Structures
10.1016/j.chemgeo.2022.120760,2022,"Testing the advantages of simultaneous in-situ Sm Nd, U Pb and elemental analysis of igneous monazite for petrochronological studies. An example from the late Archean, Penzance granite, Western Australia",Manual entry,Vitor R. Barrote; Oliver Nebel; Ashlea N. Wainwright; Peter A. Cawood; Steven P. Hollis; Massimo Raveggi,Chemical Geology
10.1080/08120099.2022.2017344,2022,Performance measurements of machine learning and different neural network designs for prediction of geochemical properties based on hyperspectral core scans,Manual entry,H. Eichstaedt; C. Y. J. Ho; A. Kutzke; R. Kahnt,Australian Journal of Earth Sciences
10.1016/j.epsl.2022.117531,2022,Red Sea tectonics unveil one of the largest terrestrial ice streams: New constraints on Late Ordovician ice sheet dynamics,Manual entry,Mohamed S. Elhebiry; Mohamed Sultan; Abotalib Z. Abotalib; Alan E. Kehew; Peter J. Voice; Ibrahim Abu El-Leil,Earth and Planetary Science Letters
10.1016/j.marpetgeo.2022.105764,2022,"Crustal structure and tectonic evolution of the Newfoundland Ridge, Fogo Basin, and southern Newfoundland transform margin",Manual entry,Adam J. Cawood; David A. Ferrill; David Norris; Nina P. Bowness; Elliott J. Glass; Kevin J. Smart; Alan P. Morris; Erin Gillis,Marine and Petroleum Geology
10.1016/j.marpetgeo.2022.105807,2022,"Tectonostratigraphic evolution of the Sohar Basin, exploration concepts and emerging plays offshore on the UAE's east coast",Manual entry,Callum Thurley; Donald Stewart; Glen Williams; Edward Cox; Mark Sarssam; Christoph Kierdorf,Marine and Petroleum Geology
10.1029/2022jb024736,2022,Absolute Paleolatitude of Northern Zealandia From the Middle Eocene to the Early Miocene,Manual entry,Edoardo Dallanave; Rupert Sutherland; Gerald R. Dickens; Liao Chang; Evdokia Tema; Laia Alegret; Claudia Agnini; Thomas Westerhold; Cherry Newsam; Adriane R. Lam; Wanda Stratford; Julien Collot; Samuel Etienne; Tilo von Dobeneck,Journal of Geophysical Research: Solid Earth
10.1016/j.precamres.2022.106873,2022,Composite sand-ice wedge pseudomorphs suggestive of a frosty Ediacaran–Cambrian transition,Manual entry,Yuchong Wang; Hongwei Kuang; Yongqing Liu; Xiaoshuai Chen; Fenghua Zhao; Daniel Paul Le Heron; Thomas Matthew Vandyk; Nan Peng; Zhenrui Yang; Huaqing Bai,Precambrian Research
10.1111/ter.12610,2022,"A persistent Hadean–Eoarchean protocrust in the western Yilgarn Craton, Western Australia",Manual entry,Maximilian Dröllner; Christopher L. Kirkland; Milo Barham; Noreen J. Evans; Bradley J. McDonald,Terra Nova
10.1017/s0016756821001096,2022,Late Ediacaran occurrences of the organic-walled microfossilsGranomarginataand flask-shapedLagoenaforma collarisgen. et sp. nov.,Manual entry,Heda Agić; Anette E.S. Högström; Sören Jensen; Jan Ove R. Ebbestad; Patricia Vickers-Rich; Michael Hall; Jack J. Matthews; Guido Meinhold; Magne Høyberget; Wendy L. Taylor,Geological Magazine
10.1080/00288306.2021.1886120,2022,New Zealand gravity reference stations 2020: history and development of the gravity network,Manual entry,Vaughan Stagpoole; Fabio Caratori Tontini; Yoichi Fukuda; Derek Woodward,New Zealand Journal of Geology and Geophysics
10.1016/j.jvolgeores.2022.107496,2022,"Tectonics, cooling rates and temperatures during emplacement of the Rajmahal traps, India",Manual entry,Amar Agarwal; L.M. Alva-Valdivia; Arnaldo Hernández-Cardona; Roshan A. Shukla; Gaurav Joshi; K.K. Agarwal,Journal of Volcanology and Geothermal Research
10.1016/j.gr.2022.09.006,2022,Does tectonic deformation control episodic continental arc magmatism? Evidence from granitic magnetic fabrics (AMS),Manual entry,A. Burton-Johnson; T.R. Riley; R.J. Harrison; C. Mac Niocaill; J.R. Muraszko; P.D. Rowley,Gondwana Research
10.3390/universe8070374,2022,Overview and Status of the International Celestial Reference Frame as Realized by VLBI,Manual entry,Aletha de Witt; Patrick Charlot; David Gordon; Christopher S. Jacobs,Universe
10.1029/2022gc010667,2022,The History of Cenozoic Carbonate Flux in the Atlantic Ocean Constrained by Multiple Regional Carbonate Compensation Depth Reconstructions,Manual entry,Adriana Dutkiewicz; R. Dietmar Müller,"Geochemistry, Geophysics, Geosystems"
10.1080/08912963.2022.2051502,2022,The Rhinocerotidae fossil record in the Iberian Peninsula,Manual entry,Oscar Sanisidro; Juan L. Cantalapiedra,Historical Biology
10.13044/j.sdewes.d8.0350,2022,Screening of Indigenous Microorganisms as Potential Biofertilisers for Periurban Horticulture Areas,Manual entry,Giselle A. Querejeta; Leticia Rossi; Andrea M. Monroy; Laura J. Raiger Iustman; Diana L. Vullo,"Journal of Sustainable Development of Energy, Water and Environment Systems"
10.1029/2021gc009948,2022,Seismic Volcanostratigraphy: The Key to Resolving the Jan Mayen Microcontinent and Iceland Plateau Rift Evolution,Manual entry,Anett Blischke; Bryndís Brandsdóttir; Martyn S. Stoker; Carmen Gaina; Ögmundur Erlendsson; Christian Tegner; Sæmundur A. Halldórsson; Helga M. Helgadóttir; Bjarni Gautason; Sverre Planke; Anthony A. P. Koppers; John R. Hopper,"Geochemistry, Geophysics, Geosystems"
10.1002/gj.4512,2022,Terrestrial impact craters track the voyage of lithospheric plates,Manual entry,V. Aneeshkumar; G. K. Indu; M. Santosh; S. James; Saranya R. Chandran; Devika Padmakumar; K. S. Sajinkumar,Geological Journal
10.1098/rspa.2022.0146,2022,On the origin of shear-band network patterns in ductile shear zones,Manual entry,Nandan Roy; Arnab Roy; Puspendu Saha; Nibir Mandal,"Proceedings of the Royal Society A: Mathematical, Physical and Engineering Sciences"
10.5382/econgeo.4944,2022,PLATE TECTONICS AS A TOOL FOR GLOBAL SCREENING OF MAGMATIC ARCS AND PREDICTIONS FOR RELATED PORPHYRY DEPOSITS,Manual entry,Jean-Christophe Wrobel-Daveau; Graeme R. Nicoll,Economic Geology
10.1016/j.cretres.2022.105191,2022,Paleoatmospheric CO2 oscillations through a cool middle/Late Cretaceous recorded from pedogenic carbonates in Africa,Manual entry,Theresa J. Orr; Christopher M. Wurster; Eric M. Roberts; Russell E. Singleton; Nancy J. Stevens; Patrick M. O'Connor,Cretaceous Research
10.1093/jcbiol/ruac053,2022,Extinction and survival of raninoid crabs (Decapoda: Brachyura: Raninoida) from the Early Cretaceous to the present,Manual entry,Samantha M Hartzell; Carrie E Schweitzer; Rodney M Feldmann,Journal of Crustacean Biology
10.1029/2021tc006828,2022,Modeling Lithospheric Thickness Along the Conjugate South Atlantic Passive Margins Implies Asymmetric Rift Initiation,Manual entry,Peter Haas; R. Dietmar Müller; Jörg Ebbing; Nils‐Peter Finger; Mikhail K. Kaban; Christian Heine,Tectonics
10.1080/00206814.2021.2001695,2022,Late cenozoic exhumation of the Nodoushan plutonic complex constrained by low-temperature thermochronology: evidence for Arabia–Eurasia collision in the southeastern Iranian Plateau,Manual entry,Badieh Shahsavari Alavijeh; Ali Kananian; Saeed Madanipour; Martin Danišík,International Geology Review
10.1016/j.palwor.2021.12.001,2022,"A new species of Eretmophyllum (Ginkgoales) from the Middle Jurassic of Turpan-Hami Basin, Xinjiang, China",Manual entry,De-Liang Tang; Zhuo-Er Wang; Yong-Tong Huang; Hong Ding; Su-Ting Ding; Jing-Yu Wu,Palaeoworld
10.1016/j.precamres.2022.106809,2022,Position of South China and Indochina along northern Gondwana margin during the Ediacaran–Silurian period,Manual entry,Weihua Yao; Xiaoyu Zhu; Jian Wang; Xiaolin Zhou; Christopher J. Spencer; Zheng-Jiang Wang; Zheng-Xiang Li,Precambrian Research
10.1016/j.gloplacha.2022.103956,2022,Tectonic and climatic controls on sediment transport to the Southeast Indian Ocean during the Eocene: New insights from IODP Site U1514,Manual entry,Wei Wang; Christophe Colin; Zhaokai Xu; Dhongil Lim; Shiming Wan; Tiegang Li,Global and Planetary Change
10.1016/j.revpalbo.2022.104745,2022,Podocarpium (Fabaceae) from the late Eocene of central Tibetan Plateau and its biogeographic implication,Manual entry,Wei-Cheng Li; Jian Huang; Lin-Lin Chen; Robert A. Spicer; Shu-Feng Li; Jia Liu; Yi Gao; Fei-Xiang Wu; Alex Farnsworth; Paul J. Valdes; Zhe-Kun Zhou; Tao Su,Review of Palaeobotany and Palynology
10.1017/s0016756822000498,2022,"Detrital zircon geochronology of the Permian Lower Shihezi Formation, northern Ordos Basin, China: time constraints for closing of the Palaeo-Asian Ocean",Manual entry,Rong Chen; Feng Wang; Zhen Li; Noreen J Evans; Hongde Chen,Geological Magazine
10.2138/am-2021-7922,2022,Origin of β-cristobalite in Libyan Desert Glass: The hottest naturally occurring silica polymorph?,Manual entry,Aaron J. Cavosie; William D.A. Rickard; Noreen J. Evans; Kai Rankenburg; Malcolm Roberts; Catherine A. Macris; Christian Koeberl,American Mineralogist
10.1016/j.palaeo.2022.111085,2022,Latitude-dependant climate changes across the Aptian Oceanic Anoxic Event 1a,Manual entry,C.N. Blok; J. Ineson; K. Anderskouv; A. Fantasia; E. Sheldon; N. Thibault; M.E. Jelby; T. Adatte; S. Bodin,"Palaeogeography, Palaeoclimatology, Palaeoecology"
10.1016/j.marpetgeo.2022.105856,2022,Facies variations in the Upper Jurassic source rocks of the Norwegian North Sea; from micro- to macro scale,Manual entry,Guro Skarstein; Sverre Ohm; Andres Cedeño; Alejandro Escalona,Marine and Petroleum Geology
10.1016/j.gr.2022.03.012,2022,Implications of the dominant LP–HT deformation in the Guanhães Block for the Araçuaí West-Congo Orogen evolution,Manual entry,Vitor R. Barrote; Silvia Volante; Eleanore R. Blereau; Carlos A. Rosière; Christopher J. Spencer,Gondwana Research
10.3390/universe8080390,2022,An Updated View of the Milky Way from Maser Astrometry,Manual entry,Katharina Immer; Kazi L. J. Rygl,Universe
10.1111/jmg.12630,2022,Probing the history of ultra‐high temperature metamorphism through rare earth element diffusion in zircon,Manual entry,Eleanore Blereau; Chris Clark; Peter D. Kinny; Eleanor Sansom; Richard J. M. Taylor; Martin Hand,Journal of Metamorphic Geology
10.1016/j.asr.2022.02.013,2022,The impact of estimating common tropospheric parameters for co-located VLBI radio telescopes on geodetic parameters during CONT17,Manual entry,Chaiyaporn Kitpracha; Tobias Nilsson; Robert Heinkelmann; Kyriakos Balidakis; Sadegh Modiri; Harald Schuh,Advances in Space Research
10.1144/jgs2021-113,2022,"Seismic investigations around an aseismic Comorin ridge, Indian Ocean",Manual entry,Dhananjai K. Pandey; Lachit S. Ningthoujam; Rahul Yadav; Nisha Nair; Sanjay Singh Negi; Amit Kumar; Shoraisam Khogenkumar,Journal of the Geological Society
10.2138/am-2021-7836,2022,The electrical conductivity of albite feldspar: Implications for oceanic lower crustal sequences and subduction zones,Manual entry,George M. Amulele; Anthony W. Lanati; Simon M. Clark,American Mineralogist
10.1186/s13358-022-00255-1,2022,"A study on benthic molluscs and stable isotopes from Kutch, western India reveals early Eocene hyperthermals and pronounced transgression during ETM2 and H2 events",Manual entry,Aniket Mitra; Rakhi Dutta; Kalyan Halder,Swiss Journal of Palaeontology
10.1016/j.tecto.2022.229636,2022,Late Mesozoic multi-plate convergence in East Asia: Insights from 3-D global mantle flow models,Manual entry,Zhen Zhang; Qunfan Zheng; Huai Zhang; Qin Wang; Yaolin Shi,Tectonophysics
10.1029/2022gc010480,2022,PSVM: A Global Database for the Miocene Indicating Elevated Paleosecular Variation Relative to the Last 10 Myrs,Manual entry,Y. A. Engbers; R. K. Bono; A. J. Biggin,"Geochemistry, Geophysics, Geosystems"
10.3389/feart.2022.998237,2022,"Eocene-Oligocene southwest Pacific Ocean paleoceanography new insights from foraminifera chemistry (DSDP site 277, Campbell Plateau)",Manual entry,F. Hodel; C. Fériot; G. Dera; M. De Rafélis; C. Lezin; E. Nardin; D. Rouby; M. Aretz; P. Antonio; M. Buatier; M. Steinmann; F. Lacan; C. Jeandel; V. Chavagnac,Frontiers in Earth Science
10.1029/2022gl099842,2022,Paleomagnetic Evidence for a Paleoproterozoic Rotational Assembly of the North Australian Craton in the Leadup to Supercontinent Formation,Manual entry,U. Kirscher; R. N. Mitchell; Y. Liu; S. A. Pisarevsky; J. Giddings; Z.‐X. Li,Geophysical Research Letters
10.1038/s41598-022-27038-5,2022,"The Qixiangzhan eruption, Changbaishan-Tianchi volcano, China/DPRK: new age constraints and their implications",Manual entry,Bo Pan; Shanaka L. de Silva; Martin Danišík; Axel K. Schmitt; Daniel P. Miggins,Scientific Reports
10.1029/2022jb024294,2022,Dynamic Evolution of Back‐Arc Basins Affected by Double Subduction,Manual entry,Yongqiang Shen; Jie Liao; Kuidi Zhang,Journal of Geophysical Research: Solid Earth
10.1002/oa.3072,2022,Bone diagenesis in the marine environment‐I: Characterization and distribution of trace elements in terrestrial mammalian bones recovered from historic shipwrecks,Manual entry,Edda E. Guareschi; Philip K. Nicholls; Noreen J. Evans; Milo Barham; Bradley J. McDonald; Paola A. Magni; Shanan S. Tobe,International Journal of Osteoarchaeology
10.1080/23818107.2022.2113560,2022,"Virgatasporites and Attritasporites: the oldest land plant derived spores, cryptospores or acritarchs?",Manual entry,Navid Navidi-Izad; Houcine Benachour; David M. Kroeck; Philippe Steemans; Thomas Servais,Botany Letters
10.1111/cla.12505,2022,Phylogeny and biogeography of the ancient spider family Filistatidae (Araneae) is consistent both with long‐distance dispersal and vicariance following continental drift,Manual entry,Ivan L. F. Magalhaes; Martín J. Ramírez,Cladistics
10.3390/geosciences12020050,2022,Back-Arc Spreading Centers and Superfast Subduction: The Case of the Northern Lau Basin (SW Pacific Ocean),Manual entry,Camilla Palmiotto; Eleonora Ficini; Maria Filomena Loreto; Filippo Muccini; Marco Cuffaro,Geosciences
10.1086/717889,2022,Hf Isotopes in Detrital Zircon Point to a Mesoproterozoic Orogenic Belt Bordering the Western Margin of the Río de la Plata Craton,Manual entry,Stanley C. Finney; Claudio Gaucher,The Journal of Geology
10.1029/2022gl100405,2022,Evaluation of Paleomagnetic Bias in Ediacaran Global Paleogeographic Reconstructions,Manual entry,Lei Wu; J. Brendan Murphy; R. Damian Nance,Geophysical Research Letters
10.1016/j.cageo.2021.104947,2022,A new approach to SHRIMP II zircon U-Th disequilibrium dating,Manual entry | SHRIMP II Curtin,Ruby C. Marsden; Christopher L. Kirkland; Martin Danišík; Matthew L. Daggitt; Ung-San Ahn; Bjarne Friedrichs; Noreen J. Evans,Computers &amp; Geosciences
10.1016/j.palaeo.2021.110779,2022,"Marine paleoecological variations during the mid-Cretaceous oceanic anoxic event 1a in the Vocontian Basin, southeastern France",Manual entry,Takuto Ando; Ken Sawada; Kazuki Okano; Reishi Takashima; Hiroshi Nishi,"Palaeogeography, Palaeoclimatology, Palaeoecology"
10.1016/j.oregeorev.2022.104840,2022,Iron oxide chemistry supports a multistage hydrothermal genesis of BIF-hosted hematite ore in the Mt. Tom Price and Mt. Whaleback deposits,Manual entry,Thomas Angerer; Warren Thorne; Steffen G. Hagemann; Martina Tribus; Noreen J. Evans; Dany Savard,Ore Geology Reviews
10.1130/g50374.1,2022,Hematite geochronology reveals a tectonic trigger for iron ore mineralization during Nuna breakup,Manual entry,Liam Courtney-Davies; Martin Danišik; Erick R. Ramanaidou; Christopher L. Kirkland; Noreen J. Evans; Agnieszka M. Piechocka; Brent I.A. McInnes,Geology
10.1007/s00024-022-02994-1,2022,A New Insight into the Structural Framework of a Crystalline Formation and the Adjoining Sedimentary Terrain in Parts of the Precambrian Basement Complex of Nigeria,Manual entry,Leke Sunday Adebiyi; Akinola Bolaji Eluwole; Naheem Banji Salawu; Sesan Cornelius Falade; Kehinde Oladele Dopamu; Esther Adetola Alejolowo,Pure and Applied Geophysics
10.1130/2021.2553(05),2022,Revisiting hotspots and continental breakup—Updating the classical three-arm model,Manual entry,Carol A. Stein; Seth Stein; Molly M. Gallahue; Reece P. Elling,In the Footsteps of Warren B. Hamilton: New Ideas in Earth Science
10.1021/acs.energyfuels.2c00913,2022,Heavy End Evaluation in Oils and Associated Asphaltene Deposits from Two Adjacent Reservoirs by High-Resolution Mass Spectrometry,Manual entry,Mareike Noah; Julia Forsythe; Rolando di Primio; Sabine Mehay; Oliver C. Mullins; Nicolaj Mahlstedt; Brian Horsfield,Energy &amp; Fuels
10.1109/tvcg.2020.3037226,2022,Exploratory Volumetric Deep Earth Visualization by 2.5D Interactive Compositing,Manual entry,Peter E. Morse; Anya M. Reading; Tobias Stal,IEEE Transactions on Visualization and Computer Graphics
10.1016/j.precamres.2022.106875,2022,"Archean to Paleoproterozoic crustal evolution in the Sassandra-Cavally domain (Côte d’Ivoire, West Africa): Insights from Hf and U-Pb zircon analyses",Manual entry,Augustin Y. Koffi; Nicolas Thébaud; Alain N. Kouamelan; Lenka Baratoux; Olivier Bruguier; Olivier Vanderhaeghe; Pavel Pitra; Anthony I.S. Kemp; Noreen J. Evans,Precambrian Research
10.1029/2021rs007336,2022,Deriving Ionospheric Total Electron Content by VLBI Global Observing System Data Analysis During the CONT17 Campaign,Manual entry,Sanam Motlaghzadeh; M. Mahdi Alizadeh; Roger Cappallo; Robert Heinkelmann; Harald Schuh,Radio Science
10.1002/gdj3.146,2022,Subduction and carbonate platform interactions,Manual entry,Sabin Zahirovic; Ahmed Eleish; Sebastiano Doss; Jodie Pall; John Cannon; Mattia Pistone; Michael G. Tetley; Alex Young; Peter Fox,Geoscience Data Journal
10.5194/gchron-4-471-2022,2022,Complex 40 Ar ∕ 39 Ar age spectra from low-grade metamorphic rocks: resolving the input of detrital and metamorphic components in a case study from the Delamerian Orogen,Manual entry,Anthony Reid; Marnie Forster; Wolfgang Preiss; Alicia Caruso; Stacey Curtis; Tom Wise; Davood Vasegh; Naina Goswami; Gordon Lister,Geochronology
10.1017/s0016756822000449,2022,"Zircon geochronology and Hf isotopic study from the Leo Pargil Dome, India: implications for the palaeogeographic reconstruction and tectonic evolution of a Himalayan gneiss dome",Manual entry,Shashi Ranjan Rai; Himanshu K. Sachan; Christopher J. Spencer; Aditya Kharya; Saurabh Singhal; Arun Kumar Ojha; Pallavi Chattopadhaya; Pitambar Pati,Geological Magazine
10.1016/j.jsames.2022.103844,2022,"Ediacaran - Cambrian fluid flow in Archean orogenic gold deposits: Evidence from U–Pb SHRIMP hydrothermal monazite ages of the metaturbidite-hosted Córrego do Sítio and Pilar deposits, Quadrilátero Ferrífero, Brazil",Manual entry,Tatiana Gonçalves Dias; Rosaline Cristina Figueiredo e Silva; Lydia Maria Lobato; Fabricio de Andrade Caxito; Steffen Hagemann; João Orestes Schneider Santos; Vitor Barrote,Journal of South American Earth Sciences
10.1093/petrology/egac040,2022,Oceanic Zircon Records Extreme Fractional Crystallization of MORB to Rhyolite on the Alarcon Rise Mid-Ocean Ridge,Manual entry,Ryan Portner; Brian M Dreyer; David A Clague; Nathan R Daczko; Paterno R Castillo,Journal of Petrology
10.1080/00206814.2022.2043193,2022,Zircon xenocrysts in Late Cretaceous magmatic rocks in the Kermanshah Ophiolite: link to Iran continental crust supports the subduction initiation model,Manual entry,H.S. Moghadam; Q.L. Li; R.J. Stern; W.L. Griffin; S.Y. O’Reilly,International Geology Review
10.1139/cjes-2021-0038,2022,"Petrology and age of the Lepreau River Dyke, southern New Brunswick, Canada: source of the end-Triassic Fundy Group basalts",Manual entry,J. Gregory McHone; Sandra M. Barr; Fred Jourdan,Canadian Journal of Earth Sciences
10.1016/j.quascirev.2022.107721,2022,"An integrative geochronological framework for the Pleistocene So'a basin (Flores, Indonesia), and its implications for faunal turnover and hominin arrival",Manual entry,Gerrit D. van den Bergh; Brent V. Alloway; Michael Storey; Ruly Setiawan; Dida Yurnaldi; Iwan Kurniawan; Mark W. Moore; Jatmiko; Adam Brumm; Stephanie Flude; Thomas Sutikna; Erick Setiyabudi; Unggul W. Prasetyo; Mika R. Puspaningrum; Ifan Yoga; Halmi Insani; Hanneke J.M. Meijer; Barry Kohn; Brad Pillans; Indra Sutisna; Anthony Dosseto; Susan Hayes; John A. Westgate; Nick J.G. Pearce; Fachroel Aziz; Rokus Awe Due; Michael J. Morwood,Quaternary Science Reviews
10.1016/j.margeo.2022.106927,2022,"Evidence for paleo-continental margin and folding of relic fragment of oceanic lithosphere, northeast Indian subcontinent",Manual entry,K.S. Krishna; R. Abhimanyu; M. Ismaiel,Marine Geology
10.1007/s00710-022-00790-2,2022,"Petrogenetic relationships between peraluminous granites and Li- Cs-Ta rich pegmatites in south Issia zone (Central-West of Côte d’Ivoire): Petrography, Mineralogy, Geochemistry and zircon U–Pb Geochronology",Manual entry,Joseph Koffi Brou; Marieke Van Lichtervelde; Nicaise Alain Kouamelan; David Baratoux; Nicolas Thébaud,Mineralogy and Petrology
10.2138/am-2022-8002,2022,Etching of fission tracks in monazite: Further evidence from optical and focused ion beam scanning electron microscopy,Manual entry,Sean Jones; Barry Kohn; Andy Gleadow,American Mineralogist
10.1080/10899995.2021.1908810,2022,Worldbuilding from tectonic first principles: Integrating and challenging undergraduate knowledge through a course project,Manual entry,Lindsay M. Schoenbohm; Mitchell McMillan,Journal of Geoscience Education
10.1016/j.jseaes.2022.105311,2022,A record of metasomatism and crustal contamination of the Mediterranean lithosphere in chromitites of the Orhaneli Ophiolite Complex (NW Türkiye),Manual entry,Mehmet Akbulut; José María González-Jiménez; Elena Belousova; Vanessa Colás Ginés; Júlia Farré de Pablo; Núria Pujol Solà; Joaquín A. Proenza,Journal of Asian Earth Sciences
10.1144/sp495-2018-168,2022,"Geological and petrophysical applications of imaging infrared spectroscopy for mineralogical analysis of core and cuttings: examples from the North Sea, Norwegian Sea and Barents Sea",Manual entry,Gavin A. Hunt; Richard Williams; Michael A. Charnock; Adam Moss; Jan Meltveit; Doru Florescu,"Geological Society, London, Special Publications"
10.1016/j.petrol.2021.109345,2022,Data-driven sequence labeling methods incorporating the long-range spatial variation of geological data for lithofacies sequence estimation,Manual entry,Gyeong-Tae Park; Jina Jeong; Irina Emelyanova; Marina Pervukhina; Lionel Esteban; Seong-Taek Yun,Journal of Petroleum Science and Engineering
10.1016/j.marpetgeo.2021.105483,2022,Tilting of the Australian continent: New evidence from the subsidence and deposition history of the Northern Carnarvon Basin,Manual entry,Patrick Makuluni; Juerg Hauser; Stuart Clark,Marine and Petroleum Geology
10.1144/jgs2020-253,2022,"Formation of the Qiyugou porphyry gold system in East Qinling, China: insights from timing and source characteristics of Late Mesozoic magmatism",Manual entry,Xin-Kai Hu; Li Tang; Shou-Ting Zhang; Toshiaki Tsunogae; M. Santosh; Li Sun; Christopher J. Spencer; Heejin Jeon; Liang Wang,Journal of the Geological Society
10.1016/j.mineng.2022.107496,2022,Unsupervised textural classification of rocks in large imagery datasets,Manual entry,Javier Merrill-Cifuentes; Matthew J. Cracknell; Angela Escolme,Minerals Engineering
10.1007/s00190-022-01611-2,2022,Comparison of EOP and scale parameters estimated from the three simultaneous CONT17 VLBI observing networks,Manual entry,D. S. MacMillan,Journal of Geodesy
10.1029/2022jb025324,2022,Discovery of Ultra‐Depleted Melt Inclusion in Late Cretaceous Intracontinental Basaltic Andesites in South China: Implications for Recycling of Lower Oceanic Crust,Manual entry,Yangming Wu; Feng Guo; Xuan‐Ce Wang; Jie Liao,Journal of Geophysical Research: Solid Earth
10.1016/j.marpetgeo.2022.105555,2022,"Sediment deformation atop the Lomonosov Ridge, central Arctic Ocean: Evidence for gas-charged sediment mobilization?",Manual entry,Yngve Kristoffersen; John K. Hall; Espen Harris Nilsen,Marine and Petroleum Geology
10.1029/2022gc010566,2022,Insights on Formation of the Gulf of Mexico by Rayleigh Surface Wave Imaging,Manual entry,Luan C. Nguyen; Alan Levander; Fenglin Niu; Julia Morgan; Guoliang Li,"Geochemistry, Geophysics, Geosystems"
10.1016/j.marpetgeo.2022.105595,2022,"Kinematic plate modelling of the Goban Spur margin, offshore Ireland, with deforming zones constrained by seismic reflection data",Manual entry,Pei Yang; J. Kim Welford,Marine and Petroleum Geology
10.1016/j.cageo.2022.105041,2022,Full waveform inversion using Random Mixing,Manual entry,A. Chang; L. Gross; S. Hörning,Computers &amp; Geosciences
10.1007/s12567-022-00424-5,2022,Deep space orbit determination via Delta-DOR using VLBI antennas,Manual entry,Francesco Fiori; Paolo Tortora; Marco Zannoni; Alessandro Ardito; Marco Menapace; Gabriele Bellei; Frank Budnik; Trevor Morley; Mattia Mercolino; Roberto Orosei,CEAS Space Journal
10.1080/08123985.2022.2144212,2024,Synthetic magnetotelluric modelling of a regional fault network – implications for survey design and interpretation,Manual entry | AusLAMP,Alison Kirkby; Michael P. Doublier,Exploration Geophysics
10.1016/j.precamres.2022.106886,2022,Geological framework of the concealed East Tennant area constrained by SHRIMP U–Pb zircon geochronology: Implications for Paleoproterozoic stratigraphic correlations in northern Australia,Manual entry,N. Kositcin; A.J. Cross; A.D. Clark; M.P. Doublier; G.L. Fraser; A. Schofield,Precambrian Research
10.1016/j.tecto.2022.229231,2022,"Low-temperature thermochronology of active arc-arc collision zone, South Fossa Magna region, central Japan",Manual entry,Shigeru Sueoka; Yumi Kobayashi; Shoma Fukuda; Barry P. Kohn; Tatsunori Yokoyama; Naomi Sano; Noriko Hasebe; Akihiro Tamura; Tomoaki Morishita; Takahiro Tagami,Tectonophysics
10.4043/31981-ms,2022,Offshore Co-Produced Critical Minerals and Geothermal Energy Generation,Manual entry,Susan Smith Nash,Offshore Technology Conference
10.1130/g50061.1,2022,Crustal transpressional fault geometry influenced by viscous lower crustal flow,Manual entry,Haibin Yang; Louis N. Moresi; Mark Quigley; Metin Kahraman; Doğan Kalafat,Geology
10.54103/2039-4942/17048,2022,"NEW GROUP OF TOURNAISIAN ADVANCED &lt;em&gt;SIPHONODELLA&lt;/em&gt; (CONODONTS, LOWER CARBONIFEROUS)",Manual entry,ARTEM N. PLOTITSYN,RIVISTA ITALIANA DI PALEONTOLOGIA E STRATIGRAFIA
10.3390/d14110973,2022,Mechanistic Thermal Modeling of Late Triassic Terrestrial Amniotes Predicts Biogeographic Distribution,Manual entry,Scott A. Hartman; David M. Lovelace; Benjamin J. Linzmeier; Paul D. Mathewson; Warren P. Porter,Diversity
10.1016/j.scib.2021.12.008,2022,Is “plume interaction induced migration of the Hawaiian-Emperor Seamounts” a step too far?,Manual entry,William W. Sager,Science Bulletin
10.1016/j.gloplacha.2022.103899,2022,Two cosmopolitanism events driven by different extreme paleoclimate regimes,Manual entry,Shu-han Zhang; Shu-zhong Shen; Douglas H. Erwin,Global and Planetary Change
10.1029/2022jb024384,2022,"Permian Magnetostratigraphy and End of the Kiaman Reverse Polarity Superchron From the Southeast Karoo Basin, South Africa",Manual entry,M. O. De Kock; A. O. Abubakre,Journal of Geophysical Research: Solid Earth
10.1080/08120099.2021.1950833,2022,Mafic intrusions in southwestern Australia related to supercontinent assembly or breakup?,Manual entry,H. K. H. Olierook; F. Jourdan; C. L. Kirkland; C. Elders; N. J. Evans; N. E. Timms; J. Cunneen; B. J. McDonald; C. Mayers; R. A. Frew; Q. Jiang; L. J. Olden; K. McClay,Australian Journal of Earth Sciences
10.1111/ter.12577,2022,Timing of partial melting and granulite formation during the genesis of high to ultra‐high temperature terranes: Insight from numerical experiments,Manual entry,Bénédicte Cenki; Patrice F. Rey; Diane Arcay; Julian Giordani,Terra Nova
10.1016/j.gr.2022.01.002,2022,Terminal tectono-magmatic phase of the New England Orogen driven by lithospheric delamination,Manual entry,Hugo K.H. Olierook; Jasmine Gale; Franco Pirajno; Fred Jourdan; Christopher L. Kirkland; Noreen J. Evans; Bradley J. McDonald; Mark Krejci; Qiang Jiang; Anusha Shantha Kumara; Celia Mayers; R. Adam Frew; Hugo Kaag; Brent I.A. McInnes,Gondwana Research
10.1016/j.jsames.2022.104062,2022,"Architectural elements, geometry, and magmatism of the Sub-Saharan Western African passive margin basins: Seismic and gravity data integration",Manual entry,Maria Alice Nascimento Fagundes de Aragão; Luizemara Soares Alves Szameitat; Antonio Manuel Ferreira de Figueiredo; Monica Heilbron; Gianreto Manatschal,Journal of South American Earth Sciences
10.3390/min12080943,2022,87Sr/86Sr Isotopic Ratio of Ferromanganese Crusts as a Record of Detrital Influx to the Western North Pacific Ocean,Manual entry,Keishiro Azami; Naoto Hirano; Jun-Ichi Kimura; Qing Chang; Hirochika Sumino; Shiki Machida; Kazutaka Yasukawa; Yasuhiro Kato,Minerals
10.1080/00206814.2020.1870248,2022,Paleocene to Miocene migmatization and kinematics of the deformation at the northern boundary of the Xolapa Complex: implications for the Chortís Block-southern Mexico connection,Manual entry,Alicia Sarmiento-Villagrana; Ricardo Vega-Granillo; Oscar Talavera-Mendoza; Joaquín Ruiz; Sergio Adrián Salgado-Souto,International Geology Review
10.3390/app12010282,2021,Quantitative Geochemical Prediction from Spectral Measurements and Its Application to Spatially Dispersed Spectral Data,Manual entry,Andrew Rodger; Carsten Laukamp,Applied Sciences
10.1127/nos/2022/0684,2022,"Late Paleocene to middle Eocene carbon isotope stratigraphy of the Northern Negev, Southern Israel: potential for paleoclimate reconstructions",Manual entry,Chris D. Fokkema; Sophie Buijs; Or M. Bialik; Aaron Meilijson; Nicolas D. Waldmann; Yizhaq Makovsky; Joost Frieling; Gerald R. Dickens; Appy Sluijs,Newsletters on Stratigraphy
10.1111/pala.12594,2022,A coherent biogeographical framework for Old World Neogene and Pleistocene mammals,Manual entry,Corentin Gibert; Axelle Zacaï; Frédéric Fluteau; Gilles Ramstein; Olivier Chavasseau; Ghislain Thiery; Antoine Souron; William Banks; Franck Guy; Doris Barboni; Pierre Sepulchre; Cécile Blondel; Gildas Merceron; Olga Otero,Palaeontology
10.1016/j.epsl.2022.117528,2022,Tectonic controls on the timing of fjord incision at the Antarctic Peninsula,Manual entry,Anna Clinger; Matthew Fox; Greg Balco; Kurt Cuffey; David Shuster,Earth and Planetary Science Letters
10.1080/08120099.2022.2048888,2022,Phanerozoic history of the Pilbara region: implications for iron mineralisation,Manual entry,C. S. Perring; J. M. A. Hronsky; M. Crowe,Australian Journal of Earth Sciences
10.1029/2022tc007242,2022,The Role of Slab Steps on Tectonic Loading Along Subduction Zones: Inferences on the Seismotectonics of the Sunda Convergent Margin,Manual entry,Mohd Zuhair; Thyagarajulu Gollapalli; Fabio A. Capitanio; Peter G. Betts; Juan Carlos Graciosa,Tectonics
10.1016/j.jsg.2022.104580,2022,The role of plate geometry and boundary type in global plate ductility and mantle convection,Manual entry,Zeshan Ismat,Journal of Structural Geology
10.1080/08120099.2022.2049875,2022,"Early Devonian volcanic facies, central Lachlan Orogen, New South Wales: implications for tectonic and metallogenic models",Manual entry,K. F. Bull; J. A. Fitzherbert,Australian Journal of Earth Sciences
10.1016/j.jsames.2021.103660,2022,"Maastrichtian–Danian palynomorphs from the Pedro Luro Formation, Ombucta 1 Borehole, Colorado Basin, Argentina",Manual entry,Luis S. Agüero; Mirta E. Quattrocchio,Journal of South American Earth Sciences
10.1029/2021gc010265,2022,Geodynamic Modeling With Uncertain Initial Geometries,Manual entry,A. Spang; T. S. Baumann; B. J. P. Kaus,"Geochemistry, Geophysics, Geosystems"
10.1080/08120099.2022.2094465,2022,Potential of hyperspectral-based geochemical predictions with neural networks for strategic and regional exploration improvement,Manual entry,A. Kutzke; H. Eichstaedt; R. Kahnt,Australian Journal of Earth Sciences
10.25131/sajg.125.0017,2022,A positive syn-fold test from the Neoarchaean Klipriviersberg Group of South Africa: Quo vadis Vaalbara?,Manual entry,M.O. de Kock; I. Malatji; H. Wabo; L.P. Maré,South African Journal of Geology
10.1080/01916122.2021.2012538,2022,Melanosclerites from the Late Ordovician to earliest Silurian of Estonia and their palaeogeographical implications,Manual entry,Minghao Du; Jaak Nõlvak; Jingqiang Tan; Shijia Gao; Wenhui Wang,Palynology
10.14770/jgsk.2022.58.2.179,2022,A comparison of free-surface tracking methods for numerical modeling of rifting based on ASPECT,Manual entry,Min-Seok Jang; Young-Gyun Kim; Byung-Dal So,Journal of the Geological Society of Korea
10.1016/j.revpalbo.2022.104779,2022,The extinction of Miocene broad-leaved deciduous Nothofagaceae and loss of seasonal forest biomes in New Zealand,Manual entry,Tammo Reichgelt; William G. Lee; Daphne E. Lee,Review of Palaeobotany and Palynology
10.1134/s0869593822070012,2022,"Jurassic and Cretaceous Radiolarians from the Ust’ Belaya and Algan Mountains, Koryak Highland, Chukotka",Manual entry,T. N. Palechek,Stratigraphy and Geological Correlation
10.1130/2021.2553(30),2022,Dense melt residues drive mid-ocean-ridge “hotspots”,Manual entry,Jordan J.J. Phethean*; Martha Papadopoulou; Alexander L. Peace,In the Footsteps of Warren B. Hamilton: New Ideas in Earth Science
10.1130/2021.2553(07),2022,The African continental divide: Indian versus Atlantic Ocean spreading during Gondwana dispersal,Manual entry,Alexander L. Peace; Jordan J.J. Phethean,In the Footsteps of Warren B. Hamilton: New Ideas in Earth Science
10.1134/s0016852122060061,2022,Ordovician Paleogeography: The Possibilities and Constraints of Conodont-Based Biogeographic Reconstructions,Manual entry,T. Yu. Tolmacheva; K. E. Degtyarev,Geotectonics
10.1016/j.jog.2021.101895,2022,"Kinematic reconstruction of the Raohe accretionary complex, Northeast China: Integration of onshore geologic evidence and global plate model",Manual entry,Zaizheng Zhou; Zuozhen Han; Sanzhong Li; Zhaoxia Jiang; Xiyao Li; Haoyuan Lan,Journal of Geodynamics
10.1029/2022pa004440,2022,Impact of Eocene‐Oligocene Antarctic Glaciation on the Paleoceanography of the Weddell Sea,Manual entry,Victoria Hojnacki; Allison Lepp; Josie Horowitz Castaldo; Abbey States; Xiaona Li; Sandra Passchier,Paleoceanography and Paleoclimatology
10.5194/gmd-15-8749-2022,2022,ISMIP-HOM benchmark experiments using Underworld,Manual entry,Till Sachau; Haibin Yang; Justin Lang; Paul D. Bons; Louis Moresi,Geoscientific Model Development
10.1130/b36268.1,2023,"(U-Th)/He chronology: Part 2. Considerations for evaluating, integrating, and interpreting conventional individual aliquot data",Manual entry,R.M. Flowers; R.A. Ketcham; E. Enkelmann; C. Gautheron; P.W. Reiners; J.R. Metcalf; M. Danišík; D.F. Stockli; R.W. Brown,GSA Bulletin
10.1130/b36266.1,2023,"(U-Th)/He chronology: Part 1. Data, uncertainty, and reporting",Manual entry,R.M. Flowers; P.K. Zeitler; M. Danišík; P.W. Reiners; C. Gautheron; R.A. Ketcham; J.R. Metcalf; D.F. Stockli; E. Enkelmann; R.W. Brown,GSA Bulletin
10.1016/j.palaeo.2022.111373,2023,"Cretaceous climates: Mapping paleo-Köppen climatic zones using a Bayesian statistical analysis of lithologic, paleontologic, and geochemical proxies",Manual entry,Landon Burgener; Ethan Hyland; Brian J. Reich; Christopher Scotese,"Palaeogeography, Palaeoclimatology, Palaeoecology"
10.1016/j.tecto.2023.229728,2023,"Structure and morphology of the Red Sea, from the mid-ocean ridge to the ocean-continent boundary",Manual entry,Antoine Delaunay; Guillaume Baby; Jakub Fedorik; Abdulkader M. Afifi; Paul Tapponnier; Jérôme Dyment,Tectonophysics
10.1016/j.precamres.2022.106921,2023,"A refined Archean-Paleoproterozoic magmatic framework of the Cuoke Complex, SW China, and its implications for early Precambrian evolution of the Yangtze Block",Manual entry,Zhao Yang; Jian-Wei Zi; Peter A. Cawood; Tianyu Zhao; Guichun Liu; Jing Li; Hu Zhang; Yuehua Wei; Qinglai Feng,Precambrian Research
10.1016/j.epsl.2022.117969,2023,Time-strain evolution of shear zones from petrographically constrained Rb–Sr muscovite analysis,Manual entry,Bruno V. Ribeiro; Christopher L. Kirkland; David E. Kelsey; Steven M. Reddy; Michael I.H. Hartnady; Frederico M. Faleiros; Kai Rankenburg; Janne Liebmann; Fawna J. Korhonen; Chris Clark,Earth and Planetary Science Letters
10.1016/j.epsl.2022.117906,2023,Retracing the Africa–Eurasia nascent convergent boundary in the western Mediterranean based on earthquake and GNSS data,Manual entry,Andrea Billi; Marco Cuffaro; Barbara Orecchio; Mimmo Palano; Debora Presti; Cristina Totaro,Earth and Planetary Science Letters
10.1080/00206814.2023.2199429,2023,The Numidian formation and its Lateral Successions (Central-Western Mediterranean): a review,Manual entry,Habib Belayouni; Francesco Guerrera; Manuel Martin-Martin; Eline Le Breton; Mario Tramontana,International Geology Review
10.1130/b36309.1,2023,"Two-stage exhumation of deeply subducted continental crust: Insight from zircon, titanite, and apatite petrochronology, Sulu belt of eastern China",Manual entry,Songjie Wang; Michael Brown; Lu Wang; Tim E. Johnson; Hugo K.H. Olierook; Christopher L. Kirkland; Andrew Kylander-Clark; Noreen J. Evans; Bradley J. McDonald,GSA Bulletin
10.3389/feart.2023.1160285,2023,The significance of Anomalocaris and other Radiodonta for understanding paleoecology and evolution during the Cambrian explosion,Manual entry,Gaëtan J.-M. Potin; Allison C. Daley,Frontiers in Earth Science
10.1111/2041-210x.14099,2023,palaeoverse: A community‐driven R package to support palaeobiological analysis,Manual entry,Lewis A. Jones; William Gearty; Bethany J. Allen; Kilian Eichenseer; Christopher D. Dean; Sofía Galván; Miranta Kouvari; Pedro L. Godoy; Cecily S. C. Nicholl; Lucas Buffan; Erin M. Dillon; Joseph T. Flannery‐Sutherland; Alfio Alessandro Chiarenza,Methods in Ecology and Evolution
10.1016/j.gr.2022.07.015,2023,Continental rifting in the South China Sea through extension and high heat flow: An extended history,Manual entry,A. Burton-Johnson; A.B. Cullen,Gondwana Research
10.1126/science.abn2080,2023,"Global impact and selectivity of the Cretaceous-Paleogene mass extinction among sharks, skates, and rays",Manual entry,Guillaume Guinot; Fabien L. Condamine,Science
10.1016/j.sedgeo.2023.106367,2023,Paleogene evolution of the External Rif Zone (Morocco) and comparison with other western Tethyan margins,Manual entry,Manuel Martín-Martín; Francesco Guerrera; Juan Carlos Cañaveras; Francisco Javier Alcalá; Francisco Serrano; Alí Maaté; Rachid Hlila; Soufian Maaté; Mario Tramontana; Antonio Sánchez-Navas; Eline Le Breton,Sedimentary Geology
10.1007/s11430-022-1038-5,2023,Dynamic modeling of tectonic carbon processes: State of the art and conceptual workflow,Manual entry,Liang Zhao; Zhengtang Guo; Huaiyu Yuan; Xinxin Wang; Hao Shen; Jianfeng Yang; Baolu Sun; Ning Tan; Hui Zhang; Yonggang Liu; Yang Li; Jiamin Wang; Weiqiang Ji; Rixiang Zhu,Science China Earth Sciences
10.1029/2022pa004542,2023,Global and Zonal‐Mean Hydrological Response to Early Eocene Warmth,Manual entry,Marlow J. Cramwinckel; Natalie J. Burls; Abdullah A. Fahad; Scott Knapp; Christopher K. West; Tammo Reichgelt; David R. Greenwood; Wing‐Le Chan; Yannick Donnadieu; David K. Hutchinson; Agatha M. de Boer; Jean‐Baptiste Ladant; Polina A. Morozova; Igor Niezgodzki; Gregor Knorr; Sebastian Steinig; Zhongshi Zhang; Jiang Zhu; Ran Feng; Daniel J. Lunt; Ayako Abe‐Ouchi; Gordon N. Inglis,Paleoceanography and Paleoclimatology
10.1016/j.gca.2023.04.008,2023,Plume–lithosphere interactions and LIP-triggered climate crises constrained by the origin of Karoo lamproites,Manual entry,Sebastian Tappe; Ntando S. Ngwenya; Andreas Stracke; Rolf L. Romer; Johannes Glodny; Axel K. Schmitt,Geochimica et Cosmochimica Acta
10.1016/j.gsf.2022.101479,2023,Correlations among large igneous provinces related to the West Gondwana breakup: A geochemical database reappraisal of Early Cretaceous plumbing systems,Manual entry,Antomat A. Macêdo Filho; Maria Helena B.M. Hollanda; Stephen Fraser; Alisson L. Oliveira; Alanny C.C. Melo; Alana R. Dantas,Geoscience Frontiers
10.1016/j.earscirev.2023.104328,2023,Cenozoic exhumation in the Mediterranean and the Middle East,Manual entry,Riccardo Lanari; Alex Boutoux; Claudio Faccenna; Frederic Herman; Sean D. Willett; Paolo Ballato,Earth-Science Reviews
10.1111/ggr.12477,2023,Apatite Reference Materials for SIMS Microanalysis of Isotopes and Trace Elements,Manual entry,Allen K. Kennedy; Jörn‐Frederik Wotzlaw; James L. Crowley; Mark Schmitz; Urs Schaltegger; Benjamin Wade; Laure Martin; Cristina Talavera; Bryant Ware; Thi Hao Bui,Geostandards and Geoanalytical Research
10.1093/gji/ggad062,2023,Structure and evolution of the Australian plate and underlying upper mantle from waveform tomography with massive data sets,Manual entry,J I de Laat; S Lebedev; N L Celli; R Bonadio; B Chagas de Melo; N Rawlinson,Geophysical Journal International
10.1080/00206814.2020.1857851,2023,"Age and composition of Neoproterozoic diabase dykes in North Altyn Tagh, northwest China: implications for Rodinia break-up",Manual entry,Yanguang Li; Shuguang Song; Xiaoyong Yang; Zi-Fu Zhao; Jinlong Dong; Xiaofeng Gao; Michael T.D. Wingate; Chao Wang; Meng Li; Mengqi Jin,International Geology Review
10.1016/j.chemgeo.2023.121630,2023,Apatite laser ablation Lu Hf geochronology: A new tool to date mafic rocks,Manual entry,Melissa B.K. Kharkongor; Stijn Glorie; Jacob Mulder; Christopher L. Kirkland; David Chew; Barry Kohn; Alexander Simpson,Chemical Geology
10.1016/j.gloplacha.2023.104074,2023,Carbon cycle during the late Aptian–early Albian OAE 1b: A focus on the Kilian–Paquier levels interval,Manual entry,Stéphane Bodin; Mickaël Charpentier; Clemens V. Ullmann; Arka Rudra; Hamed Sanei,Global and Planetary Change
10.1016/j.engfracmech.2022.109031,2023,A dynamic FEM-DEM multiscale modeling approach for concrete structures,Manual entry,Jing-Chi Yu; Jin-Ting Wang; Jian-Wen Pan; Ning Guo; Chu-Han Zhang,Engineering Fracture Mechanics
10.1016/j.palaeo.2023.111492,2023,No Furongian Biodiversity Gap: Evidence from South China,Manual entry,Yiying Deng; Junxuan Fan; Shengchao Yang; Yukun Shi; Zhengbo Lu; Huiqing Xu; Zongyuan Sun; Fangqi Zhao; Zhangshuai Hou,"Palaeogeography, Palaeoclimatology, Palaeoecology"
10.1093/petrology/egad043,2023,Derivation of Lamproites and Kimberlites from a Common Evolving Source in the Convective Mantle: the Case for Southern African ‘Transitional Kimberlites’,Manual entry,Soumendu Sarkar; Andrea Giuliani; Hayden Dalton; David Phillips; Sujoy Ghosh; Sarah Misev; Roland Maas,Journal of Petrology
10.1016/j.earscirev.2023.104486,2023,Amber and the Cretaceous Resinous Interval,Manual entry,Xavier Delclòs; Enrique Peñalver; Eduardo Barrón; David Peris; David A. Grimaldi; Michael Holz; Conrad C. Labandeira; Erin E. Saupe; Christopher R. Scotese; Mónica M. Solórzano-Kraemer; Sergio Álvarez-Parra; Antonio Arillo; Dany Azar; Edwin A. Cadena; Jacopo Dal Corso; Jiří Kvaček; Antonio Monleón-Getino; André Nel; Daniel Peyrot; Carlos A. Bueno-Cebollada; Alejandro Gallardo; Beatriz González-Fernández; Marta Goula; Carlos Jaramillo; Iwona Kania-Kłosok; Rafael López-Del Valle; Rafael P. Lozano; Nieves Meléndez; César Menor-Salván; Constanza Peña-Kairath; Vincent Perrichot; Ana Rodrigo; Alba Sánchez-García; Maxime Santer; Víctor Sarto i Monteys; Dieter Uhl; José Luis Viejo; Ricardo Pérez-de la Fuente,Earth-Science Reviews
10.1130/b36308.1,2023,"Reconstructing a dismembered Neogene basin along the active Hikurangi subduction margin, New Zealand",Manual entry,Benjamin R. Hines; Hannu Seebeck; James S. Crampton; Kyle J. Bland; Dominic P. Strogen,GSA Bulletin
10.1016/j.gca.2023.03.004,2023,Survival of whole-rock Sm–Nd isotope system from REE redistribution and mineral-scale isotopic resetting amid hydrothermal alteration in REE-rich Fe-Cu deposit,Manual entry,Zhi-Kun Su; Xin-Fu Zhao; Christina Yan Wang; Zhi-Min Zhu; Wen-Lei Song; Carl Spandler,Geochimica et Cosmochimica Acta
10.1093/gji/ggac332,2022,A simple force balance model of subduction initiation,Manual entry,Yida Li; Michael Gurnis,Geophysical Journal International
10.1029/2022pa004564,2023,A Global Reassessment of the Spatial and Temporal Expression of the Late Miocene Biogenic Bloom,Manual entry,Q. Pillot; B. Suchéras‐Marx; A.‐C. Sarr; C. T. Bolton; Y. Donnadieu,Paleoceanography and Paleoclimatology
10.1016/j.gr.2023.01.004,2023,Volcanic passive margins and break-up processes in the southern Red Sea,Manual entry,François Chauvet; Laurent Geoffroy; Bernard Le Gall; Marion Jaud,Gondwana Research
10.1016/j.gca.2023.05.011,2023,"Metasomatic alteration of zircon at lower crustal P-T conditions utilizing alkali- and F-bearing fluids: Trace element incorporation, depletion, and resetting the zircon geochronometer",Manual entry | SHRIMP II Curtin,Daniel E. Harlov; Robert Anczkiewicz; Daniel J. Dunkley,Geochimica et Cosmochimica Acta
10.1038/s43247-023-00709-5,2023,Dating mylonitic overprinting of ancient rocks,Manual entry,Christopher L. Kirkland; Hugo K. H. Olierook; Martin Danišík; Janne Liebmann; Julie Hollis; Bruno V. Ribeiro; Kai Rankenburg,Communications Earth &amp; Environment
10.1111/geb.13694,2023,Global bioregions of reptiles confirm the consistency of bioregionalization processes across vertebrate clades,Manual entry,Mattia Falaschi; Silvio Marta; Elia Lo Parrino; Uri Roll; Shai Meiri; Gentile Francesco Ficetola,Global Ecology and Biogeography
10.1016/j.sedgeo.2023.106423,2023,"The Eocene carbonate platforms of the Ghomaride Domain (Internal Rif Zone, N Morocco): a segment of the westernmost Tethys",Manual entry,Manuel Martín-Martín; Josep Tosquella; Francesco Guerrera; Alí Maaté; Rachid Hlila; Soufian Maaté; Mario Tramontana; Eline Le Breton,Sedimentary Geology
10.1016/j.gloplacha.2022.103998,2023,The Cretaceous stationary Lhasa terrane constrained by the paleolatitude of 103 Ma volcanic rocks from the Nima area,Manual entry,Chao Niu; Yiming Ma; Huapei Wang; Tianshui Yang; Haiyan Li; Fei Han; Chang Xu; Junxiang Miao; Zongyong Yang; Hongzhu Cai; Wenpin Gong; Shihong Zhang,Global and Planetary Change
10.1016/j.epsl.2022.117939,2023,Multi-scale imaging of 3-D electrical conductivity structure under the contiguous US constrains lateral variations in the upper mantle water content,Manual entry,Federico D. Munch; Alexander Grayver,Earth and Planetary Science Letters
10.5802/crgeos.198,2024,"Tethys and Apulia (Adria), 100 years of reconstructions",Manual entry,Laurent Jolivet,Comptes Rendus. Géoscience
10.3390/rs15051193,2023,Visualization of Environmental Sensing Data in the Lake-Oriented Digital Twin World: Poyang Lake as an Example,Manual entry,Hao Chen; Chaoyang Fang; Xin Xiao,Remote Sensing
10.1016/j.palaeo.2023.111567,2023,From Tethyan subduction to Arabia-Eurasia continental collision: Multiple geo-thermochronological signals from granitoids in NW Iran,Manual entry,Zhiyong Zhang; Thomas Zack; Barry Kohn; Marco G. Malusà; Lin Wu; Mahnaz Rezaeian; Nan Wang; Dunfeng Xiang; Chao Guo; Rasoul Esmaeili; Bo Wan; Wenjiao Xiao,"Palaeogeography, Palaeoclimatology, Palaeoecology"
10.1093/gji/ggac339,2022,Sustained indentation in 2-D models of continental collision involving whole mantle subduction,Manual entry,Arijit Laik; Wouter P Schellart; Vincent Strak,Geophysical Journal International
10.1016/j.earscirev.2023.104414,2023,Importance of global spherical geometry for studying slab dynamics and evolution in models with data assimilation,Manual entry,Diandian Peng; Lijun Liu,Earth-Science Reviews
10.1029/2023gl103343,2023,New Middle Jurassic Paleomagnetic and Geochronologic Results From the Lhasa Terrane: Contributions to the Closure of the Meso‐Tethys Ocean and Jurassic True Polar Wander,Manual entry,Suo Wang; Tianshui Yang; Jiahui Ma; Weiwei Bian; Xianwei Jiao; Fei Han; Jiacheng Liang; Shihong Zhang; Huaichun Wu; Haiyan Li; Yiming Ma,Geophysical Research Letters
10.1029/2022sw003166,2023,Estimating Geomagnetically Induced Currents in Southern Brazil Using 3‐D Earth Resistivity Model,Manual entry,Karen V. Espinosa; Antonio L. Padilha; Livia R. Alves; Adam Schultz; Anna Kelbert,Space Weather
10.1016/j.coal.2023.104220,2023,Characterisation of coal using hyperspectral core scanning systems,Manual entry,Sandra Rodrigues; Lionel Fonteneau; Joan Esterle,International Journal of Coal Geology
10.1016/j.coal.2022.104150,2023,Geochemical study of Mississippian to Pennsylvanian Namurian Shale in the Namur Synclinorium and Campine Basin (Belgium and S-Netherlands): Implication for paleo-redox reconstruction and organic matter characteristics,Manual entry,Wei Wei; Ralf Littke; Rudy Swennen,International Journal of Coal Geology
10.1111/ggr.12487,2023,Albany K‐Feldspar: A New Pb Isotope Reference Material,Manual entry,Janne Liebmann; Bryant Ware; Michael I.H. Hartnady; Christopher L. Kirkland; Nicholas E. Timms; Noreen J. Evans,Geostandards and Geoanalytical Research
10.1029/2022jb026110,2023,Plate Rotation of the Northern Antarctic Peninsula Since the Late Cretaceous: Implications for the Tectonic Evolution of the Scotia Sea Region,Manual entry,Liang Gao; Yue Zhao; Zhenyu Yang; Junling Pei; Shuan‐Hong Zhang; Xiaochun Liu; Yabo Tong; Jian‐Min Liu; Joaquin Bastías,Journal of Geophysical Research: Solid Earth
10.1016/j.palaeo.2023.111395,2023,Cisuralian (Early Permian) paleogeographic evolution of South China Block and sea-level changes: Implications for the global Artinskian Warming Event,Manual entry,Zhang-shuai Hou; Shu-zhong Shen; Charles M. Henderson; Dong-xun Yuan; Yi-chun Zhang; Jun-xuan Fan,"Palaeogeography, Palaeoclimatology, Palaeoecology"
10.3389/feart.2023.1097101,2023,The proto-type basin and tectono-paleogeographic evolution of the Tarim basin in the Late Paleozoic,Manual entry,Jinkai Xia; Ziqi Zhong; Shaoying Huang; Caiming Luo; Hong Lou; Haining Chang; Xiang Li; Lunyan Wei,Frontiers in Earth Science
10.1029/2022pa004555,2023,North Atlantic Drift Sediments Constrain Eocene Tidal Dissipation and the Evolution of the Earth‐Moon System,Manual entry,David De Vleeschouwer; Donald E. Penman; Simon D'haenens; Fei Wu; Thomas Westerhold; Maximilian Vahlenkamp; Carlotta Cappelli; Claudia Agnini; Wendy E. C. Kordesch; Daniel J. King; Robin van der Ploeg; Heiko Pälike; Sandra Kirtland Turner; Paul Wilson; Richard D. Norris; James C. Zachos; Steven M. Bohaty; Pincelli M. Hull,Paleoceanography and Paleoclimatology
10.1016/j.epsl.2023.118117,2023,Precessional pacing of early Proterozoic redox cycles,Manual entry,Margriet L. Lantink; Wytze K. Lenstra; Joshua H.F.L. Davies; Rick Hennekam; David McB. Martin; Paul R.D. Mason; Gert-Jan Reichart; Caroline P. Slomp; Frederik J. Hilgen,Earth and Planetary Science Letters
10.1007/s00410-023-02002-2,2023,"Perovskite geochronology and petrogenesis of the Neoproterozoic Mad Gap Yards ultramafic lamprophyre dykes, East Kimberley region, Western Australia",Manual entry,Peter J. Downes; A. Lynton Jaques; Cristina Talavera; William L. Griffin; Sarah E. M. Gain; Noreen J. Evans; Wayne R. Taylor; Michael Verrall,Contributions to Mineralogy and Petrology
10.1785/0120220137,2023,Modulation of Seismic Radiation by Fault-Scale Geology of the 2016 Mw 6.0 Shallow Petermann Ranges Earthquake (PRE) in Central Australia,Manual entry,Tao Mo; Januka Attanayake,Bulletin of the Seismological Society of America
10.1016/j.gloplacha.2023.104179,2023,Sedimentary evolution from greenhouse to icehouse of Neoproterozoic and age constraints in the northern Yangtze Craton,Manual entry,Yuchong Wang; Hongwei Kuang; Yongqing Liu; Fenghua Zhao; Nan Peng; Xiaoshuai Chen; Kening Qi; Hai Liu; Zhixian Wang; Quan Zhong; Jinxin Chen,Global and Planetary Change
10.1016/b978-0-323-85733-8.00009-3,2023,Subduction Zones: A Short Review,Manual entry,W.P. Schellart,Dynamics of Plate Tectonics and Mantle Convection
10.1016/j.gr.2023.01.011,2023,"Synchronous exhumation episodes across Arctic Canada, North Greenland and Svalbard in relation to the Eurekan Orogeny",Manual entry,Peter Japsen; Paul F. Green; James A. Chalmers,Gondwana Research
10.1016/j.gr.2022.12.016,2023,"Astrochronology and carbon-isotope stratigraphy of the Fengcheng Formation, Junggar Basin: Terrestrial evidence for the Carboniferous-Permian Boundary",Manual entry,Renda Huang; Fujie Jiang; Di Chen; Ruoyuan Qiu; Tao Hu; Linhao Fang; Meiling Hu; Guanyun Wu; Chenxi Zhang; Jiahao Lv; Yuping Wu; Liliang Huang,Gondwana Research
10.1016/j.tecto.2023.229938,2023,"Tracking crustal thickness at the sediment inundated edge of the Gawler Craton, South Australia",Manual entry,Shubham Agrawal; Caroline M. Eakin; John P. O’Donnell,Tectonophysics
10.1016/j.cretres.2023.105627,2023,Implications of a geochemical approach to reconstruct the Maastrichtian–Danian seaways of central India: The planktic foraminifera-bearing Jhilmili intertrappean revisited,Manual entry,Vandana Kumari; Sampat Kumar Tandon; Nithin Kumar; Arundhuti Ghatak,Cretaceous Research
10.1016/j.gloplacha.2023.104069,2023,Wildfire activity driven by the 405-kyr orbital climate cycles in the Middle Jurassic,Manual entry,Zhihui Zhang; Dawei Lv; Man Lu; Zicheng Yu; Yuan Gao; Tiantian Wang; Jie Gao; Chengshan Wang,Global and Planetary Change
10.1029/2022tc007618,2023,"Present‐Day Caribbean‐North American Oblique Convergence Through the Ocoa‐Bonao‐La Guacara Fault Zone, Southern Central Hispaniola: A Transition Zone Between Oceanic Subduction and Arc‐Oceanic Plateau Collision",Manual entry,J. Escuder‐Viruete; F. J. Fernández; F. Pérez Valera; A. Medialdea,Tectonics
10.1016/j.earscirev.2022.104275,2023,The forearc ophiolites of California formed during trench-parallel spreading: Kinematic reconstruction of the western USA Cordillera since the Jurassic,Manual entry,Cemil Arkula; Nalan Lom; John Wakabayashi; Grant Rea-Downing; Abdul Qayyum; Mark J. Dekkers; Peter C. Lippert; Douwe J.J. van Hinsbergen,Earth-Science Reviews
10.1038/s41561-023-01156-9,2023,Increasing complexity in magmatic architecture of volcanoes along a waning hotspot,Manual entry,A. T. Tapu; T. Ubide; P. M. Vasconcelos,Nature Geoscience
10.1029/2023jb026659,2023,Middle Jurassic Paleolatitude of the Tethyan Himalaya: New Insights Into the Evolution of the Neo‐Tethys Ocean,Manual entry,Xianwei Jiao; Tianshui Yang; Weiwei Bian; Suo Wang; Jiahui Ma; Wenxiao Peng; Shihong Zhang; Huaichun Wu; Haiyan Li,Journal of Geophysical Research: Solid Earth
10.1029/2022tc007578,2023,Evolution of an Accretionary Complex (LeMay Group) and Terrane Translation in the Antarctic Peninsula,Manual entry,Teal R. Riley; Ian L. Millar; Andrew Carter; Michael J. Flowerdew; Alex Burton‐Johnson; Joaquin Bastias; Craig D. Storey; Paula Castillo; David Chew; Martin J. Whitehouse,Tectonics
10.1016/j.earscirev.2023.104333,2023,Review and critical assessment on plate reconstruction models for the South Atlantic,Manual entry,Juliana Fernandes Bonifacio; Carlos Eduardo Ganade; Anderson Costa dos Santos; Ricardo Ivan Ferreira da Trindade,Earth-Science Reviews
10.1016/j.gsf.2023.101579,2023,"One size does not fit all: Refining zircon provenance interpretations via integrated grain shape, geochronology, and Hf isotope analysis",Manual entry,Gisela Gartmair; Milo Barham; Christopher L. Kirkland,Geoscience Frontiers
10.1029/2022gc010789,2023,"Rotation of a Ferromanganese Nodule in the Penrhyn Basin, South Pacific, Tracked by the Earth's Magnetic Field",Manual entry,Hirokuni Oda; Wataru Katanoda; Akira Usui; Masafumi Murayama; Yuhji Yamamoto,"Geochemistry, Geophysics, Geosystems"
10.1017/pab.2022.36,2023,Coupling of geographic range and provincialism in Cambrian marine invertebrates,Manual entry,Lin Na; Ádám T. Kocsis; Qijian Li; Wolfgang Kiessling,Paleobiology
10.1016/j.epsl.2023.118143,2023,A new view of the Pangea supercontinent with an emphasis on the East Asian blocks,Manual entry,Zhiyu Yi; Yushu Liu; Joseph G. Meert; Tianyue Wang; Baochun Huang,Earth and Planetary Science Letters
10.1093/gji/ggac337,2022,Upper crustal structure beneath the Qin-Hang and Wuyishan metallogenic belts in Southeast China as revealed by a joint active and passive seismic experiment,Manual entry,Mengjie Zheng; Tao Xu; Qingtian Lü; Jiyan Lin; Minfu Huang; Zhiming Bai; Yangfan Deng; Yongqian Zhang; José Badal,Geophysical Journal International
10.1016/j.gr.2023.06.019,2023,"A new Moho map of the African continent from seismic, topographic, and tectonic data",Manual entry,Alexey Baranov; Robert Tenzer; Franck Eitel Kemgang Ghomsi,Gondwana Research
10.1144/m56-2020-13,2023,The subantarctic lithospheric mantle,Manual entry,Guillaume Delpech; James M. Scott; Michel Grégoire; Bertrand N. Moine; Dongxu Li; Jingao Liu; D. Graham Pearson; Quinten H. A. van der Meer; Tod E. Waight; Gilbert Michon; Damien Guillaume; Suzanne Y. O'Reilly; Jean-Yves Cottin; André Giret,"Geological Society, London, Memoirs"
10.1016/j.earscirev.2023.104401,2023,Paleogeographic reconstructions using QGIS: Introducing Terra Antiqua plugin and its application to 30 and 50 Ma maps,Manual entry,Jovid Aminov; Guillaume Dupont-Nivet; Diego Ruiz; Boris Gailleton,Earth-Science Reviews
10.1016/j.gr.2023.04.013,2023,Mapping crustal structure across southern Australia using seismic ambient noise tomography,Manual entry,J.P. O’Donnell; S. Agrawal; C.M. Eakin; S. Thiel; K. Brand; A. Gorbatov; B. Goleby,Gondwana Research
10.1109/tgrs.2022.3232488,2023,An Efficient EM Modeling Scheme for Large 3-D Models—A Magnetotelluric Case Study,Manual entry,Arun Singh; Rahul Dehiya,IEEE Transactions on Geoscience and Remote Sensing
10.1080/00288306.2023.2224579,2024,Basanite cobbles in Pleistocene sediments in Central Otago and their implications for intraplate volcanism and Clutha River paleo‐drainage,Manual entry,James M. Scott; Alan F. Cooper; Dave Craw; Petrus J. le Roux; Hayden B. Dalton; Marshall C. Palmer,New Zealand Journal of Geology and Geophysics
10.1029/2022gl102694,2023,How the Indian Ocean Geoid Low Was Formed,Manual entry,Debanjan Pal; Attreyee Ghosh,Geophysical Research Letters
10.1016/j.jog.2023.101962,2023,The role of the Ebro Block on the deformation experienced within the Pyrenean realm: Insights from deformable plate tectonic models,Manual entry,Michael T. King; J. Kim Welford; Julie Tugend,Journal of Geodynamics
10.1093/biolinnean/blad003,2023,Oligo-Miocene radiation within South-west Pacific arc terranes underpinned repeated upstream continental dispersals in pigeons (Columbiformes),Manual entry,Paul M Oliver; Andrew F Hugall; Audrey Prasteya; Alex Slavenko; Sabin Zahirovic,Biological Journal of the Linnean Society
10.1016/j.gr.2022.12.001,2023,Using monazite U-Pb geochronology of Precambrian shales to constrain fluid flow and hydrocarbon accumulation events of a petroliferous basin,Manual entry,Guangyou Zhu; Huichuan Liu; Jian-Wei Zi; Weiyan Chen; Chuanqing Zhu; Zhiyao Zhang,Gondwana Research
10.1007/s00190-023-01730-4,2023,GRGS numerical simulations for a GRASP-like mission,Manual entry,Arnaud Pollet; David Coulot; Richard Biancale; Félix Pérosanz; Sylvain Loyer; Jean-Charles Marty; Susanne Glaser; Vladimir Schott-Guilmault; Jean-Michel Lemoine; Flavien Mercier; Samuel Nahmani; Mioara Mandea,Journal of Geodesy
10.1029/2022pa004496,2023,Proxy‐Model Comparison for the Eocene‐Oligocene Transition in Southern High Latitudes,Manual entry,Emily J. Tibbett; Natalie J. Burls; David K. Hutchinson; Sarah J. Feakins,Paleoceanography and Paleoclimatology
10.1029/2022je007588,2023,Rifting Venus: Insights From Numerical Modeling,Manual entry,Alessandro Regorda; Cedric Thieulot; Iris van Zelst; Zoltán Erdős; Julia Maia; Susanne Buiter,Journal of Geophysical Research: Planets
10.1016/j.dsr.2022.103944,2023,Long-term global sea-level change due to dynamic topography since 410 Ma,Manual entry,An Yang,Deep Sea Research Part I: Oceanographic Research Papers
10.3389/feart.2022.1055480,2023,Anisotropic structure of the Australian continent,Manual entry,Andrew Birkey; Heather A. Ford,Frontiers in Earth Science
10.1080/08120099.2023.2161635,2023,"In situ calcite U–Pb geochronology of carbonate and clastic sedimentary rocks from the Canning Basin, Western Australia",Manual entry,Z. Li; K. Rankenburg; L. S. Normore; N. J. Evans; B. I. A. McInnes; L. M. Dent; I. O. H. Fielding,Australian Journal of Earth Sciences
10.1016/j.gr.2023.04.004,2023,Provenance analysis of Paleozoic strata in the Falkland/Malvinas Islands: Implications for paleogeography and Gondwanan reconstructions,Manual entry,J.R. Malone; I.W.D. Dalziel; P. Stone; B.K. Horton,Gondwana Research
10.1016/j.marpetgeo.2023.106188,2023,"Environmental controls on the resilience of Scott Reefs since the Miocene (North West Shelf, Australia): Insights from 3D seismic data",Manual entry,Carra Williams; Victorien Paumard; Jody M. Webster; Jonathon Leonard; Tristan Salles; Michael O'Leary; Simon Lang,Marine and Petroleum Geology
10.1016/j.marpetgeo.2023.106426,2023,Cenozoic tectono-sedimentary evolution of the onshore-offshore Tunisian Tell: Implications for oil-gas research,Manual entry,Habib Belayouni; Francesco Guerrera; Manuel Martín-Martín; Mario Tramontana; Manuel Bullejos,Marine and Petroleum Geology
10.1016/j.precamres.2023.107103,2023,"A comparison of fast pulse and conventional LA-ICP-MS detrital zircon geochronology: A large n detrital zircon study from the Centralian Superbasin, northwestern Australia",Manual entry,Chris Clark; David E. Kelsey; Fariba Kohanpour; Christopher L. Kirkland; Kai Rankenburg; Sean Makin,Precambrian Research
10.1017/s0016756822000991,2023,Planktonic foraminifera document palaeoceanographic changes across the middle Cenomanian carbon-isotope excursion MCE 1: new evidence from the UK chalk,Manual entry,Maria Rose Petrizzo; Andy S Gale,Geological Magazine
10.1016/j.precamres.2023.107132,2023,The unroofing of Archean crustal domes as recorded by detrital zircon and apatite,Manual entry,Anthony J.I. Clarke; Christopher L. Kirkland; Stijn Glorie; Jack Gillespie; Peter D. Kinny,Precambrian Research
10.1016/j.aiig.2023.03.002,2023,Models of plate tectonics with the Lattice Boltzmann Method,Manual entry,Peter Mora; Gabriele Morra; David A. Yuen,Artificial Intelligence in Geosciences
10.1016/j.ppees.2023.125733,2023,Eocene/Oligocene global disruption and the revolution of Caribbean mangroves,Manual entry,Valentí Rull,"Perspectives in Plant Ecology, Evolution and Systematics"
10.1017/pab.2022.25,2023,"A test of Bergmann's rule in the Early Triassic: latitude, body size, and sampling in Lystrosaurus",Manual entry,Zoe T. Kulik; Christian A. Sidor,Paleobiology
10.1111/jmg.12698,2023,Trapped K‐feldspar phenocrysts as a signature of melt migration pathways within active high‐strain zones,Manual entry,David Silva; Sandra Piazolo; Nathan R. Daczko,Journal of Metamorphic Geology
10.3390/geosciences13010010,2022,A Multi-proxy Provenance Study of Late Carboniferous to Middle Jurassic Sandstones in the Eastern Sverdrup Basin and Its Bearing on Arctic Palaeogeographic Reconstructions,Manual entry,Michael A. Pointon; Helen Smyth; Jenny E. Omma; Andrew C. Morton; Simon Schneider; Peter Hülse; Stephen J. Rippington; Berta Lopez-Mir; Quentin G. Crowley; Ian Millar; Martin J. Whitehouse; Dirk Frei; Robert A. Scott; Michael J. Flowerdew,Geosciences
10.1029/2022gc010827,2023,Kinematics and Convergent Tectonics of the Northwestern South American Plate During the Cenozoic,Manual entry,R. González; O. Oncken; C. Faccenna; E. Le Breton; M. Bezada; A. Mora,"Geochemistry, Geophysics, Geosystems"
10.1093/gji/ggac423,2022,Along-strike island-arc crustal growth rate estimation: case study of the Izu–Bonin–Mariana subduction system,Manual entry,Yongliang Bai; Xuan Mu; Wenzhao Zhang; Sanzhong Li; Diya Zhang; Shiguo Wu,Geophysical Journal International
10.1093/gji/ggad019,2023,Analysis of sensitivity patterns for characteristics of magnetotelluric (MT) response functions in inversion,Manual entry,Janghwan Uhm; Ju-Won Oh; Dong-Joo Min; Junyeong Heo,Geophysical Journal International
10.1016/j.epsl.2023.118073,2023,Feldspar Pb isotope evidence of cryptic impact-driven hydrothermal alteration in the Paleoproterozoic,Manual entry,Andreas Zametzer; Christopher L. Kirkland; Milo Barham; Nicholas E. Timms; Michael I.H. Hartnady; Aaron J. Cavosie; Bryant Ware; William D.A. Rickard; Timmons Erickson,Earth and Planetary Science Letters
10.1016/j.cretres.2023.105502,2023,"New records of late Berriasian and late Valanginian Orbitolinidae (Foraminifera) from the eastern Getic Carbonate Platform (South Carpathians, Romania)",Manual entry,Felix Schlagintweit; Ioan I. Bucur,Cretaceous Research
10.3390/rs15051379,2023,Satellite Magnetics Suggest a Complex Geothermal Heat Flux Pattern beneath the Greenland Ice Sheet,Manual entry,Mick Emil Kolster; Arne Døssing; Shfaqat Abbas Khan,Remote Sensing
10.1111/1755-6724.15036,2023,"Exhumation and Preservation of the Jinchuan Ni‐Cu‐PGE Deposit under the East Longshou Mountain Thermal Evolution, Revealed by Apatite Fission Track Thermochronology",Manual entry,Xianghe LEI; Qiang YU; Jiangang JIAO; Jian LIU; Xianyao SUN; Lijuan HE; Qike YANG,Acta Geologica Sinica - English Edition
10.1080/14772019.2023.2223797,2023,A new Mesozoic teleost of the subfamily Albulinae (Albuliformes: Albulidae) highlights the proto-Gulf of Mexico in the early diversification of extant bonefishes,Manual entry,Marleni L-Recinos; Kleyton M. Cantalice; Carmen Caballero-Viñas; Jesús Alvarado-Ortega,Journal of Systematic Palaeontology
10.1016/j.mineng.2023.108121,2023,The contribution of applied mineralogy to sustainability in the mine life cycle,Manual entry,Megan Becker,Minerals Engineering
10.1080/00288306.2023.2239175,2024,A tectonic reconstruction model for Aotearoa‐New Zealand from the mid‐Late Cretaceous to the present day,Manual entry,Hannu Seebeck; Dominic P. Strogen; Andrew Nicol; Benjamin R. Hines; Kyle J. Bland,New Zealand Journal of Geology and Geophysics
10.5334/dsj-2023-005,2023,Scaling Identifiers and their Metadata to Gigascale: An Architecture to Tackle the Challenges of Volume and Variety,Manual entry,Jens Klump; Doug Fils; Anusuriya Devaraju; Sarah Ramdeen; Jess Robertson; Lesley Wyborn; Kerstin Lehnert,Data Science Journal
10.1186/s13358-023-00270-w,2023,"The oldest Gondwanan record of the extinct durophagous hybodontiform chondrichthyan, Strophodus from the Bajocian of Morocco",Manual entry,Sebastian Stumpf; Christoph Kettler; René Kindlimann; Gilles Cuny; Jürgen Kriwet,Swiss Journal of Palaeontology
10.1016/j.palaeo.2023.111597,2023,Silurian paleogeography in the framework of global plate tectonics,Manual entry,Jan Golonka; Szczepan J. Porębski; Anna Waśkowska,"Palaeogeography, Palaeoclimatology, Palaeoecology"
10.1016/j.cageo.2022.105288,2023,"EaDz: A web-based, relational database for detrital zircons from East Asia",Manual entry,Bo Zhang; Shaofeng Liu; Chenxi Zhang,Computers &amp; Geosciences
10.1016/j.chemgeo.2023.121584,2023,How many vs which: On confined track selection criteria for apatite fission track analysis,Manual entry,Murat T. Tamer; Richard A. Ketcham,Chemical Geology
10.1016/j.gloplacha.2023.104073,2023,"Poleward amplification, seasonal rainfall and forest heterogeneity in the Miocene of the eastern USA",Manual entry,Tammo Reichgelt; Aly Baumgartner; Ran Feng; Debra A. Willard,Global and Planetary Change
10.1016/j.tecto.2023.229972,2023,Subduction-derived microplates: Complex evolution of the footwall in the subduction system,Manual entry,Jinping Liu; Xianzhi Cao; Yanhui Suo; Ruixin Zhang; Zhaoxia Jiang; Jie Zhou; Xiyao Li; Ian Somerville; Sanzhong Li,Tectonophysics
10.1016/j.chemgeo.2023.121599,2023,Triple oxygen isotopes in intertrappean fossil woods: Evidence of higher tropical rainfall during Deccan volcanism,Manual entry,Sangbaran Ghoshmaulik; Sourendra Kumar Bhattacharya; Manoshi Hazra; Pallab Roy; Mahasin Ali Khan; Mao-Chang Liang; Yoshiyuki Iizuka; Sung-Yun Hsiao; Der-Chuen Lee; Anindya Sarkar,Chemical Geology
10.5194/cp-19-1265-2023,2023,Technical note: A new online tool for δ 18 O–temperature conversions,Manual entry,Daniel E. Gaskell; Pincelli M. Hull,Climate of the Past
10.3390/geosciences13030091,2023,The Importance of Eurekan Mountains on Cenozoic Sediment Routing on the Western Barents Shelf,Manual entry,Michael J. Flowerdew; Edward J. Fleming; David M. Chew; Andrew C. Morton; Dirk Frei; Aukje Benedictus; Jenny Omma; Teal. R. Riley; Eszter Badenszki; Martin J. Whitehouse,Geosciences
10.3389/feart.2023.1144819,2023,The crust-mantle transition beneath Northeast China from P–wave receiver functions,Manual entry,Nita Sebastian; Hrvoje Tkalčić; Christian Sippl; Seongryong Kim; Anya M. Reading; Youlin Chen; Fabrice R. Fontaine,Frontiers in Earth Science
10.3799/dqkx.2022.394,2023,中国板块构造格局在早古生代末的重大转变,Manual entry,Shaoying Huang; Huiwen Xie; Guiting Hou; Xianzhang Yang; Caiming Luo; Hao Zhang; Ziqi Zhong; Jinkai Xia; Xiang Li; Haining Chang,Earth Science-Journal of China University of Geosciences
10.1029/2022jb024358,2023,"Tectono‐Thermal Evolution of the Hope‐Kelly Fault System, Southern Alps, New Zealand: Insights From Topographic Analysis and (U‐Th)/He Thermochronology",Manual entry,Jessie L. Vermeer; Mark C. Quigley; Samuel C. Boone; Brendan G. Duffy; Robert M. Langridge; Barry P. Kohn,Journal of Geophysical Research: Solid Earth
10.1029/2022gc010330,2023,Rutile Ages and Thermometry Along a Grenville Anorthosite Pathway,Manual entry,Janne Liebmann; Milo Barham; Christopher L. Kirkland,"Geochemistry, Geophysics, Geosystems"
10.1144/jgs2021-167,2023,Palaeomagnetic investigations across Hinlopenstretet border zone: from Caledonian metamorphosed rocks of Ny Friesland to foreland facies of Nordaustlandet (NE Svalbard),Manual entry,Krzysztof Michalski; Geoffrey M. Manby; Krzysztof Nejbert; Justyna Domańska-Siuda; Mariusz Burzyński,Journal of the Geological Society
10.1029/2022gc010730,2023,"High‐Resolution Magnetic‐Geochemical Mapping of the Serpentinized and Carbonated Atlin Ophiolite, British Columbia: Toward Establishing Magnetometry as a Monitoring Tool for In Situ Mineral Carbonation",Manual entry,Masako Tominaga; Andreas Beinlich; Eduardo A. Lima; Paiden Pruett; Noah R. Vento; Benjamin P. Weiss,"Geochemistry, Geophysics, Geosystems"
10.1371/journal.pone.0282247,2023,New species of Kuqaia from the Lower Jurassic of Sweden indicates a possible water flea (Crustacea: Branchiopoda) affinity,Manual entry,Jungang Peng; Sam M. Slater; Stephen McLoughlin; Vivi Vajda,PLOS ONE
10.1162/dint_a_00185,2023,FAIR data and metadata: GNSS precise positioning user perspective,Manual entry,Ivana Ivánová; Ryan Keenan; Christopher Marshall; Lori Mancell; Eldar Rubinov; Ryan Ruddick; Nicholas Brown; Graeme Kernich,Data Intelligence
10.1016/j.jseaes.2023.105620,2023,Thermo-tectonic evolution of the northern Erlian Basin (NE China): Evidence from fission track and (U–Th)/He thermochronology,Manual entry,Wei Xu; Yongshui Zhou; Jiong Zhang; Yi Li,Journal of Asian Earth Sciences
10.3389/feart.2022.1080307,2023,Seismological reference earth model in South China (SREM-SC): Crust and uppermost mantle,Manual entry,Jiamin Hu; Weijia Sun; Congcong Liu; Qingya Tang; Li-Yun Fu,Frontiers in Earth Science
10.1016/j.gloplacha.2023.104052,2023,The spatial–temporal evolution of the Asian summer monsoon during the late Miocene and potential CO2 forcing: A data–model comparison,Manual entry,Zhilin He; Zhongshi Zhang; Zhengtang Guo; Ning Tan; Zijian Zhang; Zhipeng Wu; Chunxia Zhang; Chenglong Deng,Global and Planetary Change
10.1029/2022gl102133,2023,Gravity Anomalies and Implications for Shallow Mantle Processes of the Western Cocos‐Nazca Spreading Center,Manual entry,Tingting Zheng; Jian Lin; Hans Schouten; Deborah K. Smith; Emily Klein; Ross Parnell‐Turner,Geophysical Research Letters
10.1016/j.revmic.2023.100729,2023,Ecologically distinct myodocope ostracod faunas from a single horizon in the late Silurian of Spain,Manual entry,Vincent Perrier; Gwendal Perrichon; Félix Nesme; Helga Groos-Uffenorde; Saturnino Lorenzo; Juan Carlos Gutiérrez-Marco,Revue de Micropaléontologie
10.1016/j.tecto.2023.229857,2023,The electrical conductivity of granite: The role of hydrous accessory minerals and the structure water in major minerals,Manual entry,Kui Han; Xinzhuan Guo; Xuben Wang; Junfeng Zhang; Sinan Özaydin; Dewei Li; Simon Martin Clark,Tectonophysics
10.1016/j.revpalbo.2023.104875,2023,Eocene paleoclimate and young mountain-building in the Australian Eastern Highlands,Manual entry,Vera A. Korasidis; Malcolm W. Wallace; Ti-Jung Chang; David Phillips,Review of Palaeobotany and Palynology
10.1080/08120099.2023.2127122,2023,"Origins of clay-rich strata in Cenozoic paleochannel deposits: an example from Suttor Formation, Queensland",Manual entry,T. Yu; J. Cooling; J. Esterle; T. Chadwick; A. Babaahmadi,Australian Journal of Earth Sciences
10.1016/j.gr.2022.11.016,2023,Supercontinent-paced magmatic destabilisation and recratonisation of the Yilgarn Craton,Manual entry,A.R.A. Aitken; M. Fiorentini; M. Tesauro; N. Thébaud,Gondwana Research
10.1080/24694452.2023.2200548,2023,Named Landforms of the World: A Geomorphological and Physiographic Compilation,Manual entry,Charlie Frye; Roger Sayre; Alexander B. Murphy; Deniz Karagülle; Moira Pippi; Mark Gilbert; Jaynya W. Richards,Annals of the American Association of Geographers
10.3389/feart.2022.1080298,2023,Seismological reference earth model in South China (SREM-SC): Upper mantle,Manual entry,Qingya Tang; Weijia Sun; Jiamin Hu; Li-Yun Fu,Frontiers in Earth Science
10.1016/j.oregeorev.2023.105528,2023,Control mechanisms of Os isotope anomalies of Co-rich crusts from the Line and Marcus–Wake seamounts areas,Manual entry,Wang Yang; Fang Nianqiao; Zhang Weihua,Ore Geology Reviews
10.1080/08120099.2023.2136241,2023,"A review of the Gippsland Basin history based on comparison of 3D structural, stratigraphic and forward sedimentation models: recognition of source, reservoir, traps and canyons",Manual entry,X. Yang; G. C. Smith,Australian Journal of Earth Sciences
10.1007/s13146-023-00853-1,2023,"Kungurian sedimentary environments in the slope facies of the Xuyong area, South China, and a comparative analysis of low-latitude palaeogeography",Manual entry,Liangjun Wu; Haixian Jiang; Ming Pan; Pujun Wang; Jingsong Hu; Jiwen Wu; Yu Lin; Wenqiang Shi,Carbonates and Evaporites
10.1080/08120099.2023.2181870,2023,"Revised stratigraphy and first geochronology of the Miocene submarine volcanic succession at Kennaook/Cape Grim, northwestern Tasmania",Manual entry,J. M. Fox; J. McPhie; R. J. Carey; F. Jourdan,Australian Journal of Earth Sciences
10.3389/feart.2023.1132820,2023,"Dynamic background on formation, evolution, and later reformation of the Late Paleozoic–Early Mesozoic Basin in Songliao and its significance for hydrocarbon exploration",Manual entry,Lijun Song; Yongqi Ruan; Yonghe Sun; Fenquan Xie; Junlong Li; Yulong Yuan,Frontiers in Earth Science
10.1038/s43247-023-00876-5,2023,"A marine origin of coal balls in the Midland and Illinois basins, USA",Manual entry,Michelle E. Chrpa; Anne Raymond; William M. Lamb; Juan-Carlos Laya,Communications Earth &amp; Environment
10.1029/2022tc007683,2023,New Paleomagnetic Constraints on the Amalgamation of the Tuva and Mongolia Blocks From Late Carboniferous Andesites in the Mongolia Block,Manual entry,Qiang Ren; Shihong Zhang; Mingcai Hou; Anqing Chen; Huaichun Wu; Tianshui Yang; Haiyan Li,Tectonics
10.1016/j.precamres.2023.107018,2023,Multi-stage alteration at Nifty copper deposit resolved via accessory mineral dating and trace elements,Manual entry,Bruno V. Ribeiro; Christopher L. Kirkland; Michael I.H. Hartnady; Erin L. Martin; Emily West; Paul Polito,Precambrian Research
10.1002/9781119526919.ch10,2023,Inner Core Anisotropy from Antipodal PKIKP Traveltimes,Manual entry,Hrvoje Tkalčić; Thuany P. Costa de Lima; Thanh‐Son Phạm; Satoru Tanaka,Geophysical Monograph Series
10.1007/s12040-023-02134-w,2023,"Quantitative paleobiogeography of the Albian–Maastrichtian bivalves of Ariyalur, south India: Impact of the northward movement of the Indian Plate",Manual entry,Arkaprava Mukhopadhyay; Shubhabrata Paul; Arghya Poddar,Journal of Earth System Science
10.1016/j.tecto.2023.229734,2023,Oceanic Core Complex or not? When bathymetric structures challenge seafloor spreading models,Manual entry,Florent Szitkar; Laurent Gernigon; Anna Lim; Marco Brönner,Tectonophysics
10.1038/s43247-023-00883-6,2023,Neoproterozoic reorganization of the Circum- Mozambique orogens and growth of megacontinent Gondwana,Manual entry,Chao Wang; Xian-qing Jing; Joseph G. Meert,Communications Earth &amp; Environment
10.1080/00206814.2022.2121945,2023,Paleomagnetism of the La Mora Formation: Late Triassic-Late Jurassic paleolatitudinal record for Southern Mexico and its Gondwanan disconnection,Manual entry,Cecilia I. Caballero-Miranda; Bernardo I. García-Amador; Luis M. Alva-Valdivia; Gilberto Silva-Romo; Arnaldo Hernández-Cardona; Alam I. De la Torre-González; Rosario Peralta-Salazar,International Geology Review
10.1093/petrology/egad028,2023,"Precambrian History of the Pacific Mantle Domain: New Constraints from Woodsreef and Port Macquarie Serpentinized Spinel Harzburgites of the New England Orogen, Australia",Manual entry,Luc S Doucet; Zheng-Xiang Li; Daniel Brennan; Robin Offler; Hamed Gamaleldien; Bryant Ware; Svetlana G Tessalina; Bertrand N Moine,Journal of Petrology
10.1088/1361-6501/aca0b2,2023,A study on the measurement method of a two-component fluid proportion infrared spectrum based on HDC-PSAM,Manual entry,Haibo Liang; Fenglong Luo; Jinhong Guo; Xing Zuo,Measurement Science and Technology
10.3390/app13095646,2023,Seismic Observations in Bucharest Area with a Raspberry Shake Citizen Science Network,Manual entry,Bogdan Zaharia; Bogdan Grecu; Andreea Tolea; Mircea Radulian,Applied Sciences
10.1016/j.revpalbo.2022.104825,2023,Dispersed spore assemblages from the Lower Devonian Rañeces - La Vid groups of Northern Spain: Palaeogeographical implications,Manual entry,Charles H. Wellman; Philippe Steemans; Gilda Lopes,Review of Palaeobotany and Palynology
10.1007/s11631-022-00590-7,2023,Geochronology and origin of Paleoproterozoic charnockites with old crustal signature in the Haisyn block of the Ukrainian shield,Manual entry,M. Reshetnyk; O. Zaiats; L. Shumlyanskyy; D. Starokadomsky; L. Stepanyuk,Acta Geochimica
10.1016/j.mineng.2023.108005,2023,Rock hardness and copper recovery prediction using textural clustering,Manual entry,Javier Merrill-Cifuentes; Matthew J. Cracknell; Angela Escolme,Minerals Engineering
10.3390/min13050691,2023,Comparison of Granites from the Eastern and Western Districts of the Gejiu Ore District in South China: Implication for Petrogenesis and Tin Metallogeny,Manual entry,Saijun Sun; Junjie Zhang; Shuang Li; Haobin Niu; Zhaojian Wu; Weidong Sun,Minerals
10.1080/08123985.2023.2201427,2024,"Multiscale studies of electrical conductivity variations, Yerrida Basin, Capricorn Orogen, Western Australia: implications for geological mapping in sedimentary basins",Manual entry,Sasha Banaszczyk; Perla Piña-Varas; Mike Dentith; David Annetts,Exploration Geophysics
10.1016/j.earscirev.2023.104460,2023,Reply to Comment by Åke Johansson on Li et al. (2023): A dynamic 2000—540 Ma Earth history: From cratonic amalgamation to the age of supercontinent cycle,Manual entry,Zheng-Xiang Li; Yebo Liu; Richard Ernst,Earth-Science Reviews
10.1016/j.precamres.2022.106949,2023,Quantitative methods for the analysis of comparative geological data: Large igneous province barcoding and supercontinent reconstruction,Manual entry,Bernard Michaux; Elizabeth M. Dowding; Malte C. Ebach,Precambrian Research
10.1016/j.precamres.2023.107146,2023,Paleogeography of India at ∼1.8 Ga: New constraints from baddeleyite geochronology and paleomagnetism of mafic dykes from the Dharwar craton,Manual entry,V. Parashuramulu; E. Nagaraju; Ravi Shankar; N. Ramesh Babu; D. Srinivasa Sarma,Precambrian Research
10.1007/s10347-023-00664-9,2023,"Progradation of a shallow carbonate platform developed on a fault-block in the Western Tethys (lower Aptian, Sierra de Bedmar-Jódar, Prebetic of Jaén, Spain)",Manual entry,Rafael Martínez-Rodríguez; Luis M. Nieto; José M. Castro; Ginés A. de Gea; Pedro A. Ruiz-Ortiz; José M. Molina; Peter W. Skelton,Facies
10.1002/gdj3.204,2024,OpenMindat: Open and FAIR mineralogy data from the Mindat database,Manual entry,Xiaogang Ma; Jolyon Ralph; Jiyin Zhang; Xiang Que; Anirudh Prabhu; Shaunna M. Morrison; Robert M. Hazen; Lesley Wyborn; Kerstin Lehnert,Geoscience Data Journal
10.1080/00396265.2022.2163138,2024,Automatic segmentation and parallel phased least squares for highly efficient geodetic network parameter estimation,Manual entry,Roger W. Fraser; Frank J. Leahy; Philip A. Collier,Survey Review
10.1080/08912963.2023.2209784,2024,"New records of dinosaur tracks in eastern Tibet and a review of Middle Jurassic dinosaur faunas from the eastern Tethys, southwest China",Manual entry,Lida Xing; Hendrik Klein; Martin G. Lockley; Haipeng Li; Bolin Tong; Yong Ye; Hui Dai; Chou Chunyong; Donghao Wang; Anthony Romilio; W. Scott Iv Persons,Historical Biology
10.1080/00206814.2023.2230473,2024,An assessment of dip-slip versus strike-slip faulting modes along the Patagonian Andes (39°-50° S) and their related orogenic models,Manual entry,Rodrigo J. Suárez; Miguel E. Ramos; Christian Sue; Matías Ghiglione; Vanesa Barberón; Paulo Quezada; Sandrine Roy,International Geology Review
10.1080/08912963.2023.2179397,2024,"Bovidae (Mammalia) from the early Middle Miocene of Maboko, Kenya",Manual entry,Denis Geraads; Monte McCrossin; Brenda Benefit,Historical Biology
10.1016/j.palwor.2023.04.002,2024,New fossils reveal the Paleogene establishment of relict Craigia (Malvaceae) in its extant range,Manual entry,Jia Li; Shi-Tao Zhang; Xue-Yan Li; Cong-Li Xu; Yuan Zhu; Ruo-Han Zuo; Lin-Bo Jia,Palaeoworld
10.1080/00206814.2023.2224426,2024,Possible partial melting and production of felsic melt in a Jurassic oceanic plateau of the Izanagi Plate: Insights from 159 Ma plagiogranites from northern Japan,Manual entry,Toru Yamasaki; Kenichiro Tani; Gen Shimoda; Futoshi Nanayama,International Geology Review
10.1144/geochem2025-027,2026,Hyperspectral and whole-rock geochemical analysis of the Mt Weld REE deposit: new insights into geological evolution and REE enrichment,Manual submission,Carsten Laukamp; Si-Yu Hu; Ross Chandler; Naina Goswami; Bobby Pejcic; Michael Wawryk,"Geochemistry: Exploration, Environment, Analysis"
10.1016/j.epsl.2025.119744,2026,"Isotope constraints on nutrient supply, bio-productivity and redox dynamics in the Mesoproterozoic McArthur Basin, Australia: Insights from δ114Cd, δ13C and δ15N proxies",Manual submission,Yaser Noorian; Juraj Farkaš; Alan S. Collins; Robert Frei; Eva E. Stüeken; Samantha R. Walker; Claudio Delle Piane; Wei Wen Wong,Earth and Planetary Science Letters
10.1016/j.epsl.2025.119683,2025,Mid-Proterozoic expansion of passive margins and reduction in volcanic outgassing supported marine oxygenation and eukaryogenesis,Manual submission,R. Dietmar Müller; Adriana Dutkiewicz; Juraj Farkaš; Stefan Loehr; Andrew S. Merdith,Earth and Planetary Science Letters
10.3724/ati2025084,2026,Single-point positioning of cis-lunar spacecraft with tri-static common-view laser ranging,Yarragadee VLBI,Zhipeng Liang; Chengzhi Liu; Yanning Zheng; Xue Dong,Astronomical Techniques and Instrument
10.3847/1538-4357/acf4f2,2023,A Search for Pulsars around Sgr A* in the First Event Horizon Telescope Data Set,Katherine VLBI,Pablo Torné; Kuo Liu; Ralph P. Eatough; J. Wongphechauxsorn; J. M. Cordes; G. Desvignes; Mariafelicia De Laurentis; M. Krämer; S. M. Ransom; Shami Chatterjee; Robert Wharton; R. Karuppusamy; Lindy Blackburn; Michaël Janssen; Chi‐kwan Chan; G. Crew; Lynn D. Matthews; C. Goddi; Helge Rottmann; Jan Wagner; Salvador Sánchez; Ignacio Ruiz; Federico Abbate; Geoffrey C. Bower; Juan J. Salamanca; Arturo I. Gómez-Ruiz; Alfredo Herrera–Aguilar; Wu Jiang; Ru-Sen Lu; Ue‐Li Pen; Alexander W. Raymond; Lijing Shao; Zhi-Qiang Shen; G. Paubert; M. Sánchez‐Portal; C. Krämer; Manuel Castillo; S. Navarro; John David; K. Schüster; Michael D. Johnson; K. L. J. Rygl; Kazunori Akiyama; A. Alberdi; W. Alef; Juan Carlos Algaba; Richard Anantua; Keiichi Asada; Rebecca Azulay; U. Bach; Anne-Kathrin Baczko; David Ball; Mislav Baloković; John Barrett; Michi Bauböck; B. A. Benson; Dan Bintley; R. Blundell; Katherine L. Bouman; Hope Boyce; Michael Bremer; Christiaan D. Brinkerink; Roger Brissenden; S. Britzen; Avery E. Broderick; Dominique Broguière; Thomas Bronzwaer; Sandra Bustamante; Do‐Young Byun; J. E. Carlstrom; Chiara Ceccobello; Andrew Chael; Dominic O. Chang; Koushik Chatterjee; Ming‐Tang Chen; Xiaopeng Cheng; Xiaopeng Cheng; Ilje Cho; Pierre Christian; Nicholas S. Conroy; J. E. Conway; T. M. Crawford; Alejandro Cruz-Osorio; Yuzhu Cui; Rohan Dahale; Jordy Davelaar; Roger Deane; Jessica Dempsey; Jason Dexter; Vedant Dhruv; Sheperd S. Doeleman; Sean Dougal; Sergio A. Dzib; Razieh Emami; H. Falcke; Joseph Farah; Vincent L. Fish; Ed Fomalont; H. Alyson Ford; Marianna Foschi,The Astrophysical Journal
10.1038/s41467-026-69566-y,2026,Impact of authigenic clay formation on marine trace element cycling.,Manual submission | AuScope,Stefan C. Löhr; April N. Abbott; Andre Baldermann; Juraj Farkaš,Nature Communications
10.5194/egusphere-egu26-15528,2026,Emergent tectonic cycles along the Panthalassan margin of East Gondwana from numerical plate reconstruction,Manual submission | GPlates,Addison Tu; Sabin Zahirovic; Samuel Boone; Richard Glen; Luke Mahoney; Tristan Salles; Andres Rodriguez Corcho,
10.26186/150855,2026,"High resolution InSAR for monitoring ground movements in urban areas: Case study of the Metro Tunnel Project, Melbourne",Manual submission,Commonwealth of Australia (Geoscience Australia); L. Hall,Geoscience Australia
10.3749/canmin.48.5.1423,2010,GRENVILLE SKARN TITANITE: POTENTIAL REFERENCE MATERIAL FOR SIMS U-Th-Pb ANALYSIS,AuScope,Allen Kennedy; Sandra L. Kamo; Lutz Nasdala; Nicholas E. Timms,The Canadian Mineralogist
10.1360/sspma-2026-0022,2026,Detection of Ultra-High-Energy Cosmic Rays and Neutrinos with Ultra-Long-Wavelength Radio Array,AuScope,Linjie Chen; Lingmei Cheng; Jianli Zhang,Zhongguo kexue. Wulixue Lixue Tianwenxue
10.1080/23746149.2025.2597311,2025,"Quantum-enabled optical large-baseline interferometry: applications, protocols and feasibility",AuScope,Zixin Huang; Oleg Titov; Mikołaj K. Schmidt; Benjamin Pope; Gavin K. Brennen; Daniel K. L. Oi; Pieter Kok,Advances in Physics X
10.1144/sp537-2022-222,2023,"Re-evaluating metamorphism in the southern Natal Province, South Africa",AuScope | Australian Geophysical Observing System,Eleanore Blereau; Christopher J. Spencer,Geological Society London Special Publications
10.48550/arxiv.2209.15298,2022,GENESIS: Co-location of Geodetic Techniques in Space,AuScope | AuScope VLBI | Geospatial Geodesy AuScope | Simulation Analysis Modelling AuScope | International Collaboration AuScope,Pacôme Delva; Z. Altamimi; Alejandro Blazquez; M Bloßfeld; Johannes Böhm; Pascal Bonnefond; Jean‐Paul Boy; Sean Bruinsma; Grzegorz Bury; Miltiadis Chatzinikos; Alexandre Couhert; Clément Courde; Rolf Dach; V. Dehant; S. Dell’Agnello; Gunnar Elgered; Werner Enderle; P. Exertier; Susanne Glaser; Rüdiger Haas; Wen Huang; Urs Hugentobler; Adrian Jäggi; Özgür Karatekin; F. G. Lemoine; C. Le Poncin-Lafitte; Susanne Lunz; Benjamin Männel; Flavien Mercier; Laurent Métivier; Benoît Meyssignac; Jürgen Müller; A. Nothnagel; F. Pérosanz; Roelof Rietbroek; Markus Rothacher; Hakan Sert; Krzysztof Sośnica; Paride Testani; Javier Ventura‐Traveset; Gilles Wautelet; Radosław Zajdel,arXiv (Cornell University)
10.1080/08120099.2011.606504,2011,Geothermal state of the Sydney Basin: assessment of constraints and techniques,AuScope,Cara Danis; Craig O’Neill; J. Lee,Australian Journal of Earth Sciences
10.48550/arxiv.1110.5360,2011,New Zealand involvement in Radio Astronomical VLBI Image Processing,AuScope,Stuart Weston; Timothy Natusch; Sergei Gulyaev,arXiv (Cornell University)
10.1029/2010jb008157,2011,Correction to “Atmospheric effects and spurious signals in GPS analyses”,AuScope,Paul Tregoning; Christopher Watson,Journal of Geophysical Research Atmospheres
10.1071/aseg2010ab168,2010,AuScope National Virtual Core Library - SA Node,AuScope | Hylogger CSIRO | National Virtual Core Library,Alan J Mauger; Hugh K Herbert; Alice H Baker,Exploration Geophysics
10.34726/hss.2016.26459,2016,Monitoring sensitivity parameters for improved AUSTRAL VLBI,AuScope | AuScope VLBI,Jakob Gruber,reposiTUm (TU Wien)
10.6084/m9.figshare.1574004.v1,2015,Major Open Data: The Digital Mineral Library at Curtin University,AuScope | AuScope Discovery Portal,Matthias Liffers; Adam Brown; Brent McInnes,Figshare
10.6084/m9.figshare.1399430.v1,2015,Digital Mineral Library,AuScope | AuScope Discovery Portal,Brown Adam; Matthias Liffers; McInnes Brent,Figshare
10.6084/m9.figshare.1495336.v1,2015,Curtin Library Rocking the (meta)data,AuScope,Green Peter,Figshare
10.13140/rg.2.1.3277.9360,2015,ICRF-3: Roadmap to the next generation ICRF,AuScope,C. S. Jacobs; E. F. Arias; D. Boboltz; J. Boehm; S. Bolotin; G. Bourda; Patrick Charlot; A. de Witt; A. L. Fey; R. A. Gaume; Dorothy A. Gordon; Robert Heinkelmann; Sébastien Lambert; C. Ma; Zinovy Malkin; A. Nothnagel; M. Seitz; E. Skurikhina; Jean Souchay; Oleg Titov,
10.11636/record.2015.003,2015,The Design of Radar Corner Reflectors for the Australian Geophysical Observing System: a single design suitable for InSAR deformation monitoring and SAR calibration at multiple microwave frequency bands.,AuScope,Matthew C. Garthwaite; S. Nancarrow; A. Hislop; Medhavy Thankappan; John Dawson; Sarah Lawrie,
10.6084/m9.figshare.763139.v1,2013,Software Reuse targeted at community developed simulation models,AuScope,Steve Quenette; Moresi Louis,Figshare
10.59350/tjg7h-2q731,2021,Lighting Up Dark Fibre for Seismic Imaging,AuScope,Meghan S. Miller,Front Matter
10.59350/2e7kf-wjz12,2021,Lighting Up Dark Fibre for Seismic Imaging,AuScope,Meghan S. Miller,Front Matter
10.59350/gmtm6-rs917,2021,Building Australia's Downward Looking Telescope,AuScope,Tim Rawling; Geo Down Under Contributors,Front Matter
10.59350/hvwpf-1g750,2021,Building Australia's Downward Looking Telescope,AuScope,Tim Rawling; Geo Down Under Contributors,Front Matter
10.59350/6cdrw-rpw02,2021,Distributed Acoustic Sensing in Australia's Downward Looking Telescope,AuScope,Voon Hui Lai; Meghan S. Miller; Geo Down Under Contributors,Front Matter
10.59350/16nst-edw24,2021,Distributed Acoustic Sensing in Australia's Downward Looking Telescope,AuScope,Voon Hui Lai; Meghan S. Miller; Geo Down Under Contributors,Front Matter
10.59350/w1n16-58068,2020,Testing AuScope's next-gen seismometers at Mt Stromlo,AuScope,Meghan S. Miller; Geo Down Under Contributors,Front Matter
10.59350/cyf7a-3kk26,2020,Testing AuScope's next-gen seismometers at Mt Stromlo,AuScope,Meghan S. Miller; Geo Down Under Contributors,Front Matter
10.5281/zenodo.3905364,2020,Connecting Data to The Physical World: IGSN 2040 Sprint Outcomes and Recommendations,AuScope,D. Fils; Jens Klump; Jesse C. Robertson,Zenodo (CERN European Organization for Nuclear Research)
10.59350/rqnwf-n0b72,2019,Turning up the heat on Earth temperature modelling — AuScope,AuScope,Louis Moresi; Ben Mather,Front Matter
10.59350/p0w2d-q5653,2019,Turning up the heat on Earth temperature modelling — AuScope,AuScope,Louis Moresi; Ben Mather,Front Matter
10.59350/y6ayy-wrd90,2019,Introducing Stripy,AuScope,Ben Mather,Front Matter
10.59350/s73zy-30n82,2019,Introducing Stripy,AuScope,Ben Mather,Front Matter
10.5281/zenodo.1436040,2018,underworldcode/underworld2: v2.6.0b,AuScope,"Louis Moresi; jmansour; Julian Giordani; RebeccaFarrington; Owen Kaluza; Beall, Adam; rbeucher; Gareth Kennedy; Velic, Mirko; Dan Sandiford",Zenodo (CERN European Organization for Nuclear Research)
10.48550/arxiv.2603.16955,2026,Comprehensive VLBI observations of Galileo satellites with the AuScope array,AuScope | AuScope VLBI | Yarragadee VLBI | Katherine VLBI,David Schunck; Lucia McCallum; Jamie McCallum; Tiege McCarthy,arXiv (Cornell University)
10.5194/egusphere-egu26-1703,2026,Innovations and Future Directions in the AuScope Virtual Research Environment,AuScope | AuScope Virtual Research Environment | AVRE AuScope,Jens Klump; Alex Hunt; Vincent Fazio; Pavel Golodoniuc,
10.25504/fairsharing.df2016,2026,FAIRsharing record for: AuScope Discovery Portal,AuScope | AuScope Discovery Portal,FAIRsharing Team,Open MIND
10.60623/odna57ut,2026,Observing Galileo Satellites with the Australian AuScope VLBI Array - AS304A Correlation Output,AuScope | AuScope VLBI,David Schunck; Lucia McCallum; Jamie McCallum; Tiege McCarthy,Open MIND
10.25959/31920927,2025,Integrating observations to satellites into VLBI operations,AuScope | AuScope VLBI | Yarragadee VLBI | Katherine VLBI,David Schunck,University of Tasmania
10.5281/zenodo.17978026,2025,Single station analyses of GPS data from the AuScope VLBI array in preparation of the Genesis mission,AuScope | AuScope VLBI,"Cheng, Yuting",Zenodo (CERN European Organization for Nuclear Research)
10.25959/31920927.v1,2025,Integrating observations to satellites into VLBI operations,AuScope | AuScope VLBI | Yarragadee VLBI | Katherine VLBI,David Schunck,University of Tasmania
10.5281/zenodo.17978025,2025,Single station analyses of GPS data from the AuScope VLBI array in preparation of the Genesis mission,AuScope | AuScope VLBI,"Cheng, Yuting",Zenodo (CERN European Organization for Nuclear Research)
10.26186/150806,2025,The Australian Lithospheric Architecture Magnetotelluric Project (AusLAMP) time series data from Victoria,AuScope | AusLAMP,Commonwealth of Australia (Geoscience Australia); J. Duan,Open MIND
10.25504/fairsharing.01c97b,2025,FAIRsharing record for: AuScope Data Repository,AuScope,FAIRsharing Team,FAIRsharing.org
10.5281/zenodo.17590560,2025,Empowering FAIR Geoscience: How DataCite Enables AuScope EarthBank & Lithodat Platforms,AuScope,"Kohlmann, Fabian",Zenodo (CERN European Organization for Nuclear Research)
10.5281/zenodo.17590561,2025,Empowering FAIR Geoscience: How DataCite Enables AuScope EarthBank & Lithodat Platforms,AuScope,"Kohlmann, Fabian",Zenodo (CERN European Organization for Nuclear Research)
10.5281/zenodo.18240369,2025,Open Science in Data-intensive Research Requires Multiple Entry Points: A Case Study from AuScope in Solid Earth Science Infrastructures.,AuScope,Lesley Wyborn,Zenodo (CERN European Organization for Nuclear Research)
10.5281/zenodo.18240060,2025,AuScope Virtual Research Environment Build Program. A Retrospective.,AuScope | AuScope Virtual Research Environment | AVRE AuScope,Jens Klump,Zenodo (CERN European Organization for Nuclear Research)
10.5281/zenodo.18240061,2025,AuScope Virtual Research Environment Build Program. A Retrospective.,AuScope | AuScope Virtual Research Environment | AVRE AuScope,Jens Klump,Zenodo (CERN European Organization for Nuclear Research)
10.5281/zenodo.18240548,2025,The National Earth and Environmental Sciences Facilities Forum (NEESFF) Information Standards Advisory Panel (ISAP): Coordinating National Infrastructures within Global Contexts.,AuScope,Lesley Wyborn,Zenodo (CERN European Organization for Nuclear Research)
10.5281/zenodo.18240370,2025,Open Science in Data-intensive Research Requires Multiple Entry Points: A Case Study from AuScope in Solid Earth Science Infrastructures.,AuScope,Lesley Wyborn,Zenodo (CERN European Organization for Nuclear Research)
10.5281/zenodo.18240549,2025,The National Earth and Environmental Sciences Facilities Forum (NEESFF) Information Standards Advisory Panel (ISAP): Coordinating National Infrastructures within Global Contexts.,AuScope,Lesley Wyborn,Zenodo (CERN European Organization for Nuclear Research)
10.5281/zenodo.18239902,2025,Uniting Research Infrastructures for Solid Earth Science: From Shared Vision to Global Action,AuScope,Helen Glaves,Zenodo (CERN European Organization for Nuclear Research)
10.5281/zenodo.18239953,2025,How and where are you preserving your raw machine observable data for future science?,AuScope,Angus Nixon,Zenodo (CERN European Organization for Nuclear Research)
10.5281/zenodo.18173941,2025,Towards a Coherent and Coordinated Spectrum of Data Stewardship and Sharing Services,AuScope | AuScope Geochemistry Network,Reyna Broadhurst,Zenodo (CERN European Organization for Nuclear Research)
10.5281/zenodo.18239901,2025,Uniting Research Infrastructures for Solid Earth Science: From Shared Vision to Global Action,AuScope,Helen Glaves,Zenodo (CERN European Organization for Nuclear Research)
10.5281/zenodo.18173942,2025,Towards a Coherent and Coordinated Spectrum of Data Stewardship and Sharing Services,AuScope | AuScope Geochemistry Network,Reyna Broadhurst,Zenodo (CERN European Organization for Nuclear Research)
10.5281/zenodo.18239978,2025,The AuScope Open Science Ar-Ar Data Pipeline: From Instrument to Earthbank,AuScope | AuScope Geochemistry Network,Bryant Ware,Zenodo (CERN European Organization for Nuclear Research)
10.5281/zenodo.18239952,2025,How and where are you preserving your raw machine observable data for future science?,AuScope,Angus Nixon,Zenodo (CERN European Organization for Nuclear Research)
10.5281/zenodo.18239977,2025,The AuScope Open Science Ar-Ar Data Pipeline: From Instrument to Earthbank,AuScope | AuScope Geochemistry Network,Bryant Ware,Zenodo (CERN European Organization for Nuclear Research)
10.5194/egusphere-egu25-14320,2025,EarthBank by AuScope: Building FAIR research data infrastructure for the global geochemical community,AuScope | AusGeochem | AuScope Geochemistry Network,Angus Nixon; Bryant Ware; Brent McInnes; Fabian Kohlmann; Moritz Theile; Wayne Noble; Yoann Gréau; Hayden Dalton; Halimulati Ananuer; Malcolm McMillan; Ashley Savelkouls,
10.5194/egusphere-egu25-18387,2025,Observing GNSS Satellites with the AuScope VLBI Array: A Testbed for the VLBI Component of the GENESIS Mission,AuScope | AuScope VLBI | Yarragadee VLBI | Katherine VLBI,David Schunck; Lucia McCallum; Jamie McCallum; Tiege McCarthy,
10.5194/egusphere-egu24-2949,2024,High-cadence VLBI in Australia for an improved TRF in the southern hemisphere,AuScope | AuScope VLBI | Yarragadee VLBI | Katherine VLBI,Lucia McCallum,
10.5194/egusphere-egu24-12644,2024,FAIR and open data: state of affairs for seismological networks and infrastructures globally,AuScope,Helle Pedersen; Elizabetta D'Anastasio; Jerry A. Carter; R. E. Casey; Jonathan K. Hanson; Florian Haslinger; Javier Quinteros; Lesley Wyborn,
10.5281/zenodo.10494617,2024,"Supplement to ""Submarine volcanism along shallow ridges did not drive Cryogenian cap carbonate formation"": Boundaries between continental and ocean crust",AuScope,Adriana Dutkiewicz; R. Dietmar Müller,Zenodo (CERN European Organization for Nuclear Research)
10.5281/zenodo.10494618,2024,"Supplement to ""Submarine volcanism along shallow ridges did not drive Cryogenian cap carbonate formation"": Boundaries between continental and ocean crust",AuScope,Adriana Dutkiewicz; R. Dietmar Müller,Zenodo (CERN European Organization for Nuclear Research)
10.26186/148688,2023,Probabilistic inversion of high-frequency magnetotelluric data for cover thickness estimation in the Curnamona-Delamerian region,AuScope,Commonwealth of Australia (Geoscience Australia); Wei Jiang,Open MIND
10.5194/egusphere-egu23-16396,2023,Methodologies and techniques to engage geoscience researchers in the technical design process and product development,AuScope | AuScope Virtual Research Environment | AVRE AuScope | Outreach Engagement AuScope,Pavel Golodoniuc; Vincent Fazio; YunLong Li; Neda Taherifah; Jens Klump; Lesley Wyborn,
10.5194/egusphere-egu23-3006,2023,How AuScope 3D Geomodels Portal integrates relatively metadata poor geological models into its metadata infrastructure,AuScope,Vincent Fazio,
10.5194/egusphere-egu23-4954,2023,From Fieldwork to Publication with AusGeochem: An Open end-to-end Solution for managing FAIR Sample Based Geoscience Data,AuScope | AusGeochem | AuScope Geochemistry Network,Moritz Theile; Wayne Noble; Wayne Noble; Romain Beucher; Alejandra Bedoya-Mejia; Samuel Boone; Fabian Kohlmann,
10.5194/egusphere-egu22-10855,2022,Cross-institutional collaboration through the prism of FOSS and Cloud technologies,AuScope | AuScope Virtual Research Environment | AuScope Geochemistry Network | AVRE AuScope,Pavel Golodoniuc; Vincent Fazio; Samuel Bradley; YunLong Li; Jens Klump,
10.5194/egusphere-egu22-12874,2022,"The AuScope Geochemistry Network: Facilitating Better Organisation, Coordination and Ability to Share Data Produced by Australian Geochemistry Laboratories",AuScope | AusGeochem | AuScope Geochemistry Network,Bryant Ware; Alexander Prent; Samual Boone; Hayden Dalton; Guillaume Florin; Yoann Gréau; Fabian Kohlmann; Moritz Theile; Wayne Noble; Erin Matchan; Barry Kohn; Andrew Gleadow; Brent McInnes,
10.5194/egusphere-egu22-11980,2022,From Field Application to Publication: An end-to-end Solution for FAIR Geoscience Data,AuScope | AusGeochem,Moritz Theile; Wayne Noble; Romain Beucher; Malcolm McMillan; Samuel Boone; Fabian Kohlmann,
10.14509/30882,2022,2022 Geologic repositories rock sample digitization webinar series: Public agencies,AuScope | Hylogger CSIRO | National Virtual Core Library | AuScope Discovery Portal,K.J. Johnson; Georgina Gordon; Carsten Laukamp; Phillip Lypaczewski; Gary A. Thompson; D.R.O. Morrison; Dale Blue; Caroline Mignot,
10.1080/08120099.2016.1234508,2016,A reference library of thermal infrared mineral reflectance spectra for the HyLogger-3 drill core logging system,Hylogger CSIRO,Martin C. Schodlok; A. Green; J.F. Huntington,Australian Journal of Earth Sciences
10.1039/c3ay41436a,2013,HyLogger™ near-infrared spectral analysis: a non-destructive mineral analysis of Aboriginal Australian objects,Hylogger CSIRO,Rachel S. Popelka-Filcoff; Alan J Mauger; Claire E. Lenehan; Keryn Walshe; Allan Pring,Analytical Methods
10.1093/micmic/ozad067.393,2023,"Wide Field of View Versus High Spatial Resolution and High Sensitivity – the Advantage of Correlative Microscopies (APT, SIMS, EBSD, μXRF) for the Analysis of Minerals",Geoscience Atom Probe,Robert M. Ulfig; Steven M. Reddy; David W. Saxey; William D.A. Rickard; Denis Fougerouse; Mark A. Pearce; Louise Fisher; Matt R. Kilburn; Paul Gagliardo; Peter H. Clifton; D. Reinhard; David J. Larson,Microscopy and Microanalysis
10.5194/egusphere-egu22-11558,2022,Nanoscale apatite inclusions in xenotime: witness of Pb mobility,Geoscience Atom Probe,Cilva Joseph,
10.5194/egusphere-egu25-17634,2025,Deep space weather radio observations of JUICE&amp;#160;spacecraft with VLBI radio telescopes,Yarragadee VLBI | Katherine VLBI,Guifre Molera Calvés; O. R. White; Jasper Edwards; Giuseppe Cimò; Dominic Dirkx; Luigi Gisolfi; Vidhya Pallichadath,
10.26186/150190,2025,2024 Katherine Geodetic Observatory: Co-Location Local Tie Survey Technical Report,Katherine VLBI,Commonwealth of Australia (Geoscience Australia); B. Thomas,Open MIND
10.1029/2024gl108433,2024,Ancient Craton‐Wide Mid‐Lithosphere Discontinuity Controlled by Pargasite Channels,AusPass,Z. J. Sudholz; Ping Zhang; C. M. Eakin; Gregory M. Yaxley; A. L. Jaques; C. Frigo; Karol Czarnota,Geophysical Research Letters
10.5194/egusphere-egu26-21714,2026,The Central Macquarie Ridge Complex in 3D from Adjoint Waveform Tomography Using Ambient Seismic Noise,AusPass,Hrvoje Tkalčić; Zhi Wei; Thanh-Son Pham; MRC Team,
10.7914/gbnj-wt07,2026,Rapid Deployments for local earthquake swarms in Western Australia,AusPass,Ruth Murdie; Huaiyu Yuan; John Paul O'Donnell; Reza Ebrahimi; Sahala Siahaan,NSF Seismological Facility for the Advancement of Geoscience (SAGE)
10.7914/10dz-5n91,2026,Rabaul Earthquake Location and Caldera Structure Program,AusPass,Olafur Gudmundsson; R.W. Johnson; Doug M. Finlayson; Y. Nishimura; H. Shimamura; A. Terashima; Ima Ikatari; C. H. Thurber,Open MIND
10.26186/150568,2025,Lithospheric resistivity structures from AusLAMP data in New South Wales and Victoria,AusLAMP,"Commonwealth of Australia (Geoscience Australia); Duan, J.",Geoscience Australia
10.1080/08123985.2023.2281617,2023,AusLAMP shines a light on space weather hazards in the Australian high-voltage power grid,AusLAMP,Liejun Wang; Jingming Duan; Adrian Hitchman; Matthew Gard; R. A. Marshall; Andrew Lewis; William V. Jones,Exploration Geophysics
10.5281/zenodo.5584797,2021,Downhole distributed acoustic sensing provides insights into the structure of short-period ocean-generated seismic wavefield,Australian Seismometers in Schools,Stanislav Glubokovskikh; Roman Pevzner; Evgenii Sidenko; Boris Gurevich; Konstantin Tertyshnikov; С. В. Шаталин; Alexey Slunyaev; Efim Pelinovsky,Zenodo (CERN European Organization for Nuclear Research)
10.59350/jwred-p0t13,2021,Australian Seismometers in Schools - Noise monitoring dashboard,Australian Seismometers in Schools,Louis Moresi; Meghan S. Miller,Front Matter
10.59350/sajpn-r7002,2021,Australian Seismometers in Schools - Noise monitoring dashboard,Australian Seismometers in Schools,Louis Moresi; Meghan S. Miller,Front Matter
10.59350/81njz-h8v76,2020,Australian Seismometers in Schools - Noise monitoring dashboard,Australian Seismometers in Schools,Louis Moresi,Front Matter
10.59350/wftyb-vgs67,2020,Australian Seismometers in Schools - Noise monitoring dashboard,Australian Seismometers in Schools,Louis Moresi,Front Matter
10.1029/2024pa004892,2024,Oceanography of the Eastern Equatorial Pacific Ocean Across the Oligocene‐Miocene Transition,EarthByte,Diederik Liebrand; Bridget S. Wade; Helen M Beddow; David J. King; Alexander D. Harrison; Heather Johnstone; Anna Joy Drury; Heiko Pälike; Appy Sluijs; Lucas Joost Lourens,Paleoceanography and Paleoclimatology
10.17632/48mrvjnfh7.1,2026,Subduction dynamics and seismic mechanisms of the Caroline slab below New Guinea: Insights from 3-D thermal structures and dehydration behaviors,EarthByte,Yingfeng Ji,Open MIND
10.17632/48mrvjnfh7,2026,Subduction dynamics and seismic mechanisms of the Caroline slab below New Guinea: Insights from 3-D thermal structures and dehydration behaviors,EarthByte,Yingfeng Ji,Mendeley Data
10.1098/rspa.2024.0196,2025,Effects of subduction history on true polar wander driven by perturbations of Earth's inertial moment from mantle convection,EarthByte,C. M. Calvelage; Lorenzo Colli; Jonny Wu; Yi-An Lin; Yingcai Zheng; Moloud Rahimzadeh Bajgiran,Proceedings of the Royal Society A Mathematical Physical and Engineering Sciences
10.5194/egusphere-egu25-9058,2025,Deep-Time Digital Twins: Integrating LithoPlates with the EarthBank Platform,EarthByte,Fabian Kohlmann; Wayne Noble; Xiaodong Qin; Jamie Higton; Romain Beucher; Moritz Theile; Brent McInnes; R. Dietmar Müller,
10.5510/ogp20260101150,2026,An integrated overview of Pakistan’s petroleum basins with emphasis on their correlation to adjoining Iranian basins,GPlates,Shaheer Ali; Syed Haroon Ali; Ali Wahid; Noureen Shoukat,Proceedings of OilGasScientificResearchProjects Institute SOCAR
10.1144/jgs2025-144,2025,Giant injectite complex sand body architecture in the Late Jurassic East Greenland rift,GPlates,Steven D. Andrews; Ed Keavney; David M. Hodgson; Jeff Peakall; Ian Kane; Bonita J. Barrett; Ian Sharp; M. Scott,Journal of the Geological Society
10.5281/zenodo.19360646,2026,Aleutian Arc Initiation at 56 Ma: Tectonic and climatic implications,GPlates,Sabin Zahirovic; Kaj Hoernle; Dietmar Müller,Zenodo (CERN European Organization for Nuclear Research)
10.5281/zenodo.19360645,2026,Aleutian Arc Initiation at 56 Ma: Tectonic and climatic implications,GPlates,Sabin Zahirovic; Kaj Hoernle; Dietmar Müller,Zenodo (CERN European Organization for Nuclear Research)
10.5281/zenodo.17642349,2026,alxala123/PaleocoordinatesCalculator: Paleocoordinates Calculator v1.0.1,GPlates,alex_rodriguez,Zenodo (CERN European Organization for Nuclear Research)
10.5281/zenodo.19332776,2026,alxala123/PaleocoordinatesCalculator: Paleocoordinates Calculator v1.0.1,GPlates,alex_rodriguez,Zenodo (CERN European Organization for Nuclear Research)
10.5281/zenodo.19197834,2026,A Modified Global Plate Model Including Quantitative Tomotectonic Plate Reconstruction of Western North America and the Eastern Pacific Basin,GPlates,"Alfonso, Christopher P.; Müller, R. Dietmar; Mather, Ben; Anthony, Michele",Zenodo (CERN European Organization for Nuclear Research)
10.5281/zenodo.19058010,2026,Dual subduction and progressive intracontinental deformation during closure of the Arabia–Eurasia convergence since the Late Triassic,GPlates,Elnaz Heidari; Sabin Zahirovic; Ehsan Farahbakhsh; Brent I. A. McInnes; Fabian Kohlmann; Dietmar Muller,Zenodo (CERN European Organization for Nuclear Research)
10.5281/zenodo.19058011,2026,Dual subduction and progressive intracontinental deformation during closure of the Arabia–Eurasia convergence since the Late Triassic,GPlates,Elnaz Heidari; Sabin Zahirovic; Ehsan Farahbakhsh; Brent I. A. McInnes; Fabian Kohlmann; Dietmar Muller,Zenodo (CERN European Organization for Nuclear Research)
10.5194/egusphere-egu26-11861,2026,Formation of global subduction networks and large-scale convection facilitated by climate-induced weakening of convergent plate boundaries.,GPlates,Michaël Pons; Stephan V. Sobolev; Charitra Jain; Menno Fraters,
10.5194/egusphere-egu26-12622,2026,Testing the link between Panthalassa tectonic evolution and subduction-modified mantle heterogeneity,GPlates,Chia Yu Yeh; Jeremy Tsung-Jui Wu; Eh Tan,
10.5194/egusphere-egu26-1558,2026,Sedimentary source-to-sink and landscape evolution in the northern Barents Sea during the Cenozoic,GPlates,Amando P. E. Lasabuda; Grace E. Shephard; Tristan Salles; Sabin Zahirovic,
10.5281/zenodo.18992413,2026,Pangaea Humanis: The Spatial Morphology of Humanity Under Continental Reassembly,GPlates,Adrian Avramescu,Zenodo (CERN European Organization for Nuclear Research)
10.5281/zenodo.18992412,2026,Pangaea Humanis: The Spatial Morphology of Humanity Under Continental Reassembly,GPlates,Adrian Avramescu,Zenodo (CERN European Organization for Nuclear Research)
10.5194/egusphere-egu26-6876,2026,Timing of rotation and kinematic evolution of the Albano-Hellenides within the Aegean orocline,GPlates,Fabio Feriozzi; Fabio Speranza; Gaia Siravo; Eline Le Breton; Paola Cipollari; Claudio Faccenna; Lilla Spagnuolo,
10.5194/egusphere-egu26-3101,2026,"Integrating Seismic Interpretation of the Orphan Basin, Offshore Newfoundland, with Deformable Plate Tectonic Modelling of the Southern North Atlantic",GPlates,Tyler Nickson; J. Kim Welford,
10.5281/zenodo.18765313,2026,A GPlates tectonic reconstruction of the western North American margin since the Devonian,GPlates,Andres Felipe Rodriguez Corcho; Sabin Zahirovic,Zenodo (CERN European Organization for Nuclear Research)
10.5281/zenodo.18765312,2026,A GPlates tectonic reconstruction of the western North American margin since the Devonian,GPlates,Andres Felipe Rodriguez Corcho; Sabin Zahirovic,Zenodo (CERN European Organization for Nuclear Research)
10.5281/zenodo.18695860,2026,alxala123/PaleocoordinatesCalculator: Paleocoordinates Calculator v1.0.1,GPlates,alex_rodriguez,Zenodo (CERN European Organization for Nuclear Research)
10.1016/j.jafrearsci.2026.106071,2026,Structural evolution and dynamic mechanisms of structural domains in Algeria: Tectonic synthesis,GPlates,Zhe Cao; Haitao Zhao; Xueyan Lü; Shiyang Zhang; Hakim Saibi,Journal of African Earth Sciences
10.5281/zenodo.18528712,2026,"Data S3, S4, S5 for Phanerozoic Continental Magmatism: Linking Spatiotemporal Evolution, Isotopic Composition, and Chemical Weathering",GPlates,Wenrong Cao,Open MIND
10.5281/zenodo.18528713,2026,"Data S3, S4, S5 for Phanerozoic Continental Magmatism: Linking Spatiotemporal Evolution, Isotopic Composition, and Chemical Weathering",GPlates,Wenrong Cao,Zenodo (CERN European Organization for Nuclear Research)
10.6084/m9.figshare.31021144.v1,2026,"Supplementary Information to van Hinsbergen et al., PLoS One (submitted, 2026)",GPlates,D. J. van Hinsbergen,Figshare
10.6084/m9.figshare.31021144.v2,2026,"Supplementary Information to van Hinsbergen et al., PLoS One (submitted, 2026)",GPlates,Douwe van Hinsbergen,Figshare
10.6084/m9.figshare.31021144,2026,"Supplementary Information to van Hinsbergen et al., PLoS One (submitted, 2026)",GPlates,D. J. van Hinsbergen,Figshare
10.6084/m9.figshare.31021144.v3,2026,"Supplementary Information to van Hinsbergen et al., PLoS One (submitted, 2026)",GPlates,"van Hinsbergen, Douwe",Figshare
10.31223/x5n760,2026,"Reconstruction of plate tectonic evolution and orogenesis of the Central Tethysides (Iran, Afghanistan) since the Permian",GPlates,Nalan Lom; D. J. van Hinsbergen,
10.1126/sciadv.ady6244,2025,Predicting the preservation of buried ore deposits using deep-time landscape evolution modeling,Underworld2,Addison Tu; Sabin Zahirovic; Sara Polanco; Samuel Boone; Matt Boyd; Claire Mallard; P. Alonso Restrepo; Youseph Ibrahim; Luke Mahoney; Tristan Salles; Brent McInnes; Ehsan Farahbakhsh; Fabian Kohlmann; Maria Seton; R. Dietmar Müller,Science Advances
10.5194/egusphere-egu24-5872,2024,How ice anisotropy contributes to fold and ice stream in large-scale ice-sheet models,Underworld2,Yu Zhang; Paul D. Bons; Till Sachau; Steven Franke,
10.5281/zenodo.19230231,2026,Oblique Subduction Model Script (Japan Sea Openning Paper) - Underworld2,Underworld2,Peigen Luo; Zhong-Hai Li,Zenodo (CERN European Organization for Nuclear Research)
10.5281/zenodo.19230232,2026,Oblique Subduction Model Script (Japan Sea Openning Paper) - Underworld2,Underworld2,Peigen Luo; Zhong-Hai Li,Zenodo (CERN European Organization for Nuclear Research)
10.1109/bigdia68682.2025.11383232,2025,Mechanism and Numerical Modeling of Extensional Reactivation of Pre-existing Subduction Zones,Underworld2,H. Yang; Xingxing Xu; Tao He; Jianjun Wang; Zhilin Chen; Huishan Zhang,2025 11th International Conference on Big Data and Information Analytics (BigDIA)
10.5194/egusphere-egu24-20850,2024,"The Ross Sea formation: enquiring the sensitivity of basin architecture to prior conditions, with numerical models and a parameter search",Underworld2,Martina Busetti; Alberto Pastorutti; Magdala Tesauro; Carla Braitenberg; Florence Colleoni; Laura De Santis,
10.5194/egusphere-egu24-16119,2024,Constraining subducting slab viscosity with topography and gravity fields in free-surface mantle convection models,Underworld2,Lijun Deng; Ting Yang,
10.5194/egusphere-egu23-13153,2023,Diffuse Cretaceous-Cenozoic rifting in the Southern Ross Sea: the influence of inheritance and kinematics,Underworld2,Alberto Pastorutti; Magdala Tesauro; Carla Braitenberg; Florence Colleoni; Laura De Santis; Martina Busetti,
10.6084/m9.figshare.21302868,2023,Gondwanan Flood Basalts Linked Seismically to Plume-Induced Lithosphere Delamination,Underworld2,Yanan Shi,Figshare
10.5194/egusphere-egu26-17242,2026,Multi-material forward and inverse modelling in G-ADOPT via the conservative level-set approach,G-Adopt geodynamic,Thomas Duvernay; Rhodri Davies; Sia Ghelichkhan; Fanny Garel; W. G. Scott; Stephan Kramer; Dale Roberts; A. H. Gibson,
10.5194/egusphere-egu26-19074,2026,Assimilating Intra-Plate Lava Geochemistry into Adjoint Reconstructions of Earth’s Mantle Evolution,G-Adopt geodynamic,Rhodri Davies; Sia Ghelichkhan,
10.5194/egusphere-egu26-7704,2026,"Firedrake - automated, differentiable building blocks for geoscientific simulation",G-Adopt geodynamic,David A. Ham; Connor Ward; Pablo Brubeck; Joshua Hope-Collins; Leo Collins,
10.5194/egusphere-2025-4168-ac2,2026,Reply on RC2,G-Adopt geodynamic,William Scott,
10.5194/egusphere-2025-4168-ac1,2026,Reply on RC1,G-Adopt geodynamic,William Scott,
10.5194/egusphere-2025-4168-rc2,2025,Comment on egusphere-2025-4168,G-Adopt geodynamic,"Scott, William; Hoggard, Mark; Duvernay, Thomas; Ghelichkhan, Sia; Gibson, Angus; Roberts, Dale; Kramer, Stephan C.; Davies, D. Rhodri",
10.5194/egusphere-2025-4168-rc1,2025,Comment on egusphere-2025-4168,G-Adopt geodynamic,"Scott, William; Hoggard, Mark; Duvernay, Thomas; Ghelichkhan, Sia; Gibson, Angus; Roberts, Dale; Kramer, Stephan C.; Davies, D. Rhodri",
10.5194/egusphere-2023-2683-ac1,2024,Response to all reviewer and community comments,G-Adopt geodynamic,Siavash Ghelichkhan,
10.5194/egusphere-2023-2683-cc1,2024,Comment on egusphere-2023-2683,G-Adopt geodynamic,"Ghelichkhan, Siavash; Gibson, Angus; Davies, D. Rhodri; Kramer, Stephan C.; Ham, David A.",
10.5194/egusphere-2023-2683-ec1,2024,Comment on egusphere-2023-2683,G-Adopt geodynamic,Boris Kaus,
10.5194/egusphere-2023-2683-rc2,2024,Comment on egusphere-2023-2683,G-Adopt geodynamic,"Ghelichkhan, Siavash; Gibson, Angus; Davies, D. Rhodri; Kramer, Stephan C.; Ham, David A.",
10.5194/egusphere-egu25-11467,2025,Advancing FAIR geochemical data: 25 Years of GEOROC database service,AusGeochem,Leander Kallas; Marthe Klöcking; Kirsten Elger; Bärbel Sarbas; Adrian Sturm; Stefan Möller-McNett; Matthias Willbold; Gerhard Wörner,
10.1130/abs/2024am-403814,2024,THE AUSGEOCHEM PLATFORM: CARING FOR AND SHARING GEOCHEMICAL DATA,AusGeochem,Not Provided; Halimulati Ananuer; Bryant Ware; Bryant Ware; Yoann Gréau; Yoann Gréau; Olivier Alard; Olivier Alard; Sally Ann Hodgekiss; Sally Ann Hodgekiss; Samuel Boone; Samuel Boone; Hayden Dalton; Hayden Dalton; Brent McInnes; Brent McInnes; Fabian Kohlmann; Fabian Kohlmann; Moritz Theile; Moritz Theile; Wayne Noble; Wayne Noble; Andrew Gleadow; Andrew Gleadow; Suzanne Y. O’Reilly; Suzanne Y. O’Reilly; Barry P. Kohn; Barry P. Kohn; Angus Nixon; Angus Nixon; Renjie Zhou; Renjie Zhou; Malcolm McMillan; Malcolm McMillan,Abstracts with programs - Geological Society of America
10.46427/gold2024.24077,2024,The AusGeochem Platform: A Tool to Unravel Earth’s Evolution through 4D Geochemistry Through Seamlessly Integrating New Analytical Data with Large Public Datasets,AusGeochem,Bryant Ware; Halimulati Ananuer; Yoann Gréau; Fabian Kohlmann; Brent McInnes; Sally‐Ann Hodgekiss; Hayden Dalton; Samuel Boone; Moritz Theile; Barry P. Kohn; Angus Nixon; Malcolm McMillan; Wayne Noble; Andrew Gleadow,Goldschmidt2024 abstracts
10.5194/egusphere-egu23-9519,2023,LithoPlates - a new deep-time reconstruction community service provided by the AusGeochem data platform,AusGeochem,Fabian Kohlmann; Wayne P. Noble; Xiaodong Qin; Jamie Higton; Romain Beucher; Moritz Theile; R. Dietmar Müller,
10.58024/agmm8c14b9a8,2022,Museums Victoria Petrology,AusGeochem,Oskar Lindenmayer,AGRepository
10.58024/agmm4f8ff9d2,2022,Museums Victoria Mineralogy,AusGeochem,Oskar Lindenmayer,AGRepository
10.25919/5de850a1d2172,2017,3D Mineral mapping of Queensland - Version 2 ASTER and related geoscience products,National Virtual Core Library,Thomas Cudahy; Mal Jones; Vladimir Lisitsin; Mike Caccetta; Simon Collings; Roger Bateman,
10.5194/egusphere-egu22-10796,2022,UAV Data Analysis in the Cloud - A Case Study,Australian Scalable Drone Cloud,Ulrich Kelka; Chris Peters; Owen Kaluza; Jens Klump; Steven Micklethwaite; Nathan Reid,
10.1007/s00410-026-02318-9,2026,Geometry controls on the structure and geochemistry of olivine low-angle grain boundaries,Geoscience Atom Probe,Dimitrios Dimitriou; Steven M. Reddy; Denis Fougerouse; David W. Saxey; K. A. Evans; Tommaso Tacchetto; Katharina Marquardt,Contributions to Mineralogy and Petrology
10.3847/1538-4357/ae34af,2026,Ring Asymmetry and Spin in M87*,Katherine VLBI,Vadim Y. Bernshteyn; Nicholas S. Conroy; Michi Bauböck; Paul Tiede; Abhishek V. Joshi; Ben S. Prather; Charles F. Gammie; Kazunori Akiyama; Ezequiel Albentosa-Ruíz; Antxon Alberdi; Walter Alef; Juan Carlos Algaba; Richard Anantua; Keiichi Asada; Rebecca Azulay; Anne-Kathrin Baczko; David Ball; Bidisha Bandyopadhyay; John Barrett; B. A. Benson; Dan Bintley; Lindy Blackburn; R. Blundell; Katherine L. Bouman; Geoffrey C. Bower; Michael Bremer; Roger Brissenden; S. Britzen; Avery E. Broderick; Dominique Broguière; Thomas Bronzwaer; Sandra Bustamante; Douglas F. Carlos; J. E. Carlstrom; Andrew Chael; Chi-kwan Chan; Dominic O. Chang; Koushik Chatterjee; Ming-Tang Chen; Yongjun 永军 Chen 陈; Xiaopeng Cheng; P. M. Chichura; I.-S. Cho; John E. Conway; T. M. Crawford; Geoffrey B. Crew; Alejandro Cruz-Osorio; Yuzhu 玉竹 Cui 崔; Brandon Curd; Rohan Dahale; Jordy Davelaar; M. De Laurentis; Roger Deane; J. Dexter; Vedant Dhruv; Indu K. Dihingia; Sheperd S. Doeleman; Sergio A. Dzib; Razieh Emami; H. Falcke; Joseph Farah; Vincent L. Fish; Edward Fomalont; H. Alyson Ford; Marianna Foschi; Raquel Fraga-Encinas; William T. Freeman; Per Friberg; C. M. Fromm; Antonio Fuentes; Peter Galison; Roberto García; Olivier Gentaz; Boris Georgiev; C. Goddi; Roman Gold; Arturo I. Gómez-Ruiz; José L. Gómez; Minfeng 敏峰 Gu 顾; Mark Gurwell; Kazuhiro Hada; Daryl Haggard; Ronald Hesper; Dirk Heumann; Luis C. 子山 Ho 何; Ptp Ho; Mareki Honma; Chih-Wei L. Huang; Lei 磊 Huang 黄; David H. Hughes; Shiro Ikeda; C. M. Violette Impellizzeri; Makoto Inoue; Sara Issaoun; David J. James; Buell T. Jannuzi; Michael Janssen; Britton Jeter; Wu 悟 Jiang 江; Alejandra Jiménez-Rosales,The Astrophysical Journal
10.1016/j.asr.2021.02.023,2021,Polarimetric calibration of spaceborne and airborne multifrequency SAR data for scattering-based characterization of manmade and natural features,Australian Geophysical Observing System,Shashi Kumar; Arun Babu; Shefali Agrawal; Udit Asopa; Shashwat Shukla; Abhisek Maiti,Advances in Space Research
10.1126/sciadv.aeb2942,2026,"Linking carbonatites, rare earth ores, and subduction-fertilized mantle lithosphere.",GPlates,Carl Spandler; Andrew S. Merdith; Amber Griffin,Science Advances
10.21203/rs.3.rs-6356359/v1,2026,Tectonic switching in ductile shear zones can explain hydrothermal ore deposits,Underworld2,Melanie Finch; Ben Knight; A. G. Tomkins; Enrique Gomez-Rivas; Paul D. Bons; B Ribeiro; Alanis Olesch-Byrne,Research Square
10.1038/s41467-026-69987-9,2026,Dual slab stagnation depths controlled by grain-size-induced sporadic low-viscosity zones at around 1000 km depth.,Underworld2,Jing Li; Keqing Li; Jiangtao Li; Hongzhan Fei; Jiashun Hu,Nature Communications
10.1130/g54232.1,2026,From wide rifts to orogens: A new perspective for Proterozoic tectonics,AuScope,Youseph Ibrahim; Patrice Rey,Geology
10.1109/mgrs.2019.2899193,2019,Spectral Absorption Feature Analysis for Finding Ore: A Tutorial on Using the Method in Geological Remote Sensing,Hylogger CSIRO,C.A. Hecker; F.J.A. van Ruitenbeek; H.M.A. van der Werff; W.H. Bakker; R.D. Hewson; F.D. van der Meer,IEEE Geoscience and Remote Sensing Magazine
10.58024/agcuc86cdd4e,2026,Mica 40Ar/39Ar geochronology: Implications for LCT-pegmatite chronology,National Argon Map,Dr Bryant Ware (0000-0002-3907-4344),AGRepository
10.7717/peerj.21007,2026,Obligate faunivorous megatheropod size class patterns across the Jurassic-Cretaceous Periods.,GPlates,Colin Boisvert; Jack Perkins; Cassius Morrison; Samuel J. L. Gascoigne; Thomas R. Holtz; Brian Curtice,PeerJ
10.5281/zenodo.19439832,2026,Mesozoic microplates of East Asia: A new reconstruction,GPlates,"Heda Wang; Sanzhong Li; Xianzhi Cao; Yanhui Suo; Zaizheng Zhou; Qiuling Liu; Dingshan Deng; Zhou, Jianping; Liangliang Wang; JinPing Liu",Zenodo (CERN European Organization for Nuclear Research)
10.5281/zenodo.19439833,2026,Mesozoic microplates of East Asia: A new reconstruction,GPlates,"Heda Wang; Sanzhong Li; Xianzhi Cao; Yanhui Suo; Zaizheng Zhou; Qiuling Liu; Dingshan Deng; Zhou, Jianping; Liangliang Wang; JinPing Liu",Zenodo (CERN European Organization for Nuclear Research)
10.59350/5fe9q-8ps48,2026,Constitutive Models in Symbolic Form,Underworld2,Louis Moresi,
10.59350/sp4ps-d5f02,2026,Constitutive Models in Symbolic Form,Underworld2,Louis Moresi,
10.59350/6mxqs-3p708,2026,Mesh Variables and PETSc Vectors: Keeping Arrays in Sync,Underworld2,Louis Moresi,
10.59350/904nm-2x923,2026,Mesh Variables and PETSc Vectors: Keeping Arrays in Sync,Underworld2,Louis Moresi,
10.59350/c32d9-qrd18,2026,Our Journey from Underworld2 to Underworld3,Underworld2,Louis Moresi; John Mansour; Julian Giordani; Romain Beucher,
10.59350/brqdq-9yq62,2026,Our Journey from Underworld2 to Underworld3,Underworld2,Louis Moresi; John Mansour; Julian Giordani; Romain Beucher,
10.25919/kv9s-jm97,2026,A Standard Metadata Template for Representing Mineral Spectral Reference Samples,National Virtual Core Library,Anusuriya Devaraju; Carsten Laukamp; Tina Shelton; Anusree Ramachandran Menon,CSIRO
10.25919/85p9-7j30,2026,A Standard Metadata Template for Representing Mineral Spectral Reference Samples,National Virtual Core Library,Anusuriya Devaraju; Carsten Laukamp; Tina Shelton; Anusree Ramachandran Menon,CSIRO
10.1111/ggr.70049,2026,"Development of CCMb : A Low‐Mg Calcite Reference Material for In Situ Measurement of δ 18 O , δ 13 C and Selected Trace Elements",Manual submission,Andreas T. Hertwig; Maciej G. Śliwiński; Irene Cantarero; Richard A. Stern; Carles Fàbrega; Jakub T. Śliwiński; Thomas Ludwig; František Majs; William Nachlas; John H. Fournelle; Xavier Llovet; Rachelle B. Turnier; David Parcerisa; Anna Travé,Geostandards and Geoanalytical Research
10.21203/rs.3.rs-9282628/v1,2026,The geological history of plant mass extinction and terrestrial ecosystem collapse,GPlates,Jennifer McElwain; William Matthaeus; Mónica Carvalho; Surangi Punyasena; Antonietta Knetge; David Keith; Chris Mays,Research Square
10.1093/gji/ggag157,2026,Palaeomagnetism of the British Palaeogene Igneous Province: palaeodirections and palaeointensity inversion from the Skye dyke swarm,GPlates,M J Murray; A J Biggin; G A Paterson; A W Tully; S Urbani; B Cych,Geophysical Journal International
10.21203/rs.3.rs-9344015/v1,2026,Tracing ancient migration routes: Did Gloydius pit vipers disperse across Paleo-Tibet through temperate and subtropical corridors?,GPlates,Sylvia Hofmann; Elán Pérez García; Morris Flecks; Daniel Jablonski; Chitra B. Baniya; Dennis Rödder; Joachim Schmidt,Research Square
10.5281/zenodo.19688884,2026,G-ADOPT,GPlates,Angus Gibson; Rhodri Davies; Stephan Kramer; Sia Ghelichkhan; Ruby Turner; Thomas Duvernay; Will Scott,Zenodo (CERN European Organization for Nuclear Research)
10.25422/azu.data.31909753,2026,Asymmetric seafloor spreading formed Shatsky-Ojin-Hess conjugate (SOHCO) oceanic plateaux that subducted under North America,GPlates,Jonny Wu; Edward Clennett,ReDATA
10.25422/azu.data.31909753.v1,2026,Asymmetric seafloor spreading formed Shatsky-Ojin-Hess conjugate (SOHCO) oceanic plateaux that subducted under North America,GPlates,Jonny Wu; Edward Clennett,Open MIND
10.5061/dryad.wpzgmsbwx,2026,Aleutian Arc initiation at 56 Ma: Ar/Ar whole rock and mineral and U/Pb zircon age data and whole rock major and trace element and Sr-Nd-Pb isotope data,GPlates,Kaj Hoernle; Brian Jicha; Folkmar Hauff; Marcel Guillong,DRYAD
10.1002/9781119163091.ch17,2021,Providing Model Results to Diverse User Communities,Manual submission,Peter Wycisk; Lars Schimpf,Applied Multidimensional Geological Modeling
10.1002/9781119526919.ch3,2023,"Seismological Studies of Deep Earth Structure Using Seismic Arrays in East, South, and Southeast Asia, and Oceania",Manual submission,Satoru Tanaka; Toshiki Ohtaki,Geophysical Monograph Series
10.1002/9781119636489.ch40,2021,Hyperspectral Proximal Sensing Instruments and Their Applications for Exploration Through Cover,Manual submission,Carsten Laukamp; Monica LeGras; Ian Christopher Lau,Portable Spectroscopy and Spectrometry
10.1002/adfm.201906157,2020,A Universal Seeding Strategy to Synthesize Single Atom Catalysts on 2D Materials for Electrocatalytic Applications,Manual submission,Shiyong Zhao; Guangxu Chen; Guangmin Zhou; Li‐Chang Yin; Jean‐Pierre Veder; Bernt Johannessen; Martin Saunders; Shi‐Ze Yang; Roland De Marco; Chang Liu; San Ping Jiang,Advanced Functional Materials
10.1002/aenm.202002992,2020,A Function‐Separated Design of Electrode for Realizing High‐Performance Hybrid Zinc Battery,Manual submission,Yijun Zhong; Xiaomin Xu; Pengyun Liu; Ran Ran; San Ping Jiang; Hongwei Wu; Zongping Shao,Advanced Energy Materials
10.1002/eem2.12134,2021,An Efficient Bio‐inspired Oxygen Reduction Reaction Catalyst: MnOx Nanosheets Incorporated Iron Phthalocyanine Functionalized Graphene,Manual submission,Xing Wu; Yi Cheng; Jean‐Pierre Veder; San Ping Jiang,ENERGY &amp; ENVIRONMENTAL MATERIALS
10.1002/essoar.10512673.1,2022,The Late Miocene Biogenic Bloom : A globally distributed but not an ubiquitous event,Manual submission,Quentin PILLOT; Baptiste Suchéras-Marx; Anta-Clarisse Sarr; Clara T Bolton; Yannick Donnadieu,
10.1002/gea.21810,2020,Cinnabar provenance of Chalcolithic red pigments in the Iberian Peninsula: A lead isotope study,Manual submission,Javier Rodríguez; Ignacio Montero‐Ruiz; Mark Hunt‐Ortiz; Evangelina García‐Pavón,Geoarchaeology
10.1002/gj.3505,2020,"Genesis of the Huangshaping W–Mo–Cu–Pb–Zn deposit, South China: Role of magmatic water, metasomatized fluids, and basinal brines during intra‐continental extension",Manual submission,Huan Li; Ladislav A. Palinkaš; Noreen J. Evans; Koichiro Watanabe,Geological Journal
10.1002/gj.3601,2020,"New evidence from the Wuliji'Oboo fluorite deposit for the role of the paleo‐Pacific Plate and Mongol–Okhotsk suture in creating extensive fluorite mineralization in the Great Xing'an Range, NE China",Manual submission,Hao Zou; Franco Pirajno; Qiang Zhang; Svetlana Tessalina; Bryant Ware; Xin‐yu Li; Hang Liu; Yang Li; Xiu‐wei Jiang; Shao‐yi Wei,Geological Journal
10.1002/gj.3701,2020,"Mesozoic–Cenozoic thermal evolution of the Linqing Sub‐basin, Bohai Bay Basin (eastern North China Craton): Constraints from vitrinite reflectance data and apatite fission track thermochronology",Manual submission,Wei Xu; Nansheng Qiu; Jian Chang; Yongshui Zhou; Yao Xiao; Shuai Liu,Geological Journal
10.1002/gj.3733,2020,"Neoarchean arc‐back arc subduction system in the Indian Peninsula: Evidence from mafic magmatism in the Shimoga greenstone belt, western Dharwar Craton",Manual submission,Mutum Rajanikanta Singh; Athokpam Krishnakanta Singh; M. Santosh; Muddarmaiah Lingadevaru; Nongmaithem Lakhan,Geological Journal
10.1002/gj.3830,2021,Oligocene vegetation of Europe and western Asia—Diversity change and continental patterns reflected by plant functional types,Manual submission,Torsten Utescher; Boglárka Erdei; Louis François; Alexandra‐Jane Henrot; Volker Mosbrugger; Svetlana Popova,Geological Journal
10.1002/gj.4126,2021,Petrogenesis of highly fractionated leucogranite in the Himalayas: The Early Miocene Cuonadong example,Manual submission,Xi Chen; Gangyang Zhang; Rui Gao; Dingchuan Zhang; Bin Yang,Geological Journal
10.1002/gj.4129,2021,"Two‐stage magmatism and mineralization of Tulaergen nickel‐copper deposit in eastern Tianshan, North‐west China: Evidence from bulk rock geochemistry and in situ mineral chemistry",Manual submission,Lin‐Ru Fang; Dong‐Mei Tang; Malte Junge; Ke‐Zhang Qin; Ya‐Jing Mao; Noreen J. Evans; Cora C. Wohlgemuth‐Ueberwasser; Yan‐Jie Niu,Geological Journal
10.1002/gj.4271,2021,"Petrogenesis and tectonic implications of two‐stage Cretaceous bimodal volcanism in the coast of Zhejiang Province, South‐east China",Manual submission,Minggang Yu; Qian Wang; Wentao Hong; Xilin Zhao; Pingli Chu,Geological Journal
10.1002/jqs.3265,2021,"A history of violence: magma incubation, timing and tephra distribution of the Los Chocoyos supereruption (Atitlán Caldera, Guatemala)",Manual submission,Alejandro Cisneros de León; Julie C. Schindlbeck‐Belo; Steffen Kutterolf; Martin Danišík; Axel K. Schmitt; Armin Freundt; Wendy Pérez; Janet C. Harvey; Kuo‐Lung Wang; Hao‐Yang Lee,Journal of Quaternary Science
10.1002/nag.3067,2020,A novel random discrete element analysis of rock fragmentation,Manual submission,Tao Zhao; Yong Liu,International Journal for Numerical and Analytical Methods in Geomechanics
10.1002/smll.201906867,2020,Identifying the Intrinsic Relationship between the Restructured Oxide Layer and Oxygen Evolution Reaction Performance on the Cobalt Pnictide Catalyst,Manual submission,Yanhong Lyu; Jianyun Zheng; Zhaohui Xiao; Shiyong Zhao; San Ping Jiang; Shuangyin Wang,Small
10.1002/spp2.1277,2021,"Systematics, preservation and biogeography of radiodonts from the southern Great Basin, USA, during the upper Dyeran (Cambrian Series 2, Stage 4)",Manual submission,Stephen Pates; Allison C. Daley; Gregory D. Edgecombe; Peiyun Cong; Bruce S. Lieberman,Papers in Palaeontology
10.1002/spp2.1334,2021,Appearances can be deceptive: bizarre shell microanatomy and histology in a new Triassic turtle (Testudinata) from Argentina at the dawn of turtles,Manual submission,Juliana Sterli; Ricardo N. Martínez; Ignacio A. Cerda; Cecilia Apaldetti,Papers in Palaeontology
10.1007/978-3-030-18907-5_6,2020,The Geological History: A Unique Event,Manual submission,Francisco J. Tapiador,World Regional Geography Book Series
10.1007/978-3-030-35525-8_10,2020,Coupled Fracture Modelling with Distinct Element Methods,Manual submission,Jeoung Seok Yoon; Jim Hazzard,Modelling Rock Fracturing Processes
10.1007/978-3-030-73319-3_9,2022,Frontier Exploration,Manual submission,Andreas Laake,Springer Remote Sensing/Photogrammetry
10.1007/978-3-030-78013-5_9,2021,From Hadean to Anthropocene—The Endless Story of a Lucky Planet,Manual submission,Angelo Peccerillo,"Air, Water, Earth, Fire"
10.1007/s00126-020-00965-x,2020,Colloidal gold transport: a key to high-grade gold mineralization?,Manual submission,Laura Petrella; Nicolas Thébaud; Denis Fougerouse; Katy Evans; Zakaria Quadir; Crystal Laflamme,Mineralium Deposita
10.1007/s00126-020-00986-6,2021,"Surge of ore metals in seawater and increased bio-activity: a tracer of VHMS mineralization in Archaean successions, Yilgarn Craton, Western Australia",Manual submission,Vitor R. Barrote; Svetlana G. Tessalina; Neal J. McNaughton; Noreen J. Evans; Steven P. Hollis; Bradley J. McDonald,Mineralium Deposita
10.1007/s00126-020-01021-4,2021,"Titanite in situ SIMS U–Pb geochronology, elemental and Nd isotopic signatures record mineralization and fluid characteristics at the Pusangguo skarn deposit, Tibet",Manual submission,MingJian Cao; KeZhang Qin; Noreen J. Evans; GuangMing Li; XiaoXiao Ling; Brent I. A. McInnes; JunXing Zhao,Mineralium Deposita
10.1007/s00126-020-01034-z,2021,"The Santa Lúcia Cu-Au deposit, Carajás Mineral Province, Brazil: a Neoarchean (2.68 Ga) member of the granite-related copper-gold systems of Carajás",Manual submission,Raphael B. Hunger; Gustavo H. C. de Melo; Roberto P. Xavier; Carolina P. N. Moreto; Cristina Talavera; Zhi-Kun Su; Xin-Fu Zhao,Mineralium Deposita
10.1007/s00126-021-01047-2,2022,"Grandite-based resource characterization of the skarn-hosted Cu-Zn-Mo deposit of Antamina, Peru",Manual submission,Carsten Laukamp; Monica LeGras; Victor Montenegro; Steve Windle; Angus McFarlane,Mineralium Deposita
10.1007/s00190-021-01565-x,2021,Comparison of common VLBI and GNSS estimates in CONT17 campaign,Manual submission,Víctor Puente; Esther Azcue; Yaiza Gomez-Espada; Susana Garcia-Espada,Journal of Geodesy
10.1007/s00367-021-00690-y,2021,Crustal variability along the rifted/sheared East African margin: a review,Manual submission,Maren Vormann; Wilfried Jokat,Geo-Marine Letters
10.1007/s00410-020-01706-z,2020,"The timing and duration of high-temperature to ultrahigh-temperature metamorphism constrained by zircon U–Pb–Hf and trace element signatures in the Khondalite Belt, North China Craton",Manual submission,Shujuan Jiao; Jinghui Guo; Noreen J. Evans; Brad J. Mcdonald; Peng Liu; Dongjian Ouyang; Ian C. W. Fitzsimons,Contributions to Mineralogy and Petrology
10.1007/s00410-020-01721-0,2020,"The petrogenesis of back-arc magmas, constrained by zircon O and Hf isotopes, in the Frontal Cordillera and Precordillera, Argentina",Manual submission,Gregory H. Poole; Anthony I. S. Kemp; Steffen G. Hagemann; Marco L. Fiorentini; Heejin Jeon; Ian S. Williams; Eduardo O. Zappettini; Nora A. Rubinstein,Contributions to Mineralogy and Petrology
10.1007/s00410-020-01743-8,2020,Diamond-forming HDFs tracking episodic mantle metasomatism beneath Nyurbinskaya kimberlite pipe (Siberian craton),Manual submission,Dmitry A. Zedgenizov; Sergei Yu. Skuzovatov; William L. Griffin; Bogdan S. Pomazansky; Alexey L. Ragozin; Viktoria V. Kalinina,Contributions to Mineralogy and Petrology
10.1007/s00410-020-01752-7,2020,"Reassessing zircon-monazite thermometry with thermodynamic modelling: insights from the Georgetown igneous complex, NE Australia",Manual submission,S. Volante; W. J. Collins; E. Blereau; A. Pourteau; C. Spencer; N. J. Evans; V. Barrote; A. R. Nordsvan; Z.-X. Li; J. Li,Contributions to Mineralogy and Petrology
10.1007/s00410-021-01808-2,2021,Heavy rare-earth element and Y partitioning between monazite and garnet in aluminous granulites,Manual submission,Shujuan Jiao; Noreen J. Evans; Ross N. Mitchell; Ian C. W. Fitzsimons; Jinghui Guo,Contributions to Mineralogy and Petrology
10.1007/s00410-021-01841-1,2021,Fast grain-boundary ionic conduction in multiphase aggregates as revealed by electrical conductivity measurements,Manual submission,Kui Han; Xinzhuan Guo; Junfeng Zhang; Xuben Wang; Simon M. Clark,Contributions to Mineralogy and Petrology
10.1007/s00410-021-01878-2,2022,"The long-lived fertility signature of Cu–Au porphyry systems: insights from apatite and zircon at Tampakan, Philippines",Manual submission,L. A. Parra-Avila; J. Hammerli; A. I. S. Kemp; B. Rohrlach; R. Loucks; Y. Lu; I. S. Williams; L. Martin; M. P. Roberts; M. L. Fiorentini,Contributions to Mineralogy and Petrology
10.1007/s00531-021-02019-7,2021,The birth of the Alps: Ediacaran to Paleozoic accretionary processes and crustal growth along the northern Gondwana margin,Manual submission,S. Siegesmund; S. Oriolo; B. Schulz; T. Heinrichs; M. A. S. Basei; B. Lammerer,International Journal of Earth Sciences
10.1007/s00603-020-02116-0,2020,Discrete Element Analyses of a Realistic-shaped Rock Block Impacting Against a Soil Buffering Layer,Manual submission,Weigang Shen; Tao Zhao; Feng Dai; Giovanni B. Crosta; Houzhen Wei,Rock Mechanics and Rock Engineering
10.1007/s10040-019-02093-x,2020,"Hydrogeological implications of fault behaviour from in situ pressure measurements of the Horrane Fault in the Surat Basin (Great Artesian Basin, Australia)",Manual submission,Robin Viljoen; Brad Pinder; Saswata Mukherjee; St John Herbert,Hydrogeology Journal
10.1007/s10291-020-00983-2,2020,SIMuRG: System for Ionosphere Monitoring and Research from GNSS,Manual submission,Yury V. Yasyukevich; Alexander V. Kiselev; Ilya V. Zhivetiev; Ilya K. Edemskiy; Semen V. Syrovatskii; Boris M. Maletckii; Artem M. Vesnin,GPS Solutions
10.1007/s10347-021-00637-w,2021,40Ar/39Ar dating and palaeoenvironments at the boundary of the early-late Badenian (Langhian-Serravallian) in the northwest margin of the Pannonian basin system,Manual submission,Katarína Šarinová; Natália Hudáčková; Samuel Rybár; Michal Jamrich; Fred Jourdan; Adam Frew; Celia Mayers; Andrej Ruman; Viktóra Subová; Ľubomír Sliva,Facies
10.1007/s10706-020-01325-2,2020,Study on a Coupled Thermal–Hydraulic–Mechanical Model for Water Inrush from Collapse Column,Manual submission,Jiyuan Zhao; Weitao Liu; Qiushuang Zheng; Xi Sun,Geotechnical and Geological Engineering
10.1007/s10914-021-09548-7,2021,"Amazonia as the Origin and Diversification Area of Didelphidae (Mammalia: Metatheria), and a Review of the Fossil Record of the Clade",Manual submission,Mariela C. Castro; Murilo J. Dahur; Gabriel S. Ferreira,Journal of Mammalian Evolution
10.1007/s11053-020-09686-4,2020,"Geochemistry of Famennian to Visean Metapelites from the Iberian Pyrite Belt: Implications for Provenance, Paleo-Redox Conditions and Vectoring to Massive Sulfide Deposits",Manual submission,Filipa Luz; António Mateus; Carlos Rosa; Jorge Figueiras,Natural Resources Research
10.1007/s11053-020-09721-4,2021,A Historical Overview of the Past Three Decades of Mineral Exploration Technology,Manual submission,Kazuya Okada,Natural Resources Research
10.1007/s11430-020-9634-2,2020,Porphyry Cu deposits linked to episodic growth of an underlying parental magma chamber,Manual submission,Yuanchuan Zheng; Lu Wang; Chuandong Xue; Bo Xu; Abdul Ghaffar; Zhusen Yang; Yongjun Lu; Limin Zhou; William L. Griffin; Zengqian Hou,Science China Earth Sciences
10.1007/s11430-021-9909-9,2022,Carboniferous and Permian integrative stratigraphy and timescale of North China Block,Manual submission,Boheng Shen; Shuzhong Shen; Qiong Wu; Shuichang Zhang; Bin Zhang; Xiangdong Wang; Zhangshuai Hou; Dongxun Yuan; Yichun Zhang; Feng Liu; Jun Liu; Hua Zhang; Yukun Shi; Jun Wang; Zhuo Feng,Science China Earth Sciences
10.1007/s11430-021-9932-2,2022,The Paleogene to Neogene climate evolution and driving factors on the Qinghai-Tibetan Plateau,Manual submission,Jiagang Zhao; Shufeng Li; Alexander Farnsworth; Paul J. Valdes; Tammo Reichgelt; Linlin Chen; Zhekun Zhou; Tao Su,Science China Earth Sciences
10.1007/s11440-019-00904-9,2020,Compaction bands in Tuffeau de Maastricht: insights from X-ray tomography and multiscale modeling,Manual submission,Huanran Wu; Athanasios Papazoglou; Gioacchino Viggiani; Christophe Dano; Jidong Zhao,Acta Geotechnica
10.1007/s12583-023-1883-6,2023,How to Effectively Prevent and Mitigate Geomagnetic Hazard?,Manual submission,Xiangyun Hu; Bo Han; Tao Yu,Journal of Earth Science
10.1007/s12594-021-1854-4,2021,MT/LMT Studies for Crust and Upper Mantle Structure of India and Its Adjoining Regions: Contribution of CSIR-NGRI,Manual submission,Prasanta K. Patro; P. V. Vijaya Kumar; S. V. S. Sarma,Journal of the Geological Society of India
10.1007/s13202-020-00937-x,2020,Acidizing of conventional and tight sandstone formation using chelating agents: mineralogical prospect,Manual submission,Mian Umer Shafiq; Hisham Ben Mahmud; Sophia Nawaz Gishkori; Kiat Moon Lee; Reza Rezaee,Journal of Petroleum Exploration and Production Technology
10.1007/s42461-021-00404-z,2021,Extending geometallurgy to the mine scale with hyperspectral imaging: a pilot study using drone- and ground-based scanning,Manual submission,Isabel F. Barton; Matthew J. Gabriel; John Lyons-Baral; Mark D. Barton; Leon Duplessis; Carson Roberts,"Mining, Metallurgy &amp; Exploration"
10.1016/b978-0-12-818533-9.00020-5,2021,Precambrian supercontinents and supercycles—an overview,Manual submission,Lauri J. Pesonen; David A.D. Evans; Toni Veikkolainen; Johanna Salminen; Sten-Åke Elming,Ancient Supercontinents and the Paleogeography of Earth
10.1016/j.apgeochem.2021.104956,2021,A Hylogger-Itrax core-scanner comparison for multi-scale high-resolution petrophysical characterisation workflow,Manual submission,Amalia Yunita Halim; Sarah Jane Kelloway; Christopher Marjo; Klaus Regenauer-Lieb,Applied Geochemistry
10.1016/j.asr.2021.01.027,2021,A priori zenith wet delays in the analysis of VLBI CONT sessions,Manual submission,Víctor Puente,Advances in Space Research
10.1016/j.asr.2021.04.048,2021,Considerations of VLBI transmitters on Galileo satellites,Manual submission,Ahmad Jaradat; Frederic Jaron; Jakob Gruber; Axel Nothnagel,Advances in Space Research
10.1016/j.asr.2023.07.020,2024,Performance of the IVS R1 and R4 sessions,Manual submission,Cynthia C. Thomas; Daniel S. MacMillan; Karine Le Bail,Advances in Space Research
10.1016/j.cageo.2020.104508,2020,A tracer-based algorithm for automatic generation of seafloor age grids from plate tectonic reconstructions,Manual submission,Krister S. Karlsen; Mathew Domeier; Carmen Gaina; Clinton P. Conrad,Computers &amp; Geosciences
10.1016/j.cageo.2021.104938,2021,Boosting memory access locality of the Spectral Element Method with Hilbert space-filling curves,Manual submission,Roger R.F. Araújo; Lutz Gross; Samuel Xavier-de-Souza,Computers &amp; Geosciences
10.1016/j.cattod.2019.07.057,2020,A novel UiO-66 encapsulated 12-silicotungstic acid catalyst for dimethyl ether synthesis from syngas,Manual submission,Fuping Li; Min Ao; Gia Hung Pham; Yun Jin; Minh Hoang Nguyen; Nabil Majd Alawi; Moses O. Tade; Shaomin Liu,Catalysis Today
10.1016/j.chemer.2020.125634,2020,Adakitic signal linked to Gondwanan porphyry type deposits from the Andean Frontal Cordillera of Argentina,Manual submission,María Gabriela Torres; Nora Rubinstein; Gregory Poole; Steffen Hagemann,Geochemistry
10.1016/j.chemgeo.2020.119473,2020,"Re-Os geochronology and isotope systematics, and organic and sulfur geochemistry of the middle–late Paleocene Waipawa Formation, New Zealand: Insights into early Paleogene seawater Os isotope composition",Manual submission,Enock K. Rotich; Monica R. Handler; Sebastian Naeher; David Selby; Christopher J. Hollis; Richard Sykes,Chemical Geology
10.1016/j.chemgeo.2020.119599,2020,"Insights into the petrogenesis of an intraplate volcanic province: Sr-Nd-Pb-Hf isotope geochemistry of the Bathymetrists Seamount Province, eastern equatorial Atlantic",Manual submission,Xiaojun Long; Froukje M. van der Zwan; Jörg Geldmacher; Kaj Hoernle; Folkmar Hauff; C.-Dieter Garbe-Schönberg; Nico Augustin,Chemical Geology
10.1016/j.chemgeo.2020.119791,2020,"The zirconium stable isotope compositions of 22 geological reference materials, 4 zircons and 3 standard solutions",Manual submission,Shengyu Tian; Edward C. Inglis; John B. Creech; Wen Zhang; Zaicong Wang; Zhaochu Hu; Yongsheng Liu; Frédéric Moynier,Chemical Geology
10.1016/j.chemgeo.2021.120104,2021,Apatite geochemical and Sr Nd isotopic insights into granitoid petrogenesis,Manual submission,Jin-Feng Sun; Jin-Hui Yang; Ji-Heng Zhang; Yue-Heng Yang; Yu-Sheng Zhu,Chemical Geology
10.1016/j.chemgeo.2021.120180,2021,The corundum conundrum: Constraining the compositions of fluids involved in ruby formation in metamorphic melanges of ultramafic and aluminous rocks,Manual submission,Vincent van Hinsberg; Chris Yakymchuk; Angunguak Thomas Kleist Jepsen; Christopher L. Kirkland; Kristoffer Szilas,Chemical Geology
10.1016/j.chemgeo.2021.120201,2021,Pelagic clays as archives of marine iron isotope chemistry,Manual submission,Ann G. Dunlea; Logan A. Tegler; Bernhard Peucker-Ehrenbrink; Ariel D. Anbar; Stephen J. Romaniello; Tristan J. Horner,Chemical Geology
10.1016/j.chemgeo.2021.120243,2021,Effect of water on δ18O in zircon,Manual submission,Janne Liebmann; Christopher J. Spencer; Christopher L. Kirkland; Xiao-Ping Xia; Julien Bourdet,Chemical Geology
10.1016/j.chemgeo.2021.120408,2021,Considerations for double-dating zircon in secular disequilibrium with protracted crystallisation histories,Manual submission,Ruby C. Marsden; Martin Danišík; Hisatoshi Ito; Christopher L. Kirkland; Noreen J. Evans; Daisuke Miura; Bjarne Friedrichs; Axel K. Schmitt; Shimpei Uesawa; Matthew L. Daggitt,Chemical Geology
10.1016/j.chemgeo.2021.120524,2021,Apatite and biotite thermochronometers help explain an Arctic Caledonide inverted metamorphic gradient,Manual submission,C.L. Kirkland; T. Slagstad; C. Yakymchuk; M. Danišík; K. Rankenburg; C. Kinney; H.K.H. Olierook; N.J. Evans,Chemical Geology
10.1016/j.chemgeo.2021.120642,2022,Direct dating Paleo-fluid flow events in sedimentary basins,Manual submission,Peng Yang; Keyu Liu; Zhen Li; Kai Rankenburg; Brent I.A. McInnes; Jianliang Liu; Noreen J. Evans,Chemical Geology
10.1016/j.chemgeo.2022.120815,2022,Revised astronomically calibrated 40Ar/39Ar ages for the Fish Canyon Tuff sanidine – Closing the interlaboratory gap,Manual submission,D. Phillips; E.L. Matchan; H. Dalton; K.F. Kuiper,Chemical Geology
10.1016/j.chemgeo.2022.120924,2022,Apatite halogens and Sr-O and zircon Hf-O isotopes: Recycled volatiles in Jurassic porphyry ore systems in southern Tibet,Manual submission,Bo Xu; Zeng-Qian Hou; William L. Griffin; Jia-Xing Yu; Tao Long; Yi Zhao; Tao Wang; Bin Fu; Elena Belousova; Suzanne Y. O'Reilly,Chemical Geology
10.1016/j.chemgeo.2022.121041,2022,Lithological fabric as a proxy for Rb–Sr isotopic complexity,Manual submission,Janne Liebmann; Christopher L. Kirkland; David E. Kelsey; Fawna J. Korhonen; Kai Rankenburg,Chemical Geology
10.1016/j.cma.2020.113100,2020,Multiscale modeling of thermo-mechanical responses of granular materials: A hierarchical continuum–discrete coupling approach,Manual submission,Shiwei Zhao; Jidong Zhao; Yuanming Lai,Computer Methods in Applied Mechanics and Engineering
10.1016/j.cma.2020.113183,2020,A micro-mechanical model for unsaturated soils based on DEM,Manual submission,Xin Liu; Annan Zhou; Shui-long Shen; Jie Li; Daichao Sheng,Computer Methods in Applied Mechanics and Engineering
10.1016/j.compgeo.2020.103505,2020,Regularization of continuum damage mechanics models for 3-D brittle materials using implicit gradient enhancement,Manual submission,S. Mondal; L.M. Olsen-Kettle; L. Gross,Computers and Geotechnics
10.1016/j.compgeo.2020.103675,2020,New computational framework for modeling the gravity flow behavior of sublevel caving material,Manual submission,Liancheng Wang; Anlin Shao; Xiaobo Liu; Lei Yang; Hangxing Ding,Computers and Geotechnics
10.1016/j.compgeo.2020.103733,2020,Pattern transitions of localized deformation in high-porosity sandstones: Insights from multiscale analysis,Manual submission,Huanran Wu; Jidong Zhao; Weijian Liang,Computers and Geotechnics
10.1016/j.compositesb.2020.108214,2020,From scheelite BaMoO4 to perovskite BaMoO3: Enhanced electrocatalysis toward the hydrogen evolution in alkaline media,Manual submission,Xiaomin Xu; Yangli Pan; Yijun Zhong; Lei Ge; San Ping Jiang; Zongping Shao,Composites Part B: Engineering
10.1016/j.corsci.2020.108595,2020,Microbiologically influenced corrosion as a function of environmental conditions: A laboratory study using oilfield multispecies biofilms,Manual submission,Silvia J. Salgar-Chaparro; Katerina Lepkova; Thunyaluk Pojtanabuntoeng; Adam Darwin; Laura L. Machuca,Corrosion Science
10.1016/j.cretres.2019.104289,2020,Paleobiogeographic distribution of rudist bivalves (Hippuritida) in the Oxfordian–early Aptian (Late Jurassic–Early Cretaceous),Manual submission,J. Sha; R. Cestari; S. Fabbi,Cretaceous Research
10.1016/j.cretres.2020.104547,2020,Changes in biogeographic distribution patterns of southern mid-to high latitude planktonic foraminifera during the Late Cretaceous hot to cool greenhouse climate transition,Manual submission,Maria Rose Petrizzo; Brian T. Huber; Francesca Falzoni; Kenneth G. MacLeod,Cretaceous Research
10.1016/j.cretres.2020.104598,2020,Changes in prevailing surface-palaeowinds of western Gondwana during Early Cretaceous,Manual submission,Claiton M.S. Scherer; Raquel G. Mello; Joao P.F. Ferronatto; Francyne B. Amarante; Adriano D. Reis; Ezequiel G. Souza; Karin Goldberg,Cretaceous Research
10.1016/j.cretres.2020.104644,2021,"Cretaceous (Albian-Turonian) calcareous nannofossil biostratigraphy of the onshore Cauvery Basin, southeastern India",Manual submission,Sudeep Kanungo; Paul Bown; Andrew Gale,Cretaceous Research
10.1016/j.cub.2021.04.021,2021,Metabolic tradeoffs control biodiversity gradients through geological time,Manual submission,Thomas H. Boag; William Gearty; Richard G. Stockey,Current Biology
10.1016/j.earscirev.2019.102902,2020,A review of Pangaea dispersal and Large Igneous Provinces – In search of a causative mechanism,Manual submission,Alexander L. Peace; J.J.J. Phethean; D. Franke; G.R. Foulger; C. Schiffer; J.K. Welford; G. McHone; S. Rocchi; M. Schnabel; A.G. Doré,Earth-Science Reviews
10.1016/j.earscirev.2019.102940,2020,Transform Marginal Plateaus,Manual submission,L. Loncke; W.R. Roest; F. Klingelhoefer; C. Basile; D. Graindorge; A. Heuret; B. Marcaillou; T. Museur; A.S. Fanget; M. Mercier de Lépinay,Earth-Science Reviews
10.1016/j.earscirev.2019.103041,2020,"Neoproterozoic opening of the Pacific Ocean recorded by multi-stage rifting in Tasmania, Australia",Manual submission,Jacob A. Mulder; John L. Everard; Grace Cumming; Sebastien Meffre; Ralph S. Bottrill; Andrew S. Merdith; Jacqueline A. Halpin; Andrew W. McNeill; Peter A. Cawood,Earth-Science Reviews
10.1016/j.earscirev.2020.103084,2020,"Geological, geophysical and plate kinematic constraints for models of the India-Asia collision and the post-Triassic central Tethys oceans",Manual submission,Andrew J. Parsons; Kasra Hosseini; Richard M. Palin; Karin Sigloch,Earth-Science Reviews
10.1016/j.earscirev.2020.103224,2020,"Evolution of a plume-influenced source-to-sink system: An example from the coupled central Emeishan large igneous province and adjacent western Yangtze cratonic basin in the Late Permian, SW China",Manual submission,Xuetian Wang; Longyi Shao; Kenneth A. Eriksson; Zhiming Yan; Jumin Wang; Hui Li; Ruxian Zhou; Jing Lu,Earth-Science Reviews
10.1016/j.earscirev.2020.103252,2020,Late Cretaceous-Cenozoic basin inversion and palaeostress fields in the North Atlantic-western Alpine-Tethys realm: Implications for intraplate tectonics,Manual submission,Randell Stephenson; Christian Schiffer; Alexander Peace; Søren Bom Nielsen; Scott Jess,Earth-Science Reviews
10.1016/j.earscirev.2020.103254,2020,Two-phased collapse of the shallow-water carbonate factory during the late Pliensbachian–Toarcian driven by changing climate and enhanced continental weathering in the Northwestern Gondwana Margin,Manual submission,Francois-Nicolas Krencker; Alicia Fantasia; Jan Danisch; Rowan Martindale; Lahcen Kabiri; Mohamed El Ouali; Stéphane Bodin,Earth-Science Reviews
10.1016/j.earscirev.2020.103284,2020,Epicontinental Permian-Cretaceous seaways in central India: The debate for the Narmada versus Godavari rifts for the Cretaceous-Tertiary incursion,Manual submission,Vandana Kumari; S.K. Tandon; Nithin Kumar; Arundhuti Ghatak,Earth-Science Reviews
10.1016/j.earscirev.2020.103285,2020,The Earth's coda correlation wavefield: Rise of the new paradigm and recent advances,Manual submission,Hrvoje Tkalčić; Thanh-Son Phạm; Sheng Wang,Earth-Science Reviews
10.1016/j.earscirev.2020.103403,2020,Evolution of deep-sea sediments across the Paleocene-Eocene and Eocene-Oligocene boundaries,Manual submission,Bridget S. Wade; James F. O'Neill; Chawisa Phujareanchaiwon; Imran Ali; Mitchell Lyle; Jakub Witkowski,Earth-Science Reviews
10.1016/j.earscirev.2020.103405,2020,Multi-stage tectonics and metallogeny associated with Phanerozoic evolution of the South China Block: A holistic perspective from the Youjiang Basin,Manual submission,Qingfei Wang; Lin Yang; Xiaojie Xu; M. Santosh; Yanning Wang; Tingyi Wang; Fangge Chen; Ruixue Wang; Liang Gao; Xuefei Liu; Shujuan Yang; Yushan Zeng; Jiahao Chen; Qizuan Zhang; Jun Deng,Earth-Science Reviews
10.1016/j.earscirev.2020.103413,2020,The core of Rodinia formed by the juxtaposition of opposed retreating and advancing accretionary orogens,Manual submission,E.L. Martin; C.J. Spencer; W.J. Collins; R.J. Thomas; P.H. Macey; N.M.W. Roberts,Earth-Science Reviews
10.1016/j.earscirev.2020.103436,2021,Denudation history and palaeogeography of the Pyrenees and their peripheral basins: an 84-million-year geomorphological perspective,Manual submission,Marc Calvet; Yanni Gunnell; Bernard Laumonier,Earth-Science Reviews
10.1016/j.earscirev.2020.103442,2021,A meta-analysis of the Steptoean Positive Carbon Isotope Excursion: The SPICEraq database,Manual submission,Mikaela A. Pulsipher; James D. Schiffbauer; Matthew J. Jeffrey; John Warren Huntley; David A. Fike; Kevin L. Shelton,Earth-Science Reviews
10.1016/j.earscirev.2020.103461,2021,Conjugate volcanic passive margins in the austral segment of the South Atlantic – Architecture and development,Manual submission,François Chauvet; François Sapin; Laurent Geoffroy; Jean-Claude Ringenbach; Jean-Noël Ferry,Earth-Science Reviews
10.1016/j.earscirev.2020.103463,2021,Mapping paleocoastlines and continental flooding during the Phanerozoic,Manual submission,Ádám T. Kocsis; Christopher R. Scotese,Earth-Science Reviews
10.1016/j.earscirev.2020.103472,2021,Cenozoic lithospheric architecture and metallogenesis in Southeastern Tibet,Manual submission,Bo Xu; Zeng-Qian Hou; William L. Griffin; Yuan-Chuan Zheng; Tao Wang; Zhen Guo; Jue Hou; M. Santosh; Suzanne Y. O'Reilly,Earth-Science Reviews
10.1016/j.earscirev.2020.103477,2021,Extending full-plate tectonic models into deep time: Linking the Neoproterozoic and the Phanerozoic,Manual submission,Andrew S. Merdith; Simon E. Williams; Alan S. Collins; Michael G. Tetley; Jacob A. Mulder; Morgan L. Blades; Alexander Young; Sheree E. Armistead; John Cannon; Sabin Zahirovic; R. Dietmar Müller,Earth-Science Reviews
10.1016/j.earscirev.2021.103508,2021,"Towards interactive global paleogeographic maps, new reconstructions at 60, 40 and 20 Ma",Manual submission,F. Poblete; G. Dupont-Nivet; A. Licht; D.J.J. van Hinsbergen; P. Roperch; M.G. Mihalynuk; S.T. Johnston; F. Guillocheau; G. Baby; F. Fluteau; C. Robin; T.J.M. van der Linden; D. Ruiz; M.L.J. Baatsen,Earth-Science Reviews
10.1016/j.earscirev.2021.103551,2021,Subduction initiation in the Scotia Sea region and opening of the Drake Passage: When and why?,Manual submission,Suzanna H.A. van de Lagemaat; Merel L.A. Swart; Bram Vaes; Martha E. Kosters; Lydian M. Boschman; Alex Burton-Johnson; Peter K. Bijl; Wim Spakman; Douwe J.J. van Hinsbergen,Earth-Science Reviews
10.1016/j.earscirev.2021.103609,2021,Cenozoic uplift and erosion of the Norwegian Barents Shelf – A review,Manual submission,Amando P.E. Lasabuda; Nora S. Johansen; Jan Sverre Laberg; Jan Inge Faleide; Kim Senger; Tom Arne Rydningen; Henry Patton; Stig-Morten Knutsen; Alfred Hanssen,Earth-Science Reviews
10.1016/j.earscirev.2021.103617,2021,Lost islands in the northern Lesser Antilles: possible milestones in the Cenozoic dispersal of terrestrial organisms between South-America and the Greater Antilles,Manual submission,Jean-Jacques Cornée; Philippe Münch; Mélody Philippon; Marcelle BouDagher-Fadel; Frédéric Quillévéré; Mihaela Melinte-Dobrinescu; Jean-Frédéric Lebrun; Aurélien Gay; Solène Meyer; Lény Montheil; Serge Lallemand; Boris Marcaillou; Muriel Laurencin; Lucie Legendre; Clément Garrocq; Milton Boucard; Marie-Odile Beslier; Mireille Laigle; Laure Schenini; Pierre-Henri Fabre; Pierre-Olivier Antoine; Laurent Marivaux,Earth-Science Reviews
10.1016/j.earscirev.2021.103640,2021,Andean mountain building since the Late Cretaceous: A paleoelevation reconstruction,Manual submission,Lydian M. Boschman,Earth-Science Reviews
10.1016/j.earscirev.2021.103727,2021,Potential encoding of coupling between Milankovitch forcing and Earth's interior processes in the Phanerozoic eustatic sea-level record,Manual submission,Slah Boulila; Bilal U. Haq; Nathan Hara; R. Dietmar Müller; Bruno Galbrun; Guillaume Charbonnier,Earth-Science Reviews
10.1016/j.earscirev.2021.103824,2021,Thermo-tectonic imaging of the Gulf of Aden-Red Sea rift systems and Afro-Arabian hinterland,Manual submission,Samuel C. Boone; Maria-Laura Balestrieri; Barry Kohn,Earth-Science Reviews
10.1016/j.earscirev.2022.103918,2022,From supercontinent to superplate: Late Paleozoic Pangea's inner deformation suggests it was a short-lived superplate,Manual submission,Daniel Pastor-Galán,Earth-Science Reviews
10.1016/j.earscirev.2022.103929,2022,Balkanatolia: The insular mammalian biogeographic province that partly paved the way to the Grande Coupure,Manual submission,Alexis Licht; Grégoire Métais; Pauline Coster; Deniz İbilioğlu; Faruk Ocakoğlu; Jan Westerweel; Megan Mueller; Clay Campbell; Spencer Mattingly; Melissa C. Wood; K. Christopher Beard,Earth-Science Reviews
10.1016/j.earscirev.2022.103930,2022,Temporal changes in subduction- to collision-related magmatism in the Neotethyan orogen: The Southeast Iran example,Manual submission,Hadi Shafaii Moghadam; Qiu-Li Li; William L. Griffin; Robert J. Stern; Jose F. Santos; Mihai N. Ducea; Chris J. Ottley; Orhan Karsli; Fatemeh Sepidbar; Suzanne Y. O'Reilly,Earth-Science Reviews
10.1016/j.earscirev.2022.104039,2022,Quantifying slab sinking rates using global geodynamic models with data-assimilation,Manual submission,Diandian Peng; Lijun Liu,Earth-Science Reviews
10.1016/j.earscirev.2022.104069,2022,New Maps of Global Geological Provinces and Tectonic Plates,Manual submission,Derrick Hasterok; Jacqueline A. Halpin; Alan S. Collins; Martin Hand; Corné Kreemer; Matthew G. Gard; Stijn Glorie,Earth-Science Reviews
10.1016/j.earscirev.2022.104163,2022,Terrane history of the Iapetus Ocean as preserved in the northern Appalachians and western Caledonides,Manual submission,John W.F. Waldron; Phil J.A. McCausland; Sandra M. Barr; David I. Schofield; Doug Reusch; Lei Wu,Earth-Science Reviews
10.1016/j.earscirev.2022.104168,2022,"The Eastern Australian Volcanic Province, its primitive melts, constraints on melt sources and the influence of mantle metasomatism",Manual submission,Joshua J. Shea; Isra S. Ezad; Stephen F. Foley; Anthony W. Lanati,Earth-Science Reviews
10.1016/j.earscirev.2022.104192,2022,Geochemical fingerprinting of continental and oceanic basalts: A machine learning approach,Manual submission,Luc S. Doucet; Michael G. Tetley; Zheng-Xiang Li; Yebo Liu; Hamed Gamaleldien,Earth-Science Reviews
10.1016/j.earscirev.2023.104518,2023,"Evaluating tomotectonic plate reconstructions using geodynamic models with data assimilation, the case for North America",Manual submission,Yanchong Li; Lijun Liu; Diandian Peng; Hao Dong; Sanzhong Li,Earth-Science Reviews
10.1016/j.ecss.2022.108160,2022,Coastal and marine plastic litter monitoring using remote sensing: A review,Manual submission,Bijeesh Kozhikkodan Veettil; Nguyen Hong Quan; Leon T. Hauser; Dong Doan Van; Ngo Xuan Quang,"Estuarine, Coastal and Shelf Science"
10.1016/j.engfracmech.2020.107176,2020,Numerical investigation on dynamic fracture behavior of cracked rocks under mixed mode I/II loading,Manual submission,Youzhen Li; Feng Dai; Mingdong Wei; Hongbo Du,Engineering Fracture Mechanics
10.1016/j.envsoft.2020.104908,2021,Web-based 3D visualization framework for time-varying and large-volume oceanic forecasting data using open-source technologies,Manual submission,Rufu Qin; Bin Feng; Zhounan Xu; Yusheng Zhou; Lixin Liu; Yineng Li,Environmental Modelling &amp; Software
10.1016/j.epsl.2019.115880,2020,A pan-latitudinal Rodinia in the Tonian true polar wander frame,Manual submission,Xianqing Jing; Zhenyu Yang; David A.D. Evans; Yabo Tong; Yingchao Xu; Heng Wang,Earth and Planetary Science Letters
10.1016/j.epsl.2019.115953,2020,Find a match with triple-dating: Antarctic sub-ice zircon detritus on the modern shore of Western Australia,Manual submission,Christopher L. Kirkland; Milo Barham; Martin Danišík,Earth and Planetary Science Letters
10.1016/j.epsl.2019.115962,2020,Evolution of cratons through the ages: A time-dependent study,Manual submission,Jyotirmoy Paul; Attreyee Ghosh,Earth and Planetary Science Letters
10.1016/j.epsl.2019.115969,2020,Sulfide in dunite channels reflects long-distance reactive migration of mid-ocean-ridge melts from mantle source to crust: A Re-Os isotopic perspective,Manual submission,Qing Xiong; Yong Xu; José M. González-Jiménez; Jingao Liu; Olivier Alard; Jian-Ping Zheng; William L. Griffin; Suzanne Y. O'Reilly,Earth and Planetary Science Letters
10.1016/j.epsl.2020.116209,2020,Microbial weathering signatures in lateritic ferruginous duricrusts,Manual submission,Alan Levett; Paulo M. Vasconcelos; Emma J. Gagen; Llew Rintoul; Carlos Spier; Paul Guagliardo; Gordon Southam,Earth and Planetary Science Letters
10.1016/j.epsl.2020.116330,2020,Expanse of Greater India in the late Cretaceous,Manual submission,Jun Meng; Stuart A. Gilder; Yalin Li; Chengshan Wang; Tao Liu,Earth and Planetary Science Letters
10.1016/j.epsl.2020.116331,2020,&gt;2.7 Ga metamorphic peridotites from southeast Greenland record the oxygen isotope composition of Archean seawater,Manual submission,Stefan T.M. Peters; Kristoffer Szilas; Sukanya Sengupta; Christopher L. Kirkland; Dieter Garbe-Schönberg; Andreas Pack,Earth and Planetary Science Letters
10.1016/j.epsl.2020.116365,2020,Lithospheric memory of subduction in mantle pyroxenite xenoliths from rift-related basalts,Manual submission,Jianggu Lu; Romain Tilhac; William L. Griffin; Jianping Zheng; Qing Xiong; Beñat Oliveira; Suzanne Y. O'Reilly,Earth and Planetary Science Letters
10.1016/j.epsl.2020.116417,2020,"Toarcian climate and carbon cycle perturbations – its impact on sea-level changes, enhanced mobilization and oxidation of fossil organic matter",Manual submission,Wolfgang Ruebsam; Grzegorz Pieńkowski; Lorenz Schwark,Earth and Planetary Science Letters
10.1016/j.epsl.2021.116770,2021,Simulation of oxygen isotopes and circulation in a late Carboniferous epicontinental sea with implications for proxy records,Manual submission,Sophia I. Macarewich; Christopher J. Poulsen; Isabel P. Montañez,Earth and Planetary Science Letters
10.1016/j.epsl.2021.116810,2021,Deformation-enhanced recrystallization of titanite drives decoupling between U-Pb and trace elements,Manual submission,Stacia M. Gordon; Christopher L. Kirkland; Steven M. Reddy; Hannah J. Blatchford; Donna L. Whitney; Christian Teyssier; Noreen J. Evans; Bradley J. McDonald,Earth and Planetary Science Letters
10.1016/j.epsl.2021.116853,2021,On Archean craton growth and stabilisation: Insights from lithospheric resistivity structure of the Superior Province,Manual submission,G.J. Hill; E.A. Roots; B.M. Frieman; R. Haugaard; J.A. Craven; R.S. Smith; D.B. Snyder; X. Zhou; R. Sherlock,Earth and Planetary Science Letters
10.1016/j.epsl.2021.116890,2021,Gigantic eruption of a Carpathian volcano marks the largest Miocene transgression of Eastern Paratethys,Manual submission,Martin Danišík; Vera Ponomareva; Maxim Portnyagin; Sergey Popov; Andrei Zastrozhnov; Christopher L. Kirkland; Noreen J. Evans; Evgeny Konstantinov; Folkmar Hauff; Dieter Garbe-Schönberg,Earth and Planetary Science Letters
10.1016/j.epsl.2021.116893,2021,"Evidence for crustal removal, tectonic erosion and flare-ups from the Japanese evolving forearc sediment provenance",Manual submission,Daniel Pastor-Galán; Christopher J. Spencer; Tan Furukawa; Tatsuki Tsujimori,Earth and Planetary Science Letters
10.1016/j.epsl.2021.117012,2021,North China block underwent simultaneous true polar wander and tectonic convergence in late Jurassic: New paleomagnetic constraints,Manual submission,Yangjun Gao; Shihong Zhang; Hanqing Zhao; Qiang Ren; Tianshui Yang; Huaichun Wu; Haiyan Li,Earth and Planetary Science Letters
10.1016/j.epsl.2021.117194,2021,Isotopic modelling of Archean crustal evolution from comagmatic zircon–apatite pairs,Manual submission,Jack Gillespie; Peter D. Kinny; Christopher L. Kirkland; Laure Martin; Alexander A. Nemchin; Aaron J. Cavosie; Derrick Hasterok,Earth and Planetary Science Letters
10.1016/j.epsl.2021.117195,2022,Polarity-reversal subduction zone initiation triggered by buoyant plateau obstruction,Manual submission,J. Almeida; N. Riel; F.M. Rosas; J.C. Duarte; W.P. Schellart,Earth and Planetary Science Letters
10.1016/j.epsl.2021.117213,2021,Density and viscosity changes between depleted and primordial mantle at ∼1000 km depth influence plume upwelling behavior,Manual submission,Guanjie Xiang; Zhensheng Wang; Timothy M. Kusky,Earth and Planetary Science Letters
10.1016/j.epsl.2021.117246,2021,Did the Boreal Realm extend into the equatorial region? New paleomagnetic evidence from the Tuva–Mongol and Amuria blocks,Manual submission,Qiang Ren; Shihong Zhang; Turbold Sukhbaatar; Hanqing Zhao; Huaichun Wu; Tianshui Yang; Haiyan Li; Yangjun Gao; Xiaochi Jin,Earth and Planetary Science Letters
10.1016/j.epsl.2021.117260,2022,Osmium and lithium isotope evidence for weathering feedbacks linked to orbitally paced organic carbon burial and Silurian glaciations,Manual submission,Adam D. Sproson; Philip A.E. Pogge von Strandmann; David Selby; Emilia Jarochowska; Jiří Frýda; Jindřich Hladil; David K. Loydell; Ladislav Slavík; Mikael Calner; Georg Maier; Axel Munnecke; Timothy M. Lenton,Earth and Planetary Science Letters
10.1016/j.epsl.2022.117445,2022,Northwest Pacific-Izanagi plate tectonics since Cretaceous times from western Pacific mantle structure,Manual submission,Jonny Wu; Yi-An Lin; Nicolas Flament; Jeremy Tsung-Jui Wu; Yiduo Liu,Earth and Planetary Science Letters
10.1016/j.epsl.2022.117517,2022,Dislocations in minerals: Fast-diffusion pathways or trace-element traps?,Manual submission,Rick Verberne; Steven M. Reddy; David W. Saxey; Denis Fougerouse; William D.A. Rickard; Zakaria Quadir; Noreen J. Evans; Chris Clark,Earth and Planetary Science Letters
10.1016/j.epsl.2022.117530,2022,Earth's oldest hotspot track at ca. 1.8 Ga advected by a global subduction system,Manual submission,Peng Peng; Huiru Xu; Ross N. Mitchell; Wilson Teixeira; Uwe Kirscher; Zhaoyuan Qin; Elson P. Oliveira; Vicente A.V. Girardi; Chong Wang; Farid Chemale,Earth and Planetary Science Letters
10.1016/j.epsl.2022.117556,2022,Transient hydrology-induced elastic deformation and land subsidence in Australia constrained by contemporary geodetic measurements,Manual submission,Yuanjin Pan; Hao Ding; Jiangtao Li; C.K. Shum; Rishav Mallick; Jiashuang Jiao; Mengkui Li; Yu Zhang,Earth and Planetary Science Letters
10.1016/j.epsl.2022.117815,2022,Spatial distribution of 1.4-1.3 Ga LIPs and carbonatite-related REE deposits: Evidence for large-scale continental rifting in the Columbia (Nuna) supercontinent,Manual submission,Shuan-Hong Zhang; Richard E. Ernst; Zhenyu Yang; Zaizheng Zhou; Junling Pei; Yue Zhao,Earth and Planetary Science Letters
10.1016/j.epsl.2022.117889,2022,Global back-arc extension due to trench-parallel mid-ocean ridge subduction,Manual submission,Yiming Liu; Lijun Liu; Yanchong Li; Diandian Peng; Zhiping Wu; Zebin Cao; Sanzhong Li; Qizhen Du,Earth and Planetary Science Letters
10.1016/j.eqrea.2021.100006,2021,Application of HPC and big data in post-pandemic times,Manual submission,Henry M. Tufo; David A. Yuen; Gabriele Morra; Matthew G. Knepley; Bei Zhang; Shi Chen,Earthquake Research Advances
10.1016/j.fuel.2020.117636,2020,Difference in tar reforming activities between biochar catalysts activated in H2O and CO2,Manual submission,Yurong Liu; Mark Paskevicius; Hongqi Wang; Chihiro Fushimi; Gordon Parkinson; Chun-Zhu Li,Fuel
10.1016/j.gca.2020.01.013,2020,Dating young zircon: A case study from Southeast Asian megacrysts,Manual submission,Christopher L. Kirkland; Martin Danišík; Ruby Marsden; Paula Piilonen; Milo Barham; Lin Sutherland,Geochimica et Cosmochimica Acta
10.1016/j.gca.2020.03.008,2020,Tourmaline 40Ar/39Ar geochronology and thermochronology: Example from Hadean-zircon-bearing siliciclastic metasedimentary rocks from the Yilgarn Craton,Manual submission,Eric R. Thern; Eleanore Blereau; Fred Jourdan; David R. Nelson,Geochimica et Cosmochimica Acta
10.1016/j.gca.2020.04.031,2020,Shocked titanite records Chicxulub hydrothermal alteration and impact age,Manual submission,Nicholas E. Timms; Christopher L. Kirkland; Aaron J. Cavosie; Auriol S.P. Rae; William D.A. Rickard; Noreen J. Evans; Timmons M. Erickson; Axel Wittmann; Ludovic Ferrière; Gareth S. Collins; Sean P.S. Gulick,Geochimica et Cosmochimica Acta
10.1016/j.gca.2020.07.013,2020,"Metasomatic control of hydrogen contents in the layered cratonic mantle lithosphere sampled by Lac de Gras xenoliths in the central Slave craton, Canada",Manual submission,McKensie L. Kilgore; Anne H. Peslier; Alan D. Brandon; Lillian A. Schaffer; Richard V. Morris; Trevor G. Graff; David G. Agresti; Suzanne Y. O'Reilly; William L. Griffin; D. Graham Pearson; Kelsey Gangi; Barry J. Shaulis,Geochimica et Cosmochimica Acta
10.1016/j.gca.2020.12.018,2021,"A significant seawater sulfate reservoir at 2.0 Ga determined from multiple sulfur isotope analyses of the Paleoproterozoic Degrussa Cu-Au volcanogenic massive sulfide deposit, Western Australia",Manual submission,Crystal LaFlamme; Guillaume Barré; Marco L. Fiorentini; Georges Beaudoin; Sandra Occhipinti; Joshua Bell,Geochimica et Cosmochimica Acta
10.1016/j.gca.2021.04.008,2021,Resolving the age of the Haughton impact structure using coupled 40Ar/39Ar and U-Pb geochronology,Manual submission,Timmons M. Erickson; Christopher L. Kirkland; Fred Jourdan; Martin Schmieder; Michael I.H. Hartnady; Morgan A. Cox; Nicholas E. Timms,Geochimica et Cosmochimica Acta
10.1016/j.gca.2021.05.045,2021,Coupling sulfur and oxygen isotope ratios in sediment melts across the Archean-Proterozoic transition,Manual submission,Janne Liebmann; Christopher J. Spencer; Christopher L. Kirkland; Claire E. Bucholz; Xiao-Ping Xia; Laure Martin; Nami Kitchen; Leonid Shumlyanskyy,Geochimica et Cosmochimica Acta
10.1016/j.gca.2021.08.025,2021,A new method for dating impact events – Thermal dependency on nanoscale Pb mobility in monazite shock twins,Manual submission,Denis Fougerouse; Aaron J. Cavosie; Timmons Erickson; Steven M. Reddy; Morgan A. Cox; David W. Saxey; William D.A. Rickard; Michael T.D. Wingate,Geochimica et Cosmochimica Acta
10.1016/j.gca.2021.11.015,2022,Zircons underestimate mantle depletion of early Earth,Manual submission,Peng Liou; Jinghui Guo; Ross N. Mitchell; Christopher J. Spencer; Xianhua Li; Mingguo Zhai; Noreen J. Evans; Yanguang Li; Bradley J. McDonald; Mengqi Jin,Geochimica et Cosmochimica Acta
10.1016/j.gca.2021.11.038,2022,In situ U-Pb and geochemical evidence for ancient Pb-loss during hydrothermal alteration producing apparent young concordant zircon dates in older tuffs,Manual submission,Jian-Wei Zi; Birger Rasmussen; Janet R. Muhling; Ian R. Fletcher,Geochimica et Cosmochimica Acta
10.1016/j.gca.2022.09.038,2022,"Lu–Hf, Sm–Nd, and U–Pb isotopic coupling and decoupling in apatite",Manual submission,Jack Gillespie; Christopher L. Kirkland; Peter D. Kinny; Alexander Simpson; Stijn Glorie; Kai Rankenburg,Geochimica et Cosmochimica Acta
10.1016/j.geobios.2020.06.004,2020,"Siphonodella leiosa (Conodonta), a new unornamented species from the Tournaisian (lower Carboniferous) of Puech de la Suque (Montagne Noire, France)",Manual submission,Louise Souquet; Carlo Corradini; Catherine Girard,Geobios
10.1016/j.geogeo.2022.100127,2024,Digital paleogeographic reconstruction of the eastern Tethyan tectonic domain from the Middle Permian to the Middle Triassic,Manual submission,Mengxia Tang; Qiang Ren; Mingcai Hou; Zhilin Li; Wen Du; Anqing Chen; Hanting Zhong; Jicheng Wang; Peng Ti,Geosystems and Geoenvironment
10.1016/j.geosus.2021.05.002,2021,Mineral Resource Science in China: Review and perspective,Manual submission,Mingguo Zhai; Ruizhong Hu; Yan Wang; Shaoyong Jiang; Rucheng Wang; Jianwei Li; Huayong Chen; Zhiming Yang; Qingtian Lü; Tao Qi; Xuefa Shi; Yuansheng Li; Jianming Liu; Ziying Li; Xiyan Zhu,Geography and Sustainability
10.1016/j.geothermics.2021.102178,2021,VNIR-SWIR infrared (imaging) spectroscopy for geothermal exploration: Current status and future directions,Manual submission,Kartika P. Savitri; Christoph Hecker; Freek D. van der Meer; Ridwan P. Sidik,Geothermics
10.1016/j.gexplo.2020.106608,2020,"Apatite (U–Th)/He thermochronometry of iron deposits in the central Ningwu volcanic basin, eastern China: Implications for exhumation and preservation",Manual submission,Wen-Hao Liu; Martin Danišík; Jun Zhang; Xin-Lu Hu,Journal of Geochemical Exploration
10.1016/j.gloplacha.2021.103581,2021,Eocene-Oligocene paleoenvironmental changes in the South Orkney Microcontinent (Antarctica) linked to the opening of Powell Basin,Manual submission,Adrián López-Quirós; Carlota Escutia; Johan Etourneau; Francisco J. Rodríguez-Tovar; Sabine Roignant; Francisco J. Lobo; Nick Thompson; Peter K. Bijl; Fernando Bohoyo; Ulrich Salzmann; Dimitris Evangelinos; Ariadna Salabarnada; Frida S. Hoem; Marie-Alexandrine Sicre,Global and Planetary Change
10.1016/j.gloplacha.2021.103665,2021,The palaeogeographical impact on the biodiversity of marine faunas during the Ordovician radiations,Manual submission,David A.T. Harper; Borja Cascales-Miñana; David M. Kroeck; Thomas Servais,Global and Planetary Change
10.1016/j.gloplacha.2022.103856,2022,The early Oligocene establishment of modern topography and plant diversity on the southeastern margin of the Tibetan Plateau,Manual submission,Mengxiao Wu; Jian Huang; Robert A. Spicer; Shufeng Li; Jiagang Zhao; Weiyudong Deng; Wenna Ding; He Tang; Yaowu Xing; Yimin Tian; Zhekun Zhou; Tao Su,Global and Planetary Change
10.1016/j.gr.2019.07.009,2020,Orogenic architecture of the Mediterranean region and kinematic reconstruction of its tectonic evolution since the Triassic,Manual submission,Douwe J.J. van Hinsbergen; Trond H. Torsvik; Stefan M. Schmid; Liviu C. Maţenco; Marco Maffione; Reinoud L.M. Vissers; Derya Gürer; Wim Spakman,Gondwana Research
10.1016/j.gr.2019.10.004,2020,A polar dinosaur feather assemblage from Australia,Manual submission,Martin Kundrát; Thomas H. Rich; Johan Lindgren; Peter Sjövall; Patricia Vickers-Rich; Luis M. Chiappe; Benjamin P. Kear,Gondwana Research
10.1016/j.gr.2019.12.004,2020,Grenville-age continental arc magmatism and crustal evolution in central Dronning Maud Land (East Antarctica): Zircon geochronological and Hf–O isotopic evidence,Manual submission,Cheng-Cheng Wang; Joachim Jacobs; Marlina A. Elburg; Andreas Läufer; Robert J. Thomas; Synnøve Elvevold,Gondwana Research
10.1016/j.gr.2020.05.011,2020,Global Cenozoic Paleobathymetry with a focus on the Northern Hemisphere Oceanic Gateways,Manual submission,E.O. Straume; C. Gaina; S. Medvedev; K.H. Nisancioglu,Gondwana Research
10.1016/j.gr.2020.06.011,2020,"Detrital zircon age constraints on depositional history and provenance of the Murihiku Supergroup, Murihiku Terrane, North Island, New Zealand",Manual submission,C.J. Adams; H.J. Campbell,Gondwana Research
10.1016/j.gr.2020.06.012,2020,Tracking the birth and growth of Cimmeria: Geochronology and origins of intrusive rocks from NW Iran,Manual submission,Hadi Shafaii Moghadam; Qiu-li Li; William L. Griffin; Orhan Karsli; Jose F. Santos; C.J. Ottley; Ghasem Ghorbani; Suzanne Y. O'Reilly,Gondwana Research
10.1016/j.gr.2020.06.016,2020,Magmatic history of central Myanmar and implications for the evolution of the Burma Terrane,Manual submission,Alexis Licht; Zaw Win; Jan Westerweel; Nathan Cogné; Chris K. Morley; Sarawute Chantraprasert; Fernando Poblete; Tamas Ugrai; Bruce Nelson; Day Wa Aung; Guillaume Dupont-Nivet,Gondwana Research
10.1016/j.gr.2020.06.022,2020,"Neoproterozoic extension and the Central Iapetus Magmatic Province in southern Mexico – New U-Pb ages, Hf-O isotopes and trace element data of zircon from the Chiapas Massif Complex",Manual submission,Bodo Weber; Axel K. Schmitt; Alejandro Cisneros de León; Reneé González-Guzmán; Axel Gerdes,Gondwana Research
10.1016/j.gr.2020.08.013,2021,"Origin and evolution of a porphyry-breccia system: Evidence from zircon U-Pb, molybdenite Re-Os geochronology, in situ sulfur isotope and trace elements of the Qiyugou deposit, China",Manual submission,Li Tang; Yu Zhao; Shou-Ting Zhang; Li Sun; Xin-Kai Hu; Yuan-Ming Sheng; Tao Zeng,Gondwana Research
10.1016/j.gr.2020.09.008,2021,Ordovician palaeogeography and climate change,Manual submission,L. Robin M. Cocks; Trond H. Torsvik,Gondwana Research
10.1016/j.gr.2020.10.003,2021,"Paleogeography of Late Jurassic large-igneous-province activity in the Paleo-Pacific Ocean: Constraints from the Mikabu greenstones and Chichibu accretionary complex, Kanto Mountains, Central Japan",Manual submission,Kohei Tominaga; Hidetoshi Hara,Gondwana Research
10.1016/j.gr.2020.10.013,2021,U-Pb geochronology of detrital and igneous zircon grains from the Águilas Arc in the Internal Betics (SE Spain): Implications for Carboniferous-Permian paleogeography of Pangea,Manual submission,Antonio Jabaloy-Sánchez; Cristina Talavera; Martín Jesús Rodríguez-Peces; Mercedes Vázquez-Vílchez; Noreen Joyce Evans,Gondwana Research
10.1016/j.gr.2020.11.010,2022,A deforming plate tectonic model of the South China Block since the Jurassic,Manual submission,Xianzhi Cao; Sabin Zahirovic; Sanzhong Li; Yanhui Suo; Pengcheng Wang; Jinping Liu; R. Dietmar Müller,Gondwana Research
10.1016/j.gr.2020.11.015,2021,"Neoproterozoic magmatic arc volcanism in the Borborema Province, NE Brazil: possible flare-ups and lulls and implications for western Gondwana assembly",Manual submission,Fabrício Andrade Caxito; Camila Franco Basto; Lauro Cézar Montefalco de Lira Santos; Elton Luiz Dantas; Vladimir Cruz de Medeiros; Tatiana Gonçalves Dias; Vitor Barrote; Steffen Hagemann; Ana Ramalho Alkmim; Cristiano Lana,Gondwana Research
10.1016/j.gr.2020.12.017,2021,Mineralization proximal to the final Nuna suture in northeastern Australia,Manual submission,Hugo K.H. Olierook; Robert G. Affleck; Noreen J. Evans; Fred Jourdan; Christopher L. Kirkland; Silvia Volante; Adam R. Nordsvan; Brent I.A. McInnes; Bradley McDonald; Celia Mayers; R. Adam Frew; Kai Rankenburg; Nic d’Offay; Max Nind; Adrian Larking,Gondwana Research
10.1016/j.gr.2020.12.021,2021,Extracting meaningful U-Pb ages from core–rim mixtures,Manual submission,Hugo K.H. Olierook; Christopher L. Kirkland; Milo Barham; Matthew L. Daggitt; Julie Hollis; Michael Hartnady,Gondwana Research
10.1016/j.gr.2020.12.022,2021,"Early Neoproterozoic crustal growth and microcontinent formation of the north–central Central Asian Orogenic Belt: New geological, geochronological, and Nd–Hf isotopic data on the Mélange Zone within the Zavkhan terrane, western Mongolia",Manual submission,Victor Kovach; Ivan Kozakov; Alfred Kröner; Ekaterina Salnikova; Kuo-Lung Wang; Hao-Yang Lee; Julia Plotkina; Boris Gorokhovsky; Elena Adamskaya; Elena Tolmacheva; Lidiya Shpakovich,Gondwana Research
10.1016/j.gr.2020.12.032,2021,"Provenance of Upper Jurassic–Lower Cretaceous strata in the Mentelle Basin, southwestern Australia, reveals a trans-Gondwanan fluvial pathway",Manual submission,Alessandro Maritati; Jacqueline A. Halpin; Joanne M. Whittaker; Nathan R. Daczko; Carmine C. Wainman,Gondwana Research
10.1016/j.gr.2021.02.010,2021,West Africa in Rodinia: High quality paleomagnetic pole from the ~ 860 Ma Manso dyke swarm (Ghana),Manual submission,Paul Yves Jean Antonio; Lenka Baratoux; Ricardo Ivan Ferreira Trindade; Sonia Rousse; Anani Ayite; Cristiano Lana; Mélina Macouin; Emmanuel Williams Kobby Adu; Caroline Sanchez; Marco Antônio Leandro Silva; Anne-Sophie Firmin; Carmen Irène Martínez Dopico; Arnaud Proietti; Prince Ofori Amponsah; Patrick Asamoah Sakyi,Gondwana Research
10.1016/j.gr.2021.03.009,2021,The challenge in restoring magma-rich rifted margins: The example of the Mozambique-Antarctica conjugate margins,Manual submission,Simon Tomasi; Nick Kusznir; Gianreto Manatschal; Frank Despinois,Gondwana Research
10.1016/j.gr.2021.04.003,2021,Magma-assisted fragmentation of Pangea: Continental breakup initiation and propagation,Manual submission,Huixin Guan; Laurent Geoffroy; Min Xu,Gondwana Research
10.1016/j.gr.2021.05.016,2021,New paleogeographic and degassing parameters for long-term carbon cycle models,Manual submission,Chloé M. Marcilly; Trond H. Torsvik; Mathew Domeier; Dana L. Royer,Gondwana Research
10.1016/j.gr.2021.05.021,2021,Jurassic fast polar shift rejected by a new high-quality paleomagnetic pole from southwest Greenland,Manual submission,Evgeniy V. Kulakov; Trond H. Torsvik; Pavel V. Doubrovine; Trond Slagstad; Morgan Ganerød; Petter Silkoset; Stephanie C. Werner,Gondwana Research
10.1016/j.gr.2021.12.004,2022,"Magmatic, hydrothermal and ore element transfer processes of the southeastern Archean Superior Province implied from electrical resistivity structure",Manual submission,Eric A. Roots; Graham J. Hill; Ben M. Frieman; Philip E. Wannamaker; Virginie Maris; Andrew J. Calvert; James A. Craven; Richard S. Smith; David B. Snyder,Gondwana Research
10.1016/j.gr.2022.05.011,2022,Global Phanerozoic sea levels from paleogeographic flooding maps,Manual submission,Chloé M. Marcilly; Trond H. Torsvik; Clinton P. Conrad,Gondwana Research
10.1016/j.gr.2023.06.015,2024,Effect of the supercontinent cycle on the longest-term sea-level change from a simple conceptual and theoretical model,Manual submission,Masaki Yoshida,Gondwana Research
10.1016/j.gsf.2019.04.012,2020,"Geochemical and geochronological characteristics of the Um Rus granite intrusion and associated gold deposit, Eastern Desert, Egypt",Manual submission,Basem Zoheir; Richard Goldfarb; Astrid Holzheid; Hassan Helmy; Ahmed El Sheikh,Geoscience Frontiers
10.1016/j.gsf.2019.05.002,2020,Decoding earth's plate tectonic history using sparse geochemical data,Manual submission,Michael G. Tetley; Zheng-Xiang Li; Kara J. Matthews; Simon E. Williams; R. Dietmar Müller,Geoscience Frontiers
10.1016/j.gsf.2019.09.002,2020,"Provenance bias between detrital zircons from sandstones and river sands: A quantification approach using 3-D grain shape, composition and age",Manual submission,V. Markwitz; C.L. Kirkland; K. Gessner,Geoscience Frontiers
10.1016/j.gsf.2019.09.004,2020,Strategies towards robust interpretations of in situ zircon Lu–Hf isotope analyses,Manual submission,C.J. Spencer; C.L. Kirkland; N.M.W. Roberts; N.J. Evans; J. Liebmann,Geoscience Frontiers
10.1016/j.gsf.2019.09.006,2020,Proterozoic tectonothermal processes imaged with magnetotellurics and seismic reflection in southern Australia,Manual submission,Tom Wise; Stephan Thiel,Geoscience Frontiers
10.1016/j.gsf.2020.01.004,2020,"Integrated U–Pb, Lu–Hf and (U–Th)/He analysis of zircon from the Banxi Sb deposit and its implications for the low-temperature mineralization in South China",Manual submission,Huan Li; Martin Danišík; Zhe-Kai Zhou; Wei-Cheng Jiang; Jing-Hua Wu,Geoscience Frontiers
10.1016/j.gsf.2020.06.004,2021,Reconstructing seafloor age distributions in lost ocean basins,Manual submission,Simon Williams; Nicky M. Wright; John Cannon; Nicolas Flament; R. Dietmar Müller,Geoscience Frontiers
10.1016/j.ijheatmasstransfer.2019.119159,2020,Transport of particles suspended within a temperature-dependent viscosity fluid using coupled LBM–DEM,Manual submission,J.W.S. McCullough; S.M. Aminossadati; C.R. Leonardi,International Journal of Heat and Mass Transfer
10.1016/j.ijmecsci.2020.105520,2020,Experimental and numerical studies on compression-shear behaviors of brittle rocks subjected to combined static-dynamic loading,Manual submission,Yuan Xu; Feng Dai; Hongbo Du,International Journal of Mechanical Sciences
10.1016/j.ijrmms.2019.104208,2020,Dynamic tensile behavior of rocks under static pre-tension using the flattened Brazilian disc method,Manual submission,Pengda Pei; Feng Dai; Yi Liu; Mingdong Wei,International Journal of Rock Mechanics and Mining Sciences
10.1016/j.jallcom.2019.153340,2020,Exploring halide destabilised calcium hydride as a high-temperature thermal battery,Manual submission,M. Veronica Sofianos; Samuel Randall; Mark Paskevicius; Kondo-Francois Aguey-Zinsou; Matthew R. Rowles; Terry D. Humphries; Craig E. Buckley,Journal of Alloys and Compounds
10.1016/j.jasrep.2021.103104,2021,The pilot application of geochemical sourcing to an inland Pilbara archaeological landscape in north-western Australia,Manual submission,Kane Ditchfield; Wendy Reynen; Kai Rankenburg; Annette D. George; Noreen J. Evans; Bradley J. McDonald,Journal of Archaeological Science: Reports
10.1016/j.jngse.2019.103101,2020,Numerical study on the formations of gas channels and subsequent bubbles in unconsolidated sandy seabed sediment using a coupled LBM-DEM method,Manual submission,Yuki Kano; Toru Sato; Hiroyuki Oyama,Journal of Natural Gas Science and Engineering
10.1016/j.jobe.2019.101012,2020,Effect of sulphate exposure on mortar consisting of ferronickel slag aggregate and supplementary cementitious materials,Manual submission,Ashish Kumer Saha; Prabir Kumar Sarker,Journal of Building Engineering
10.1016/j.jog.2021.101826,2021,Numerical models of two-dimensional buckling and bending mechanisms and implications for oroclines,Manual submission,T. Smith; G. Rosenbaum; L. Gross,Journal of Geodynamics
10.1016/j.jsames.2020.102511,2020,Mesozoic biochronostratigraphy and paleoenvironment of the South Atlantic: A revised framework based on 20 DSDP and ODP deep-water sites,Manual submission,Eiichi Setoyama; Sudeep Kanungo,Journal of South American Earth Sciences
10.1016/j.jsames.2020.102910,2021,Triassic turtles from Pangea: The legacy from South America,Manual submission,Marcelo S. de la Fuente; Juliana Sterli; Verónica Krapovickas,Journal of South American Earth Sciences
10.1016/j.jsames.2020.102912,2021,"Palynology and organic geochemistry of an early to Middle Devonian succession from TCB X-1001– tacobo borehole, sub-Andean basin, southern Bolivia",Manual submission,Victoria J. García-Muro; Claudia V. Rubinstein; Sonia C. Camina; Gustavo Vergani; Martín Pereira,Journal of South American Earth Sciences
10.1016/j.jsames.2020.103059,2021,"The geodynamic evolution of the Famatinian orogen from the paleomagnetic record of El Hongo trondhjemite (Early Paleozoic, Sierras Pampeanas de Córdoba, Argentina)",Manual submission,Silvana E. Geuna; Leonardo D. Escosteguy; Belena Díaz Appella; Lucio Pinotti; Fernando D′Eramo; Maria Helena B.M. Hollanda,Journal of South American Earth Sciences
10.1016/j.jsames.2021.103264,2021,"Contribution to the ichnology of the Parnaíba basin in the state of Piauí, Brazil",Manual submission,Jhenys Maiker Santos; Paula Dentzien-Dias; Paulo Victor de Oliveira,Journal of South American Earth Sciences
10.1016/j.jsames.2021.103393,2021,Paleoenvironmental contexts of South American Cretaceous sauropod tracks,Manual submission,María Belén Tomaselli; Leonardo Daniel Ortiz David; Bernardo Javier González Riga,Journal of South American Earth Sciences
10.1016/j.jsames.2021.103473,2021,"Cenozoic exhumation patterns in the northern Andes: Constraints from the southern Bucaramanga Fault, Eastern Cordillera, Colombia",Manual submission,Francisco Velandia; Mauricio A. Bermúdez; Barry Kohn; Matthias Bernet; Carlos A. Zuluaga; Stephanie Brichau,Journal of South American Earth Sciences
10.1016/j.jsames.2021.103597,2021,"Source diversity of Late Neoproterozoic granitoid magmatism across an orogen-scale lineament in southern Brazil and Uruguay: Whole-rock geochemistry, zircon geochronology and Sr-Nd-Hf isotope evidence",Manual submission,Pablo Lara; Pedro Oyhantçabal; Elena Belousova; Mathias Hueck,Journal of South American Earth Sciences
10.1016/j.jsames.2021.103605,2021,"The role of deformation-assisted by water influx on partial melting of a granite protolith, and its role in the evolution of southwestern São Francisco Craton margin, Brazil",Manual submission,Eduardo Lopes Julião; Renato Moraes; Frederico Meira Faleiros; Rafael Gonçalves da Motta; Francy Roxana Quiroz Valle; Leonardo Brenguere Leão Lopes,Journal of South American Earth Sciences
10.1016/j.jsames.2023.104502,2023,"Application of TOPSIS model in active tectonic prioritization: Madeira watershed, South America",Manual submission,Adrija Raha; Mery Biswas; Soumyajit Mukherjee,Journal of South American Earth Sciences
10.1016/j.jseaes.2019.104225,2020,Successive shifts of the India-Africa transform plate boundary during the Late Cretaceous-Paleogene interval: Implications for ophiolite emplacement along transforms,Manual submission,Mathieu Rodriguez; Philippe Huchon; Nicolas Chamot-Rooke; Marc Fournier; Matthias Delescluse; Jeroen Smit; Alexis Plunder; Gérôme Calvès; Dia Ninkabou; Manuel Pubellier; Thomas François; Philippe Agard; Christian Gorini,Journal of Asian Earth Sciences
10.1016/j.jseaes.2020.104355,2020,Distinct sources for high-K and adakitic magmatism in SE Iran,Manual submission,Monireh Kheirkhah; Iain Neill; Mark B. Allen; Mohammad H. Emami; Ali Shahraki Ghadimi,Journal of Asian Earth Sciences
10.1016/j.jseaes.2020.104599,2021,"Late Permian tectono-sedimentary setting and basin evolution in the Upper Yangtze region, South China: Implications for the formation mechanism of intra-platform depressions",Manual submission,Hanyu Huang; Dengfa He; Yingqiang Li; Di Li; Yuying Zhang; Jiajun Chen,Journal of Asian Earth Sciences
10.1016/j.jseaes.2020.104650,2021,Orthopyroxene-sillimanite granulites of the Angara-Kan block (SW Siberian craton): Constraints on timing of UHT metamorphism,Manual submission,Vasiliy Sukhorukov; Olga Turkina; Svetlana Tessalina; Cristina Talavera,Journal of Asian Earth Sciences
10.1016/j.jseaes.2021.104709,2021,Coupled detrital zircon U–Pb and Hf analysis of the Sibumasu Terrane: From Gondwana to northwest Thailand,Manual submission,Romana E.C. Dew; Alan S. Collins; Christopher K. Morley; Rosalind C. King; Noreen J. Evans; Stijn Glorie,Journal of Asian Earth Sciences
10.1016/j.jseaes.2021.104799,2021,Late Paleozoic provenance shift in the east-central Ordos Basin: Implications for the tectonic evolution of the north China Craton,Manual submission,Rong Chen; Feng Wang; Zhen Li; Noreen J. Evans; Hongde Chen; Xinshan Wei,Journal of Asian Earth Sciences
10.1016/j.jsg.2020.104137,2020,New insights on the Neogene tectonic evolution of the Aksu Basin (SE Turkey) from the Anisotropy of Magnetic Susceptibility (AMS) and paleostress data,Manual submission,Muhammad Harbi Wasoo; Murat Özkaptan; Ayten Koç,Journal of Structural Geology
10.1016/j.jvolgeores.2020.106969,2020,"Cretaceous arc volcanism of Palmer Land, Antarctic Peninsula: Zircon U-Pb geochronology, geochemistry, distribution and field relationships",Manual submission,Teal R. Riley; Michael J. Flowerdew; Alex Burton-Johnson; Philip T. Leat; Ian L. Millar; Martin J. Whitehouse,Journal of Volcanology and Geothermal Research
10.1016/j.jvolgeores.2020.107171,2021,"Zircon double-dating of Quaternary eruptions on Jeju Island, South Korea",Manual submission,Ruby C. Marsden; Martin Danišík; Ung San Ahn; Bjarne Friedrichs; Axel K. Schmitt; Christopher L. Kirkland; Bradley J. McDonald; Noreen J. Evans,Journal of Volcanology and Geothermal Research
10.1016/j.jvolgeores.2021.107180,2021,"Shallow subaqueous to emergent intra-caldera silicic volcanism of the Motuoapa Peninsula, Taupo Volcanic Zone, New Zealand – New constraints from geologic mapping, sedimentology and zircon geochronology",Manual submission,Szabolcs Kósik; Károly Németh; Martin Danišík; Jonathan N. Procter; Axel K. Schmitt; Bjarne Friedrichs; Robert B. Stewart,Journal of Volcanology and Geothermal Research
10.1016/j.landurbplan.2020.103996,2021,Sense of presence and sense of place in perceiving a 3D geovisualization for communication in urban planning – Differences introduced by prior familiarity with the place,Manual submission,Kaisa Jaalama; Nora Fagerholm; Arttu Julin; Juho-Pekka Virtanen; Mikko Maksimainen; Hannu Hyyppä,Landscape and Urban Planning
10.1016/j.margeo.2021.106543,2021,"Integrated analysis of magnetic, gravity and multichannel seismic reflection data along a transect southeast of Sri Lanka, Bay of Bengal: New constraints",Manual submission,Maria Ana Desa; M.V. Ramana,Marine Geology
10.1016/j.marpetgeo.2020.104297,2020,"Sequence stratigraphy of the ca. 1730 Ma Wollogorang Formation, McArthur Basin, Australia",Manual submission,Marcus Kunzmann; Vincent Crombez; Octavian Catuneanu; Teagan N. Blaikie; Gregor Barth; Alan S. Collins,Marine and Petroleum Geology
10.1016/j.marpetgeo.2020.104715,2021,Single-phase vs two-phase rifting: Numerical perspectives on the accommodation of extension during continental break-up,Manual submission,Megan Korchinski; Christian Teyssier; Patrice F. Rey; Donna L. Whitney; Luke Mondy,Marine and Petroleum Geology
10.1016/j.marpetgeo.2020.104805,2021,"Petrography, geochemistry and origin of South Atlantic evaporites: The Brazilian side",Manual submission,Peter Szatmari; Claudia Moré de Lima; Gabriella Fontaneta; Neilma de Melo Lima; Eveline Zambonato; Maria Rosilene Menezes; Juliana Bahniuk; Sirlene Lima Coelho; Milene Figueiredo; Claudio Pires Florencio; Rogério Gontijo,Marine and Petroleum Geology
10.1016/j.marpetgeo.2021.104898,2021,Structure and evolution of the Atlantic passive margins: A review of existing rifting models from wide-angle seismic data and kinematic reconstruction,Manual submission,Youssef Biari; Frauke Klingelhoefer; Dieter Franke; Thomas Funck; Lies Loncke; Jean-Claude Sibuet; Christophe Basile; James A. Austin; Caesar Augusto Rigoti; Mohamed Sahabi; Massinissa Benabdellouahed; Walter R. Roest,Marine and Petroleum Geology
10.1016/j.matlet.2019.126833,2020,Substructural phenomena in Cu wire bond after laser assisted manufacturing in electronic packaging,Manual submission,M.Z. Quadir; G. Singh; W.D.A. Rickard; A.S.M.A. Haseeb,Materials Letters
10.1016/j.medpal.2020.03.007,2021,Technique et soins palliatifs pédiatriques : la vision des Équipes ressources régionales en soins palliatifs pédiatriques (ERRSPP),Manual submission,Odile Noizet-Yverneau; Patricia Durand du Repaire; Elise Villermin; Guillaume Robert; Martine Gabolde; Petronela Rachieru; Nadine Cojean; Delphine Balizet; Sandra Frache,Médecine Palliative
10.1016/j.mineng.2021.107111,2021,A method for rapid estimation of processing behaviour based on ore texture,Manual submission,Anh Nguyen; Kate Tungpalan; Cathy Evans; Emmy Manlapig; John Jackson; Khoi Nguyen; Rick Valenta,Minerals Engineering
10.1016/j.nupar.2021.04.003,2021,Une hypokaliémie symptomatique induite par une consommation excessive de Coca-Cola zéro®,Manual submission,Florence Couillard; Chloé Ayroulet; Céline Roussin; Christophe Vanhecke; Julia Goossens; Hélène Combres; Kim Ly; Claire François,Nutrition Clinique et Métabolisme
10.1016/j.oregeorev.2019.103292,2020,"Multidisciplinary study of a complex magmatic system: The Savannah Ni-Cu-Co Camp, Western Australia",Manual submission,Margaux Le Vaillant; Stephen J. Barnes; David R. Mole; Marco L. Fiorentini; Crystal Laflamme; Steven W. Denyszyn; James Austin; Ben Patterson; Belinda Godel; John Hicks; Ya-Jing Mao; Antoine Neaud,Ore Geology Reviews
10.1016/j.oregeorev.2020.103406,2020,Rutile as a pathfinder for metals exploration,Manual submission,J.K. Porter; Neal J. McNaughton; Noreen J. Evans; Bradley J. McDonald,Ore Geology Reviews
10.1016/j.oregeorev.2020.103591,2020,Genesis of the Bangbu gold deposit in the southern Tibet: Evidenced from in-situ sulfur isotopes and trace element compositions of pyrite,Manual submission,Xu Zheng; Xiang Sun; Qiang Li; Heejin Jeon; Tian-Cheng Zhou,Ore Geology Reviews
10.1016/j.oregeorev.2020.103746,2020,"From magma replenishment to epithermal mineralization: Combined evidence from zircon U-Pb, (U-Th)/He and trace element data",Manual submission,Tian Ye; Wei Xi; Nuo Li; Martin Danišík,Ore Geology Reviews
10.1016/j.oregeorev.2020.103922,2021,"Ti–V magnetite stratigraphy of the Upper Zone of the Windimurra Igneous Complex, Western Australia",Manual submission,Richard L. Langford; Timothy J. Ivanic; Richard J. Arculus; Kevin J.A. Wills,Ore Geology Reviews
10.1016/j.oregeorev.2021.104101,2021,"Exhumation history and preservation of the Changjiang uranium ore field, South China, revealed by (U-Th)/He and fission track thermochronology",Manual submission,Yue Sun; Zhengle Chen; Samuel C. Boone; Fujun Zhong; Wei Tao,Ore Geology Reviews
10.1016/j.oregeorev.2021.104140,2021,"Biotite 40Ar/39Ar dating and chemical composition inform metallogenesis of Xiaoxi'nancha porphyry Au-Cu deposit, NE China",Manual submission,PengFei Shan; MingJian Cao; Fred Jourdan; Noreen J. Evans; Xin Ge; JingGui Sun; KeZhang Qin; Chao Zhao,Ore Geology Reviews
10.1016/j.oregeorev.2021.104376,2021,"Mineralization processes involved in the formation of the Jinya Carlin-type Au deposit, northwestern Guangxi, China: Evidence from in situ trace element and S isotope geochemistry of Au-bearing zoned pyrite",Manual submission,Xinhang Li; Lingan Bai; Zhiheng Yue; Baocheng Pang; Dongtian Wei,Ore Geology Reviews
10.1016/j.oregeorev.2021.104440,2021,Geological features and resource potential of deep-sea mud highly enriched in rare-earth elements in the Central Pacific Basin and the Penrhyn Basin,Manual submission,Junichiro Ohta; Kazutaka Yasukawa; Kentaro Nakamura; Koichiro Fujinaga; Koichi Iijima; Yasuhiro Kato,Ore Geology Reviews
10.1016/j.oregeorev.2021.104635,2022,Data–driven prospectivity modelling of sediment–hosted Zn–Pb mineral systems and their critical raw materials,Manual submission,Christopher J.M. Lawley; Anne E. McCafferty; Garth E. Graham; David L. Huston; Karen D. Kelley; Karol Czarnota; Suzanne Paradis; Jan M. Peter; Nathan Hayward; Mike Barlow; Poul Emsbo; Joshua Coyan; Carma A. San Juan; Michael G. Gadd,Ore Geology Reviews
10.1016/j.palaeo.2019.109543,2020,Pacing of the latest Ordovician and Silurian carbon cycle by a ~4.5 Myr orbital cycle,Manual submission,Adam D. Sproson,"Palaeogeography, Palaeoclimatology, Palaeoecology"
10.1016/j.palaeo.2020.110029,2020,"Spatio-temporal distribution of Leclercqia (Lycopsida), with its new discovery from the Middle to Upper devonian of Yunnan, South China",Manual submission,Hong-He Xu; Yao Wang; Yan-Sen Chen; Pu Huang; Xiao-Le Zhang; Yi Wang; Li Qiao; Jian-Feng Lu,"Palaeogeography, Palaeoclimatology, Palaeoecology"
10.1016/j.palaeo.2020.110103,2021,"The birth and demise of the vast epicontinental Permian Irati-Whitehill sea: Evidence from organic geochemistry, geochronology, and paleogeography",Manual submission,Lucas Pinto Heckert Bastos; René Rodrigues; Egberto Pereira; Sergio Bergamaschi; Carmen Lucia Ferreira Alferes; Lars Eivind Augland; Mathew Domeier; Sverre Planke; Henrik Hovland Svensen,"Palaeogeography, Palaeoclimatology, Palaeoecology"
10.1016/j.palaeo.2021.110306,2021,Evolutionary trends of body size and hypsodonty in notoungulates and their probable drivers,Manual submission,Andrés Solórzano; Mónica Núñez-Flores,"Palaeogeography, Palaeoclimatology, Palaeoecology"
10.1016/j.palaeo.2021.110361,2021,Quantifying the middle–late Cambrian trilobite diversity pattern in South China,Manual submission,Shu-han Zhang; Jun-xuan Fan; Chad A. Morgan; Charles M. Henderson; Shu-zhong Shen,"Palaeogeography, Palaeoclimatology, Palaeoecology"
10.1016/j.palaeo.2021.110432,2021,"Climate and biotic evolution during the Permian-Triassic transition in the temperate Northern Hemisphere, Kuznetsk Basin, Siberia, Russia",Manual submission,V.I. Davydov; E.V. Karasev; N.G. Nurgalieva; M.D. Schmitz; I.V. Budnikov; A.S. Biakov; D.M. Kuzina; V.V. Silantiev; M.N. Urazaeva; V.V. Zharinova; S.O. Zorina; B. Gareev; D.V. Vasilenko,"Palaeogeography, Palaeoclimatology, Palaeoecology"
10.1016/j.palaeo.2021.110501,2021,Middle Miocene tropical oligotrophic lagoon deposit sheds light on the origin of the Western Australian coral reef province,Manual submission,Rosine Riera; Julien Bourget; Eckart Håkansson; Victorien Paumard; Moyra E.J. Wilson,"Palaeogeography, Palaeoclimatology, Palaeoecology"
10.1016/j.palaeo.2021.110511,2021,Impacts of the Middle Miocene Climatic Transition on deep-water carbonate preservation and oxygenation in the equatorial Indian Ocean,Manual submission,Karlos G.D. Kochhann; Wolfgang Kuhnt; Ann E. Holbourn; Yoichi Usui; Julia Lübbers; Sebastian Beil; Nils Andersen,"Palaeogeography, Palaeoclimatology, Palaeoecology"
10.1016/j.palaeo.2021.110539,2021,"Paleoclimate and paleoenvironment reconstruction of paleosols spanning the Lower to Upper Cretaceous from the Rukwa Rift Basin, Tanzania",Manual submission,Theresa J. Orr; Eric M. Roberts; Christopher M. Wurster; Cassy Mtelela; Nancy J. Stevens; Patrick M. O'Connor,"Palaeogeography, Palaeoclimatology, Palaeoecology"
10.1016/j.palaeo.2021.110821,2022,Location of the Lhasa terrane in the Late Cretaceous and its implications for crustal deformation,Manual submission,Yiming Ma; Qiang Wang; Tianshui Yang; Quan Ou; Xiuzheng Zhang; Wei Dan; Shihong Zhang; Huaichun Wu; Haiyan Li; Liwan Cao; Jun Wang; Di Zou; Huapei Wang,"Palaeogeography, Palaeoclimatology, Palaeoecology"
10.1016/j.palaeo.2022.110840,2022,"The Eocene carbonate platform of the central-western Malaguides (Internal Betic Zone, S Spain) and its meaning for the Cenozoic paleogeography of the westermost Tethys",Manual submission,Josep Tosquella; Manuel Martín-Martín; Francesco Guerrera; Francisco Serrano; Mario Tramontana,"Palaeogeography, Palaeoclimatology, Palaeoecology"
10.1016/j.pepi.2020.106544,2020,High-resolution 3-D S-velocity structure in the D″ region at the western margin of the Pacific LLSVP: Evidence for small-scale plumes and paleoslabs,Manual submission,Yuki Suzuki; Kenji Kawai; Robert J. Geller; Satoru Tanaka; Weerachai Siripunvaraporn; Songkhun Boonchaisuk; Sutthipong Noisagool; Yasushi Ishihara; Taewoon Kim,Physics of the Earth and Planetary Interiors
10.1016/j.pepi.2020.106637,2021,Stress recovery for the particle-in-cell finite element method,Manual submission,Haibin Yang; Louis N. Moresi; John Mansour,Physics of the Earth and Planetary Interiors
10.1016/j.pepi.2021.106751,2021,Imaging paleoslabs and inferring the Clapeyron slope in D″ beneath the northern Pacific based on high-resolution inversion of seismic waveforms for 3-D transversely isotropic structure,Manual submission,Yuki Suzuki; Kenji Kawai; Robert J. Geller,Physics of the Earth and Planetary Interiors
10.1016/j.petrol.2020.107933,2021,Automated lithology classification from drill core images using convolutional neural networks,Manual submission,Fatimah Alzubaidi; Peyman Mostaghimi; Pawel Swietojanski; Stuart R. Clark; Ryan T. Armstrong,Journal of Petroleum Science and Engineering
10.1016/j.petrol.2021.109347,2022,"Integrated sedimentary and high-resolution mineralogical characterisation of Ordovician shale from Canning Basin, Western Australia: Implications for facies heterogeneity evaluation",Manual submission,Muhammad Atif Iqbal; Reza Rezaee; Carsten Laukamp; Bobby Pejcic; Gregory Smith,Journal of Petroleum Science and Engineering
10.1016/j.petrol.2021.109471,2022,Automatic fracture detection and characterization from unwrapped drill-core images using mask R–CNN,Manual submission,Fatimah Alzubaidi; Patrick Makuluni; Stuart R. Clark; Jan Erik Lie; Peyman Mostaghimi; Ryan T. Armstrong,Journal of Petroleum Science and Engineering
10.1016/j.polar.2021.100689,2021,"Locating the Indo-Antarctica suture – Correlating the Rengali, Rauer and Ruker terranes in Gondwana",Manual submission,Saibal Gupta; Sandro Chatterjee; Devsamridhi Arora; Subham Bose; Ritabrata Dobe,Polar Science
10.1016/j.powtec.2020.11.006,2021,Multi-scale mechanics of sand based on FEM-DEM coupling method,Manual submission,Qian Zhou; Wen-Jie Xu; Retief Lubbe,Powder Technology
10.1016/j.precamres.2019.04.015,2020,"Geochronological constrains on the timing of magmatism, deformation and mineralization at the Karouni orogenic gold deposit: Guyana, South America",Manual submission,M.T. Tedeschi; S.G. Hagemann; A.I.S. Kemp; C.L. Kirkland; T.R. Ireland,Precambrian Research
10.1016/j.precamres.2019.105494,2020,"Geochronological and palaeomagnetic investigation of the Madiyi Formation, lower Banxi Group, South China: Implications for Rodinia reconstruction",Manual submission,Hanbiao Xian; Shihong Zhang; Haiyan Li; Tianshui Yang; Huaichun Wu,Precambrian Research
10.1016/j.precamres.2019.105535,2020,"Episodic mafic magmatism in the Eyre Peninsula: Defining syn- and post-depositional BIF environments for iron deposits in the Middleback Ranges, South Australia",Manual submission,William Keyser; Cristiana L. Ciobanu; Nigel J. Cook; Benjamin P. Wade; Allen Kennedy; Alkiviadis Kontonikas-Charos; Kathy Ehrig; Holly Feltus; Geoff Johnson,Precambrian Research
10.1016/j.precamres.2019.105553,2020,"Neoproterozoic geodynamic evolution of easternmost Kalahari: Constraints from U-Pb-Hf-O zircon, Sm-Nd isotope and geochemical data from the Schirmacher Oasis, East Antarctica",Manual submission,J. Jacobs; E. Mikhalsky; F. Henjes-Kunst; A. Läufer; R.J. Thomas; M.A. Elburg; C.-C. Wang; S. Estrada; S. Skublov,Precambrian Research
10.1016/j.precamres.2020.105615,2020,"Mesoarchean partial melting of mafic crust and tonalite production during high-T–low-P stagnant tectonism, Akia Terrane, West Greenland",Manual submission,C. Yakymchuk; C.L. Kirkland; J.A. Hollis; J. Kendrick; N.J. Gardiner; K. Szilas,Precambrian Research
10.1016/j.precamres.2020.105625,2020,"Two distinct crustal sources for Late Neoproterozoic granitic magmatism across the Sierra Ballena Shear Zone, Dom Feliciano Belt, Uruguay: Whole-rock geochemistry, zircon geochronology and Sr-Nd-Hf isotope evidence",Manual submission,Pablo Lara; Pedro Oyhantçabal; Elena Belousova,Precambrian Research
10.1016/j.precamres.2020.105653,2020,Zircon fingerprint of the Neoproterozoic North Atlantic: Perspectives from East Greenland,Manual submission,Hugo K.H. Olierook; Milo Barham; Christopher L. Kirkland; Julie Hollis; Anna Vass,Precambrian Research
10.1016/j.precamres.2020.105654,2020,A 2058 Ma paleopole for the Kaapvaal Craton: Implications for late Rhyacian plate motion and duration of the Bushveld Complex,Manual submission,H. Wabo; M.O. de Kock; G. Belyanin,Precambrian Research
10.1016/j.precamres.2020.105772,2020,"Compositional modification and trace element decoupling in rutile: Insight from the Capricorn Orogen, Western Australia",Manual submission,Andrea Agangi; Diana Plavsa; Steve M. Reddy; Hugo Olierook; Andrew Kylander-Clark,Precambrian Research
10.1016/j.precamres.2020.105847,2020,Lithostratigraphic evolution of the Bandamian Volcanic Cycle in central Côte d’Ivoire: Insights into the late Eburnean magmatic resurgence and its geodynamic implications,Manual submission,Nicolas Mériaud; Nicolas Thébaud; Quentin Masurel; Patrick Hayman; Mark Jessell; Anthony Kemp; Noreen J. Evans; Christopher M. Fisher; Peter M. Scott,Precambrian Research
10.1016/j.precamres.2020.105849,2020,Neoproterozoic geochronology and provenance of the Adelaide Superbasin,Manual submission,Jarred C. Lloyd; Morgan L. Blades; John W. Counts; Alan S. Collins; Kathryn J. Amos; Benjamin P. Wade; James W. Hall; Stephen Hore; Ashleigh L. Ball; Sameh Shahin; Matthew Drabsch,Precambrian Research
10.1016/j.precamres.2020.105944,2020,"Tonian island arc remnants in the northern Ribeira orogen of Western Gondwana: The Caxixe batholith (Espírito Santo, SE Brazil)",Manual submission,Raíssa Santiago; Fabrício de Andrade Caxito; Antonio Pedrosa-Soares; Mirna Aparecida Neves; Elton Luiz Dantas,Precambrian Research
10.1016/j.precamres.2020.105954,2020,Structural style of buried Ediacaran basins in Saudi Arabia on seismic reflection data,Manual submission,S.A. Stewart,Precambrian Research
10.1016/j.precamres.2020.105958,2021,"The Mesoarchaean Akia terrane, West Greenland, revisited: New insights based on spatial integration of geophysics, field observation, geochemistry and geochronology",Manual submission,Agnete Steenfelt; Julie Hollis; Christopher L. Kirkland; Alessandro Sandrin; Nicholas J. Gardiner; Hugo K. H. Olierook; Kristoffer Szilas; Pedro Waterton; Chris Yakymchuk,Precambrian Research
10.1016/j.precamres.2020.106001,2021,Eoarchean rock association in the Dniester-Bouh Domain of the Ukrainian Shield: A suite of LILE-depleted enderbites and mafic granulites,Manual submission,Leonid Shumlyanskyy; Simon A. Wilde; Alexander A. Nemchin; Stefan Claesson; Kjell Billström; Bogusław Bagiński,Precambrian Research
10.1016/j.precamres.2020.106039,2021,New constraints for paleogeographic reconstructions at ca. 1.88 Ga from geochronology and paleomagnetism of the Carajás dyke swarm (eastern Amazonia),Manual submission,P.Y.J. Antonio; M.S. D'Agrella-Filho; A. Nédélec; M. Poujol; C. Sanchez; E.L. Dantas; R. Dall'Agnol; M.F.B. Teixeira; A. Proietti; C.I. Martínez Dopico; D.C. Oliveira; F.F. Silva; B. Marangoanha; R.I.F. Trindade,Precambrian Research
10.1016/j.precamres.2020.106049,2021,Evidence of the latest Paleoproterozoic (~1615 Ma) mafic magmatism the southern Siberia: Extensional environments in Nuna supercontinent,Manual submission,D.P. Gladkochub; T.V. Donskaya; S.A. Pisarevsky; E.B. Salnikova; A.M. Mazukabzov; A.B. Kotov; Z.L. Motova; A.V. Stepanova; V.P. Kovach,Precambrian Research
10.1016/j.precamres.2021.106182,2021,"Geologic-tectonic setting of the gold-endowed Kilo Terrane in the eastern Central Kibalian Superterrane, northeastern Democratic Republic of Congo",Manual submission,J.M. Kabete; N.J. McNaughton; A. Bashizi; B. Kiza,Precambrian Research
10.1016/j.precamres.2021.106190,2021,The nature of the southern West African craton lithosphere inferred from its electrical resistivity,Manual submission,F. Le Pape; A.G. Jones; M.W. Jessell; C. Hogg; L. Siebenaller; S. Perrouty; A. Touré; P. Ouiya; G. Boren,Precambrian Research
10.1016/j.precamres.2021.106222,2021,"Recovering P–T–t paths from ultra-high temperature (UHT) felsic orthogneiss: An example from the Southern Brasília Orogen, Brazil",Manual submission,Rafael G. Motta; Ian C.W. Fitzsimons; Renato Moraes; Tim E. Johnson; Sheila Schuindt; Beatriz Y. Benetti,Precambrian Research
10.1016/j.precamres.2021.106243,2021,New high-quality paleomagnetic data from the Borborema Province (NE Brazil): Refinement of the APW path of Gondwana in the Early Cambrian,Manual submission,Paul Yves Jean Antonio; Ricardo Ivan Ferreira Trindade; Bruno Giacomini; Daniele Brandt; Eric Tohver,Precambrian Research
10.1016/j.precamres.2021.106251,2021,Transcurrent displacement of the Cadomian magmatic arc,Manual submission,Antonio Azor; David Martínez Poyatos; Cristina Accotto; Fernando Simancas; Francisco González Lodeiro; Cristina Talavera; Noreen J. Evans,Precambrian Research
10.1016/j.precamres.2021.106310,2021,Evidence of magmatism and rifting in the southern superior craton from the Temagami geophysical anomaly,Manual submission,Ademola Q. Adetunji; Ian J. Ferguson; Rajesh Vayavur; Saeid Cheraghi; Mostafa Naghizadeh; Wesley Whymark; Richard S. Smith; John Ayer; James A. Craven,Precambrian Research
10.1016/j.precamres.2021.106324,2021,"Tectonic switches recorded in a Paleoproterozoic accretionary orogen in the Alta Floresta Mineral Province, southern Amazonian Craton",Manual submission,Veronica G. Trevisan; Steffen G. Hagemann; Robert R. Loucks; Roberto P. Xavier; João G. Motta; Luis A. Parra-Avila; Andreas Petersson; Jian-Feng Gao; Anthony I.S. Kemp; Rafael R. Assis,Precambrian Research
10.1016/j.precamres.2021.106362,2021,"Geochemical classification of Palaeoproterozoic oceanic volcanic front and backarc basin remnants of the Granites-Tanami Orogen, Australia",Manual submission,Susanne Schmid; James Davis; Noreen J. Evans,Precambrian Research
10.1016/j.precamres.2021.106366,2021,Systematics of detrital zircon U–Pb ages from Cambrian–Lower Devonian rocks of northern Morocco with implications for the northern Gondwanan passive margin,Manual submission,Cristina Accotto; David Martínez Poyatos; Antonio Azor; Cristina Talavera; Noreen J. Evans; Antonio Jabaloy–Sánchez; Abdelfatah Tahiri; Hassan El Hadi; Ali Azdimousa,Precambrian Research
10.1016/j.precamres.2021.106406,2021,Paleomagnetic studies of rapakivi complexes in the Fennoscandian shield – Implications to the origin of Proterozoic massif-type anorthosite magmatism,Manual submission,Johanna Salminen; Sten-Åke Elming; Satu Mertanen; Chong Wang; Bjarne Almqvist; Mohsen Oveisy Moakhar,Precambrian Research
10.1016/j.precamres.2021.106411,2021,Low paleolatitude of the Carajás Basin at ∼2.75 Ga: Paleomagnetic evidence from basaltic flows in Amazonia,Manual submission,Pedro L.G. Martins; Catarina L.B. Toledo; Adalene M. Silva; Paul Y.J. Antonio; Farid Chemale; Luciano M. Assis; Ricardo I.F. Trindade,Precambrian Research
10.1016/j.precamres.2021.106444,2021,Revisiting mafic dykes of Bornholm – Implications for Baltica in supercontinent Nuna at 1.3 Ga,Manual submission,Toni Luoto; Johanna Salminen; Karsten Obst,Precambrian Research
10.1016/j.precamres.2021.106445,2021,"Detrital zircon U–Pb and Hf signatures of Paleo-Mesoproterozoic strata in the Priest River region, northwestern USA: A record of Laurentia assembly and Nuna tenure",Manual submission,Daniel T. Brennan; J. Brian Mahoney; Zheng-Xiang Li; Paul K. Link; Noreen J. Evans; Tim E. Johnson,Precambrian Research
10.1016/j.precamres.2022.106557,2022,1.79–1.75 Ga mafic magmatism of the Siberian craton and late Paleoproterozoic paleogeography,Manual submission,D.P. Gladkochub; T.V. Donskaya; S.A. Pisarevsky; R.E. Ernst; U. Söderlund; A.B. Kotov; V.P. Kovach; A.V. Okrugin,Precambrian Research
10.1016/j.quageo.2020.101129,2021,Sequence modeling in zircon double-dating of early Holocene Mt. Erciyes domes (Central Anatolia),Manual submission,Bjarne Friedrichs; Gokhan Atıcı; Martin Danišík; Esra Yurteri; Axel K. Schmitt,Quaternary Geochronology
10.1016/j.revpalbo.2020.104188,2020,"Palynology of the Cenomanian to lowermost Campanian (Upper Cretaceous) Chalk of the Trunch Borehole (Norfolk, UK) and a new dinoflagellate cyst bioevent stratigraphy for NW Europe",Manual submission,Martin A. Pearce; Ian Jarvis; Philip J. Ball; Jiří Laurin,Review of Palaeobotany and Palynology
10.1016/j.revpalbo.2020.104212,2020,"Revision of the Cambro-Ordovician acritarch genus Vulcanisphaera Deunff, 1961",Manual submission,David M. Kroeck; Mathilde Blanchon; Axelle Zacaï; Navid Navidi-Izad; Houcine B. Benachour; Claude Monnet; Elena Raevskaya; Zbigniew Szczepanik; Thomas Servais,Review of Palaeobotany and Palynology
10.1016/j.revpalbo.2020.104375,2021,"Biostratigraphy and paleogeography of Middle-Late Ordovician palynomorphs from the Llanos Basin, Colombia",Manual submission,Claudia V. Rubinstein; María C. Vargas; Felipe de la Parra; Gareth M.G. Hughes,Review of Palaeobotany and Palynology
10.1016/j.revpalbo.2021.104473,2021,"On the discovery of Gilboaphyton (Lycopsida) from the Upper Devonian of East Junggar, Xinjiang, and its global distribution",Manual submission,Bing-Cai Liu; Jiao Bai; Yao Wang; Ning Yang; Hong-He Xu,Review of Palaeobotany and Palynology
10.1016/j.revpalbo.2021.104521,2021,The South American and Antarctic Peninsula fossil record of Salviniales (water ferns): Its implication for understanding their evolution and past distribution,Manual submission,Facundo De Benedetti; María C. Zamaloa; María A. Gandolfo; Néstor R. Cúneo,Review of Palaeobotany and Palynology
10.1016/j.sedgeo.2020.105818,2021,Upper Cretaceous to Palaeogene successions of the Gouaro anticline: Deepwater sedimentary records of the tectonic events that led to obduction in New Caledonia (SW Pacific),Manual submission,Aurélien Bordenave; Samuel Etienne; Julien Collot; Philippe Razin; Martin Patriat; Carine Grélaud; Claudia Agnini; Hugh Morgans; Flora Guillemaut; Armand Moreau,Sedimentary Geology
10.1016/j.sedgeo.2023.106483,2023,Chad's cabinet of icy curiosities: Sharpening the interpretation of subglacial and ice marginal environments during the LPIA glaciation of the Ennedi Plateau,Manual submission,Ricarda Wohlschlägl; Christoph Kettler; Daniel Paul Le Heron; András Zboray,Sedimentary Geology
10.1016/j.tecto.2019.228297,2020,Seismic evidence links the subducted Mongol-Okhotsk slab to deformation in D″ near the northeastern margin of the Perm Anomaly,Manual submission,Juntao Tao; Jinfeng Hu; Cong Jin; Xiaobo He,Tectonophysics
10.1016/j.tecto.2019.228298,2020,Cretaceous intracontinental rifting at the southern Chatham Rise margin and initialisation of seafloor spreading between Zealandia and Antarctica,Manual submission,Florian Riefstahl; Karsten Gohl; Bryan Davy; Kaj Hoernle; Nick Mortimer; Christian Timm; Reinhard Werner; Katharina Hochmuth,Tectonophysics
10.1016/j.tecto.2020.228323,2020,Caribbean intra-plate deformation: Paleomagnetic evidence from St. Barthélemy Island for post-Oligocene rotation in the Lesser Antilles forearc,Manual submission,Mélody Philippon; Douwe J.J. van Hinsbergen; Lydian M. Boschman; Lidewij A.W. Gossink; Jean-Jacques Cornée; Marcelle BouDagher-Fadel; Jean-Len Léticée; Jean-Frederic Lebrun; Philippe Munch,Tectonophysics
10.1016/j.tecto.2020.228375,2020,Regional-scale polydiapirism predating the Neoarchean Yilgarn Orogeny,Manual submission,I. Zibra; Y. Lu; F. Clos; R.F. Weinberg; M. Peternell; M.T.D. Wingate; M. Prause; M. Schiller; R. Tilhac,Tectonophysics
10.1016/j.tecto.2020.228400,2020,Sandstone provenance analysis in Longyan supports the existence of a Late Paleozoic continental arc in South China,Manual submission,Chao Li; Xiumian Hu; Jiangang Wang; Pieter Vermeesch; Eduardo Garzanti,Tectonophysics
10.1016/j.tecto.2020.228471,2020,The Kefalonia Transform Fault: A STEP fault in the making,Manual submission,Ali Değer Özbakır; Rob Govers; Andreas Fichtner,Tectonophysics
10.1016/j.tecto.2020.228476,2020,Possible tectonic patterns along the eastern margin of Gondwanaland from numerical studies of mantle convection,Manual submission,Masaki Yoshida; Saneatsu Saito; Kazunori Yoshizawa,Tectonophysics
10.1016/j.tecto.2020.228537,2020,Investigating the role of the Galicia Bank on the formation of the North West Iberian margin using deformable plate tectonic models,Manual submission,Michael T. King; J. Kim Welford; Alexander L. Peace,Tectonophysics
10.1016/j.tecto.2020.228560,2020,"Lithospheric architecture of a Phanerozoic orogen from magnetotellurics: AusLAMP in the Tasmanides, southeast Australia",Manual submission,Alison Louise Kirkby; Robert J. Musgrave; Karol Czarnota; Michael P. Doublier; Jingming Duan; Ross A. Cayley; Darren Kyi,Tectonophysics
10.1016/j.tecto.2020.228662,2020,Passive seismic imaging of a craton edge – Central Australia,Manual submission,Shasha Liang; Brian L.N. Kennett,Tectonophysics
10.1016/j.tecto.2020.228716,2021,Controls of subducting slab dip and age on the extensional versus compressional deformation in the overriding plate,Manual submission,Ritabrata Dasgupta; Nibir Mandal; Changyeol Lee,Tectonophysics
10.1016/j.tecto.2021.228789,2021,"Baddeleyite Pb Pb geochronology and paleomagnetic poles for ~1.89–1.86 Ga mafic intrusions from the Dharwar craton, India, and their paleogeographic implications",Manual submission,V. Parashuramulu; Ravi Shankar; D. Srinivasa Sarma; E. Nagaraju; N. Ramesh Babu,Tectonophysics
10.1016/j.tecto.2021.228809,2021,"Investigating the Porcupine Atlantic margin, offshore Ireland, through integration of new seismic reflection and gravity data",Manual submission,Pei Yang; J. Kim Welford,Tectonophysics
10.1016/j.tecto.2021.228856,2021,The thermo-tectonic evolution of the actively exhuming Mai'iu Fault footwall – Suckling-Dayman metamorphic core complex – in the Woodlark Rift of Papua New Guinea,Manual submission,J.E. Österle; D. Seward; D.F. Stockli; T.A. Little; J.S. Rooney; S.M. Gordon; E. Smith; K.C. Gordon,Tectonophysics
10.1016/j.tecto.2021.228866,2021,Geodynamic modeling on the formation mechanism of Linxi Basin: New constraints on the closure time of the Paleo-Asian Ocean,Manual submission,Liang Qi; Nan Zhang; Bei Xu; Zhiwei Wang,Tectonophysics
10.1016/j.tecto.2021.228950,2021,Formation of oroclines by buckling continental ribbons: Fact or fiction?,Manual submission,Troy Smith; Gideon Rosenbaum; Lutz Gross,Tectonophysics
10.1016/j.tecto.2021.229108,2021,"Morphotectonic signatures and revised timing of opening of the Andaman Backarc Basin, Northeast Indian Ocean",Manual submission,V. Yatheesh; K.K. Aswini; K.A. Kamesh Raju; J. John Savio; Amol Gawas; Pawan Dewangan,Tectonophysics
10.1016/j.tecto.2023.229998,2023,"Low-temperature thermochronology of Ryoke belt granitoids, SW Japan: New insights into the recent cooling history from monazite fission-track dating",Manual submission,Sean Jones; Barry Kohn; Andrew Gleadow; Etienne Skrzypek; Takahiro Tagami,Tectonophysics
10.1017/jpa.2021.19,2021,Middle Ordovician linguliformean microbrachiopods from western Argentina: new data and biogeographic implications,Manual submission,Fernando J. Lavié; Ana I. Mestre; Marcelo G. Carrera,Journal of Paleontology
10.1017/pab.2020.44,2021,Spatial scaling of beta diversity in the shallow-marine fossil record,Manual submission,Tom M. Womack; James S. Crampton; Michael J. Hannah,Paleobiology
10.1017/pab.2020.52,2021,The effects of geographic range size and abundance on extinction during a time of “sluggish”’ evolution,Manual submission,Michelle M. Casey; Erin E. Saupe; Bruce S. Lieberman,Paleobiology
10.1017/pab.2022.1,2022,Machine learning identifies ecological selectivity patterns across the end-Permian mass extinction,Manual submission,William J. Foster; Georgy Ayzel; Jannes Münchmeyer; Tabea Rettelbach; Niklas H. Kitzmann; Terry T. Isson; Maria Mutti; Martin Aberhan,Paleobiology
10.1017/s0016756820000400,2021,"Late Jurassic Changmar Complex from the Shyok ophiolite, NW Himalaya: a prelude to the Ladakh Arc",Manual submission,Wanchese M. Saktura; Solomon Buckman; Allen P. Nutman; Vickie C. Bennett,Geological Magazine
10.1017/s0016756820001375,2021,Disaster microconchids from the uppermost Permian and Lower Triassic lacustrine strata of the Cis-Urals and the Tunguska and Kuznetsk basins (Russia),Manual submission,Dmitry E. Shcherbakov; Olev Vinn; Andrey Yu. Zhuravlev,Geological Magazine
10.1017/s0016756821000145,2021,Every zircon deserves a date: selection bias in detrital geochronology,Manual submission,Maximilian Dröllner; Milo Barham; Christopher L. Kirkland; Bryant Ware,Geological Magazine
10.1017/s001675682100025x,2021,"U–Pb and Hf isotope study of detrital zircon and Cr-spinel in the Banavara quartzite and implications for the evolution of the Dharwar Craton, south India",Manual submission,Bidyananda Maibam; Davide Lenaz; Stephen Foley; Jasper Berndt; Elena Belousova; Monica Wangjam; Jitendra N. Goswami; Argyrios Kapsiotis,Geological Magazine
10.1017/s0016756821000534,2021,"Beyond ‘crumple zones’: recent advances, applications and future directions in deformable plate tectonic modelling",Manual submission,Alexander L Peace,Geological Magazine
10.1017/s0954102019000403,2020,The Bunger Hills: 60 years of geological and geophysical research,Manual submission,Naomi M. Tucker; Martin Hand; Chris Clark,Antarctic Science
10.1021/acs.energyfuels.0c00874,2020,Overview of Asphaltene Nanostructures and Thermodynamic Applications,Manual submission,Bruno Schuler; Yunlong Zhang; Fang Liu; Andrew E. Pomerantz; A. Ballard Andrews; Leo Gross; Vincent Pauchard; Sanjoy Banerjee; Oliver C. Mullins,Energy &amp; Fuels
10.1021/acs.energyfuels.0c03751,2021,Investigation of Island/Single-Core- and Archipelago/Multicore-Enriched Asphaltenes and Their Solubility Fractions by Thermal Analysis Coupled with High-Resolution Fourier Transform Ion Cyclotron Resonance Mass Spectrometry,Manual submission,Anika Neumann; Martha Liliana Chacón-Patiño; Ryan P. Rodgers; Christopher P. Rüger; Ralf Zimmermann,Energy &amp; Fuels
10.1021/acs.energyfuels.9b04311,2020,Effect of the Fluid–Shale Interaction on Salinity: Implications for High-Salinity Flowback Water during Hydraulic Fracturing in Shales,Manual submission,Lingping Zeng; Nathan Reid; Yunhu Lu; Md Mofazzal Hossain; Ali Saeedi; Quan Xie,Energy &amp; Fuels
10.1021/acscatal.9b05273,2020,Understanding of the Oxidation Behavior of Benzyl Alcohol by Peroxymonosulfate via Carbon Nanotubes Activation,Manual submission,Jiaquan Li; Mengting Li; Hongqi Sun; Zhimin Ao; Shaobin Wang; Shaomin Liu,ACS Catalysis
10.1029/2018tc005372,2020,"Kinematic Analyses and Radiometric Dating of the Large‐Scale Paleogene Two‐Phase Faulting Along the Median Tectonic Line, Southwest Japan",Manual submission,Y. Kubota; T. Takeshita; K. Yagi; T. Itaya,Tectonics
10.1029/2019ea000989,2020,Deconstructing Tectonics: Ten Animated Explorations,Manual submission,Christopher R. Scotese; Ben A. van der Pluijm,Earth and Space Science
10.1029/2019gc008799,2020,Improving Mass Conservation With the Tracer Ratio Method: Application to Thermochemical Mantle Flows,Manual submission,S. J. Trim; J. P. Lowman; S. L. Butler,"Geochemistry, Geophysics, Geosystems"
10.1029/2019gc008869,2020,Pulsated Global Hydrogen and Methane Flux at Mid‐Ocean Ridges Driven by Pangea Breakup,Manual submission,Andrew S. Merdith; Pablo García del Real; Isabelle Daniel; Muriel Andreani; Nicky M. Wright; Nicolas Coltice,"Geochemistry, Geophysics, Geosystems"
10.1029/2019jb018034,2020,Present‐Day Vertical Land Motion of Australia From GPS Observations and Geophysical Models,Manual submission,Anna R. Riddell; Matt A. King; Christopher S. Watson,Journal of Geophysical Research: Solid Earth
10.1029/2019jb018204,2020,Interpreting the Subsurface Lithofacies at High Lithological Resolution by Integrating Information From Well‐Log Data and Rock‐Core Digital Images,Manual submission,Jina Jeong; Eungyu Park; Irina Emelyanova; Marina Pervukhina; Lionel Esteban; Seong‐Taek Yun,Journal of Geophysical Research: Solid Earth
10.1029/2019jb018225,2020,The Tectonic “Umbilical Cord” Linking India and Sri Lanka and the Tale of their Failed Rift,Manual submission,R. T. Ratheesh‐Kumar; P. L. Dharmapriya; B. F. Windley; W. J. Xiao; U. Jeevan,Journal of Geophysical Research: Solid Earth
10.1029/2019jb018460,2020,Neotethyan Subduction Ignited the Iran Arc and Backarc Differently,Manual submission,H. Shafaii Moghadam; Q. L. Li; X. H. Li; R. J. Stern; G. Levresse; J. F. Santos; M. Lopez Martinez; M. N. Ducea; G. Ghorbani; A. Hassannezhad,Journal of Geophysical Research: Solid Earth
10.1029/2019jb018848,2020,Seismic Event Coda‐Correlation: Toward Global Coda‐Correlation Tomography,Manual submission,Sheng Wang; Hrvoje Tkalčić,Journal of Geophysical Research: Solid Earth
10.1029/2019jb019001,2020,Tarim Large Igneous Province Caused by a Wide and Wet Mantle Plume,Manual submission,Hao Liu; Wei Leng,Journal of Geophysical Research: Solid Earth
10.1029/2019jb019005,2020,The 1.24–1.21 Ga Licheng Large Igneous Province in the North China Craton: Implications for Paleogeographic Reconstruction,Manual submission,Chong Wang; Peng Peng; Zheng‐Xiang Li; Sergei Pisarevsky; Steven Denyszyn; Yebo Liu; Hamed Gamal El Dien; Xiangdong Su,Journal of Geophysical Research: Solid Earth
10.1029/2019jb019111,2020,An Absolute Paleogeographic Positioning of the Early Permian Tarim Large Igneous Province,Manual submission,Bitian Wei; Xingfeng Yang; Xin Cheng; Mathew Domeier; Hanning Wu; Vadim A. Kravchinsky; Yanan Zhou; Nan Jiang; Yiying Wu; Feifei Huo; Weijie Zhang; Yichen Zhang; Ruiqi Shao,Journal of Geophysical Research: Solid Earth
10.1029/2019jb019114,2020,New Middle–Late Permian Paleomagnetic and Geochronological Results From Inner Mongolia and their Paleogeographic Implications,Manual submission,Qiang Ren; Shihong Zhang; Yangjun Gao; Hanqing Zhao; Huaichun Wu; Tianshui Yang; Haiyan Li,Journal of Geophysical Research: Solid Earth
10.1029/2019jb019260,2020,Late Paleoproterozoic to Early Mesoproterozoic Mafic Magmatism in the SW Yangtze Block: Mantle Plumes Associated With Nuna Breakup?,Manual submission,Gui‐Mei Lu; Wei Wang; Peter A. Cawood; Richard E. Ernst; Massimo Raveggi; Si‐Fang Huang; Er‐Kun Xue,Journal of Geophysical Research: Solid Earth
10.1029/2019jb019314,2020,Broadband Finite Frequency Ambient Noise Tomography: A Case Study in the Western United States Using USArray Stations,Manual submission,Kaifeng Zhao; Yingjie Yang; Yinhe Luo,Journal of Geophysical Research: Solid Earth
10.1029/2019tc005593,2020,"The Relationship Between Crustal Architecture, Deformation, and Magmatism in the Coompana Province, Australia",Manual submission,M. J. Pawley; R. A. Dutch; T. W. Wise,Tectonics
10.1029/2019tc005804,2021,"India‐Elan Bank‐East Antarctica Breakup, Crustal Architecture, and Margin Evolution: Results From Constrained Potential Field and Process‐Oriented Gravity Modeling of Conjugate Margin Segments",Manual submission,G. Srinivasa Rao; M. Radhakrishna,Tectonics
10.1029/2020gc009142,2020,"An Early Neogene—Early Quaternary Contourite Drift System on the SW Barents Sea Continental Margin, Norwegian Arctic",Manual submission,T. A. Rydningen; G. V. Høgseth; A. P. E. Lasabuda; J. S. Laberg; P. A. Safronova; M. Forwick,"Geochemistry, Geophysics, Geosystems"
10.1029/2020gc009214,2020,A Global Data Set of Present‐Day Oceanic Crustal Age and Seafloor Spreading Parameters,Manual submission,Maria Seton; R. Dietmar Müller; Sabin Zahirovic; Simon Williams; Nicky M. Wright; John Cannon; Joanne M. Whittaker; Kara J. Matthews; Rebecca McGirr,"Geochemistry, Geophysics, Geosystems"
10.1029/2020gc009286,2020,Constraining Mantle Viscosity Structure From a Statistical Analysis of Slab Stagnation Events,Manual submission,Yongming Wang; Mingming Li,"Geochemistry, Geophysics, Geosystems"
10.1029/2020gc009390,2021,"Late Cretaceous Ridge Reorganization, Microplate Formation, and the Evolution of the Rio Grande Rise – Walvis Ridge Hot Spot Twins, South Atlantic Ocean",Manual submission,William W. Sager; Sriharsha Thoram; Daniel W. Engfer; Anthony A. P. Koppers; Cornelia Class,"Geochemistry, Geophysics, Geosystems"
10.1029/2020gc009485,2021,Timing of Seafloor Spreading Cessation at the Macquarie Ridge Complex (SW Pacific) and Implications for Upper Mantle Heterogeneity,Manual submission,Qiang Jiang; Renaud E. Merle; Fred Jourdan; Hugo K.H. Olierook; Martin J. Whitehouse; Katy A. Evans; Xuan‐Ce Wang; Chris E. Conway; Helen C. Bostock; Richard J. Wysoczanski,"Geochemistry, Geophysics, Geosystems"
10.1029/2020gl088235,2020,A Closure of the Mongol‐Okhotsk Ocean by the Middle Jurassic: Reconciliation of Paleomagnetic and Geological Evidence,Manual submission,Zhiyu Yi; Joseph G. Meert,Geophysical Research Letters
10.1029/2020gl088580,2020,Crustal Deformation in Southern California Constrained by Radial Anisotropy From Ambient Noise Adjoint Tomography,Manual submission,Kai Wang; Chengxin Jiang; Yingjie Yang; Vera Schulte‐Pelkum; Qinya Liu,Geophysical Research Letters
10.1029/2020gl090293,2021,A New Reconstruction for Permian East Gondwana Based on Zircon Data From Ophiolite of the East Australian Great Serpentinite Belt,Manual submission,L. A. Milan; E. A. Belousova; R. A. Glen; T. Chapman; J. Kalmbach; B. Fu; P. M. Ashley,Geophysical Research Letters
10.1029/2020gl091390,2021,Zircon U‐Pb Geochronology Constrains Continental Expression of Great Meteor Hotspot Magmatism,Manual submission,S. T. Kinney; S. A. MacLennan; C. B. Keller; B. Schoene; J. B. Setera; J. A. VanTongeren; P. E. Olsen,Geophysical Research Letters
10.1029/2020jb019489,2020,An Inclination Shallowing‐Corrected Early Triassic Paleomagnetic Pole for the North China Craton: Implication for the Mesozoic Geography of Proto‐Asia,Manual submission,Pan Zhao; Erwin Appel; Bei Xu,Journal of Geophysical Research: Solid Earth
10.1029/2020jb019536,2020,Particle Size Segregation in Granular Mass Flows With Different Ambient Fluids,Manual submission,Gordon G. D. Zhou; Kahlil F. E. Cui; Lu Jing; Tao Zhao; Dongri Song; Yu Huang,Journal of Geophysical Research: Solid Earth
10.1029/2020jb019758,2020,Where Are the Proto‐South China Sea Slabs? SE Asian Plate Tectonics and Mantle Flow History From Global Mantle Convection Modeling,Manual submission,Yi‐An Lin; Lorenzo Colli; Jonny Wu; Bernhard S. A. Schuberth,Journal of Geophysical Research: Solid Earth
10.1029/2020jb019843,2020,"Modeling Geoelectric Fields Induced by Geomagnetic Disturbances in 3D Subsurface Geology, an Example From Southeastern Australia",Manual submission,Liejun Wang; Jingming Duan; Adrian P. Hitchman; Andrew M. Lewis; William V. Jones,Journal of Geophysical Research: Solid Earth
10.1029/2020jb019910,2020,The Role of Blueschist Stored in Shallow Lithosphere in the Generation of Postcollisional Orogenic Magmas,Manual submission,Yu Wang; Stephen F. Foley,Journal of Geophysical Research: Solid Earth
10.1029/2020jb020514,2020,Effect of Plate Length on Subduction Kinematics and Slab Geometry: Insights From Buoyancy‐Driven Analog Subduction Models,Manual submission,K. Xue; W. P. Schellart; V. Strak,Journal of Geophysical Research: Solid Earth
10.1029/2020jb020999,2021,The Lithospheric Architecture of Australia From Seismic Receiver Functions,Manual submission,Andrew Birkey; Heather A. Ford; Page Dabney; Gillian Goldhagen,Journal of Geophysical Research: Solid Earth
10.1029/2020jb021001,2021,Constraining Crustal Properties With Bayesian Joint Inversion of Vertical and Radial Teleseismic P‐Wave Coda Autocorrelations,Manual submission,Mehdi Tork Qashqai; Erdinc Saygin,Journal of Geophysical Research: Solid Earth
10.1029/2020jb021156,2021,The Horizontal Slab Beneath East Asia and Its Subdued Surface Dynamic Response,Manual submission,Shaofeng Liu; Pengfei Ma; Bo Zhang; Michael Gurnis,Journal of Geophysical Research: Solid Earth
10.1029/2020jb021388,2021,Opposite Symmetry in the Lithospheric Structure of the Alboran and Algerian Basins and Their Margins (Western Mediterranean): Geodynamic Implications,Manual submission,Ajay Kumar; Manel Fernàndez; Jaume Vergés; Montserrat Torne; Ivone Jiménez‐Munt,Journal of Geophysical Research: Solid Earth
10.1029/2020jb021477,2021,"Reactivation of Magma Pathways: Insights From Field Observations, Geochronology, Geomechanical Tests, and Numerical Models",Manual submission,Samuel T. Thiele; Alexander R. Cruden; Xi Zhang; Steven Micklethwaite; Erin L. Matchan,Journal of Geophysical Research: Solid Earth
10.1029/2020jb021499,2021,Predicting Geothermal Heat Flow in Antarctica With a Machine Learning Approach,Manual submission,M. Lösing; J. Ebbing,Journal of Geophysical Research: Solid Earth
10.1029/2020jb021527,2021,Thermo‐Mechanical Numerical Modeling of the South American Subduction Zone: A Multi‐Parametric Investigation,Manual submission,V. Strak; W. P. Schellart,Journal of Geophysical Research: Solid Earth
10.1029/2020pa003927,2020,Warm Middle Miocene Indian Ocean Bottom Water Temperatures: Comparison of Clumped Isotope and Mg/Ca‐Based Estimates,Manual submission,S. E. Modestou; T. J. Leutert; A. Fernandez; C. H. Lear; A. N. Meckler,Paleoceanography and Paleoclimatology
10.1029/2020pa003928,2020,Development of a Correlated Fe‐Mn Crust Stratigraphy Using Pb and Nd Isotopes and Its Application to Paleoceanographic Reconstruction in the Atlantic,Manual submission,P. Josso; M. S. A. Horstwood; I. L. Millar; V. Pashley; P. A. J. Lusty; B. Murton,Paleoceanography and Paleoclimatology
10.1029/2020pa003933,2020,Drastic Vegetation Change in the Guajira Peninsula (Colombia) During the Neogene,Manual submission,Carlos Jaramillo; Pierre Sepulchre; Damian Cardenas; Alexander Correa‐Metrio; J. Enrique Moreno; Raul Trejos; Diego Vallejos; Natalia Hoyos; Camila Martínez; Daniella Carvalho; Jaime Escobar; Francisca Oboh‐Ikuenobe; Mercedes B. Prámparo; Diego Pinzón,Paleoceanography and Paleoclimatology
10.1029/2020pa004179,2021,"Biotic Response to Early Eocene Warming Events: Integrated Record From Offshore Zealandia, North Tasman Sea",Manual submission,L. Alegret; D. T. Harper; C. Agnini; C. Newsam; T. Westerhold; Marlow J. Cramwinckel; E. Dallanave; G. R. Dickens; R. Sutherland,Paleoceanography and Paleoclimatology
10.1029/2020pa004202,2021,Exploring the Impact of Cenomanian Paleogeography and Marine Gateways on Oceanic Oxygen,Manual submission,Marie Laugié; Yannick Donnadieu; Jean‐Baptiste Ladant; Laurent Bopp; Christian Ethé; François Raisson,Paleoceanography and Paleoclimatology
10.1029/2020sw002512,2020,Estimating Extreme Geoelectric Field Values for the Australian Region,Manual submission,Richard Marshall; Léna Dziura; Liejun Wang; Jeanne Young; Michael Terkildsen,Space Weather
10.1029/2020sw002633,2021,The Role of Spatial Gradient on Vertical Total Electron Content Extraction From Geodetic Very Long Baseline Interferometry Observation: Case Study CONT08 to CONT17‐L1,Manual submission,Hossein Etemadfard; Robert Heinkelmann; Masoud Mashhadi Hossainali; Harald Schuh,Space Weather
10.1029/2020tc006180,2020,Pangea Rifting Shaped the East Antarctic Landscape,Manual submission,Alessandro Maritati; Martin Danišík; Jacqueline A. Halpin; Joanne M. Whittaker; Alan R. A. Aitken,Tectonics
10.1029/2020tc006225,2020,"Crustal Structure of the Mesopotamian Plain, East of Iraq",Manual submission,Wathiq Abdulnaby; Khalil Motaghi; Esmaeil Shabanian; Hanan Mahdi; Haydar Al‐Shukri; Rengin Gök,Tectonics
10.1029/2020tc006260,2021,Seismic Imaging of an Intracrustal Deformation in the Northwestern Margin of the South China Sea: The Role of a Ductile Layer in the Crust,Manual submission,Haibo Huang; Frauke Klingelhoefer; Xuelin Qiu; Yuhan Li; Ping Wang,Tectonics
10.1029/2020tc006350,2020,Yanshanian Orogeny During North China's Drifting Away From the Trench: Implications of Numerical Models,Manual submission,Ting Yang; Shaofeng Liu; Peng Guo; Wei Leng; An Yang,Tectonics
10.1029/2020tc006413,2020,Burma Terrane Collision and Northward Indentation in the Eastern Himalayas Recorded in the Eocene‐Miocene Chindwin Basin (Myanmar),Manual submission,Jan Westerweel; Alexis Licht; Nathan Cogné; Pierrick Roperch; Guillaume Dupont‐Nivet; Myat Kay Thi; Hnin Hnin Swe; Huasheng Huang; Zaw Win; Day Wa Aung,Tectonics
10.1029/2020tc006467,2021,Investigating the Plate Kinematics of the Bay of Biscay Using Deformable Plate Tectonic Models,Manual submission,Michael T. King; J. Kim Welford; Patricia Cadenas; Julie Tugend,Tectonics
10.1029/2020tc006582,2021,Cenozoic Exhumation History of the Eastern Margin of the Northern Canadian Cordillera,Manual submission,Ryan McKay; Eva Enkelmann; Thomas Hadlari; William Matthews; Frédéric Mouthereau,Tectonics
10.1029/2020tc006665,2021,"Assessing the Rotation and Segmentation of the Porcupine Bank, Irish Atlantic Margin, During Oblique Rifting Using Deformable Plate Reconstruction",Manual submission,Pei Yang; J. Kim Welford; Michael T. King,Tectonics
10.1029/2021cn000156,2022,Earth Structure Across Many Scales,Manual submission,Brian Kennett,Perspectives of Earth and Space Scientists
10.1029/2021gc009847,2021,Papanin Ridge and Ojin Rise Seamounts (Northwest Pacific): Dual Hotspot Tracks Formed by the Shatsky Plume,Manual submission,Antje Dürkefälden; Jörg Geldmacher; Maxim Portnyagin; Dieter Garbe‐Schönberg; Reinhard Werner; Dietmar Müller; Folkmar Hauff; Kaj Hoernle,"Geochemistry, Geophysics, Geosystems"
10.1029/2021gc010033,2021,"Heat Flow Distribution in the Chukchi Borderland and Surrounding Regions, Arctic Ocean",Manual submission,T. Zhang; Z. Y. Shen; F. Zhang; M. Ding,"Geochemistry, Geophysics, Geosystems"
10.1029/2021gl092874,2021,The Role of the Seismically Slow Central‐East Atlantic Anomaly in the Genesis of the Canary and Madeira Volcanic Provinces,Manual submission,Chiara Civiero; Susana Custódio; Marta Neres; David Schlaphorst; João Mata; Graça Silveira,Geophysical Research Letters
10.1029/2021gl094638,2021,Formation of East Asian Stagnant Slabs Due To a Pressure‐Driven Cenozoic Mantle Wind Following Mesozoic Subduction,Manual submission,Diandian Peng; Lijun Liu; Jiashun Hu; Sanzhong Li; Yiming Liu,Geophysical Research Letters
10.1029/2021jb021962,2021,A Reduced Order Approach for Probabilistic Inversions of 3D Magnetotelluric Data II: Joint Inversion of MT and Surface‐Wave Data,Manual submission,M. C. Manassero; J. C. Afonso; F. I. Zyserman; A. G. Jones; S. Zlotnik; I. Fomin,Journal of Geophysical Research: Solid Earth
10.1029/2021jb022103,2021,A Newly Discovered Late‐Cretaceous East Asian Flat Slab Explains Its Unique Lithospheric Structure and Tectonics,Manual submission,Diandian Peng; Lijun Liu; Yaoyi Wang,Journal of Geophysical Research: Solid Earth
10.1029/2021jb022503,2021,New Paleomagnetic Constraints on the Cretaceous Tectonic Framework of the Antarctic Peninsula,Manual submission,Liang Gao; Junling Pei; Yue Zhao; Zhenyu Yang; Teal R. Riley; Xiaochun Liu; Shuan‐Hong Zhang; Jian‐Min Liu,Journal of Geophysical Research: Solid Earth
10.1029/2021jb022578,2021,Factors Determining Shear‐Parallel Versus Low‐Angle Shear Band Localization in Shear Deformations: Laboratory Experiments and Numerical Simulations,Manual submission,Arnab Roy; Nandan Roy; Puspendu Saha; Nibir Mandal,Journal of Geophysical Research: Solid Earth
10.1029/2021jb022881,2021,"Micro‐Blocks in NE Asia Amalgamated Into the Unified Amuria Block by ∼300 Ma: First Paleomagnetic Evidence From the Songliao Block, NE China",Manual submission,Donghai Zhang; Baochun Huang; Joseph G. Meert; Guochun Zhao; Jie Zhao; Qian Zhao,Journal of Geophysical Research: Solid Earth
10.1029/2021jb022955,2021,Lithosphere Structure and Seismic Anisotropy Offshore Eastern North America: Implications for Continental Breakup and Ultra‐Slow Spreading Dynamics,Manual submission,J. B. Russell; J. B. Gaherty,Journal of Geophysical Research: Solid Earth
10.1029/2021jb023184,2021,New Insights Into Crustal Properties of Anatolia and Its Surroundings Inferred From P‐Coda Autocorrelation Inversions,Manual submission,Tuna Eken; Mehdi Tork Qashqai; Christian Schiffer; Tuncay Taymaz; Erdinc Saygin,Journal of Geophysical Research: Solid Earth
10.1029/2021jc017319,2021,"Hazard Assessment for Typhoon‐Induced Coastal Flooding and Inundation in Shanghai, China",Manual submission,Jie Yin; Ning Lin; Yuhan Yang; William J. Pringle; Jinkai Tan; Joannes J. Westerink; Dapeng Yu,Journal of Geophysical Research: Oceans
10.1029/2021pa004298,2021,Middle Miocene (∼14 Ma) and Late Miocene (∼6 Ma) Paleogeographic Boundary Conditions,Manual submission,Zhilin He; Zhongshi Zhang; Zhengtang Guo; Christopher R. Scotese; Chenglong Deng,Paleoceanography and Paleoclimatology
10.1029/2021sw002803,2021,"Estimating the Geoelectric Field and Electric Power Transmission Line Voltage During a Geomagnetic Storm in Alberta, Canada Using Measured Magnetotelluric Impedance Data: The Influence of Three‐Dimensional Electrical Structures in the Lithosphere",Manual submission,Darcy Cordell; Martyn J. Unsworth; Benjamin Lee; Cedar Hanneson; David K. Milling; Ian R. Mann,Space Weather
10.1029/2021tc006714,2021,Nature Versus Nurture: Preservation and Destruction of Archean Cratons,Manual submission,H. Bedle; C. M. Cooper; C. D. Frost,Tectonics
10.1029/2021tc006900,2022,Building a Young Mountain Range: Insight Into the Growth of the Greater Caucasus Mountains From Detrital Zircon (U‐Th)/He Thermochronology and 10 Be Erosion Rates,Manual submission,Adam M. Forte; Kate R. Gutterman; Matthijs C. van Soest; Kerry Gallagher,Tectonics
10.1038/s41467-021-27518-8,2021,Southward expanding plate coupling due to variation in sediment subduction as a cause of Andean growth,Manual submission,Jiashun Hu; Lijun Liu; Michael Gurnis,Nature Communications
10.1038/s41561-020-00648-2,2020,Spatial pattern of super-greenhouse warmth controlled by elevated specific humidity,Manual submission,Joep van Dijk; Alvaro Fernandez; Stefano M. Bernasconi; Jeremy K. Caves Rugenstein; Simon R. Passey; Tim White,Nature Geoscience
10.1038/s41561-020-0623-0,2020,Coupled Southern Ocean cooling and Antarctic ice sheet expansion during the middle Miocene,Manual submission,Thomas J. Leutert; Alexandra Auderset; Alfredo Martínez-García; Sevasti Modestou; A. Nele Meckler,Nature Geoscience
10.1038/s41561-021-00780-7,2021,A record of plume-induced plate rotation triggering subduction initiation,Manual submission,Douwe J. J. van Hinsbergen; Bernhard Steinberger; Carl Guilmette; Marco Maffione; Derya Gürer; Kalijn Peters; Alexis Plunder; Peter J. McPhee; Carmen Gaina; Eldert L. Advokaat; Reinoud L. M. Vissers; Wim Spakman,Nature Geoscience
10.1038/s41561-021-00806-0,2021,Global chemical weathering dominated by continental arcs since the mid-Palaeozoic,Manual submission,Thomas M. Gernon; Thea K. Hincks; Andrew S. Merdith; Eelco J. Rohling; Martin R. Palmer; Gavin L. Foster; Clément P. Bataille; R. Dietmar Müller,Nature Geoscience
10.1038/s41561-021-00829-7,2021,End-Permian marine extinction due to temperature-driven nutrient recycling and euxinia,Manual submission,Dominik Hülse; Kimberly V. Lau; Sebastiaan J. van de Velde; Sandra Arndt; Katja M. Meyer; Andy Ridgwell,Nature Geoscience
10.1038/s41561-021-00850-w,2021,A poorly mixed mantle transition zone and its thermal state inferred from seismic waves,Manual submission,Lauren Waszek; Benoit Tauzin; Nicholas C. Schmerr; Maxim D. Ballmer; Juan Carlos Afonso,Nature Geoscience
10.1038/s41561-021-00862-6,2022,Dynamics of the abrupt change in Pacific Plate motion around 50 million years ago,Manual submission,Jiashun Hu; Michael Gurnis; Johann Rudi; Georg Stadler; R. Dietmar Müller,Nature Geoscience
10.1038/s41561-022-00893-7,2022,Plate tectonic chain reaction revealed by noise in the Cretaceous quiet zone,Manual submission,Derya Gürer; Roi Granot; Douwe J. J. van Hinsbergen,Nature Geoscience
10.1038/s41561-022-00895-5,2022,Methane hydrate dissociation across the Oligocene–Miocene boundary,Manual submission,Bumsoo Kim; Yi Ge Zhang,Nature Geoscience
10.1038/s41561-022-00967-6,2022,Transient mobilization of subcrustal carbon coincident with Palaeocene–Eocene Thermal Maximum,Manual submission,Thomas M. Gernon; Ryan Barr; J. Godfrey Fitton; Thea K. Hincks; Derek Keir; Jack Longman; Andrew S. Merdith; Ross N. Mitchell; Martin R. Palmer,Nature Geoscience
10.1038/s41586-022-04538-y,2022,Assembly of the basal mantle structure beneath Africa,Manual submission,Nicolas Flament; Ömer F. Bodur; Simon E. Williams; Andrew S. Merdith,Nature
10.1038/s43247-020-00067-6,2020,Higher than present global mean sea level recorded by an Early Pliocene intertidal unit in Patagonia (Argentina),Manual submission,Alessio Rovere; Marta Pappalardo; Sebastian Richiano; Marina Aguirre; Michael R. Sandstrom; Paul J. Hearty; Jacqueline Austermann; Ignacio Castellanos; Maureen E. Raymo,Communications Earth &amp; Environment
10.1038/s43247-021-00149-z,2021,Closure of the Proterozoic Mozambique Ocean was instigated by a late Tonian plate reorganization event,Manual submission,Alan S. Collins; Morgan L. Blades; Andrew S. Merdith; John D. Foden,Communications Earth &amp; Environment
10.1038/s43247-021-00276-7,2021,Quasi-Love wave scattering reveals tectonic history of Australia and its margins reflected by mantle anisotropy,Manual submission,Caroline M. Eakin,Communications Earth &amp; Environment
10.1039/c9se00538b,2020,An experimental high temperature thermal battery coupled to a low temperature metal hydride for solar thermal energy storage,Manual submission,Lucas Poupin; Terry D. Humphries; Mark Paskevicius; Craig E. Buckley,Sustainable Energy &amp; Fuels
10.1039/d0ta03080e,2020,Inexpensive thermochemical energy storage utilising additive enhanced limestone,Manual submission,Kasper T. Møller; Ainee Ibrahim; Craig E. Buckley; Mark Paskevicius,Journal of Materials Chemistry A
10.1039/d0ta03671d,2020,Thermochemical energy storage properties of a barium based reactive carbonate composite,Manual submission,Kasper T. Møller; Kyran Williamson; Craig E. Buckley; Mark Paskevicius,Journal of Materials Chemistry A
10.1051/0004-6361/202243445,2022,The resonant tidal evolution of the Earth-Moon distance,Manual submission,Mohammad Farhat; Pierre Auclair-Desrotour; Gwenaël Boué; Jacques Laskar,Astronomy &amp; Astrophysics
10.1071/aj20038,2021,"Petrophysical and geochemical interpretations of well logs from the pre-Carboniferous succession in Barnicarndy 1, Canning Basin, Western Australia",Manual submission,Liuqi Wang; Dianne S. Edwards; Adam Bailey; Lidena K. Carr; Chris J. Boreham; Emmanuelle Grosjean; Leon Normore; Jade Anderson; Amber J. M. Jarrett; Susannah MacFarlane; Chris Southby; Chris Carson; Kamal Khider; Paul Henson; Peter Haines; Mike Walker,The APPEA Journal
10.1071/aj20044,2021,"Hydrogen in Australian natural gas: occurrences, sources and resources",Manual submission,Christopher J. Boreham; Dianne S. Edwards; Krystian Czado; Nadege Rollet; Liuqi Wang; Simon van der Wielen; David Champion; Richard Blewett; Andrew Feitz; Paul A. Henson,The APPEA Journal
10.1071/aj20160,2021,"Barnicarndy Graben, southern Canning Basin: stratigraphy defined by the Barnicarndy 1 stratigraphic well",Manual submission,Leon Normore; Peter W. Haines; Lidena K. Carr; Paul Henson; Yijie Zhan; Michael T. D. Wingate; Yong Yi Zhen; Yongjun Lu; Sarah Martin; David Kelsey; Heidi Allen; Imogen Fielding,The APPEA Journal
10.1071/es19009,2020,Using global navigation satellite system data for real-time moisture analysis and forecasting over the Australian region I. The system,Manual submission,John Le Marshall; Robert Norman; David Howard; Susan Rennie; Michael Moore; Jan Kaplon; Yi Xiao; Kefei Zhang; Carl Wang; Ara Cate; Paul Lehmann; Xiaoming Wang; Peter Steinle; Chris Tingwell; Tan Le; Witold Rohm; Diandong Ren,Journal of Southern Hemisphere Earth Systems Science
10.1080/00206814.2019.1583139,2020,"Zircon U-Pb dating, mineralogy and geochemical characteristics of the gabbro and gabbro-diorite bodies, Boein–Miandasht, western Iran",Manual submission,Neda Tavakoli; Ali Reza Davoudian; Nahid Shabanian; Hossein Azizi; Franz Neubauer; Yoshihiro Asahara; Manfred Bernroider,International Geology Review
10.1080/00206814.2019.1627586,2020,Asymmetric crustal structure of the ultraslow-spreading Mohns Ridge,Manual submission,Tao Zhang; Jian Lin; Jinyao Gao,International Geology Review
10.1080/00206814.2019.1689532,2020,Palaeomagnetic assessment of tectonic rotation in Northeast Asia：implications for the coupling of intracontinental deformation and mantle convection,Manual submission,Zaizheng Zhou; Sanzhong Li; Lingli Guo; Xiyao Li; Zhaoxia Jiang; Yongjiang Liu; Yang Li; Guangzeng Wang; Haoyuan Lan; Runhua Guo; Yini Wang; Ian Somerville,International Geology Review
10.1080/00206814.2019.1706056,2021,Evolutionary geological models of the central-western peri-Mediterranean chains: a review,Manual submission,Francesco Guerrera; Manuel Martín-Martín; Mario Tramontana,International Geology Review
10.1080/00206814.2020.1783583,2021,Mesozoic intracontinental deformation of the Alxa Block in the middle part of Central Asian Orogenic Belt: A review,Manual submission,Jin Zhang; Yannan Wang; Junfeng Qu; Beihang Zhang; Heng Zhao; Long Yun; Tianyi Li; Pengfei Niu; Fengjun Nie; Jie Hui; Yiping Zhang,International Geology Review
10.1080/00206814.2020.1787236,2022,Geochronology and geochemistry of exotic blocks of Cadomian crust from the salt diapirs of SE Zagros: the Chah-Banu example,Manual submission,Maryam Asadi Sarshar; Hadi Shafaii Moghadam; William L. Griffin; Jose F. Santos; Robert J Stern; Chris J. Ottley; Khalil Sarkarinejad; Fatemeh Sepidbar; Sue Y. O’Reilly,International Geology Review
10.1080/00206814.2020.1845994,2022,Geochronology and geochemistry of Devonian magmatism in the Frontal cordillera (Argentina): geodynamic implications for the pre-Andean SW Gondwana margin,Manual submission,Juan A. Dahlquist; Matías M. Morales Cámera; Pablo H. Alasino; Hugo Tickyj; Miguel A.S. Basei; Carmen Galindo; Juan A. Moreno; Sebastián Rocher,International Geology Review
10.1080/00206814.2022.2048272,2022,Diachronous initiation of Arabia–Eurasia collision from eastern Anatolia to the southeastern Zagros Mountains since middle Eocene time,Manual submission,Michael H. Darin; Paul J. Umhoefer,International Geology Review
10.1080/00288306.2021.1915343,2021,Inception of the modern North Island (New Zealand) volcanic setting: spatio‐temporal patterns of volcanism between 3.0 and 0.9 Ma,Manual submission,Adrian Pittari; Marlena L. Prentice; Oliver E. McLeod; Elham Yousef Zadeh; Peter J. J. Kamp; Martin Danišík; Kirsty A. Vincent,New Zealand Journal of Geology and Geophysics
10.1080/01916122.2019.1624279,2020,"Peri-Gondwanan acritarchs from the Ordovician of the Llanos Orientales Basin, Colombia",Manual submission,David M. Kroeck; Andrés Pardo-Trujillo; Angelo Plata Torres; Millerlandy Romero-Baéz; Thomas Servais,Palynology
10.1080/02724634.2021.1986516,2021,"A yaguarasaurine mosasauroid from the upper Cenomanian−lower Turonian of Coahuila, northern Mexico",Manual submission,Paulina Jiménez-Huidobro; Oliver A. López-Conde; María L. Chavarría-Arellano; Héctor Porras-Múzquiz,Journal of Vertebrate Paleontology
10.1080/02724634.2021.2002348,2021,First definitive abelisaurid theropod from the Late Cretaceous of Northwestern Argentina,Manual submission,Federico L. Agnolín; Mauricio A. Cerroni; Agustín Scanferla; Anjali Goswami; Ariana Paulina-Carabajal; Thomas Halliday; Andrew R. Cuff; Santiago Reuil,Journal of Vertebrate Paleontology
10.1080/08120099.2019.1698275,2020,"Two belts of HTLP sub-regional metamorphism in the New England Orogen, eastern Australia: occurrence and characteristics exemplified by the Wongwibinda Metamorphic Complex",Manual submission,K. Jessop; N. R. Daczko; S. Piazolo,Australian Journal of Earth Sciences
10.1080/08120099.2020.1669708,2020,"A 1642 Ma age for the Fraynes Formation, Birrindudu Basin, confirms correlation with the economically significant Barney Creek Formation, McArthur Basin, Northern Territory",Manual submission,T. J. Munson; S. W. Denyszyn; J. M. Simmons; M. Kunzmann,Australian Journal of Earth Sciences
10.1080/08120099.2020.1685000,2020,"Metamorphism in the New England Orogen, eastern Australia: a review",Manual submission,K. Jessop; N. R. Daczko; S. Piazolo,Australian Journal of Earth Sciences
10.1080/08120099.2020.1772367,2021,"Diverse provenance of the Lower Cretaceous sediments of the Eromanga Basin, South Australia: constraints on basin evolution",Manual submission,E. Baudet; C. Tiddy; D. Giles; S. Hill; G. Gordon,Australian Journal of Earth Sciences
10.1080/08120099.2020.1808066,2021,"Dating the Acraman asteroid impact, South Australia: the case for deep drilling the ‘hot shock’ zone of the central uplift",Manual submission,G. E. Williams; P. W. Schmidt,Australian Journal of Earth Sciences
10.1080/08120099.2021.1825993,2021,"Geochemical discrimination of igneous zircon in the Gawler Craton, South Australia",Manual submission,A. Brotodewo; C. Tiddy; D. Zivak; A. Fabris; D. Giles,Australian Journal of Earth Sciences
10.1080/08120099.2021.1837955,2021,The transition from the Thomson Orogen to the North Australian Craton from seismic data,Manual submission,B. L. N. Kennett; S. Liang,Australian Journal of Earth Sciences
10.1080/08120099.2021.1847733,2021,"Geomechanical evaluation of a middle Cambrian unconventional oil and gas play in the southern Georgina Basin, northern Australia",Manual submission,E. Tenthorey; B. Ayling,Australian Journal of Earth Sciences
10.1080/08912963.2020.1844682,2021,"Lagerstätte effect drives notosuchian palaeodiversity (Crocodyliformes, Notosuchia)",Manual submission,A. de Celis; I. Narváez; A. Arcucci; F. Ortega,Historical Biology
10.1080/14432471.2020.1751782,2020,Geological Survey of South Australia: The GCAS reaches another major milestone – all survey data and value-added data packages delivered!,Manual submission,Laz Katona; Phil Heath; Gary Reed; Kate Robertson; Stephan Thiel,Preview
10.1080/14432471.2020.1762461,2020,Preview Issue 205,Manual submission,Lisa Worrall; Lisa Worrall; Ted Tyne; Leslie Atkinson; Doug Roberts; Tim Keeping; Mark Duffett; Thong Huynh; Todd Mojesky; Grant Butler; Mark Lackie; Stephanie Kovach; Ron Palmer; Kate Robertson; Ted Tyne; David Howard; Laz Katona; Phil Heath; Gary Reed; Kate Robertson; Stephan Thiel; Sally Edwards; Ned Stolz; Suzanne Haydon; David Denham AM; Roger Henderson; Mike Hatch; Terry Harvey; D. J. FitzGerald; Michael Micenko; Ian James; Don Emerson; David A. Clark,Preview
10.1080/14432471.2020.1773217,2020,Kate Robertson reports on US study tour,Manual submission,Kate Robertson,Preview
10.1080/14432471.2020.1773221,2020,Geological Survey of New South Wales: New AusLAMP 3D conductivity model supports tectonic interpretation in New South Wales,Manual submission,Bob Musgrave; Alison Kirkby,Preview
10.1080/14432471.2020.1800394,2020,Geological Survey of South Australia: News,Manual submission,Kate Robertson; Stephan Thiel,Preview
10.1080/14432471.2020.1809972,2020,Issue 207,Manual submission,Lisa Worrall; David Annetts; Leslie Atkinson; Phil Harman; Roger Henderson; Todd Mojesky; Marina Costelloe; Mark Lackie; Stephanie Kovach; Ron Palmer; Kate Robertson; Mark Duffett; Thong Huynh; John M Stanley; Phillip W Schmidt; John Denham; Ken Witherly; Mike Barlow; Ned Stolz; Kate Robertson; Stephan Thiel; David Howard; David Denham; Mike Hatch; Terry Harvey; Michael Micenko; Tim Keeping; Ian James; Rod Paterson; Michael Asten; E. T. Eadie; J. Silic; D. J. Jack,Preview
10.1080/14432471.2020.1855761,2020,ASEG Branch news,Manual submission,Mark Lackie; Stephanie Kovach; Roger Cant; Kate Robertson; Mark Duffett; Thong Huynh; Todd Mojesky; Marina Costelloe,Preview
10.1080/14432471.2021.1935718,2021,Geological Survey of South Australia: The AusArray SA passive seismic array and new MT data,Manual submission,John Paul O’Donnell; Kate Robertson,Preview
10.1080/14432471.2021.1958525,2021,Geological Survey of New South Wales: New South Wales – a great place to explore,Manual submission,Ned Stolz,Preview
10.1080/14772019.2019.1623333,2020,"A new cloudinid fossil assemblage from the terminal Ediacaran of Nevada, USA",Manual submission,Tara Selly; James D. Schiffbauer; Sarah M. Jacquet; Emily F. Smith; Lyle L. Nelson; Brock D. Andreasen; John Warren Huntley; Michael A. Strange; Gretchen R. O’Neil; Casey A. Thater; Natalia Bykova; Michael Steiner; Ben Yang; Yaoping Cai,Journal of Systematic Palaeontology
10.1080/14772019.2022.2049382,2021,A new †Pachycormiformes (Actinopterygii) from the Upper Jurassic of Gondwana sheds light on the evolutionary history of the group,Manual submission,Soledad Gouiric-Cavalli; Gloria Arratia,Journal of Systematic Palaeontology
10.1080/21650373.2020.1823905,2022,"Workability, strength and microstructural properties of ground ferronickel slag blended fly ash geopolymer mortar",Manual submission,Jhutan Chandra Kuri; Md. Nabi Newaz Khan; Prabir Kumar Sarker,Journal of Sustainable Cement-Based Materials
10.1080/25726838.2020.1863013,2021,Geometallurgical characterisation of Mn ores,Manual submission,Michael John Peterson; James Robert Manuel; Sarath Hapugoda,Applied Earth Science
10.1086/712186,2020,Oligocene and Miocene Global Spatial Trends of Shallow-Marine Carbonate Architecture,Manual submission,Julien Michel; Cyprien Lanteaume; Alexandre Lettéron; Jeroen Kenter; Michele Morsilli; Jean Borgomano,The Journal of Geology
10.1086/726757,2023,Contrasting Detrital Feldspar Pb Isotope Ratios and Zircon Geochronology to Distinguish Proximal versus Distal Transport,Manual submission,Isabel C. Zutterkirch; Milo Barham; Christopher L. Kirkland; Chris Elders,The Journal of Geology
10.1088/1361-6501/ac0c47,2021,Local correlation of delta-DOR signals with low signal-to-noise ratio and severe radio frequency interference,Manual submission,Maoli Ma; Peijia Li; Fengxian Tong; Weimin Zheng; Tetsuro Kondo; Ping Rui; Zhanghu Chu; Lei Liu; Xiaojing Wu; Xin Zheng,Measurement Science and Technology
10.1093/gji/ggaa084,2020,Gradient based first- and second-order filters for the demarcation of continental–oceanic boundaries using satellite gravity data,Manual submission,Ved P Maurya; Sergio L Fontes; Vanderlei C Oliveira Jr; Emanuele F La Terra,Geophysical Journal International
10.1093/gji/ggaa222,2020,Mantle plume dynamics at the rear of a retreating slab,Manual submission,Catherine A Mériaux; Dave A May; John Mansour; Owen Kaluza,Geophysical Journal International
10.1093/gji/ggaa232,2020,Improving cross-correlations of ambient noise using an rms-ratio selection stacking method,Manual submission,Jinyun Xie; Yingjie Yang; Yinhe Luo,Geophysical Journal International
10.1093/gji/ggaa253,2020,Global adjoint tomography—model GLAD-M25,Manual submission,Wenjie Lei; Youyi Ruan; Ebru Bozdağ; Daniel Peter; Matthieu Lefebvre; Dimitri Komatitsch; Jeroen Tromp; Judith Hill; Norbert Podhorszki; David Pugmire,Geophysical Journal International
10.1093/gji/ggaa259,2020,Seismic event coda-correlation's formation: implications for global seismology,Manual submission,Sheng Wang; Hrvoje Tkalčić,Geophysical Journal International
10.1093/gji/ggaa415,2020,A reduced order approach for probabilistic inversions of 3-D magnetotelluric data I: general formulation,Manual submission,M C Manassero; J C Afonso; F Zyserman; S Zlotnik; I Fomin,Geophysical Journal International
10.1093/gji/ggaa518,2020,Focusing joint inversion of gravity and magnetic data using a clustering stabilizer in a space of weighted parameters,Manual submission,Zhengwei Xu; Guangui Zou; Qianqian Wei; Junqi Tian; Hemin Yuan,Geophysical Journal International
10.1093/gji/ggaa527,2020,New interpretation of the spreading evolution of the Knipovich Ridge derived from aeromagnetic data,Manual submission,M-A Dumais; L Gernigon; O Olesen; S E Johansen; M Brönner,Geophysical Journal International
10.1093/gji/ggaa601,2021,Re-assessment of the depth to the base of magnetic sources (DBMS) in Australia from aeromagnetic data using the defractal method,Manual submission,Raj Kumar; A R Bansal; Peter G Betts; D Ravat,Geophysical Journal International
10.1093/gji/ggab052,2021,Controls on the present-day dynamic topography predicted from mantle flow models since 410 Ma,Manual submission,An Yang; Ting Yang,Geophysical Journal International
10.1093/gji/ggab070,2021,Bending curvatures of subducting plates: old versus young slabs,Manual submission,Ritabrata Dasgupta; Joyjeet Sen; Nibir Mandal,Geophysical Journal International
10.1093/gji/ggab072,2021,Advanced three-dimensional electromagnetic modelling using a nested integral equation approach,Manual submission,Chaojian Chen; Mikhail Kruglyakov; Alexey Kuvshinov,Geophysical Journal International
10.1093/gji/ggab108,2021,"Global mantle flow retrodictions for the early Cenozoic using an adjoint method: evolving dynamic topographies, deep mantle structures, flow trajectories and sublithospheric stresses",Manual submission,S Ghelichkhan; H-P Bunge; J Oeser,Geophysical Journal International
10.1093/gji/ggab126,2021,"Geodynamic models of short-lived, long-lived and periodic flat slab subduction",Manual submission,W P Schellart; V Strak,Geophysical Journal International
10.1093/gji/ggab214,2021,Improved full waveform moment tensor inversion of Cratonic intraplate earthquakes in southwest Australia,Manual submission,Xiangdong Lin; Huaiyu Yuan; Michael C Dentith; Ruth Murdie; Klaus Gessner; Avinash Nayak,Geophysical Journal International
10.1093/gji/ggab286,2021,The effects of small-scale convection in the shallow lithosphere of the North Atlantic,Manual submission,Jeremías Likerman; Sergio Zlotnik; Chun-Feng Li,Geophysical Journal International
10.1093/gji/ggab291,2021,Small-scale lithospheric heterogeneity characterization using Bayesian inference and energy flux models,Manual submission,Itahisa N González Álvarez; Sebastian Rost; Andy Nowacki; Neil D Selby,Geophysical Journal International
10.1093/gji/ggab323,2021,Three-dimensional inversion for sparse potential data using first-order system least squares with application to gravity anomalies in Western Queensland,Manual submission,A L Codd; L Gross,Geophysical Journal International
10.1093/mnras/staa2454,2020,Validating N-body code chrono for granular DEM simulations in reduced-gravity environments,Manual submission,Cecily Sunday; Naomi Murdoch; Simon Tardivel; Stephen R Schwartz; Patrick Michel,Monthly Notices of the Royal Astronomical Society
10.1093/petrology/egaa023,2020,"Texturally Controlled U–Th–Pb Monazite Geochronology Reveals Paleoproterozoic UHT Metamorphic Evolution in the Khondalite Belt, North China Craton",Manual submission,Shujuan Jiao; Ian C W Fitzsimons; Jian-Wei Zi; Noreen J Evans; Brad J Mcdonald; Jinghui Guo,Journal of Petrology
10.1093/petrology/egaa067,2021,A Disequilibrium Reactive Transport Model for Mantle Magmatism,Manual submission,Beñat Oliveira; Juan Carlos Afonso; Romain Tilhac,Journal of Petrology
10.1093/petrology/egaa096,2021,Metamorphic Differentiation via Enhanced Dissolution along High Permeability Zones,Manual submission,Jo Moore; Andreas Beinlich; Sandra Piazolo; Håkon Austrheim; Andrew Putnis,Journal of Petrology
10.1093/sysbio/syz034,2020,Statistical Comparison of Trait-Dependent Biogeographical Models Indicates That Podocarpaceae Dispersal Is Influenced by Both Seed Cone Traits and Geographical Distance,Manual submission,Kristina V Klaus; Nicholas J Matzke,Systematic Biology
10.1098/rsta.2019.0421,2021,Is complex fault zone behaviour a reflection of rheological heterogeneity?,Manual submission,Å. Fagereng; A. Beall,"Philosophical Transactions of the Royal Society A: Mathematical, Physical and Engineering Sciences"
10.1103/physrevresearch.2.013226,2020,Effects of a dissipative coupling to the momentum of a particle in a double well potential,Manual submission,D. Maile; S. Andergassen; G. Rastelli,Physical Review Research
10.1107/s1600576720013126,2020,Laboratory-modified powder diffraction specimen holder for filter paper,Manual submission,Matthew R. Rowles,Journal of Applied Crystallography
10.1108/ec-01-2020-0015,2020,Compaction effects on permeability of spherical packing,Manual submission,Duzhou Zhang; Zhiguo Tian; Zhiqiang Chen; Dengyun Wu; Gang Zhou; Shaohua Zhang; Moran Wang,Engineering Computations
10.1109/jstars.2021.3108049,2021,The Potential of Machine Learning for a More Responsible Sourcing of Critical Raw Materials,Manual submission,Pedram Ghamisi; Kasra Rafiezadeh Shahi; Puhong Duan; Behnood Rasti; Sandra Lorenz; Rene Booysen; Sam Thiele; Isabel Cecilia Contreras; Moritz Kirsch; Richard Gloaguen,IEEE Journal of Selected Topics in Applied Earth Observations and Remote Sensing
10.1111/1755-6724.14472,2020,Sulfide Aggregation in Ophiolitic Dunite Channels Explains Os‐Isotope Mismatch between Oceanic Crust and Mantle,Manual submission,Qing XIONG; Yong XU; José M. GONZÁLEZ‐JINÉNEZ; Jingao LIU; Olivier ALARD; Jian‐Ping ZHENG; William L. GRIFFIN; Suzanne Y. O'REILLY,Acta Geologica Sinica - English Edition
10.1111/1755-6724.14644,2021,Tectonic Evolution and Key Geological Issues of the Proto‐South China Sea,Manual submission,Zhiwen TIAN; Wu TANG; Pujun WANG; Zhigang ZHAO; Xiaomeng SUN; Huafeng TANG,Acta Geologica Sinica - English Edition
10.1111/1755-6724.14850,2021,Deep Deformation Processes in the Southern Ningxia Geomorphic Belt: Insight from Two‐dimensional Particle‐in‐cell Finite Difference Numerical Modelling,Manual submission,Yilin ZHAO; Xianying WANG; Wei SHI; Guiting HOU,Acta Geologica Sinica - English Edition
10.1111/bre.12470,2021,"Reconstruction of the Cenozoic deformation of the Bohai Bay Basin, North China",Manual submission,Yinbing Zhu; Shaofeng Liu; Bo Zhang; Michael Gurnis; Pengfei Ma,Basin Research
10.1111/bre.12520,2021,The influence of mantle flow on intracontinental basins: Three examples from Australia,Manual submission,Alexander Young; Nicolas Flament; Lisa Hall; Andrew Merdith,Basin Research
10.1111/bre.12606,2021,Modelling the role of dynamic topography and eustasy in the evolution of the Great Artesian Basin,Manual submission,Carmen Braz; Sabin Zahirovic; Tristan Salles; Nicolas Flament; Lauren Harrington; R. Dietmar Müller,Basin Research
10.1111/ggr.12291,2020,High‐Precision Cd Isotope Measurements of Soil and Rock Reference Materials by MC‐ICP‐MS with Double Spike Correction,Manual submission,Meng‐Shu Liu; Qun Zhang; Yingnan Zhang; Zhaofeng Zhang; Fang Huang; Hui‐Min Yu,Geostandards and Geoanalytical Research
10.1111/ggr.12313,2020,Atom Probe Tomography: Development and Application to the Geosciences,Manual submission,Steven M. Reddy; David W. Saxey; William D. A. Rickard; Denis Fougerouse; Stephanie D. Montalvo; Rick Verberne; Arie van Riessen,Geostandards and Geoanalytical Research
10.1111/ggr.12325,2020,"Precise and Accurate Determination of Lu and Hf Contents, and Hf Isotopic Compositions in Chinese Rock Reference Materials by MC‐ICP‐MS",Manual submission,Ming Yang; Yue‐Heng Yang; Noreen J. Evans; Lie‐Wen Xie; Chao Huang; Shi‐Tou Wu; Jin‐Hui Yang; Fu Yuan Wu,Geostandards and Geoanalytical Research
10.1111/ggr.12331,2020,Further Evaluation of Penglai Zircon Megacrysts as a Reference Material for (U‐Th)/He Dating,Manual submission,Shun Yu; Jingbo Sun; Noreen J. Evans; Martin Danišík; Lin Wu; Yuntao Tian; Ze Shen,Geostandards and Geoanalytical Research
10.1111/ggr.12398,2021,Xenotime at the Nanoscale: U‐Pb Geochronology and Optimisation of Analyses by Atom Probe Tomography,Manual submission,Cilva Joseph; Denis Fougerouse; David W. Saxey; Rick Verberne; Steven M. Reddy; William D. A. Rickard,Geostandards and Geoanalytical Research
10.1111/jbi.13838,2020,Biogeographical history of golden orbweavers: Chronology of a global conquest,Manual submission,Eva Turk; Klemen Čandek; Simona Kralj‐Fišer; Matjaž Kuntner,Journal of Biogeography
10.1111/jbi.13985,2020,Marine fish diversity in Tropical America associated with both past and present environmental conditions,Manual submission,Andrea Polanco F.; Fabian Fopp; Camille Albouy; Philipp Brun; Lydian Boschman; Loïc Pellissier,Journal of Biogeography
10.1111/jmg.12514,2020,"Microstructurally controlled trace element (Zr, U–Pb) concentrations in metamorphic rutile: An example from the amphibolites of the Bergen Arcs",Manual submission,Jo Moore; Andreas Beinlich; Jennifer K. Porter; Cristina Talavera; Jasper Berndt; Sandra Piazolo; Håkon Austrheim; Andrew Putnis,Journal of Metamorphic Geology
10.1111/jmg.12525,2020,Paleoproterozoic UHT metamorphism with isobaric cooling (IBC) followed by decompression–heating in the Khondalite Belt (North China Craton): New evidence from two sapphirine formation processes,Manual submission,Shujuan Jiao; Jinghui Guo,Journal of Metamorphic Geology
10.1111/jmg.12532,2020,Multiple P–T–d–t paths reveal the evolution of the final Nuna assembly in northeast Australia,Manual submission,Silvia Volante; Amaury Pourteau; William J. Collins; Eleanore Blereau; Zheng‐Xiang Li; Matthijs Smit; Noreen J. Evans; Adam R. Nordsvan; Chris J. Spencer; Brad J. McDonald; Jiangyu Li; Christina Günter,Journal of Metamorphic Geology
10.1111/jmg.12561,2021,Mechanisms of melt extraction during lower crustal partial melting,Manual submission,Michael A. Etheridge; Nathan R. Daczko; Timothy Chapman; Catherine A. Stuart,Journal of Metamorphic Geology
10.1111/jmg.12654,2022,"Ultrahigh temperature metamorphism and isobaric cooling of Neoarchean ultramafic‐mafic granulites in the southern granulite terrain, India: Phase equilibrium modelling and SHRIMP zircon U–Pb dating",Manual submission,Long‐Long Gou; Ming‐Guo Zhai; Cheng‐Li Zhang; Paul Mathews George; Jun‐Sheng Lu; Yan Zhao; Wen‐Hao Ao; Yu‐Hua Hu; Jian‐Wei Zi; Feng Zhou,Journal of Metamorphic Geology
10.1111/pala.12507,2021,"Palaeobiogeography of the North Pacific toothed mysticetes (Cetacea, Aetiocetidae): a key to Oligocene cetacean distributional patterns",Manual submission,Atzcalli E. Hernández Cisneros; Jorge Velez‐Juarbe,Palaeontology
10.1111/sed.12790,2021,Reduce or recycle? Revealing source to sink links through integrated zircon–feldspar provenance fingerprinting,Manual submission,Milo Barham; Christopher L. Kirkland; Jussi Hovikoski; Peter Alsen; Julie Hollis; Shane Tyrrell,Sedimentology
10.1111/sed.12975,2022,"Tidal dynamics in palaeo‐seas in response to changes in physiography, tidal forcing and bed shear stress",Manual submission,Valentin Zuchuat; Elisabeth Steel; Ryan P. Mulligan; Daniel S. Collins; J. A. Mattias Green,Sedimentology
10.1111/syen.12470,2021,Ultraconserved element phylogenomics and biogeography of the agriculturally important mason bee subgenus Osmia ( Osmia ),Manual submission,Michael G. Branstetter; Andreas Müller; Terry L. Griswold; Michael C. Orr; Chao‐Dong Zhu,Systematic Entomology
10.1111/syen.12530,2022,"Phylogeny, biogeography and diversification of the mining bee family Andrenidae",Manual submission,Silas Bossert; Thomas J. Wood; Sébastien Patiny; Denis Michez; Eduardo A. B. Almeida; Robert L. Minckley; Laurence Packer; John L. Neff; Robert S. Copeland; Jakub Straka; Alain Pauly; Terry Griswold; Seán G. Brady; Bryan N. Danforth; Elizabeth A. Murray,Systematic Entomology
10.1111/ter.12460,2020,"Birthplace of the São Francisco Craton, Brazil: Evidence from 3.60 to 3.64 Ga Gneisses of the Mairi Gneiss Complex",Manual submission,Elson P. Oliveira; Neal J. McNaughton; Stefano A. Zincone; Cristina Talavera,Terra Nova
10.1111/ter.12466,2020,Magnetic characterization of the zigzag shaped J‐anomaly: Implications for kinematics and breakup processes at the Iberia–Newfoundland margins,Manual submission,Luizemara S. A. Szameitat; Gianreto Manatschal; Michael Nirrengarten; Francisco J. F. Ferreira; Monica Heilbron,Terra Nova
10.1111/ter.12471,2020,"Plutonic processes in transitional oceanic plateau crust: Structure, age and emplacement of the South Rallier du Baty laccolith, Kerguelen Islands",Manual submission,Léandre Ponthus; Michel de Saint Blanquat; Damien Guillaume; Marc Le Romancer; Norman Pearson; Suzanne O’Reilly; Michel Grégoire,Terra Nova
10.1111/ter.12529,2021,"Variable exhumation history between the central and eastern Xigaze fore‐arc basin, south Tibet: Implications for underthrusting Indian slab dynamics",Manual submission,Zeliang Ma; Guangwei Li; Zhiqin Xu; Barry Kohn; Yilong Zheng,Terra Nova
10.1111/ter.12531,2021,Emergence of continents above sea‐level influences sediment melt composition,Manual submission,Janne Liebmann; Christopher J. Spencer; Christopher L. Kirkland; Claire E. Bucholz; Xiao‐Fang He; M. Santosh; Xiaoping P. Xia; Laure Martin; Noreen J. Evans,Terra Nova
10.1111/ter.12549,2021,A kinematic reconstruction of Iberia using intracontinental strike‐slip corridors,Manual submission,Gianluca Frasca; Gianreto Manatschal; Patricia Cadenas; Jordi Miró; Rodolphe Lescoutre,Terra Nova
10.1111/ter.12550,2021,Collision‐related porphyry Cu deposits formed by input of ultrapotassic melts into the sulfide‐rich lower crust,Manual submission,Yuan‐Chuan Zheng; Yang Shen; Lu Wang; William L. Griffin; Zeng‐Qian Hou,Terra Nova
10.1111/ter.12611,2022,Earth's one‐of‐a‐kind fault: The Tanlu fault,Manual submission,Peng Peng; Ross N. Mitchell; Yi Chen,Terra Nova
10.1126/sciadv.aba7118,2020,High mantle seismic P-wave speeds as a signature for gravitational spreading of superplumes,Manual submission,Tim Stern; Simon Lamb; James D. P. Moore; David Okaya; Katharina Hochmuth,Science Advances
10.1126/sciadv.abf9489,2021,Organic carbon burial is paced by a ~173-ka obliquity cycle in the middle to high latitudes,Manual submission,He Huang; Yuan Gao; Chao Ma; Matthew M. Jones; Christian Zeeden; Daniel E. Ibarra; Huaichun Wu; Chengshan Wang,Science Advances
10.1126/science.abf8732,2021,A positive relationship between functional redundancy and temperature in Cenozoic marine ecosystems,Manual submission,T. M. Womack; J. S. Crampton; M. J. Hannah; K. S. Collins,Science
10.1130/2021.2550(17),2021,Shock-twinned zircon in ejecta from the 45-m-diameter Kamil crater in southern Egypt,Manual submission,Aaron J. Cavosie; Luigi Folco,Large Meteorite Impacts and Planetary Evolution VI
10.1130/2021.2550(19),2021,"Shock deformation microstructures in xenotime from the Spider impact structure, Western Australia",Manual submission,Morgan A. Cox*; Aaron J. Cavosie; Michael Poelchau; Thomas Kenkmann; Phil A. Bland; Katarina Miljković,Large Meteorite Impacts and Planetary Evolution VI
10.1130/2021.2550(20),2021,"Extreme plastic deformation and subsequent Pb loss in shocked xenotime from the Vredefort Dome, South Africa",Manual submission,Aaron J. Cavosie; Christopher L. Kirkland; Steven M. Reddy; Nicholas E. Timms; Cristina Talavera; Maya R. Pincus,Large Meteorite Impacts and Planetary Evolution VI
10.1130/b35065.1,2020,Subduction initiation and back-arc opening north of Neo-Tethys: Evidence from the Late Cretaceous Torbat-e-Heydarieh ophiolite of NE Iran,Manual submission,Hadi Shafaii Moghadam; R.J. Stern; W.L. Griffin; M.Z. Khedr; M. Kirchenbaur; C.J. Ottley; S.A. Whattam; J.-I. Kimura; G. Ghorbani; S. Gain; S.Y. O’Reilly; A. Tamura,GSA Bulletin
10.1130/b35150.1,2020,"Laurentian origin of the Cuyania suspect terrane, western Argentina, confirmed by Hf isotopes in zircon",Manual submission,Erin L. Martin; William J. Collins; Christopher J. Spencer,GSA Bulletin
10.1130/b35198.1,2020,"New geochronologic and paleomagnetic results from early Neoproterozoic mafic sills and late Mesoproterozoic to early Neoproterozoic successions in the eastern North China Craton, and implications for the reconstruction of Rodinia",Manual submission,Hanqing Zhao; Shihong Zhang; Jikai Ding; Linxi Chang; Qiang Ren; Haiyan Li; Tianshui Yang; Huaichun Wu,GSA Bulletin
10.1130/b35380.1,2020,"The Mesoproterozoic Baoban Complex, South China: A missing fragment of western Laurentian lithosphere",Manual submission,Ya-Jun Xu; Peter A. Cawood; Hang-Chuan Zhang; Jian-Wei Zi; Jin-Bo Zhou; Li-Xing Li; Yuan-Sheng Du,GSA Bulletin
10.1130/b35459.1,2020,"Petrological, geochronological, and geochemical potential accounting for continental subduction and exhumation: A case study of felsic granulites from South Altyn Tagh, northwestern China",Manual submission,Yunshuai Li; Jianxin Zhang; Shengyao Yu; Yanguang Li; Hu Guo; Jian Zhang; Changlei Fu; Hui Cao; Mengqi Jin; Zhihui Cai,GSA Bulletin
10.1130/b35560.1,2021,Interpreting and reporting 40Ar/39Ar geochronologic data,Manual submission,Allen J. Schaen; Brian R. Jicha; Kip V. Hodges; Pieter Vermeesch; Mark E. Stelten; Cameron M. Mercer; David Phillips; Tiffany A. Rivera; Fred Jourdan; Erin L. Matchan; Sidney R. Hemming; Leah E. Morgan; Simon P. Kelley; William S. Cassata; Matt T. Heizler; Paulo M. Vasconcelos; Jeff A. Benowitz; Anthony A.P. Koppers; Darren F. Mark; Elizabeth M. Niespolo; Courtney J. Sprain; Willis E. Hames; Klaudia F. Kuiper; Brent D. Turrin; Paul R. Renne; Jake Ross; Sebastien Nomade; Hervé Guillou; Laura E. Webb; Barbara A. Cohen; Andrew T. Calvert; Nancy Joyce; Morgan Ganerød; Jan Wijbrans; Osamu Ishizuka; Huaiyu He; Adán Ramirez; Jörg A. Pfänder; Margarita Lopez-Martínez; Huaning Qiu; Brad S. Singer,GSA Bulletin
10.1130/b35595.1,2021,Kinematic and geodynamic evolution of the Isthmus of Panama region: Implications for Central American Seaway closure,Manual submission,Rebecca McGirr; Maria Seton; Simon Williams,GSA Bulletin
10.1130/b35649.1,2021,Distinguishing tectonic versus climatic forcing on landscape evolution: An example from SE Tibetan Plateau,Manual submission,Fangbin Liu; Martin Danišík; Dewen Zheng; Kerry Gallagher; Junsheng Nie,GSA Bulletin
10.1130/b35652.1,2021,Provenance and tectonic setting of late Paleozoic sedimentary rocks from the Alxa Tectonic Belt (NW China): Implications for accretionary tectonics of the southern Central Asian Orogenic Belt,Manual submission,Dongfang Song; Wenjiao Xiao; Brian F. Windley; Chunming Han,GSA Bulletin
10.1130/b35677.1,2021,Raising the Resurrection plate from an unfolded-slab plate tectonic reconstruction of northwestern North America since early Cenozoic time,Manual submission,Spencer Fuston; Jonny Wu,GSA Bulletin
10.1130/b35680.1,2020,Carbonate platform production during the Cretaceous,Manual submission,Alexandre Pohl; Yannick Donnadieu; Yves Godderis; Cyprien Lanteaume; Alex Hairabian; Camille Frau; Julien Michel; Marie Laugie; John J.G. Reijmer; Christopher R. Scotese; Jean Borgomano,GSA Bulletin
10.1130/b35851.1,2022,"Sedimentology, geochronology, and provenance of the late Cenozoic “Yangtze Gravel”: Implications for Lower Yangtze River reorganization and tectonic evolution in southeast China",Manual submission,Ping Wang; Hongbo Zheng; Yongdong Wang; Xiaochun Wei; Lingyu Tang; Fred Jourdan; Jun Chen; Xiangtong Huang,GSA Bulletin
10.1130/b35904.1,2021,An extreme climate gradient-induced ecological regionalization in the Upper Cretaceous Western Interior Basin of North America,Manual submission,Landon Burgener; Ethan Hyland; Emily Griffith; Helena Mitášová; Lindsay E. Zanno; Terry A. Gates,GSA Bulletin
10.1130/b35981.1,2022,"A crucial geologic test of Late Jurassic exotic collision versus endemic re-accretion in the Klamath Mountains Province, western United States, with implications for the assembly of western North America",Manual submission,Todd A. LaMaskin; Jonathan A. Rivas; David L. Barbeau; Joshua J. Schwartz; John A. Russell; Alan D. Chapman,GSA Bulletin
10.1130/b36041.1,2022,"The Middle-Late Cretaceous Zagros ophiolites, Iran: Linking of a 3000 km swath of subduction initiation fore-arc lithosphere from Troodos, Cyprus to Oman",Manual submission,H.S. Moghadam; Q.L. Li; W.L. Griffin; M. Chiaradia; K. Hoernle; S.Y. O’Reilly; R. Esmaeili,GSA Bulletin
10.1130/b36220.1,2022,Early Paleozoic Cascadia-type active-margin evolution of the Dunhuang block (NW China): Geochemical and geochronological constraints,Manual submission,Jérémie Soldner; Chao Yuan; Karel Schulmann; Yingde Jiang; Pavla Štípská; Yunying Zhang; Zongying Huang; Xinyu Wang,GSA Bulletin
10.1130/b36542.1,2023,"Hydrothermal alteration episodes reflect multiple Proterozoic tectonic and magmatic events in the Kangdian region, western Yangtze Block",Manual submission,Zhi-Kun Su; Xin-Fu Zhao; Christina Yan Wang; Jian-Wei Zi; Neal J. McNaughton; Carl Spandler,Geological Society of America Bulletin
10.1130/b36717.1,2023,Linking Pacific Plate formation and Early Cretaceous metallogenic response on the circum-Pacific continental margins,Manual submission,Chao Wu; Huayong Chen; Massimo Chiaradia; Pengpeng Huangfu; Zhonghai Li,Geological Society of America Bulletin
10.1130/g46707.1,2020,"A 1.25 Ga depositional age for the “Paleoproterozoic” Mapedi red beds, Kalahari manganese field, South Africa: New constraints on the timing of oxidative weathering and hematite mineralization",Manual submission,Birger Rasmussen; Janet R. Muhling; Jian-Wei Zi; Harilaos Tsikos; Woodward W. Fischer,Geology
10.1130/g46834.1,2020,"Persistence of melt-bearing Archean lower crust for &amp;gt;200 m.y.—An example from the Lewisian Complex, northwest Scotland",Manual submission,Richard J.M. Taylor; Tim E. Johnson; Chris Clark; Richard J. Harrison,Geology
10.1130/g47126.1,2020,Melt-present shear zones enable intracontinental orogenesis,Manual submission,Sandra Piazolo; Nathan R. Daczko; David Silva; Tom Raimondo,Geology
10.1130/g47166.1,2020,Early human occupation of southeastern Australia: New insights from 40Ar/39Ar dating of young volcanoes,Manual submission,Erin L. Matchan; David Phillips; Fred Jourdan; Korien Oostingh,Geology
10.1130/g47364.1,2020,"Uplift and exhumation in Haida Gwaii driven by terrane translation and transpression along the southern Queen Charlotte fault, Canada",Manual submission,Philip Schoettle-Greene; Alison R. Duvall; Ann Blythe; Eric Morley; William Matthews; Sean R. LaHusen,Geology
10.1130/g47526.1,2020,U-Pb dating of overpressure veins in late Archean shales reveals six episodes of Paleoproterozoic deformation and fluid flow in the Pilbara craton,Manual submission,Birger Rasmussen; Jian-Wei Zi; Janet R. Muhling; Daniel J. Dunkley; Woodward W. Fischer,Geology
10.1130/g47850.1,2021,Longest continuously erupting large igneous province driven by plume-ridge interaction,Manual submission,Qiang Jiang; Fred Jourdan; Hugo K.H. Olierook; Renaud E. Merle; Joanne M. Whittaker,Geology
10.1130/g47932.1,2021,Paleomagnetic insights into the Cambrian biogeographic conundrum: Did the North China craton link Laurentia and East Gondwana?,Manual submission,Hanqing Zhao; Shihong Zhang; Maoyan Zhu; Jikai Ding; Haiyan Li; Tianshui Yang; Huaichun Wu,Geology
10.1130/g47988.1,2021,The role of megacontinents in the supercontinent cycle,Manual submission,Chong Wang; Ross N. Mitchell; J. Brendan Murphy; Peng Peng; Christopher J. Spencer,Geology
10.1130/g48017.1,2020,The geochemical and geochronological implications of nanoscale trace-element clusters in rutile,Manual submission,R. Verberne; S.M. Reddy; D.W. Saxey; D. Fougerouse; W.D.A. Rickard; D. Plavsa; A. Agangi; A.R.C. Kylander-Clark,Geology
10.1130/g48435.1,2021,Recalibrating Rodinian rifting in the northwestern United States,Manual submission,Daniel T. Brennan; Zheng-Xiang Li; Kai Rankenburg; Noreen Evans; Paul K. Link; Adam R. Nordsvan; Christopher L. Kirkland; J. Brian Mahoney; Tim Johnson; Bradley J. McDonald,Geology
10.1130/g48611.1,2021,Subduction of the Izanagi-Pacific Ridge–transform intersection at the northeastern end of the Eurasian plate,Manual submission,Toru Yamasaki; Gen Shimoda; Kenichiro Tani; Jinichiro Maeda; Futoshi Nanayama,Geology
10.1130/g48711.1,2021,"A hidden Rodinian lithospheric keel beneath Zealandia, Earth’s newly recognized continent",Manual submission,R.E. Turnbull; J.J. Schwartz; M.L. Fiorentini; R. Jongens; N.J. Evans; T. Ludwig; B.J. McDonald; K.A. Klepeis,Geology
10.1130/g49250.1,2021,Rhabdophane Th-Pb ages indicate reactivation of Mesoarchean structures in west Pilbara Craton during breakup of Greater India and Australia-Antarctica,Manual submission,Birger Rasmussen; Jian-Wei Zi; Janet R. Muhling,Geology
10.1130/g49306.1,2021,Multiple melt source origin of the Line Islands (Pacific Ocean),Manual submission,Robert Pockalny; Ginger Barth; Barry Eakins; Katherine A. Kelley; Christina Wertman,Geology
10.1130/g49375.1,2022,Lithosphere–asthenosphere interactions beneath northeast China and the origin of its intraplate volcanism,Manual submission,Anqi Zhang; Zhen Guo; Juan Carlos Afonso; Heather Handley; Hongkun Dai; Yingjie Yang; Y. John Chen,Geology
10.1130/g50256.1,2022,Preserved intercratonic lithosphere reveals Proterozoic assembly of Australia,Manual submission,Yongjun Lu; Michael T.D. Wingate; Robert H. Smithies; Klaus Gessner; Simon P. Johnson; Anthony I.S. Kemp; David E. Kelsey; Peter W. Haines; David McB. Martin; Laure Martin; Mark Lindsay,Geology
10.1130/ges02154.1,2020,"Identification of a new source for the Triassic Langjiexue Group: Evidence from a gabbro-diorite complex in the Gangdese magmatic belt and zircon microstructures from sandstones in the Tethyan Himalaya, southern Tibet",Manual submission,Xuxuan Ma; Zhiqin Xu; Zhongbao Zhao; Zhiyu Yi,Geosphere
10.1130/ges02186.1,2021,"Magnetostratigraphy and magnetic properties of the Jurassic to Lower Cretaceous Girón Group (northern Andes, Colombia)",Manual submission,Giovanny Jiménez; Helbert García-Delgado; John W. Geissman,Geosphere
10.1130/ges02563.1,2023,Zircon age spectra to quantify magma evolution,Manual submission,A.K. Schmitt; J. Sliwinski; L. Caricchi; O. Bachmann; N. Riel; B.J.P. Kaus; A. Cisneros de Léon; J. Cornet; B. Friedrichs; O. Lovera; T. Sheldrake; G. Weber,Geosphere
10.1134/s0013873821010061,2021,"A Review of the Antlion Fauna (Neuroptera, Myrmeleontidae) of Madagascar and Analysis of Its Genesis Based on the Collection of the Zoological Institute RAS, St. Petersburg",Manual submission,V. A. Krivokhatsky,Entomological Review
10.1134/s0016852121040105,2021,Peri-Gondwanan Blocks in the Structure of the Southern and Southeastern Framing of the East European Platform,Manual submission,N. B. Kuznetsov; T. V. Romanyuk,Geotectonics
10.1134/s0869593820050068,2020,"Campanian–Maastrichtian Radiolarians from Terranes of the Koryak Highland, Northeastern Russia",Manual submission,T. N. Palechek,Stratigraphy and Geological Correlation
10.1134/s0869593822020058,2021,"Kimmeridgian–Volgian Palynological Assemblages of the Eganovo Section (Moscow Region) and Their Possible Application for Biostratigraphy, Correlation, and Facies Analysis",Manual submission,E. B. Pestchevitskaya; A. V. Lidskaya; Yu. I. Rostovtseva,Stratigraphy and Geological Correlation
10.1139/cjes-2019-0048,2020,Evidence for early glaciation of southeastern Beringia,Manual submission,Rodney Arthur Savidge,Canadian Journal of Earth Sciences
10.1142/s0219876220500061,2020,A Mesh-Free Approach for Multiscale Modeling in Continuum–Granular Systems,Manual submission,Can Wang; An Deng; Abbas Taheri; Louis Ge,International Journal of Computational Methods
10.1144/jgs2019-062,2020,"Geochronology and geochemistry of the Tabaquito batholith (Frontal Cordillera, Argentina): geodynamic implications and temporal correlations in the SW Gondwana margin",Manual submission,Juan A. Moreno; Juan A. Dahlquist; Matías M. Morales Cámera; Pablo H. Alasino; Mariano A. Larrovere; Miguel A. S. Basei; Carmen Galindo; Priscila S. Zandomeni; Sebastian Rocher,Journal of the Geological Society
10.1144/jgs2020-121,2021,"Inherited structure as a control on late Paleozoic and Mesozoic exhumation of the Tarbagatai Mountains, southeastern Kazakhstan",Manual submission,Jack Gillespie; Stijn Glorie; Gilby Jepson; Fedor Zhimulev; Dmitriy Gurevich; Martin Danišík; Alan S. Collins,Journal of the Geological Society
10.1144/jgs2020-173,2021,Footprints of the Alice Springs Orogeny preserved in far northern Australia: an application of multi-kinetic thermochronology in the Pine Creek Orogen and Arnhem Province,Manual submission,Angus L. Nixon; Stijn Glorie; Alan S. Collins; Jo A. Whelan; Barry L. Reno; Martin Danišík; Benjamin P. Wade; Geoff Fraser,Journal of the Geological Society
10.1144/jgs2020-215,2021,Tracking Proterozoic–Triassic sediment routing to western Laurentia via bivariate non-negative matrix factorization of detrital provenance data,Manual submission,Joel E. Saylor; Kurt E. Sundell,Journal of the Geological Society
10.1144/jgs2020-221,2021,Tracking Prototethyan assembly felsic magmatic suites in southern Yunnan (SW China): evidence for an Early Ordovician–Early Silurian arc–back-arc system,Manual submission,Guichun Liu; Guangyan Chen; M. Santosh; Xin Qian; Zaibo Sun; Jian-Wei Zi; Tianyu Zhao; Qinglai Feng; Shen Ma,Journal of the Geological Society
10.1144/jgs2020-241,2021,"Evidence from the U–Pb–Hf signatures of detrital zircons for a Baltican provenance for basal Old Red Sandstone successions, northern Scottish Caledonides",Manual submission,Rob A. Strachan; Hugo K. H. Olierook; Christopher L. Kirkland,Journal of the Geological Society
10.1144/jgs2021-030,2022,Palaeolatitudinal distribution of the Ediacaran macrobiota,Manual submission,Catherine E. Boddy; Emily G. Mitchell; Andrew Merdith; Alexander G. Liu,Journal of the Geological Society
10.1144/jgs2021-070,2022,Thin-section detrital zircon geochronology mitigates bias in provenance investigations,Manual submission,Isabel C. Zutterkirch; Christopher L. Kirkland; Milo Barham; Chris Elders,Journal of the Geological Society
10.1144/jgs2022-023,2023,Geochemical and radiogenic isotope records of the Weissert Event in south Tethyan sediments,Manual submission,M. Shmeit; C. Chauvel; F. Giraud; E. Jaillard; S. Reboulet; M. Masrour; J. E. Spangenberg; A. El-Samrani,Journal of the Geological Society
10.1144/jgs2022-171,2023,40 Ar/ 39 Ar eruption ages of Turkana Basin tuffs: millennial-scale resolution constrains palaeoclimate proxy tuning models and hominin fossil ages,Manual submission,David Phillips; Erin L. Matchan; Andy J. Gleadow; Frank H. Brown; Ian A. McDougall; Thure E. Cerling; Meave G. Leakey; Janet M. Hergt; Louise N. Leakey,Journal of the Geological Society
10.1144/jgs2022-178,2023,"A detective duo of apatite and zircon geochronology for East Avalonia, Johnston Complex, Wales",Manual submission,Anthony J. I. Clarke; Christopher L. Kirkland; Stijn Glorie,Journal of the Geological Society
10.1144/m51-2018-74,2020,Chapter 7 Post-obduction evolution of New Caledonia,Manual submission,B. Sevin; P. Maurizot; D. Cluzel; E. Tournadour; S. Etienne; N. Folcher; J. Jeanpert; J. Collot; M. Iseppi; S. Meffre; M. Patriat,"Geological Society, London, Memoirs"
10.1144/sp476.4,2020,"Role of outer marginal collapse on salt deposition in the eastern Gulf of Mexico, Campos and Santos basins",Manual submission,James Pindell; Rod Graham; Brian W. Horn,"Geological Society, London, Special Publications"
10.1144/sp476.5,2020,"Crustal structure of the conjugate Equatorial Atlantic Margins, derived by gravity anomaly inversion",Manual submission,Nick J. Kusznir; Alan M. Roberts; Andrew D. Alvey,"Geological Society, London, Special Publications"
10.1144/sp503-2020-15,2021,Paleozoic plate kinematics during the Pannotia–Pangaea supercontinent cycle,Manual submission,Uwe Kroner; Tobias Stephan; Rolf L. Romer; Marco Roscher,"Geological Society, London, Special Publications"
10.1144/sp503-2020-7,2021,Pannotia's mantle signature: the quest for supercontinent identification,Manual submission,Philip J. Heron; J. Brendan Murphy; R. Damian Nance; R. N. Pysklywec,"Geological Society, London, Special Publications"
10.1144/sp504-2020-43,2021,A revised synthesis of the rift and drift history of the Gulf of Mexico and surrounding regions in the light of improved age dating of the Middle Jurassic salt,Manual submission,James Pindell; Diego Villagómez; Roberto Molina-Garza; Rod Graham; Bodo Weber,"Geological Society, London, Special Publications"
10.1144/sp524-2021-110,2023,"Early post-breakup kinematic adjustments of continental–oceanic transform fault zones: Cape Range, Coromandal and Romanche transform margin case study",Manual submission,Michal Nemčok; Lucia Ledvényiová; Andreas Henk; Samuel Rybár; Sudipta Tapan Sinha; Lubomil Pospíšil; Ján Mikuška; Michal Jánošík; Tamás Csibri; Stanislaw Staniaszek; Adam Baranowski; Tadeusz Gontar,"Geological Society, London, Special Publications"
10.1144/sp524-2021-119,2023,"Utilization of continental transforms in break-up: observations, models, and a potential link to magmatism",Manual submission,E. R. Lundin; A. G. Doré; J. Naliboff; J. Van Wijk,"Geological Society, London, Special Publications"
10.1144/sp524-2021-123,2023,Oceanward rift migration during formation of Santos–Benguela ultra-wide rifted margins,Manual submission,Mario Neto Araujo; Marta Pérez-Gussinyé; Iskander Muldashev,"Geological Society, London, Special Publications"
10.1144/sp524-2021-94,2023,Contrasting transform and passive margin subsidence history and heat flow evolution: insights from 3D thermo-mechanical modelling,Manual submission,Attila Balázs; Taras Gerya; Dave May; Gábor Tari,"Geological Society, London, Special Publications"
10.1144/sp524-2021-96,2023,"Deep structure of the Demerara Plateau and its two-fold tectonic evolution: from a volcanic margin to a transform marginal plateau, insights from the Conjugate Guinea Plateau",Manual submission,David Graindorge; Thomas Museur; Frauke Klingelhoefer; Walter R. Roest; Christophe Basile; Lies Loncke; François Sapin; Arnaud Heuret; Julie Perrot; Boris Marcaillou; Jean Frédéric Lebrun; Jacques Déverchère,"Geological Society, London, Special Publications"
10.1144/sp531-2022-165,2023,"The amalgamation of Gondwana: calcite twinning and finite strains from the early–late Paleozoic Buzios, Ross, Kurgiakh and Gondwanide orogens",Manual submission,John Craddock; Timothy Paulsen; Renata da Silva Schmitt; Stephen T. Johnston; Paul M. Myrow; Nigel C. Hughes,"Geological Society, London, Special Publications"
10.1144/sp532-2022-1,2023,The Ordovician ocean circulation: a modern synthesis based on data and models,Manual submission,Alexandre Pohl; Elise Nardin; Thijs R. A. Vandenbroucke; Yannick Donnadieu,"Geological Society, London, Special Publications"
10.1144/sp532-2022-311,2023,Ordovician plate tectonic and palaeogeographical maps,Manual submission,Christopher R. Scotese,"Geological Society, London, Special Publications"
10.1146/annurev-earth-081320-064052,2021,An Atlas of Phanerozoic Paleogeographic Maps: The Seas Come In and the Seas Go Out,Manual submission,Christopher R. Scotese,Annual Review of Earth and Planetary Sciences
10.1149/1945-7111/ab90af,2020,The Role of Tungsten on the Phase Transformation Kinetics and its Correlation with the Localized Corrosion Resistance of 25Cr Super Duplex Stainless Steels,Manual submission,Cristian Torres; María Sofía Hazarabedian; Zakaria Quadir; Roy Johnsen; Mariano Iannuzzi,Journal of The Electrochemical Society
10.11636/132198,2020,Development of the open-source MTPy package for magnetotelluric data analysis and visualisation,Manual submission,A.L. Kirkby; F. Zhang; J. Peacock; R. Hassan; J. Duan,
10.1186/s40623-020-01248-5,2020,Unmixing biogenic and terrigenous magnetic mineral components in red clay of the Pacific Ocean using principal component analyses of first-order reversal curve diagrams and paleoenvironmental implications,Manual submission,Toshitsugu Yamazaki; Wei Fu; Takaya Shimono; Yoichi Usui,"Earth, Planets and Space"
10.1186/s40623-020-01336-6,2021,Special issue “Studies on electromagnetic induction in the earth: recent advances and future directions”,Manual submission,Paul A. Bedrosian; Gerhard Schwarz; Kate Selway; Pierre Wawrzyniak; Dikun Yang,"Earth, Planets and Space"
10.1186/s40623-020-01338-4,2021,Magnetostratigraphic evidence for post-depositional distortion of osmium isotopic records in pelagic clay and its implications for mineral flux estimates,Manual submission,Yoichi Usui; Toshitsugu Yamazaki,"Earth, Planets and Space"
10.1186/s40623-021-01389-1,2021,VLBI and GPS inter- and intra-technique combinations on the observation level for evaluation of TRF and EOP,Manual submission,Periklis-Konstantinos Diamantidis; Grzegorz Kłopotek; Rüdiger Haas,"Earth, Planets and Space"
10.1186/s40645-023-00581-z,2023,K-feldspar enrichment in the Pacific pelagic sediments before Miocene,Manual submission,Yoichi Usui; Toshitsugu Yamazaki,Progress in Earth and Planetary Science
10.1190/geo2018-0679.1,2020,EMTF XML: New data interchange format and conversion tools for electromagnetic transfer functions,Manual submission,Anna Kelbert,Geophysics
10.1190/int-2019-0087.1,2020,Conjugate margins — An oversimplification of the complex southern North Atlantic rift and spreading system?,Manual submission,Alexander L. Peace; J. Kim Welford,Interpretation
10.1190/int-2019-0256.1,2020,A fresh look at Gulf of Mexico tectonics: Testing rotations and breakup mechanisms from the perspective of seismically constrained potential-fields modeling and plate kinematics,Manual submission,Daniel Minguez; E. Gerald Hensel; Elizabeth A. E. Johnson,Interpretation
10.1190/segam2021-3581079.1,2021,Efficient ground EM acquisition using irregular sparse stations: A compressive sensing approach,Manual submission,Mengli Zhang; Yaoguo Li,First International Meeting for Applied Geoscience &amp; Energy Expanded Abstracts
10.1206/0003-0090.440.1.1,2020,Pennaraptoran Theropod Dinosaurs Past Progress and New Frontiers,Manual submission,Michael Pittman; Xing Xu,Bulletin of the American Museum of Natural History
10.1306/13692247m1233849,2021,Quantitative Plate Tectonic Reconstructions of the Caribbean Region from Jurassic to Present,Manual submission,Alejandro Escalona; Ian O. Norton; Lawrence A. Lawver; Lisa Gahagan,"Memoir 123: South America—Caribbean—Central Atlantic Plate Boundary: Tectonic Evolution, Basin Architecture, and Petroleum Systems"
10.1306/13692250m1233852,2021,Creating Spatial-Based Paleogeography from Plate Reconstructions: A Methodology,Manual submission,L. Watson; A. Escalona,"Memoir 123: South America—Caribbean—Central Atlantic Plate Boundary: Tectonic Evolution, Basin Architecture, and Petroleum Systems"
10.14264/84f4666,2021,esys-escript 5.8,Manual submission,Adam Ellery; Andrea Codd; Lutz Gross,UQ eSpace
10.14264/d7216fc,2021,Effective Transition from Research to Operations for Government and Industry: The Essential Roles of Collaborative Research Infrastructure,Manual submission,Stuart Phinn,Proceedings of the TERN Science Symposium 2021
10.15381/iigeo.v25i49.23025,2022,Geometalurgia y el análisis de la data. Importancia y aplicaciones en Perú,Manual submission,Julio Alejandro Castro Andrade; Renzo Paolo Mario Dávila Medina; Jesús Alberto Torres Guerra; Vidal Sixto Aramburú Rojas,"Revista del Instituto de investigación de la Facultad de minas, metalurgia y ciencias geográficas"
10.1680/jadcr.19.00035,2020,Mitigation of the potential alkali–silica reaction of FNS using ground FNS as a supplementary binder,Manual submission,Ashish Kumer Saha; Prabir Kumar Sarker,Advances in Cement Research
10.1680/jgeen.19.00196,2021,Discrete-element modelling of the trapdoor arching effect in sand and rubberised sand,Manual submission,Hamidreza Khatami; An Deng; Mark Jaksa,Proceedings of the Institution of Civil Engineers - Geotechnical Engineering
10.1785/0120220260,2023,Stochastic Ground-Motion Simulation of the 2021 Mw 5.9 Woods Point Earthquake: Facilitating Local Probabilistic Seismic Hazard Analysis in Australia,Manual submission,Yuxiang Tang; P. Martin Mai,Bulletin of the Seismological Society of America
10.1785/0220190308,2020,Evaluating Uncertainties of Phase Velocity Measurements from Cross-Correlations of Ambient Seismic Noise,Manual submission,Yinhe Luo; Yingjie Yang; Jinyun Xie; Xiaozhou Yang; Fengru Ren; Kaifeng Zhao; Hongrui Xu,Seismological Research Letters
10.1785/0220200234,2021,"Source and Attenuation Properties of the 2012 Moe, Southeastern Australia, Earthquake Sequence",Manual submission,Ryan Hoult; Trevor Allen; Elodie Borleis; Wayne Peck; Anita Amirsardari,Seismological Research Letters
10.17850/njg101-1-4,2021,"Morris Jesup Spur and Rise north of Greenland – exploring present seabed features, the history of sediment deposition, volcanism and tectonic deformation at a Late Cretaceous/early Cenozoic triple junction in the Arctic Ocean",Manual submission,Yngve Kristoffersen; John K. Hall; Espen Harris Nilsen,Norwegian Journal of Geology
10.18509/agb.2020.16,2020,"SEAFLOOR MAPPING OF THE ATLANTIC OCEAN BY GMT: VISUALIZING MID ATLANTIC RIDGE SPREADING, SEDIMENT DISTRIBUTION AND TECTONIC DEVELOPMENT",Manual submission,; Polina Lemenkova,Acta Geobalcanica
10.20341/gb.2020.022,2020,"Sedimentary evolution and stratigraphy of the ~765–740 Ma Kansuki-Mwashya platform succession in the Tenke-Fungurume Mining District, Democratic Republic of the Congo",Manual submission,Pascal MAMBWE; Franck DELPOMDOR; Sébastien LAVOIE; Philippe MUKONKI; Jacques BATUMIKE; Philippe MUCHEZ,Geologica Belgica
10.21105/joss.04070,2022,Mandyoc: A finite element code to simulate thermochemical convection in parallel,Manual submission,Victor Sacek; Jamison Assunção; Agustina Pesce; Rafael Monteiro da Silva,Journal of Open Source Software
10.2113/gsjfr.53.3.214,2023,Benthic Foraminiferal Response to the Aptian−Albian Carbon Cycle Perturbation in the Atlantic Ocean,Manual submission,Karlos G. D. Kochhann; Brian T. Huber; Ann E. Holbourn; Wolfgang Kuhnt,Journal of Foraminiferal Research
10.2118/207454-ms,2021,SE Abu Dhabi Aptian 5 Shuaiba System: Understanding a Heterogeneous Reservoir Trend,Manual submission,Nick Whitcomb; Abdulla Seliem; Rachel Marzen; Bernardo Jose Franco; Maria Agustina Celentano; Sweta Bose; Alejandra Maldonado Pena,Abu Dhabi International Petroleum Exhibition &amp; Conference
10.21203/rs.3.rs-1013308/v1,2021,Post-extinction recovery of the Phanerozoic oceans and the rise of biodiversity hotspots,Manual submission,Pedro Cermeño; Carmen García-Comas; Alexandre Pohl; Simon Williams; Michael Benton; Guillaume Le Gland; R Dietmar Muller; Andy Ridgwell; Sergio Vallina,Research Square
10.21203/rs.3.rs-121788/v1,2021,The Deep Roots of Geology: Tectonic History of Australia Preserved as Mantle Anisotropy,Manual submission,Caroline Eakin,Research Square
10.21203/rs.3.rs-121788/v2,2021,The Deep Roots of Geology: Tectonic History of Australia and its Margins expressed by Mantle Anisotropy,Manual submission,Caroline Eakin,Research Square
10.21203/rs.3.rs-1314446/v1,2022,"Evidence for paleo-continental margin and folding of relic fragment of the Bay of Bengal, northeast Indian subcontinent",Manual submission,Kolluru Krishna; M. Ismaiel; Abhimanyu Rajan,Research Square
10.21203/rs.3.rs-1690437/v1,2022,Increased complexity in volcanic architecture along waning hotspots,Manual submission,Al-Tamini Tapu; Teresa Ubide; Paulo Vasconcelos,Research Square
10.21203/rs.3.rs-2047226/v1,2022,Joint 4-D Visualisation and Analysis of Geodynamic Models and Geological Data,Manual submission,Ömer Faruk Bodur; Nicolas Flament,Research Square
10.21203/rs.3.rs-2126251/v1,2022,Land plant evolution and volcanism led to the Late Devonian mass extinction,Manual submission,Matthew Smart; Gabriel Filippelli; William Gilhooly III; Kazumi Ozaki; Christopher Reinhard; John Marshall; Jessica Whiteside,Research Square
10.21203/rs.3.rs-2332418/v1,2022,Landward mantle flow associated with the Pacific subduction system opened the South China Sea,Manual submission,Yanhui Suo; Hao Dong; Lijun Liu; Diandian Peng; Yanchong Li; Jinping Liu; Liming Dai; Xianzhi Cao; Sanzhong Li,Research Square
10.21203/rs.3.rs-3006258/v1,2023,Oceanic Anoxic Event 2 triggered by Kerguelen Plateau volcanism,Manual submission,Chloe Walker-Trivett; Sev Kender; Kara Bogus; Kate Littler; Trine Edvardsen; Melanie Leng; Jack Lacey,Research Square
10.21203/rs.3.rs-3184669/v1,2023,Reconciling equatorward migration of Southern Ocean fronts with minor ice volume change during Miocene cooling,Manual submission,Suning Hou; Lennert Stap; Ryan Paul; Mei Nelissen; Frida Hoem; Martin Ziegler; Appy Sluijs; Francesca Sangiorgi; Peter Bijl,Research Square
10.21203/rs.3.rs-333061/v1,2021,Mobilization of lithospheric mantle carbon during the Palaeocene-Eocene thermal maximum,Manual submission,Thomas Gernon; Ryan Barr; John Fitton; Thea Hincks; Jack Longman; Andrew Merdith; Ross Mitchell; Martin Palmer,Research Square
10.21203/rs.3.rs-639303/v1,2021,Red Sea tectonics unveil the largest known terrestrial ice stream: New constraints on Late Ordovician ice sheet dynamics,Manual submission,Mohamed Elhebiry; Mohamed Sultan; Abotalib Abotalib; Alan Kehew; Peter Voice; Ibrahim Abu El-Leil,Research Square
10.21203/rs.3.rs-690433/v1,2021,Evidence of oceanic plate delamination in the Northern Atlantic,Manual submission,Joao Duarte; Nicolas Riel; Chiara Civiero; Sonia Silva; Filipe Rosas; Wouter Schellart; Susana Custodio; Jaime Almeida; Pedro Terrinha; Antonio Ribeiro,Research Square
10.21203/rs.3.rs-986686/v1,2021,Diamond ascent by rift-driven disruption of cratonic mantle keels,Manual submission,Thomas Gernon; Stephen Jones; Sascha Brune; Thea Hincks; Anne Glerum; Andrew Merdith; Martin Palmer; John Schumacher; Rebecca Primiceri; Matthew Field; William Griffin; Suzanne O'Reilly; Derek Keir; Christopher Spencer,Research Square
10.2138/am-2020-7236,2020,Volcanic SiO2-cristobalite: A natural product of chemical vapor deposition,Manual submission,C. Ian Schipper; William D.A. Rickard; Steven M. Reddy; David W. Saxey; Jonathan M. Castro; Denis Fougerouse; Zakaria Quadir; Chris Conway; David J. Prior; Kat Lilly,American Mineralogist
10.2138/am-2021-7681,2021,Establishing the P-T path of UHT granulites by geochemically distinguishing peritectic from retrograde garnet,Manual submission,Shujuan Jiao; Noreen J. Evans; Jinghui Guo; Ian C. W. Fitzsimons; Jian-Wei Zi; Bradley J. McDonald,American Mineralogist
10.2138/am-2021-7714,2021,Recycled volatiles determine fertility of porphyry deposits in collisional settings,Manual submission,Bo Xu; Zeng-Qian Hou; William L. Griffin; Yongjun Lu; Elena Belousova; Ji-Feng Xu; Suzanne Y. O'Reilly,American Mineralogist
10.2138/am-2021-7746,2021,"Fingerprinting REE mineralization and hydrothermal remobilization history of the carbonatite-alkaline complexes, Central China: Constraints from in situ elemental and isotopic analyses of phosphate minerals",Manual submission,Jian-Hui Su; Xin-Fu Zhao; Xiao-Chun Li; Zhi-Kun Su; Rui Liu; Zhi-Jun Qin; Mi Chen,American Mineralogist
10.2138/gselements.17.5.339,2021,Carbonatites and Global Tectonics,Manual submission,Emma R. Humphreys-Williams; Sabin Zahirovic,Elements
10.21468/scipostphyslectnotes.32,2021,Local detailed balance,Manual submission,Christian Maes,SciPost Physics Lecture Notes
10.2166/hydro.2023.155,2023,Developing and testing a web-based platform for visualizing flow in a watershed,Manual submission,Jun Hou; Shanghong Zhang; Haiyun Tang; Yang Zhou,Journal of Hydroinformatics
10.2352/issn.2470-1173.2021.18.3dia-102,2021,Application of Photogrammetric 3D Reconstruction to Scanning Electron Microscopy: Considerations for Volume Analysis,Manual submission,William D. A. Rickard; Jéssica Fernanda Ramos Coelho; Joshua Hollick; Susannah Soon; Andrew Woods,Electronic Imaging
10.24028/gzh.0203-3100.v42i6.2020.222288,2020,On the possible mantle nature of the long-wave Central-European magnetic anomaly,Manual submission,I.K. Pashkevich; M.I. Orlyuk; A.V. Marchenko; A.A. Romanets; T.A. Tsvetkova; I.V. Bugayenko,Geofizicheskiy Zhurnal
10.2475/06.2021.08,2021,Reconstructing lost plates of the Panthalassa Ocean through paleomagnetic data from circum-Pacific accretionary orogens,Manual submission,Lydian M. Boschman; Douwe J.J. van Hinsbergen; Cor G. Langereis; Kennet E. Flores; Peter J.J. Kamp; David L. Kimbrough; Hayato Ueda; Suzanna H.A. van de Lagemaat; Erik van der Wiel; Wim Spakman,American Journal of Science
10.2475/06.2021.09,2021,Deciphering paleogeography from orogenic architecture: Constructing orogens in a future supercontinent as thought experiment,Manual submission,Douwe J. J. van Hinsbergen; Thomas L. A. Schouten,American Journal of Science
10.25131/sajg.124.0001,2020,"Age of the Archaean Murchison Belt and mineralisation, South Africa",Manual submission,J.R. Vearncombe; N.J. McNaughton; J.K. Porter; J-W. Zi; C. Talavera,South African Journal of Geology
10.31035/cg2020001,2020,Progress of Deep Geological Survey Project under the China Geological Survey,Manual submission,Qing-tian Lü; ; Jia-yong Yan; Xuan-hua Chen; He-sheng Hou; Wen-shi Wang; Yu-le Hu; ; ; ,China Geology
10.31223/osf.io/ycp6t,2020,An Early Pliocene relative sea level record from Patagonia (Argentina),Manual submission,Alessio Rovere; Marta Pappalardo; Sebastian Richiano; Marina Aguirre; Michael Sandstrom; Paul Hearty; Jacqueline Austermann; Ignacio Castellanos; Maureen Raymo,
10.31223/x51361,2022,The forearc ophiolites of California (USA) formed during trench-parallel spreading: kinematic reconstruction of the western USA Cordillera since the Jurassic,Manual submission,Cemil Arkula; Nalan Lom; John Wakabayashi; Grant Rea-Downing; Abdul Qayyum; Mark Dekkers; Peter Lippert; Douwe van Hinsbergen,
10.31223/x5d94r,2023,Detrital zircon U-Pb ages of Proterozoic and Cretaceous sandstones of Narmada region in Central India: Implications for provenance and the closure age of the Vindhyan Basin,Manual submission,Vandana Kumari; Sampat Tandon; Tomson Kallukalam; Arundhuti Ghatak,
10.31223/x5gd4d,2023,Mind the uncertainty: Global plate model choice impacts deep-time palaeobiological studies,Manual submission,Lucas Buffan; Lewis Jones; Mathew Domeier; Christopher Scotese; Sabin Zahirovic; Sara Varela,
10.31223/x5np7v,2021,Hemispheric geochemical dichotomy of the mantle is a legacy of austral supercontinent assembly and deep subduction of continental crust,Manual submission,Matthew Jackson; Francis Macdonald,
10.31223/x5q02p,2021,Integrated multi-proxy source-to-sink analysis of the Lower Cretaceous of the Essaouira-Agadir Basin.,Manual submission,Emmanuel Roquette; James Lovell Kennedy; Leonardo Pichel; Stefan Schröder; Rémi Charton; Ian Millar; Jonathan Redfern,
10.3140/bull.geosci.1791,2020,Frasnian-Famennian (Upper Devonian) transition in the northern hemisphere (NE Laurussia and NE Siberia) - an overview,Manual submission,A.V. Zhuravlev; E.V. Sokiran,Bulletin of Geosciences
10.3389/feart.2020.00026,2020,Control of Subduction Zone Age and Size on Flat Slab Subduction,Manual submission,Wouter Pieter Schellart,Frontiers in Earth Science
10.3389/feart.2020.00208,2020,"Exploring Carbon Mineral Systems: Recent Advances in C Mineral Evolution, Mineral Ecology, and Network Analysis",Manual submission,Shaunna M. Morrison; Joy Buongiorno; Robert T. Downs; Ahmed Eleish; Peter Fox; Donato Giovannelli; Joshua J. Golden; Daniel R. Hummer; Grethe Hystad; Louise H. Kellogg; Oliver Kreylos; Sergey V. Krivovichev; Chao Liu; Andrew Merdith; Anirudh Prabhu; Jolyon Ralph; Simone E. Runyon; Sabin Zahirovic; Robert M. Hazen,Frontiers in Earth Science
10.3389/feart.2021.666153,2021,888–444 Ma Global Plate Tectonic Reconstruction With Emphasis on the Formation of Gondwana,Manual submission,Christian Vérard,Frontiers in Earth Science
10.3389/feart.2021.669095,2021,3D Printing the World: Developing Geophysical Teaching Materials and Outreach Packages,Manual submission,Paula Koelemeijer; Jeff Winterbourne,Frontiers in Earth Science
10.3389/feart.2021.705351,2021,"Carbon and Nitrogen Cycle Dynamic in Continental Late-Carboniferous to Early Permian Basins of Eastern Pangea (Northeastern Massif Central, France)",Manual submission,Mathilde Mercuzot; Christophe Thomazo; Johann Schnyder; Pierre Pellenard; François Baudin; Anne-Catherine Pierson-Wickmann; Pierre Sans-Jofre; Sylvie Bourquin; Laurent Beccaletto; Anne-Lise Santoni; Georges Gand; Matthieu Buisson; Laure Glé; Thomas Munier; Antonios Saloume; Mohamed Boussaid; Tracy Boucher,Frontiers in Earth Science
10.3390/buildings10100186,2020,Performance of the Steel Fibre Reinforced Rigid Concrete Pavement in Fatigue,Manual submission,Chee Lau; Amin Chegenizadeh; Trevor Htut; Hamid Nikraz,Buildings
10.3390/d13110515,2021,A Natural Colonisation of Asia: Phylogenomic and Biogeographic History of Coin Spiders (Araneae: Nephilidae: Herennia),Manual submission,Eva Turk; Jason E. Bond; Ren-Chung Cheng; Klemen Čandek; Chris A. Hamilton; Matjaž Gregorič; Simona Kralj-Fišer; Matjaž Kuntner,Diversity
10.3390/d14020105,2022,The Evolution and Fossil Record of Palaeognathous Birds (Neornithes: Palaeognathae),Manual submission,Klara Widrig; Daniel J. Field,Diversity
10.3390/geosciences10050178,2020,The Rockall and the Orphan Basins of the Southern North Atlantic Ocean: Determining Continuous Basins across Conjugate Margins,Manual submission,Heide MacMahon; J. Kim Welford; Larry Sandoval; Alexander L. Peace,Geosciences
10.3390/geosciences11040177,2021,Kinematics of Deformable Blocks: Application to the Opening of the Tyrrhenian Basin and the Formation of the Apennine Chain,Manual submission,Eugenio Turco; Chiara Macchiavelli; Giulia Penza; Antonio Schettino; Pietro Paolo Pierantoni,Geosciences
10.3390/hydrobiology1010003,2021,Insights into the Migration Routes and Historical Dispersion of Species Surviving the Messinian Crisis: The Case of Patella ulyssiponensis and Epizoic Rhodolith Lithophyllum hibernicum,Manual submission,Nuno Gomes; Carlos Antunes; Dimítri de Araújo Costa,Hydrobiology
10.3390/ijgi9020119,2020,Geoweaver: Advanced Cyberinfrastructure for Managing Hybrid Geoscientific AI Workflows,Manual submission,Ziheng Sun; Liping Di; Annie Burgess; Jason A. Tullis; Andrew B. Magill,ISPRS International Journal of Geo-Information
10.3390/ma13173906,2020,Incorporation of Waste Glass as an Activator in Class-C Fly Ash/GGBS Based Alkali Activated Material,Manual submission,Sasui Sasui; Gyuyong Kim; Jeongsoo Nam; Arie van Riessen; Hamin Eu; Sant Chansomsak; Syed Fakhar Alam; Churl Hee Cho,Materials
10.3390/min10070612,2020,"Late Cenozoic Uguumur and Bod-Uul Volcanic Centers in Northern Mongolia: Mineralogy, Geochemistry, and Magma Sources",Manual submission,Alexander Perepelov; Mikhail Kuzmin; Svetlana Tsypukova; Yuri Shcherbakov; Sergey Dril; Alexey Didenko; Enkhbat Dalai-Erdene; Mikhail Puzankov; Alexander Zhgilev,Minerals
10.3390/min10090829,2020,Magma Mingling in Kimberlites: Evidence from the Groundmass Cocrystallization of Two Spinel-Group Minerals,Manual submission,Jingyao Xu; Joan Melgarejo; Qiuli Li; Lisard Abat; Montgarri Castillo-Oliver,Minerals
10.3390/min11030254,2021,"Lithogeochemical and Hyperspectral Halos to Ag-Zn-Au Mineralization at Nimbus in the Eastern Goldfields Superterrane, Western Australia",Manual submission,Steven P. Hollis; Sabri Foury; Stefano Caruso; Sean Johnson; Vitor Barrote; Andrew Pumphrey,Minerals
10.3390/min11070679,2021,"The (U-Th)/He Chronology and Geochemistry of Ferruginous Nodules and Pisoliths Formed in the Paleochannel Environments at the Garden Well Gold Deposit, Yilgarn Craton of Western Australia: Implications for Landscape Evolution and Geochemical Exploration",Manual submission,Ravi R. Anand; Martin A. Wells; Melvyn J. Lintern; Louise Schoneveld; Martin Danišík; Walid Salama; Ryan R. P. Noble; Vasek Metelka; Nathan Reid,Minerals
10.3390/min11070747,2021,The Late Jurassic–Palaeogene Carbonate Platforms in the Outer Western Carpathian Tethys—A Regional Overview,Manual submission,Justyna Kowal-Kasprzyk; Anna Waśkowska; Jan Golonka; Michał Krobicki; Petr Skupien; Tadeusz Słomka,Minerals
10.3390/min11090988,2021,Formation of a Composite Albian–Eocene Orogenic Wedge in the Inner Western Carpathians: P–T Estimates and 40Ar/39Ar Geochronology from Structural Units,Manual submission,Marián Putiš; Ondrej Nemec; Martin Danišík; Fred Jourdan; Ján Soták; Čestmír Tomek; Peter Ružička; Alexandra Molnárová,Minerals
10.3390/min11111195,2021,Insights and Lessons from 3D Geological and Geophysical Modeling of Mineralized Terranes in Tasmania,Manual submission,Daniel Bombardieri; Mark Duffett; Andrew McNeill; Matthew Cracknell; Anya Reading,Minerals
10.3390/rs13132536,2021,Remote Hyperspectral Imaging Acquisition and Characterization for Marine Litter Detection,Manual submission,Sara Freitas; Hugo Silva; Eduardo Silva,Remote Sensing
10.3390/rs13163077,2021,A Multi-Frequency Galileo PPP-RTK Convergence Analysis with an Emphasis on the Role of Frequency Spacing,Manual submission,Dimitrios Psychas; Peter J. G. Teunissen; Sandra Verhagen,Remote Sensing
10.3799/dqkx.2020.033,2021,南大西洋中段共轭盐盆盐构造变形期次对比及意义,Manual submission,雨 章; 江海 李; 鹏 程,Earth Science-Journal of China University of Geosciences
10.3847/1538-4357/ac6d5b,2022,Inverse Multiview. I. Multicalibrator Inverse Phase Referencing for Microarcsecond Very Long Baseline Interferometry Astrometry,Manual submission,L. J. Hyland; M. J. Reid; S. P. Ellingsen; M. J. Rioja; R. Dodson; G. Orosz; C. R. Masson; J. M. McCallum,The Astrophysical Journal
10.3906/yer-2007-2,2021,"Dictyoconus aydimi (Gallardo-Garcia and Serra-Kiel, 2016) comb. nov., larger benthic foraminifera from the Middle-Upper Eocene of the Middle East (SE Turkey, Iraq, SW Iran, Oman): New evidence for Arabian Plate faunal provincialism",Manual submission,Nazire ÖZGEN-ERDEM; Felix SCHLAGINTWEIT; Derya SİNANOĞLU,TURKISH JOURNAL OF EARTH SCIENCES
10.3917/cca.281.0133,2022,Impact de la Qualité de la Communication GES sur la Valorisation des Investisseurs dans un Contexte Réglementaire : le Cas des Entreprises du SBF 120,Manual submission,Emmanuelle Fromont; Thi Le Hoa Vo; Gulliver Lux,Comptabilité Contrôle Audit
10.3917/ecofi.138.0069,2021,Alignement des portefeuilles sur une trajectoire de 2 °C : science ou art ?,Manual submission,Julie Raynaud; Peter Tankov; Stéphane Voisin,Revue d'économie financière
10.4081/jae.2023.1534,2023,A review of the Discrete Element Method/Modelling (DEM) in agricultural engineering,Manual submission,Qing Guo; Huihuang Xia,Journal of Agricultural Engineering
10.47894/mpal.67.1.03,2021,"Moncharmontia De Castro 1967, benthic foraminifera from the middle-upper Cenomanian of the Sarvak Formation of SW Iran (Zagros Zone): a CTB survivor taxon",Manual submission,Felix Schlagintweit; Mohsen Yazdi-Moghadam,Micropaleontology
10.5027/andgeov48n1-3062,2021,Upper Cretaceous intrusives in the Coastal Cordillera near Valdivia: forearc magmatism related to the passage of a triple junction?,Manual submission,Denisse De la Fuente; Óscar Figueroa; Daniel Demaiffe; Mauricio Mella; Paul Duhart; David Quiroz; Jorge Muñoz; Verónica Oliveros,Andean Geology
10.5194/cp-16-1509-2020,2020,"Elevated CO 2 , increased leaf-level productivity, and water-use efficiency during the early Miocene",Manual submission,Tammo Reichgelt; William J. D'Andrea; Ailín del C. Valdivia-McCarthy; Bethany R. S. Fox; Jennifer M. Bannister; John G. Conran; William G. Lee; Daphne E. Lee,Climate of the Past
10.5194/cp-16-2381-2020,2020,Late Paleocene–early Eocene Arctic Ocean sea surface temperatures: reassessing biomarker paleothermometry at Lomonosov Ridge,Manual submission,Appy Sluijs; Joost Frieling; Gordon N. Inglis; Klaas G. J. Nierop; Francien Peterse; Francesca Sangiorgi; Stefan Schouten,Climate of the Past
10.5194/cp-17-1607-2021,2021,"Aptian–Albian clumped isotopes from northwest China: cool temperatures, variable atmospheric p CO 2 and regional shifts in the hydrologic cycle",Manual submission,Dustin T. Harper; Marina B. Suarez; Jessica Uglesich; Hailu You; Daqing Li; Peter Dodson,Climate of the Past
10.5194/cp-17-2255-2021,2021,Southern Ocean bottom-water cooling and ice sheet expansion during the middle Miocene climate transition,Manual submission,Thomas J. Leutert; Sevasti Modestou; Stefano M. Bernasconi; A. Nele Meckler,Climate of the Past
10.5194/cp-17-2393-2021,2021,Maastrichtian–Rupelian paleoclimates in the southwest Pacific – a critical re-evaluation of biomarker paleothermometry and dinoflagellate cyst paleoecology at Ocean Drilling Program Site 1172,Manual submission,Peter K. Bijl; Joost Frieling; Marlow Julius Cramwinckel; Christine Boschman; Appy Sluijs; Francien Peterse,Climate of the Past
10.5194/cp-19-1623-2023,2023,Tracing North Atlantic volcanism and seaway connectivity across the Paleocene–Eocene Thermal Maximum (PETM),Manual submission,Morgan T. Jones; Ella W. Stokke; Alan D. Rooney; Joost Frieling; Philip A. E. Pogge von Strandmann; David J. Wilson; Henrik H. Svensen; Sverre Planke; Thierry Adatte; Nicolas Thibault; Madeleine L. Vickers; Tamsin A. Mather; Christian Tegner; Valentin Zuchuat; Bo P. Schultz,Climate of the Past
10.5194/egusphere-egu2020-178,2020,The Cenozoic tectonic evolution of the Scotia Sea area,Manual submission,Anne Oldenhage; Anouk Beniest; Wouter P. Schellart,
10.5194/egusphere-egu2020-188,2020,"Slab deformation in the Bengal basin due to uplift of the Shillong Plateau and the Indo-Burmese Ranges since the Pliocene, constrained by a Dynamic Topo-Tomographic technique",Manual submission,Raghupratim Rakshit; Robert James Wasson; Devojit Bezbaruah,
10.5194/egusphere-egu2020-2402,2020,Towards a quantitative paleogeography calculator,Manual submission,Thomas van der Linden; Guillaume Dupont-Nivet; Douwe van Hinsbergen,
10.5194/egusphere-egu2020-5048,2020,The continental shelf and rifted continental margins of offshore Newfoundland revisited using constrained 3-D gravity inversions: tracking inheritance trends and rift scars,Manual submission,J. Kim Welford; Meixia Geng,
10.5194/egusphere-egu2020-5614,2020,Revealing tectonic evolution across the Northeastern Flemish Cap-Goban Spur margin,Manual submission,Pei Yang; J.Kim Welford,
10.5194/ejm-33-703-2021,2021,Geochronology of granites of the western Korosten AMCG complex (Ukrainian Shield): implications for the emplacement history and origin of miarolitic pegmatites,Manual submission,Leonid Shumlyanskyy; Gerhard Franz; Sarah Glynn; Oleksandr Mytrokhyn; Dmytro Voznyak; Olena Bilan,European Journal of Mineralogy
10.5194/gmd-14-3915-2021,2021,LoopStructural 1.0: time-aware geological modelling,Manual submission,Lachlan Grose; Laurent Ailleres; Gautier Laurent; Mark Jessell,Geoscientific Model Development
10.5194/gmd-14-5285-2021,2021,PALEOSTRIPv1.0 – a user-friendly 3D backtracking software to reconstruct paleo-bathymetries,Manual submission,Florence Colleoni; Laura De Santis; Enrico Pochini; Edy Forlin; Riccardo Geletti; Giuseppe Brancatelli; Magdala Tesauro; Martina Busetti; Carla Braitenberg,Geoscientific Model Development
10.5194/gmd-14-6197-2021,2021,Modelling of faults in LoopStructural 1.0,Manual submission,Lachlan Grose; Laurent Ailleres; Gautier Laurent; Guillaume Caumon; Mark Jessell; Robin Armit,Geoscientific Model Development
10.5194/jm-40-175-2021,2021,Late Eocene–early Miocene evolution of the southern Australian subtropical front: a marine palynological approach,Manual submission,Frida S. Hoem; Isabel Sauermilch; Suning Hou; Henk Brinkhuis; Francesca Sangiorgi; Peter K. Bijl,Journal of Micropalaeontology
10.5194/se-11-1551-2020,2020,Increased density of large low-velocity provinces recovered by seismologically constrained gravity inversion,Manual submission,Wolfgang Szwillus; Jörg Ebbing; Bernhard Steinberger,Solid Earth
10.5194/se-12-2479-2021,2021,"Detrital zircon provenance record of the Zagros mountain building from the Neotethys obduction to the Arabia–Eurasia collision, NW Zagros fold–thrust belt, Kurdistan region of Iraq",Manual submission,Renas I. Koshnaw; Fritz Schlunegger; Daniel F. Stockli,Solid Earth
10.5194/se-12-275-2021,2021,The preserved plume of the Caribbean Large Igneous Plateau revealed by 3D data-integrative models,Manual submission,Ángela María Gómez-García; Eline Le Breton; Magdalena Scheck-Wenderoth; Gaspar Monsalve; Denis Anikiev,Solid Earth
10.5194/se-12-885-2021,2021,Kinematics and extent of the Piemont–Liguria Basin – implications for subduction processes in the Alps,Manual submission,Eline Le Breton; Sascha Brune; Kamil Ustaszewski; Sabin Zahirovic; Maria Seton; R. Dietmar Müller,Solid Earth
10.5194/se-13-1127-2022,2022,A tectonic-rules-based mantle reference frame since 1 billion years ago – implications for supercontinent cycles and plate–mantle system evolution,Manual submission,R. Dietmar Müller; Nicolas Flament; John Cannon; Michael G. Tetley; Simon E. Williams; Xianzhi Cao; Ömer F. Bodur; Sabin Zahirovic; Andrew Merdith,Solid Earth
10.5200/baltica.2021.2.5,2021,"Metamorphism of the Dizi Series Rocks (the Greater Caucasus): Petrography, Mineralogy and Evolution of Metamorphic Assemblages",Manual submission,Irakli Javakhishvili; David Shengelia; Tamara Tsutsunava; Giorgi Chichinadze; Giorgi Beridze; Leonid Shumlyanskyy,Baltica
10.5382/econgeo.4692,2020,Aseismic Refinement of Orogenic Gold Systems,Manual submission,Christopher R. Voisey; David Willis; Andrew G. Tomkins; Christopher J.L. Wilson; Steven Micklethwaite; Filomena Salvemini; Jeremy Bougoure; William D.A. Rickard,Economic Geology
10.5382/econgeo.4699,2020,Using In Situ Monazite and Xenotime U-Pb Geochronology to Resolve the Fate of the “Missing” Banded Iron Formation-Hosted High-Grade Hematite Ores of the North China Craton,Manual submission,Li-Xing Li; Jian-Wei Zi; Jie Meng; Hou-Min Li; Birger Rasmussen; Stephen Sheppard; Simon A. Wilde; Yan-He Li,Economic Geology
10.5382/econgeo.4716,2020,"Mesozoic Orogenic Gold Mineralization in the Jiaodong Peninsula, China: A Focused Event at 120 ± 2 Ma During Cooling of Pregold Granite Intrusions",Manual submission,Liang Zhang; Roberto F. Weinberg; Li-Qiang Yang; David I. Groves; Sheng-Xun Sai; Erin Matchan; David Phillips; Barry P. Kohn; Daniel P. Miggins; Yue Liu; Jun Deng,Economic Geology
10.5382/econgeo.4743,2020,"Oxygen-Hafnium-Neodymium Isotope Constraints on the Origin of the Talnakh Ultramafic-Mafic Intrusion (Norilsk Province, Russia)",Manual submission,Kreshimir N. Malitch; Elena A. Belousova; William L. Griffin; Laure Martin; Inna Yu. Badanina; Sergey F. Sluzhenikin,Economic Geology
10.5382/econgeo.4755,2021,"THE CASPOSO GOLD-SILVER DEPOSIT: EVIDENCE FOR PERMO-TRIASSIC LOW-SULFIDATION EPITHERMAL MINERALIZATION IN THE CORDILLERA FRONTAL, SAN JUAN PROVINCE, ARGENTINA",Manual submission,S. Grignola; S. Hagemann; A.S. Fogliata; J. Miller; F. Jourdan; A. Ford; J. O. Santos; G. Sotarello; I. Belvideri,Economic Geology
10.5382/econgeo.4804,2021,Quantitative Mineral Mapping of Drill Core Surfaces II: Long-Wave Infrared Mineral Characterization UsingμXRF and Machine Learning,Manual submission,Rocky D. Barker; Shaun L.L. Barker; Matthew J. Cracknell; Elizabeth D. Stock; Geoffrey Holmes,Economic Geology
10.5382/econgeo.4812,2021,"Exhumation and Preservation of Paleozoic Porphyry Cu Deposits: Insights from the Yandong Deposit, Southern Central Asian Orogenic Belt",Manual submission,Lin Gong; Barry P. Kohn; Zhiyong Zhang; Bing Xiao; Lin Wu; Huayong Chen,Economic Geology
10.5382/econgeo.4827,2021,"Apatite Texture, Composition, and O-Sr-Nd Isotope Signatures Record Magmatic and Hydrothermal Fluid Characteristics at the Black Mountain Porphyry Deposit, Philippines",Manual submission,Ming Jian Cao; Noreen J. Evans; Pete Hollings; David R. Cooke; Brent I.A. McInnes; KeZhang Qin,Economic Geology
10.5382/econgeo.4842,2021,Working up an Apatite: Enigmatic Mesoarchean Hydrothermal Cu-Co-Au Mineralization in the Pilbara Craton,Manual submission,David C.M. Fox; Samuel C. Spinks; Milo Barham; Christopher L. Kirkland; Mark A. Pearce; Mehrooz Aspandiar; Renee Birchall; Ed Mead,Economic Geology
10.55730/1300-0985.1758,2022,Overview on GPlates: focus on plate reconstruction,Manual submission,SHATAVISA CHATTERJEE; SOUMYAJIT MUKHERJEE,Turkish Journal of Earth Sciences
10.5710/amgh.16.09.2021.3441,2022,Body Size Disparity of the Archosauromorph Reptiles during the First 90 Million Years of Their Evolution,Manual submission,Luciano A. Pradelli; Juan M. Leardi; Martín D. Ezcurra,Ameghiniana
10.5852/ejt.2021.753.1389,2021,"New species, revision, and phylogeny of Ronzotherium Aymard, 1854 (Perissodactyla, Rhinocerotidae)",Manual submission,Jérémy Tissier; Pierre-Olivier Antoine; Damien Becker,European Journal of Taxonomy
10.59395/altifani.v3i3.423,2023,Sosialisasi Penggunaan Aplikasi InaRISK Personal Kepada Siswa Sekolah Menengah Atas Dalam Upaya Mewujudkan Satuan Pendidikan Aman Bencana (SPAB) di Kota Jayapura,Manual submission,Bangkit Sudrajad; Daniel Napitupulu; Abdul Rhofiq,Jurnal Altifani Penelitian dan Pengabdian kepada Masyarakat
10.7557/cage.6769,2022,CAGE22-6 cruise report: GEO-3144/8144 Teaching Cruise: Geologically controlled hydrocarbon seepage in Hopendjupet and the wider Barents Sea,Manual submission,Pavel Serov; Henry Patton; Adriano Mazzini; Rune Mattingsdal; Grace Shephard; Frances A. Cooke; Victor Cesar Martins de Aguiar; Villads D. Holm; Giuliana Alessandrini; Juan Camilo Meza Cala; Paula Luerssen,"CAGE – Centre for Arctic Gas Hydrate, Environment and Climate Report Series"
http://dx.doi.org/10.1016/j.earscirev.2019.103034,2021,Arctic Ocean Mega Project: Paper 3 - Mesozoic to Cenozoic geological evolution,Manual submission,Anatoly M. Nikishin; Eugene I. Petrov; Sierd Cloetingh; Sergey I. Freiman; Nikolay A. Malyshev; Andrey F. Morozov; Henry W. Posamentier; Vladimir E. Verzhbitsky; Nikolay N. Zhukov; Ksenia Startseva,Earth-Science Reviews
http://dx.doi.org/10.1016/j.marpetgeo.2021.105342,2021,"Upper Jurassic to Lower Cretaceous source rocks in the Norwegian Barents Sea, part I: Organic geochemical, petrographic, and paleogeographic investigations",Manual submission,Andrés Cedeño; Sverre Ohm; Alejandro Escalona; Dora Marín; Snorre Olaussen; Thomas Demchuk,Marine and Petroleum Geology
http://dx.doi.org/10.1016/j.marpetgeo.2021.105343,2021,"Upper Jurassic to Lower Cretaceous source rocks in the Norwegian Barents Sea, part II: Insights from open- and closed-system pyrolysis experiments",Manual submission,Andrés Cedeño; Sverre Ohm; Alejandro Escalona; Dora Marín; Snorre Olaussen; Thomas Demchuk,Marine and Petroleum Geology
http://dx.doi.org/10.1029/2022gc010372,2022,Advances in Deformable Plate Tectonic Models: 1. Reconstructing Deformable Continental Blocks and Crustal Thicknesses Back Through Time,Manual submission,Michael T. King; J. Kim Welford,"Geochemistry, Geophysics, Geosystems"
http://dx.doi.org/10.1029/2022gc010373,2022,Advances in Deformable Plate Tectonic Models: 2. Reconstructing the Southern North Atlantic Back Through Time,Manual submission,Michael T. King; J. Kim Welford,"Geochemistry, Geophysics, Geosystems"
http://dx.doi.org/10.1038/s41467-022-28290-z,2022,Catastrophic slab loss in southwestern Pangea preserved in the mantle and igneous record,Manual submission,Guido M. Gianni; César R. Navarrete,Nature Communications
http://dx.doi.org/10.1080/00288306.2023.2239175,2024,A tectonic reconstruction model for Aotearoa‐New Zealand from the mid‐Late Cretaceous to the present day,Manual submission,Hannu Seebeck; Dominic P. Strogen; Andrew Nicol; Benjamin R. Hines; Kyle J. Bland,New Zealand Journal of Geology and Geophysics
http://dx.doi.org/10.1080/08912963.2023.2209784,2024,"New records of dinosaur tracks in eastern Tibet and a review of Middle Jurassic dinosaur faunas from the eastern Tethys, southwest China",Manual submission,Lida Xing; Hendrik Klein; Martin G. Lockley; Haipeng Li; Bolin Tong; Yong Ye; Hui Dai; Chou Chunyong; Donghao Wang; Anthony Romilio; W. Scott Iv Persons,Historical Biology
http://dx.doi.org/10.1130/2022.2556(05),2022,Middle Miocene climate–carbon cycle dynamics: Keys for understanding future trends on a warmer Earth?,Manual submission,Ann Holbourn; Wolfgang Kuhnt; Karlos G.D. Kochhann; Kenji M. Matsuzaki; Nils Andersen,Understanding the Monterey Formation and Similar Biosiliceous Units across Space and Time
http://dx.doi.org/10.1130/abs/2020am-356832,2020,COUPLING ATMOSPHERE AND SEDIMENT MELTS ACROSS THE ARCHEAN-PROTEROZOIC TRANSITION,Manual submission,; Janne Liebmann; Christopher Spencer; Christopher L. Kirkland; Claire E. Bucholz; Laure Martin; Xiaoping Xia; Nami Kitchen,Geological Society of America Abstracts with Programs
http://dx.doi.org/10.1186/s40623-020-01341-9,2021,"Probing 3-D electrical conductivity of the mantle using 6 years of Swarm, CryoSat-2 and observatory magnetic data and exploiting matrix Q-responses approach",Manual submission,Alexey Kuvshinov; Alexander Grayver; Lars Tøffner-Clausen; Nils Olsen,"Earth, Planets and Space"
10.1002/cnma.202000223,2020,Controlled One‐pot Synthesis of Nickel Single Atoms Embedded in Carbon Nanotube and Graphene Supports with High Loading,Manual submission,Shiyong Zhao; Tianshuai Wang; Guangmin Zhou; Liji Zhang; Chao Lin; Jean‐Pierre Veder; Bernt Johannessen; Martin Saunders; Lichang Yin; Chang Liu; Roland De Marco; Shi‐Ze Yang; Qianfan Zhang; San Ping Jiang,ChemNanoMat
10.1002/cnma.202000288,2020,Cover Feature: Controlled One‐pot Synthesis of Nickel Single Atoms Embedded in Carbon Nanotube and Graphene Supports with High Loading (ChemNanoMat 7/2020),Manual submission,Shiyong Zhao; Tianshuai Wang; Guangmin Zhou; Liji Zhang; Chao Lin; Jean‐Pierre Veder; Bernt Johannessen; Martin Saunders; Lichang Yin; Chang Liu; Roland De Marco; Shi‐Ze Yang; Qianfan Zhang; San Ping Jiang,ChemNanoMat
10.1130/g050833.1,2023,The role of surface processes in basin inversion and breakup unconformity,Manual submission,Luke S. Mondy; Patrice F. Rey; Guillaume Duclaux,Geology
10.4337/jhre.2021.01.05,2021,Still Lives,Manual submission,Lee Harrop,Journal of Human Rights and the Environment
10.5382/sp24v2,2021,Tectonomagmatic Influences on Metallogeny and Hydrothermal Ore Deposits: A Tribute to Jeremy P. Richards (Volume II),Manual submission,Ali Sholeh; Rui Wang,
10.1080/19648189.2019.1686068,2022,Comparison of the alkali-silica reactions of ferronickel slag aggregate in fly ash geopolymer and cement mortars,Manual submission,Alan Thompson; Ashish Kumer Saha; Prabir Kumar Sarker,European Journal of Environmental and Civil Engineering